produktionsauftrag_id;erstellungsdatum;auftragsart;durchlaufzeit_bkt;kundenstatus;kundenbranche;anwendungstyp;anzahl_werkstuecktraeger;material;oberflaechenbehandlung;laenge_mm;breite_mm;hoehe_mm;traglast_kg;anzahl_aufnahmepunkte;anzahl_einzelteile;anzahl_zukaufteile;anteil_lagerhaltiger_einzelteile;anzahl_arbeitsgaenge;vorgabezeit_saegen_min;vorgabezeit_drehen_min;vorgabezeit_fraesen_min;vorgabezeit_montage_min
PA2026-0001;2026-01-06;Änderung;9;Bestandskunde;Sonstige;Bearbeitung;4;Stahl;pulverbeschichtet;26;26;7;0,008;4;12;12;1,0;4;0;0;28;4
PA2026-0002;2026-01-01;Änderung;3;Bestandskunde;Maschinenbau;Bearbeitung;20;Stahl;pulverbeschichtet;26;26;7;0,04;4;60;60;1,0;4;0;0;140;20
PA2026-0003;2026-01-06;Standard;13;Bestandskunde;Automobilindustrie;Bearbeitung;1;Stahl;pulverbeschichtet;26;26;7;0,002;4;3;3;1,0;4;0;0;7;1
PA2026-0004;2026-01-03;Standard;10;Bestandskunde;Logistiktechnik;Bearbeitung;11;Stahl;pulverbeschichtet;26;26;7;0,022;4;33;33;1,0;4;0;0;77;11
PA2026-0005;2026-01-04;Änderung;6;Bestandskunde;Logistiktechnik;Bearbeitung;9;Stahl;pulverbeschichtet;26;26;7;0,018;4;27;27;1,0;4;0;0;63;9
PA2026-0006;2026-01-05;Standard;6;Bestandskunde;Haushaltsgeräte;Bearbeitung;18;Stahl;pulverbeschichtet;26;26;7;0,036;4;54;54;1,0;4;0;0;126;18
PA2026-0007;2026-01-05;Standard;12;Bestandskunde;Automobilindustrie;Bearbeitung;2;Stahl;pulverbeschichtet;28;28;15;0,006;4;6;6;1,0;4;0;0;16;2
PA2026-0008;2026-01-01;Änderung;8;Bestandskunde;Maschinenbau;Bearbeitung;15;Stahl;pulverbeschichtet;26;26;7;0,03;4;45;45;1,0;4;0;0;105;15
PA2026-0009;2026-01-03;Standard;11;Bestandskunde;Maschinenbau;Bearbeitung;3;Stahl;pulverbeschichtet;28;28;15;0,009;4;9;9;1,0;4;0;0;24;3
PA2026-0010;2026-01-02;Änderung;13;Bestandskunde;Maschinenbau;Bearbeitung;18;Stahl;pulverbeschichtet;26;26;7;0,036;4;54;54;1,0;4;0;0;126;18
PA2026-0011;2026-01-07;Standard;4;Bestandskunde;Maschinenbau;Bearbeitung;11;Stahl;pulverbeschichtet;26;26;7;0,022;4;33;33;1,0;4;0;0;77;11
PA2026-0012;2026-01-01;Änderung;7;Bestandskunde;Logistiktechnik;Bearbeitung;11;Stahl;pulverbeschichtet;28;28;15;0,033;4;33;33;1,0;4;0;0;88;11
PA2026-0013;2026-01-04;Standard;15;Bestandskunde;Sonstige;Bearbeitung;18;Stahl;pulverbeschichtet;26;26;7;0,036;4;54;54;1,0;4;0;0;126;18
PA2026-0014;2026-01-05;Änderung;14;Bestandskunde;Maschinenbau;Bearbeitung;8;Stahl;pulverbeschichtet;28;28;15;0,024;4;24;24;1,0;4;0;0;64;8
PA2026-0015;2026-01-01;Standard;4;Bestandskunde;Sonstige;Bearbeitung;6;Stahl;pulverbeschichtet;26;26;7;0,012;4;18;18;1,0;4;0;0;42;6
PA2026-0016;2026-01-01;Änderung;11;Neukunde;Maschinenbau;Bearbeitung;17;Stahl;pulverbeschichtet;28;28;15;0,051;4;51;51;1,0;4;0;0;136;17
PA2026-0017;2026-01-07;Standard;3;Bestandskunde;Haushaltsgeräte;Bearbeitung;18;Stahl;pulverbeschichtet;28;28;15;0,054;4;54;54;1,0;4;0;0;144;18
PA2026-0018;2026-01-03;Änderung;5;Bestandskunde;Logistiktechnik;Bearbeitung;1;Stahl;pulverbeschichtet;28;28;15;0,003;4;3;3;1,0;4;0;0;8;1
PA2026-0019;2026-01-07;Standard;7;Bestandskunde;Automobilindustrie;Bearbeitung;10;Stahl;pulverbeschichtet;28;28;15;0,03;4;30;30;1,0;4;0;0;80;10
PA2026-0020;2026-01-03;Standard;7;Bestandskunde;Medizintechnik;Bearbeitung;17;Stahl;pulverbeschichtet;26;26;7;0,034;4;51;51;1,0;4;0;0;119;17
PA2026-0021;2026-01-04;Standard;5;Bestandskunde;Automobilindustrie;Bearbeitung;10;Stahl;pulverbeschichtet;26;26;7;0,02;4;30;30;1,0;4;0;0;70;10
PA2026-0022;2026-01-02;Standard;5;Bestandskunde;Maschinenbau;Bearbeitung;3;Stahl;pulverbeschichtet;26;26;7;0,006;4;9;9;1,0;4;0;0;21;3
PA2026-0023;2026-01-06;Änderung;14;Bestandskunde;Maschinenbau;Bearbeitung;17;Stahl;pulverbeschichtet;26;26;7;0,034;4;51;51;1,0;4;0;0;119;17
PA2026-0024;2026-01-05;Änderung;9;Bestandskunde;Haushaltsgeräte;Bearbeitung;12;Stahl;pulverbeschichtet;28;28;15;0,036;4;36;36;1,0;4;0;0;96;12
PA2026-0025;2026-01-04;Änderung;6;Bestandskunde;Sonstige;Bearbeitung;1;Stahl;pulverbeschichtet;28;28;15;0,003;4;3;3;1,0;4;0;0;8;1
PA2026-0026;2026-01-01;Änderung;5;Bestandskunde;Haushaltsgeräte;Bearbeitung;3;Stahl;pulverbeschichtet;26;26;7;0,006;4;9;9;1,0;4;0;0;21;3
PA2026-0027;2026-01-01;Standard;15;Bestandskunde;Logistiktechnik;Bearbeitung;7;Stahl;pulverbeschichtet;26;26;7;0,014;4;21;21;1,0;4;0;0;49;7
PA2026-0028;2026-01-02;Änderung;14;Bestandskunde;Sonstige;Bearbeitung;4;Stahl;pulverbeschichtet;26;26;7;0,008;4;12;12;1,0;4;0;0;28;4
PA2026-0029;2026-01-04;Standard;14;Neukunde;Automobilindustrie;Bearbeitung;4;Stahl;pulverbeschichtet;28;28;15;0,012;4;12;12;1,0;4;0;0;32;4
PA2026-0030;2026-01-06;Standard;11;Bestandskunde;Sonstige;Bearbeitung;7;Stahl;pulverbeschichtet;26;26;7;0,014;4;21;21;1,0;4;0;0;49;7
PA2026-0031;2026-01-02;Standard;12;Bestandskunde;Haushaltsgeräte;Bearbeitung;3;Stahl;pulverbeschichtet;26;26;7;0,006;4;9;9;1,0;4;0;0;21;3
PA2026-0032;2026-01-01;Standard;4;Bestandskunde;Sonstige;Bearbeitung;1;Stahl;pulverbeschichtet;28;28;15;0,003;4;3;3;1,0;4;0;0;8;1
PA2026-0033;2026-01-02;Standard;12;Bestandskunde;Haushaltsgeräte;Bearbeitung;13;Stahl;pulverbeschichtet;26;26;7;0,026;4;39;39;1,0;4;0;0;91;13
PA2026-0034;2026-01-04;Änderung;5;Bestandskunde;Sonstige;Bearbeitung;15;Stahl;pulverbeschichtet;26;26;7;0,03;4;45;45;1,0;4;0;0;105;15
PA2026-0035;2026-01-06;Standard;14;Bestandskunde;Logistiktechnik;Bearbeitung;2;Stahl;pulverbeschichtet;28;28;15;0,006;4;6;6;1,0;4;0;0;16;2
PA2026-0036;2026-01-01;Änderung;4;Bestandskunde;Maschinenbau;Bearbeitung;17;Stahl;pulverbeschichtet;26;26;7;0,034;4;51;51;1,0;4;0;0;119;17
PA2026-0037;2026-01-05;Standard;5;Bestandskunde;Maschinenbau;Bearbeitung;3;Stahl;pulverbeschichtet;26;26;7;0,006;4;9;9;1,0;4;0;0;21;3
PA2026-0038;2026-01-01;Standard;8;Bestandskunde;Automobilindustrie;Bearbeitung;3;Stahl;pulverbeschichtet;26;26;7;0,006;4;9;9;1,0;4;0;0;21;3
PA2026-0039;2026-01-05;Änderung;15;Bestandskunde;Maschinenbau;Bearbeitung;11;Stahl;pulverbeschichtet;28;28;15;0,033;4;33;33;1,0;4;0;0;88;11
PA2026-0040;2026-01-04;Änderung;7;Bestandskunde;Maschinenbau;Bearbeitung;11;Stahl;pulverbeschichtet;26;26;7;0,022;4;33;33;1,0;4;0;0;77;11
PA2026-0041;2026-01-04;Standard;6;Bestandskunde;Maschinenbau;Bearbeitung;9;Stahl;pulverbeschichtet;26;26;7;0,018;4;27;27;1,0;4;0;0;63;9
PA2026-0042;2026-01-01;Änderung;8;Bestandskunde;Automobilindustrie;Bearbeitung;18;Stahl;pulverbeschichtet;26;26;7;0,036;4;54;54;1,0;4;0;0;126;18
PA2026-0043;2026-01-07;Standard;15;Bestandskunde;Automobilindustrie;Bearbeitung;10;Stahl;pulverbeschichtet;28;28;15;0,03;4;30;30;1,0;4;0;0;80;10
PA2026-0044;2026-01-03;Änderung;5;Bestandskunde;Maschinenbau;Bearbeitung;5;Stahl;pulverbeschichtet;26;26;7;0,01;4;15;15;1,0;4;0;0;35;5
PA2026-0045;2026-01-05;Änderung;9;Bestandskunde;Automobilindustrie;Bearbeitung;9;Stahl;pulverbeschichtet;28;28;15;0,027;4;27;27;1,0;4;0;0;72;9
PA2026-0046;2026-01-07;Standard;4;Bestandskunde;Medizintechnik;Bearbeitung;9;Stahl;pulverbeschichtet;28;28;15;0,027;4;27;27;1,0;4;0;0;72;9
PA2026-0047;2026-01-03;Standard;6;Bestandskunde;Logistiktechnik;Bearbeitung;15;Stahl;pulverbeschichtet;26;26;7;0,03;4;45;45;1,0;4;0;0;105;15
PA2026-0048;2026-01-01;Standard;6;Bestandskunde;Maschinenbau;Bearbeitung;5;Stahl;pulverbeschichtet;28;28;15;0,015;4;15;15;1,0;4;0;0;40;5
PA2026-0049;2026-01-05;Änderung;7;Bestandskunde;Logistiktechnik;Bearbeitung;12;Stahl;pulverbeschichtet;26;26;7;0,024;4;36;36;1,0;4;0;0;84;12
PA2026-0050;2026-01-02;Standard;8;Bestandskunde;Maschinenbau;Bearbeitung;18;Stahl;pulverbeschichtet;26;26;7;0,036;4;54;54;1,0;4;0;0;126;18
PA2026-0051;2026-01-06;Änderung;7;Bestandskunde;Automobilindustrie;Bearbeitung;6;Stahl;pulverbeschichtet;28;28;15;0,018;4;18;18;1,0;4;0;0;48;6
PA2026-0052;2026-01-01;Standard;6;Bestandskunde;Medizintechnik;Bearbeitung;14;Stahl;pulverbeschichtet;26;26;7;0,028;4;42;42;1,0;4;0;0;98;14
PA2026-0053;2026-01-02;Änderung;5;Bestandskunde;Sonstige;Bearbeitung;16;Stahl;pulverbeschichtet;26;26;7;0,032;4;48;48;1,0;4;0;0;112;16
PA2026-0054;2026-01-07;Standard;13;Bestandskunde;Logistiktechnik;Bearbeitung;8;Stahl;pulverbeschichtet;26;26;7;0,016;4;24;24;1,0;4;0;0;56;8
PA2026-0055;2026-01-06;Standard;8;Bestandskunde;Haushaltsgeräte;Bearbeitung;3;Stahl;pulverbeschichtet;26;26;7;0,006;4;9;9;1,0;4;0;0;21;3
PA2026-0056;2026-01-06;Standard;15;Bestandskunde;Maschinenbau;Bearbeitung;18;Stahl;pulverbeschichtet;28;28;15;0,054;4;54;54;1,0;4;0;0;144;18
PA2026-0057;2026-01-01;Änderung;9;Bestandskunde;Automobilindustrie;Bearbeitung;9;Stahl;pulverbeschichtet;28;28;15;0,027;4;27;27;1,0;4;0;0;72;9
PA2026-0058;2026-01-05;Standard;14;Bestandskunde;Maschinenbau;Bearbeitung;14;Stahl;pulverbeschichtet;26;26;7;0,028;4;42;42;1,0;4;0;0;98;14
PA2026-0059;2026-01-05;Standard;9;Neukunde;Haushaltsgeräte;Bearbeitung;1;Stahl;pulverbeschichtet;26;26;7;0,002;4;3;3;1,0;4;0;0;7;1
PA2026-0060;2026-01-04;Standard;5;Bestandskunde;Logistiktechnik;Bearbeitung;20;Stahl;pulverbeschichtet;26;26;7;0,04;4;60;60;1,0;4;0;0;140;20
PA2026-0061;2026-01-14;Änderung;6;Bestandskunde;Automobilindustrie;Bearbeitung;10;Stahl;pulverbeschichtet;28;28;15;0,03;4;30;30;1,0;4;0;0;80;10
PA2026-0062;2026-01-11;Standard;10;Bestandskunde;Medizintechnik;Bearbeitung;13;Stahl;pulverbeschichtet;28;28;15;0,039;4;39;39;1,0;4;0;0;104;13
PA2026-0063;2026-01-11;Standard;5;Bestandskunde;Automobilindustrie;Bearbeitung;19;Stahl;pulverbeschichtet;26;26;7;0,038;4;57;57;1,0;4;0;0;133;19
PA2026-0064;2026-01-11;Änderung;15;Bestandskunde;Automobilindustrie;Bearbeitung;6;Stahl;pulverbeschichtet;28;28;15;0,018;4;18;18;1,0;4;0;0;48;6
PA2026-0065;2026-01-12;Standard;11;Bestandskunde;Sonstige;Bearbeitung;8;Stahl;pulverbeschichtet;26;26;7;0,016;4;24;24;1,0;4;0;0;56;8
PA2026-0066;2026-01-14;Standard;7;Bestandskunde;Automobilindustrie;Bearbeitung;16;Stahl;pulverbeschichtet;28;28;15;0,048;4;48;48;1,0;4;0;0;128;16
PA2026-0067;2026-01-11;Änderung;9;Bestandskunde;Sonstige;Bearbeitung;13;Stahl;pulverbeschichtet;26;26;7;0,026;4;39;39;1,0;4;0;0;91;13
PA2026-0068;2026-01-13;Standard;3;Neukunde;Automobilindustrie;Bearbeitung;4;Stahl;pulverbeschichtet;26;26;7;0,008;4;12;12;1,0;4;0;0;28;4
PA2026-0069;2026-01-09;Änderung;15;Bestandskunde;Maschinenbau;Bearbeitung;4;Stahl;pulverbeschichtet;28;28;15;0,012;4;12;12;1,0;4;0;0;32;4
PA2026-0070;2026-01-14;Änderung;13;Neukunde;Sonstige;Bearbeitung;20;Stahl;pulverbeschichtet;28;28;15;0,06;4;60;60;1,0;4;0;0;160;20
PA2026-0071;2026-01-12;Standard;15;Bestandskunde;Maschinenbau;Bearbeitung;15;Stahl;pulverbeschichtet;28;28;15;0,045;4;45;45;1,0;4;0;0;120;15
PA2026-0072;2026-01-11;Standard;10;Bestandskunde;Sonstige;Bearbeitung;9;Stahl;pulverbeschichtet;26;26;7;0,018;4;27;27;1,0;4;0;0;63;9
PA2026-0073;2026-01-09;Standard;9;Bestandskunde;Automobilindustrie;Bearbeitung;8;Stahl;pulverbeschichtet;28;28;15;0,024;4;24;24;1,0;4;0;0;64;8
PA2026-0074;2026-01-10;Änderung;5;Bestandskunde;Maschinenbau;Bearbeitung;5;Stahl;pulverbeschichtet;28;28;15;0,015;4;15;15;1,0;4;0;0;40;5
PA2026-0075;2026-01-11;Änderung;14;Bestandskunde;Automobilindustrie;Bearbeitung;2;Stahl;pulverbeschichtet;26;26;7;0,004;4;6;6;1,0;4;0;0;14;2
PA2026-0076;2026-01-11;Änderung;5;Neukunde;Sonstige;Bearbeitung;13;Stahl;pulverbeschichtet;26;26;7;0,026;4;39;39;1,0;4;0;0;91;13
PA2026-0077;2026-01-10;Änderung;10;Neukunde;Haushaltsgeräte;Bearbeitung;14;Stahl;pulverbeschichtet;28;28;15;0,042;4;42;42;1,0;4;0;0;112;14
PA2026-0078;2026-01-09;Standard;9;Bestandskunde;Maschinenbau;Bearbeitung;11;Stahl;pulverbeschichtet;26;26;7;0,022;4;33;33;1,0;4;0;0;77;11
PA2026-0079;2026-01-09;Änderung;13;Bestandskunde;Logistiktechnik;Bearbeitung;18;Stahl;pulverbeschichtet;28;28;15;0,054;4;54;54;1,0;4;0;0;144;18
PA2026-0080;2026-01-12;Standard;4;Bestandskunde;Sonstige;Bearbeitung;15;Stahl;pulverbeschichtet;26;26;7;0,03;4;45;45;1,0;4;0;0;105;15
PA2026-0081;2026-01-10;Änderung;12;Bestandskunde;Automobilindustrie;Bearbeitung;11;Stahl;pulverbeschichtet;26;26;7;0,022;4;33;33;1,0;4;0;0;77;11
PA2026-0082;2026-01-14;Standard;12;Bestandskunde;Sonstige;Bearbeitung;1;Stahl;pulverbeschichtet;28;28;15;0,003;4;3;3;1,0;4;0;0;8;1
PA2026-0083;2026-01-09;Änderung;5;Bestandskunde;Maschinenbau;Bearbeitung;1;Stahl;pulverbeschichtet;26;26;7;0,002;4;3;3;1,0;4;0;0;7;1
PA2026-0084;2026-01-14;Standard;3;Bestandskunde;Automobilindustrie;Bearbeitung;16;Stahl;pulverbeschichtet;26;26;7;0,032;4;48;48;1,0;4;0;0;112;16
PA2026-0085;2026-01-11;Änderung;10;Bestandskunde;Automobilindustrie;Bearbeitung;20;Stahl;pulverbeschichtet;26;26;7;0,04;4;60;60;1,0;4;0;0;140;20
PA2026-0086;2026-01-10;Standard;5;Neukunde;Haushaltsgeräte;Bearbeitung;19;Stahl;pulverbeschichtet;26;26;7;0,038;4;57;57;1,0;4;0;0;133;19
PA2026-0087;2026-01-13;Standard;8;Bestandskunde;Sonstige;Bearbeitung;8;Stahl;pulverbeschichtet;28;28;15;0,024;4;24;24;1,0;4;0;0;64;8
PA2026-0088;2026-01-14;Standard;6;Bestandskunde;Maschinenbau;Bearbeitung;2;Stahl;pulverbeschichtet;26;26;7;0,004;4;6;6;1,0;4;0;0;14;2
PA2026-0089;2026-01-11;Änderung;12;Bestandskunde;Medizintechnik;Bearbeitung;1;Stahl;pulverbeschichtet;28;28;15;0,003;4;3;3;1,0;4;0;0;8;1
PA2026-0090;2026-01-08;Standard;12;Bestandskunde;Haushaltsgeräte;Bearbeitung;15;Stahl;pulverbeschichtet;28;28;15;0,045;4;45;45;1,0;4;0;0;120;15
PA2026-0091;2026-01-09;Änderung;15;Bestandskunde;Automobilindustrie;Bearbeitung;18;Stahl;pulverbeschichtet;26;26;7;0,036;4;54;54;1,0;4;0;0;126;18
PA2026-0092;2026-01-11;Änderung;10;Bestandskunde;Sonstige;Bearbeitung;3;Stahl;pulverbeschichtet;28;28;15;0,009;4;9;9;1,0;4;0;0;24;3
PA2026-0093;2026-01-09;Änderung;13;Bestandskunde;Sonstige;Bearbeitung;11;Stahl;pulverbeschichtet;28;28;15;0,033;4;33;33;1,0;4;0;0;88;11
PA2026-0094;2026-01-14;Standard;11;Bestandskunde;Maschinenbau;Bearbeitung;9;Stahl;pulverbeschichtet;26;26;7;0,018;4;27;27;1,0;4;0;0;63;9
PA2026-0095;2026-01-12;Standard;9;Bestandskunde;Logistiktechnik;Bearbeitung;7;Stahl;pulverbeschichtet;28;28;15;0,021;4;21;21;1,0;4;0;0;56;7
PA2026-0096;2026-01-13;Änderung;13;Bestandskunde;Logistiktechnik;Bearbeitung;16;Stahl;pulverbeschichtet;26;26;7;0,032;4;48;48;1,0;4;0;0;112;16
PA2026-0097;2026-01-14;Standard;3;Bestandskunde;Sonstige;Bearbeitung;8;Stahl;pulverbeschichtet;28;28;15;0,024;4;24;24;1,0;4;0;0;64;8
PA2026-0098;2026-01-12;Änderung;12;Bestandskunde;Maschinenbau;Bearbeitung;14;Stahl;pulverbeschichtet;28;28;15;0,042;4;42;42;1,0;4;0;0;112;14
PA2026-0099;2026-01-13;Standard;13;Bestandskunde;Automobilindustrie;Bearbeitung;4;Stahl;pulverbeschichtet;28;28;15;0,012;4;12;12;1,0;4;0;0;32;4
PA2026-0100;2026-01-08;Standard;6;Bestandskunde;Medizintechnik;Bearbeitung;9;Stahl;pulverbeschichtet;26;26;7;0,018;4;27;27;1,0;4;0;0;63;9
PA2026-0101;2026-01-14;Standard;7;Bestandskunde;Haushaltsgeräte;Bearbeitung;10;Stahl;pulverbeschichtet;28;28;15;0,03;4;30;30;1,0;4;0;0;80;10
PA2026-0102;2026-01-10;Standard;5;Bestandskunde;Haushaltsgeräte;Bearbeitung;5;Stahl;pulverbeschichtet;26;26;7;0,01;4;15;15;1,0;4;0;0;35;5
PA2026-0103;2026-01-14;Standard;3;Bestandskunde;Automobilindustrie;Bearbeitung;15;Stahl;pulverbeschichtet;28;28;15;0,045;4;45;45;1,0;4;0;0;120;15
PA2026-0104;2026-01-08;Standard;9;Bestandskunde;Maschinenbau;Bearbeitung;3;Stahl;pulverbeschichtet;28;28;15;0,009;4;9;9;1,0;4;0;0;24;3
PA2026-0105;2026-01-08;Standard;4;Neukunde;Medizintechnik;Bearbeitung;10;Stahl;pulverbeschichtet;28;28;15;0,03;4;30;30;1,0;4;0;0;80;10
PA2026-0106;2026-01-08;Standard;12;Bestandskunde;Automobilindustrie;Bearbeitung;8;Stahl;pulverbeschichtet;26;26;7;0,016;4;24;24;1,0;4;0;0;56;8
PA2026-0107;2026-01-11;Änderung;10;Bestandskunde;Logistiktechnik;Bearbeitung;10;Stahl;pulverbeschichtet;28;28;15;0,03;4;30;30;1,0;4;0;0;80;10
PA2026-0108;2026-01-14;Standard;7;Bestandskunde;Logistiktechnik;Bearbeitung;3;Stahl;pulverbeschichtet;26;26;7;0,006;4;9;9;1,0;4;0;0;21;3
PA2026-0109;2026-01-09;Änderung;5;Bestandskunde;Maschinenbau;Bearbeitung;20;Stahl;pulverbeschichtet;26;26;7;0,04;4;60;60;1,0;4;0;0;140;20
PA2026-0110;2026-01-08;Änderung;8;Bestandskunde;Automobilindustrie;Bearbeitung;15;Stahl;pulverbeschichtet;28;28;15;0,045;4;45;45;1,0;4;0;0;120;15
PA2026-0111;2026-01-10;Standard;8;Bestandskunde;Sonstige;Bearbeitung;5;Stahl;pulverbeschichtet;26;26;7;0,01;4;15;15;1,0;4;0;0;35;5
PA2026-0112;2026-01-08;Standard;4;Bestandskunde;Automobilindustrie;Bearbeitung;19;Stahl;pulverbeschichtet;28;28;15;0,057;4;57;57;1,0;4;0;0;152;19
PA2026-0113;2026-01-08;Standard;13;Neukunde;Automobilindustrie;Bearbeitung;9;Stahl;pulverbeschichtet;28;28;15;0,027;4;27;27;1,0;4;0;0;72;9
PA2026-0114;2026-01-08;Standard;4;Bestandskunde;Sonstige;Bearbeitung;20;Stahl;pulverbeschichtet;28;28;15;0,06;4;60;60;1,0;4;0;0;160;20
PA2026-0115;2026-01-08;Standard;8;Bestandskunde;Maschinenbau;Bearbeitung;19;Stahl;pulverbeschichtet;28;28;15;0,057;4;57;57;1,0;4;0;0;152;19
PA2026-0116;2026-01-12;Änderung;4;Bestandskunde;Automobilindustrie;Bearbeitung;17;Stahl;pulverbeschichtet;26;26;7;0,034;4;51;51;1,0;4;0;0;119;17
PA2026-0117;2026-01-09;Standard;12;Bestandskunde;Medizintechnik;Bearbeitung;3;Stahl;pulverbeschichtet;28;28;15;0,009;4;9;9;1,0;4;0;0;24;3
PA2026-0118;2026-01-11;Änderung;11;Bestandskunde;Logistiktechnik;Bearbeitung;6;Stahl;pulverbeschichtet;28;28;15;0,018;4;18;18;1,0;4;0;0;48;6
PA2026-0119;2026-01-13;Standard;14;Bestandskunde;Sonstige;Bearbeitung;18;Stahl;pulverbeschichtet;28;28;15;0,054;4;54;54;1,0;4;0;0;144;18
PA2026-0120;2026-01-08;Änderung;11;Bestandskunde;Maschinenbau;Bearbeitung;13;Stahl;pulverbeschichtet;26;26;7;0,026;4;39;39;1,0;4;0;0;91;13
PA2026-0121;2026-01-18;Standard;5;Bestandskunde;Maschinenbau;Bearbeitung;16;Stahl;pulverbeschichtet;26;26;7;0,032;4;48;48;1,0;4;0;0;112;16
PA2026-0122;2026-01-16;Standard;9;Bestandskunde;Sonstige;Bearbeitung;15;Stahl;pulverbeschichtet;28;28;15;0,045;4;45;45;1,0;4;0;0;120;15
PA2026-0123;2026-01-15;Änderung;8;Bestandskunde;Maschinenbau;Bearbeitung;1;Stahl;pulverbeschichtet;28;28;15;0,003;4;3;3;1,0;4;0;0;8;1
PA2026-0124;2026-01-16;Standard;5;Bestandskunde;Maschinenbau;Bearbeitung;5;Stahl;pulverbeschichtet;28;28;15;0,015;4;15;15;1,0;4;0;0;40;5
PA2026-0125;2026-01-17;Standard;15;Bestandskunde;Maschinenbau;Bearbeitung;16;Stahl;pulverbeschichtet;28;28;15;0,048;4;48;48;1,0;4;0;0;128;16
PA2026-0126;2026-01-18;Standard;7;Bestandskunde;Maschinenbau;Bearbeitung;17;Stahl;pulverbeschichtet;28;28;15;0,051;4;51;51;1,0;4;0;0;136;17
PA2026-0127;2026-01-17;Änderung;13;Neukunde;Haushaltsgeräte;Bearbeitung;9;Stahl;pulverbeschichtet;26;26;7;0,018;4;27;27;1,0;4;0;0;63;9
PA2026-0128;2026-01-20;Standard;10;Bestandskunde;Maschinenbau;Bearbeitung;16;Stahl;pulverbeschichtet;26;26;7;0,032;4;48;48;1,0;4;0;0;112;16
PA2026-0129;2026-01-19;Änderung;14;Bestandskunde;Maschinenbau;Bearbeitung;18;Stahl;pulverbeschichtet;26;26;7;0,036;4;54;54;1,0;4;0;0;126;18
PA2026-0130;2026-01-17;Änderung;8;Bestandskunde;Logistiktechnik;Bearbeitung;13;Stahl;pulverbeschichtet;28;28;15;0,039;4;39;39;1,0;4;0;0;104;13
PA2026-0131;2026-01-15;Standard;11;Bestandskunde;Maschinenbau;Bearbeitung;13;Stahl;pulverbeschichtet;26;26;7;0,026;4;39;39;1,0;4;0;0;91;13
PA2026-0132;2026-01-21;Standard;7;Bestandskunde;Medizintechnik;Bearbeitung;17;Stahl;pulverbeschichtet;28;28;15;0,051;4;51;51;1,0;4;0;0;136;17
PA2026-0133;2026-01-21;Standard;13;Bestandskunde;Automobilindustrie;Bearbeitung;1;Stahl;pulverbeschichtet;28;28;15;0,003;4;3;3;1,0;4;0;0;8;1
PA2026-0134;2026-01-21;Änderung;7;Bestandskunde;Haushaltsgeräte;Bearbeitung;9;Stahl;pulverbeschichtet;26;26;7;0,018;4;27;27;1,0;4;0;0;63;9
PA2026-0135;2026-01-20;Standard;13;Bestandskunde;Maschinenbau;Bearbeitung;18;Stahl;pulverbeschichtet;28;28;15;0,054;4;54;54;1,0;4;0;0;144;18
PA2026-0136;2026-01-20;Änderung;14;Bestandskunde;Automobilindustrie;Bearbeitung;3;Stahl;pulverbeschichtet;28;28;15;0,009;4;9;9;1,0;4;0;0;24;3
PA2026-0137;2026-01-16;Standard;5;Bestandskunde;Automobilindustrie;Bearbeitung;4;Stahl;pulverbeschichtet;26;26;7;0,008;4;12;12;1,0;4;0;0;28;4
PA2026-0138;2026-01-20;Standard;10;Bestandskunde;Automobilindustrie;Bearbeitung;2;Stahl;pulverbeschichtet;28;28;15;0,006;4;6;6;1,0;4;0;0;16;2
PA2026-0139;2026-01-17;Standard;13;Bestandskunde;Logistiktechnik;Bearbeitung;19;Stahl;pulverbeschichtet;28;28;15;0,057;4;57;57;1,0;4;0;0;152;19
PA2026-0140;2026-01-16;Standard;5;Bestandskunde;Logistiktechnik;Bearbeitung;8;Stahl;pulverbeschichtet;26;26;7;0,016;4;24;24;1,0;4;0;0;56;8
PA2026-0141;2026-01-16;Standard;8;Bestandskunde;Medizintechnik;Bearbeitung;9;Stahl;pulverbeschichtet;28;28;15;0,027;4;27;27;1,0;4;0;0;72;9
PA2026-0142;2026-01-17;Standard;7;Bestandskunde;Automobilindustrie;Bearbeitung;19;Stahl;pulverbeschichtet;26;26;7;0,038;4;57;57;1,0;4;0;0;133;19
PA2026-0143;2026-01-18;Standard;10;Bestandskunde;Automobilindustrie;Bearbeitung;13;Stahl;pulverbeschichtet;28;28;15;0,039;4;39;39;1,0;4;0;0;104;13
PA2026-0144;2026-01-16;Standard;11;Bestandskunde;Haushaltsgeräte;Bearbeitung;10;Stahl;pulverbeschichtet;28;28;15;0,03;4;30;30;1,0;4;0;0;80;10
PA2026-0145;2026-01-17;Änderung;4;Bestandskunde;Maschinenbau;Bearbeitung;2;Stahl;pulverbeschichtet;26;26;7;0,004;4;6;6;1,0;4;0;0;14;2
PA2026-0146;2026-01-21;Änderung;8;Bestandskunde;Automobilindustrie;Bearbeitung;7;Stahl;pulverbeschichtet;28;28;15;0,021;4;21;21;1,0;4;0;0;56;7
PA2026-0147;2026-01-21;Standard;7;Bestandskunde;Automobilindustrie;Bearbeitung;2;Stahl;pulverbeschichtet;28;28;15;0,006;4;6;6;1,0;4;0;0;16;2
PA2026-0148;2026-01-15;Änderung;11;Bestandskunde;Maschinenbau;Bearbeitung;10;Stahl;pulverbeschichtet;28;28;15;0,03;4;30;30;1,0;4;0;0;80;10
PA2026-0149;2026-01-18;Standard;8;Neukunde;Automobilindustrie;Bearbeitung;12;Stahl;pulverbeschichtet;28;28;15;0,036;4;36;36;1,0;4;0;0;96;12
PA2026-0150;2026-01-17;Standard;15;Bestandskunde;Haushaltsgeräte;Bearbeitung;11;Stahl;pulverbeschichtet;28;28;15;0,033;4;33;33;1,0;4;0;0;88;11
PA2026-0151;2026-01-15;Standard;6;Bestandskunde;Sonstige;Bearbeitung;13;Stahl;pulverbeschichtet;26;26;7;0,026;4;39;39;1,0;4;0;0;91;13
PA2026-0152;2026-01-21;Standard;12;Bestandskunde;Maschinenbau;Bearbeitung;15;Stahl;pulverbeschichtet;28;28;15;0,045;4;45;45;1,0;4;0;0;120;15
PA2026-0153;2026-01-20;Standard;9;Neukunde;Haushaltsgeräte;Bearbeitung;12;Stahl;pulverbeschichtet;28;28;15;0,036;4;36;36;1,0;4;0;0;96;12
PA2026-0154;2026-01-18;Änderung;5;Neukunde;Medizintechnik;Bearbeitung;11;Stahl;pulverbeschichtet;26;26;7;0,022;4;33;33;1,0;4;0;0;77;11
PA2026-0155;2026-01-20;Standard;13;Bestandskunde;Haushaltsgeräte;Bearbeitung;14;Stahl;pulverbeschichtet;26;26;7;0,028;4;42;42;1,0;4;0;0;98;14
PA2026-0156;2026-01-15;Änderung;4;Bestandskunde;Maschinenbau;Bearbeitung;4;Stahl;pulverbeschichtet;26;26;7;0,008;4;12;12;1,0;4;0;0;28;4
PA2026-0157;2026-01-18;Standard;15;Bestandskunde;Maschinenbau;Bearbeitung;18;Stahl;pulverbeschichtet;26;26;7;0,036;4;54;54;1,0;4;0;0;126;18
PA2026-0158;2026-01-20;Änderung;7;Bestandskunde;Automobilindustrie;Bearbeitung;16;Stahl;pulverbeschichtet;28;28;15;0,048;4;48;48;1,0;4;0;0;128;16
PA2026-0159;2026-01-15;Standard;11;Bestandskunde;Maschinenbau;Bearbeitung;8;Stahl;pulverbeschichtet;28;28;15;0,024;4;24;24;1,0;4;0;0;64;8
PA2026-0160;2026-01-20;Standard;12;Bestandskunde;Medizintechnik;Bearbeitung;12;Stahl;pulverbeschichtet;28;28;15;0,036;4;36;36;1,0;4;0;0;96;12
PA2026-0161;2026-01-17;Standard;8;Bestandskunde;Logistiktechnik;Bearbeitung;15;Stahl;pulverbeschichtet;26;26;7;0,03;4;45;45;1,0;4;0;0;105;15
PA2026-0162;2026-01-20;Standard;3;Bestandskunde;Automobilindustrie;Bearbeitung;5;Stahl;pulverbeschichtet;26;26;7;0,01;4;15;15;1,0;4;0;0;35;5
PA2026-0163;2026-01-21;Standard;7;Bestandskunde;Medizintechnik;Bearbeitung;8;Stahl;pulverbeschichtet;26;26;7;0,016;4;24;24;1,0;4;0;0;56;8
PA2026-0164;2026-01-21;Standard;3;Neukunde;Sonstige;Bearbeitung;5;Stahl;pulverbeschichtet;28;28;15;0,015;4;15;15;1,0;4;0;0;40;5
PA2026-0165;2026-01-15;Änderung;3;Bestandskunde;Logistiktechnik;Bearbeitung;8;Stahl;pulverbeschichtet;28;28;15;0,024;4;24;24;1,0;4;0;0;64;8
PA2026-0166;2026-01-16;Standard;9;Bestandskunde;Automobilindustrie;Bearbeitung;17;Stahl;pulverbeschichtet;28;28;15;0,051;4;51;51;1,0;4;0;0;136;17
PA2026-0167;2026-01-18;Standard;15;Bestandskunde;Medizintechnik;Bearbeitung;4;Stahl;pulverbeschichtet;26;26;7;0,008;4;12;12;1,0;4;0;0;28;4
PA2026-0168;2026-01-16;Standard;4;Bestandskunde;Sonstige;Bearbeitung;17;Stahl;pulverbeschichtet;28;28;15;0,051;4;51;51;1,0;4;0;0;136;17
PA2026-0169;2026-01-20;Änderung;3;Bestandskunde;Logistiktechnik;Bearbeitung;13;Stahl;pulverbeschichtet;28;28;15;0,039;4;39;39;1,0;4;0;0;104;13
PA2026-0170;2026-01-15;Standard;14;Bestandskunde;Maschinenbau;Bearbeitung;3;Stahl;pulverbeschichtet;28;28;15;0,009;4;9;9;1,0;4;0;0;24;3
PA2026-0171;2026-01-16;Standard;5;Bestandskunde;Sonstige;Bearbeitung;19;Stahl;pulverbeschichtet;28;28;15;0,057;4;57;57;1,0;4;0;0;152;19
PA2026-0172;2026-01-19;Standard;15;Bestandskunde;Sonstige;Bearbeitung;14;Stahl;pulverbeschichtet;28;28;15;0,042;4;42;42;1,0;4;0;0;112;14
PA2026-0173;2026-01-21;Standard;7;Neukunde;Maschinenbau;Bearbeitung;14;Stahl;pulverbeschichtet;26;26;7;0,028;4;42;42;1,0;4;0;0;98;14
PA2026-0174;2026-01-18;Änderung;14;Bestandskunde;Medizintechnik;Bearbeitung;11;Stahl;pulverbeschichtet;28;28;15;0,033;4;33;33;1,0;4;0;0;88;11
PA2026-0175;2026-01-16;Änderung;14;Bestandskunde;Maschinenbau;Bearbeitung;3;Stahl;pulverbeschichtet;28;28;15;0,009;4;9;9;1,0;4;0;0;24;3
PA2026-0176;2026-01-20;Standard;12;Bestandskunde;Sonstige;Bearbeitung;19;Stahl;pulverbeschichtet;28;28;15;0,057;4;57;57;1,0;4;0;0;152;19
PA2026-0177;2026-01-15;Standard;12;Bestandskunde;Logistiktechnik;Bearbeitung;14;Stahl;pulverbeschichtet;28;28;15;0,042;4;42;42;1,0;4;0;0;112;14
PA2026-0178;2026-01-19;Standard;10;Bestandskunde;Maschinenbau;Bearbeitung;7;Stahl;pulverbeschichtet;26;26;7;0,014;4;21;21;1,0;4;0;0;49;7
PA2026-0179;2026-01-16;Standard;5;Bestandskunde;Maschinenbau;Bearbeitung;4;Stahl;pulverbeschichtet;26;26;7;0,008;4;12;12;1,0;4;0;0;28;4
PA2026-0180;2026-01-16;Änderung;12;Neukunde;Maschinenbau;Bearbeitung;20;Stahl;pulverbeschichtet;28;28;15;0,06;4;60;60;1,0;4;0;0;160;20
PA2026-0181;2026-01-22;Änderung;6;Bestandskunde;Sonstige;Bearbeitung;11;Stahl;pulverbeschichtet;26;26;7;0,022;4;33;33;1,0;4;0;0;77;11
PA2026-0182;2026-01-23;Standard;5;Bestandskunde;Automobilindustrie;Bearbeitung;5;Stahl;pulverbeschichtet;28;28;15;0,015;4;15;15;1,0;4;0;0;40;5
PA2026-0183;2026-01-27;Änderung;15;Bestandskunde;Sonstige;Bearbeitung;11;Stahl;pulverbeschichtet;26;26;7;0,022;4;33;33;1,0;4;0;0;77;11
PA2026-0184;2026-01-24;Änderung;10;Bestandskunde;Sonstige;Bearbeitung;3;Stahl;pulverbeschichtet;26;26;7;0,006;4;9;9;1,0;4;0;0;21;3
PA2026-0185;2026-01-23;Standard;4;Bestandskunde;Medizintechnik;Bearbeitung;14;Stahl;pulverbeschichtet;26;26;7;0,028;4;42;42;1,0;4;0;0;98;14
PA2026-0186;2026-01-25;Standard;14;Bestandskunde;Logistiktechnik;Bearbeitung;4;Stahl;pulverbeschichtet;28;28;15;0,012;4;12;12;1,0;4;0;0;32;4
PA2026-0187;2026-01-22;Änderung;10;Bestandskunde;Maschinenbau;Bearbeitung;17;Stahl;pulverbeschichtet;28;28;15;0,051;4;51;51;1,0;4;0;0;136;17
PA2026-0188;2026-01-23;Standard;11;Bestandskunde;Automobilindustrie;Bearbeitung;7;Stahl;pulverbeschichtet;28;28;15;0,021;4;21;21;1,0;4;0;0;56;7
PA2026-0189;2026-01-28;Standard;7;Bestandskunde;Logistiktechnik;Bearbeitung;4;Stahl;pulverbeschichtet;28;28;15;0,012;4;12;12;1,0;4;0;0;32;4
PA2026-0190;2026-01-27;Änderung;13;Bestandskunde;Automobilindustrie;Bearbeitung;8;Stahl;pulverbeschichtet;26;26;7;0,016;4;24;24;1,0;4;0;0;56;8
PA2026-0191;2026-01-25;Änderung;5;Bestandskunde;Automobilindustrie;Bearbeitung;3;Stahl;pulverbeschichtet;28;28;15;0,009;4;9;9;1,0;4;0;0;24;3
PA2026-0192;2026-01-25;Änderung;13;Bestandskunde;Logistiktechnik;Bearbeitung;4;Stahl;pulverbeschichtet;28;28;15;0,012;4;12;12;1,0;4;0;0;32;4
PA2026-0193;2026-01-24;Standard;7;Bestandskunde;Maschinenbau;Bearbeitung;12;Stahl;pulverbeschichtet;28;28;15;0,036;4;36;36;1,0;4;0;0;96;12
PA2026-0194;2026-01-28;Standard;6;Bestandskunde;Automobilindustrie;Bearbeitung;17;Stahl;pulverbeschichtet;26;26;7;0,034;4;51;51;1,0;4;0;0;119;17
PA2026-0195;2026-01-28;Standard;10;Bestandskunde;Medizintechnik;Bearbeitung;6;Stahl;pulverbeschichtet;26;26;7;0,012;4;18;18;1,0;4;0;0;42;6
PA2026-0196;2026-01-26;Standard;15;Neukunde;Maschinenbau;Bearbeitung;12;Stahl;pulverbeschichtet;26;26;7;0,024;4;36;36;1,0;4;0;0;84;12
PA2026-0197;2026-01-22;Standard;6;Bestandskunde;Maschinenbau;Bearbeitung;5;Stahl;pulverbeschichtet;26;26;7;0,01;4;15;15;1,0;4;0;0;35;5
PA2026-0198;2026-01-28;Standard;14;Bestandskunde;Automobilindustrie;Bearbeitung;19;Stahl;pulverbeschichtet;26;26;7;0,038;4;57;57;1,0;4;0;0;133;19
PA2026-0199;2026-01-26;Standard;11;Bestandskunde;Medizintechnik;Bearbeitung;5;Stahl;pulverbeschichtet;28;28;15;0,015;4;15;15;1,0;4;0;0;40;5
PA2026-0200;2026-01-25;Standard;15;Neukunde;Haushaltsgeräte;Bearbeitung;19;Stahl;pulverbeschichtet;28;28;15;0,057;4;57;57;1,0;4;0;0;152;19
PA2026-0201;2026-01-26;Standard;5;Bestandskunde;Automobilindustrie;Bearbeitung;2;Stahl;pulverbeschichtet;26;26;7;0,004;4;6;6;1,0;4;0;0;14;2
PA2026-0202;2026-01-22;Standard;5;Bestandskunde;Maschinenbau;Bearbeitung;15;Stahl;pulverbeschichtet;28;28;15;0,045;4;45;45;1,0;4;0;0;120;15
PA2026-0203;2026-01-28;Änderung;7;Bestandskunde;Haushaltsgeräte;Bearbeitung;5;Stahl;pulverbeschichtet;26;26;7;0,01;4;15;15;1,0;4;0;0;35;5
PA2026-0204;2026-01-22;Standard;11;Bestandskunde;Logistiktechnik;Bearbeitung;6;Stahl;pulverbeschichtet;26;26;7;0,012;4;18;18;1,0;4;0;0;42;6
PA2026-0205;2026-01-27;Standard;13;Bestandskunde;Sonstige;Bearbeitung;20;Stahl;pulverbeschichtet;26;26;7;0,04;4;60;60;1,0;4;0;0;140;20
PA2026-0206;2026-01-24;Änderung;10;Neukunde;Logistiktechnik;Bearbeitung;20;Stahl;pulverbeschichtet;26;26;7;0,04;4;60;60;1,0;4;0;0;140;20
PA2026-0207;2026-01-22;Standard;11;Bestandskunde;Maschinenbau;Bearbeitung;10;Stahl;pulverbeschichtet;26;26;7;0,02;4;30;30;1,0;4;0;0;70;10
PA2026-0208;2026-01-28;Standard;7;Bestandskunde;Haushaltsgeräte;Bearbeitung;5;Stahl;pulverbeschichtet;28;28;15;0,015;4;15;15;1,0;4;0;0;40;5
PA2026-0209;2026-01-27;Standard;13;Bestandskunde;Logistiktechnik;Bearbeitung;3;Stahl;pulverbeschichtet;28;28;15;0,009;4;9;9;1,0;4;0;0;24;3
PA2026-0210;2026-01-25;Änderung;11;Bestandskunde;Medizintechnik;Bearbeitung;17;Stahl;pulverbeschichtet;28;28;15;0,051;4;51;51;1,0;4;0;0;136;17
PA2026-0211;2026-01-26;Änderung;12;Bestandskunde;Maschinenbau;Bearbeitung;7;Stahl;pulverbeschichtet;26;26;7;0,014;4;21;21;1,0;4;0;0;49;7
PA2026-0212;2026-01-23;Standard;8;Bestandskunde;Maschinenbau;Bearbeitung;10;Stahl;pulverbeschichtet;28;28;15;0,03;4;30;30;1,0;4;0;0;80;10
PA2026-0213;2026-01-27;Änderung;11;Bestandskunde;Maschinenbau;Bearbeitung;20;Stahl;pulverbeschichtet;26;26;7;0,04;4;60;60;1,0;4;0;0;140;20
PA2026-0214;2026-01-23;Änderung;6;Bestandskunde;Automobilindustrie;Bearbeitung;6;Stahl;pulverbeschichtet;28;28;15;0,018;4;18;18;1,0;4;0;0;48;6
PA2026-0215;2026-01-25;Standard;12;Bestandskunde;Sonstige;Bearbeitung;15;Stahl;pulverbeschichtet;28;28;15;0,045;4;45;45;1,0;4;0;0;120;15
PA2026-0216;2026-01-28;Standard;13;Bestandskunde;Logistiktechnik;Bearbeitung;16;Stahl;pulverbeschichtet;28;28;15;0,048;4;48;48;1,0;4;0;0;128;16
PA2026-0217;2026-01-27;Änderung;13;Bestandskunde;Maschinenbau;Bearbeitung;13;Stahl;pulverbeschichtet;26;26;7;0,026;4;39;39;1,0;4;0;0;91;13
PA2026-0218;2026-01-28;Standard;7;Bestandskunde;Sonstige;Bearbeitung;9;Stahl;pulverbeschichtet;28;28;15;0,027;4;27;27;1,0;4;0;0;72;9
PA2026-0219;2026-01-28;Standard;12;Bestandskunde;Automobilindustrie;Bearbeitung;17;Stahl;pulverbeschichtet;26;26;7;0,034;4;51;51;1,0;4;0;0;119;17
PA2026-0220;2026-01-22;Standard;6;Bestandskunde;Medizintechnik;Bearbeitung;5;Stahl;pulverbeschichtet;26;26;7;0,01;4;15;15;1,0;4;0;0;35;5
PA2026-0221;2026-01-23;Änderung;13;Neukunde;Maschinenbau;Bearbeitung;14;Stahl;pulverbeschichtet;28;28;15;0,042;4;42;42;1,0;4;0;0;112;14
PA2026-0222;2026-01-26;Standard;12;Bestandskunde;Automobilindustrie;Bearbeitung;12;Stahl;pulverbeschichtet;26;26;7;0,024;4;36;36;1,0;4;0;0;84;12
PA2026-0223;2026-01-24;Standard;5;Bestandskunde;Maschinenbau;Bearbeitung;5;Stahl;pulverbeschichtet;26;26;7;0,01;4;15;15;1,0;4;0;0;35;5
PA2026-0224;2026-01-24;Standard;15;Bestandskunde;Logistiktechnik;Bearbeitung;16;Stahl;pulverbeschichtet;26;26;7;0,032;4;48;48;1,0;4;0;0;112;16
PA2026-0225;2026-01-22;Standard;5;Bestandskunde;Sonstige;Bearbeitung;5;Stahl;pulverbeschichtet;28;28;15;0,015;4;15;15;1,0;4;0;0;40;5
PA2026-0226;2026-01-28;Änderung;10;Bestandskunde;Automobilindustrie;Bearbeitung;8;Stahl;pulverbeschichtet;28;28;15;0,024;4;24;24;1,0;4;0;0;64;8
PA2026-0227;2026-01-28;Standard;13;Bestandskunde;Sonstige;Bearbeitung;16;Stahl;pulverbeschichtet;28;28;15;0,048;4;48;48;1,0;4;0;0;128;16
PA2026-0228;2026-01-27;Standard;7;Bestandskunde;Automobilindustrie;Bearbeitung;12;Stahl;pulverbeschichtet;26;26;7;0,024;4;36;36;1,0;4;0;0;84;12
PA2026-0229;2026-01-23;Standard;5;Bestandskunde;Maschinenbau;Bearbeitung;17;Stahl;pulverbeschichtet;26;26;7;0,034;4;51;51;1,0;4;0;0;119;17
PA2026-0230;2026-01-28;Standard;14;Bestandskunde;Maschinenbau;Bearbeitung;12;Stahl;pulverbeschichtet;26;26;7;0,024;4;36;36;1,0;4;0;0;84;12
PA2026-0231;2026-01-22;Standard;11;Bestandskunde;Haushaltsgeräte;Bearbeitung;4;Stahl;pulverbeschichtet;28;28;15;0,012;4;12;12;1,0;4;0;0;32;4
PA2026-0232;2026-01-22;Standard;11;Neukunde;Sonstige;Bearbeitung;6;Stahl;pulverbeschichtet;28;28;15;0,018;4;18;18;1,0;4;0;0;48;6
PA2026-0233;2026-01-25;Standard;8;Bestandskunde;Haushaltsgeräte;Bearbeitung;15;Stahl;pulverbeschichtet;28;28;15;0,045;4;45;45;1,0;4;0;0;120;15
PA2026-0234;2026-01-23;Änderung;4;Bestandskunde;Maschinenbau;Bearbeitung;11;Stahl;pulverbeschichtet;26;26;7;0,022;4;33;33;1,0;4;0;0;77;11
PA2026-0235;2026-01-25;Standard;15;Bestandskunde;Automobilindustrie;Bearbeitung;7;Stahl;pulverbeschichtet;28;28;15;0,021;4;21;21;1,0;4;0;0;56;7
PA2026-0236;2026-01-28;Standard;4;Bestandskunde;Haushaltsgeräte;Bearbeitung;4;Stahl;pulverbeschichtet;28;28;15;0,012;4;12;12;1,0;4;0;0;32;4
PA2026-0237;2026-01-25;Änderung;15;Bestandskunde;Logistiktechnik;Bearbeitung;6;Stahl;pulverbeschichtet;28;28;15;0,018;4;18;18;1,0;4;0;0;48;6
PA2026-0238;2026-01-25;Standard;12;Bestandskunde;Haushaltsgeräte;Bearbeitung;3;Stahl;pulverbeschichtet;28;28;15;0,009;4;9;9;1,0;4;0;0;24;3
PA2026-0239;2026-01-25;Standard;8;Bestandskunde;Haushaltsgeräte;Bearbeitung;3;Stahl;pulverbeschichtet;28;28;15;0,009;4;9;9;1,0;4;0;0;24;3
PA2026-0240;2026-01-24;Standard;10;Bestandskunde;Maschinenbau;Bearbeitung;6;Stahl;pulverbeschichtet;28;28;15;0,018;4;18;18;1,0;4;0;0;48;6
PA2026-0241;2026-02-01;Standard;5;Bestandskunde;Logistiktechnik;Bearbeitung;20;Stahl;pulverbeschichtet;28;28;15;0,06;4;60;60;1,0;4;0;0;160;20
PA2026-0242;2026-02-03;Standard;4;Bestandskunde;Haushaltsgeräte;Bearbeitung;12;Stahl;pulverbeschichtet;28;28;15;0,036;4;36;36;1,0;4;0;0;96;12
PA2026-0243;2026-01-30;Standard;13;Bestandskunde;Automobilindustrie;Bearbeitung;12;Stahl;pulverbeschichtet;26;26;7;0,024;4;36;36;1,0;4;0;0;84;12
PA2026-0244;2026-02-02;Standard;4;Bestandskunde;Sonstige;Bearbeitung;12;Stahl;pulverbeschichtet;28;28;15;0,036;4;36;36;1,0;4;0;0;96;12
PA2026-0245;2026-02-04;Standard;5;Bestandskunde;Maschinenbau;Bearbeitung;13;Stahl;pulverbeschichtet;28;28;15;0,039;4;39;39;1,0;4;0;0;104;13
PA2026-0246;2026-01-31;Standard;9;Bestandskunde;Medizintechnik;Bearbeitung;6;Stahl;pulverbeschichtet;28;28;15;0,018;4;18;18;1,0;4;0;0;48;6
PA2026-0247;2026-02-01;Änderung;6;Bestandskunde;Haushaltsgeräte;Bearbeitung;15;Stahl;pulverbeschichtet;28;28;15;0,045;4;45;45;1,0;4;0;0;120;15
PA2026-0248;2026-02-03;Standard;14;Bestandskunde;Medizintechnik;Bearbeitung;3;Stahl;pulverbeschichtet;26;26;7;0,006;4;9;9;1,0;4;0;0;21;3
PA2026-0249;2026-02-03;Änderung;13;Neukunde;Haushaltsgeräte;Bearbeitung;11;Stahl;pulverbeschichtet;28;28;15;0,033;4;33;33;1,0;4;0;0;88;11
PA2026-0250;2026-01-29;Standard;10;Bestandskunde;Logistiktechnik;Bearbeitung;6;Stahl;pulverbeschichtet;28;28;15;0,018;4;18;18;1,0;4;0;0;48;6
PA2026-0251;2026-01-30;Standard;5;Bestandskunde;Medizintechnik;Bearbeitung;8;Stahl;pulverbeschichtet;28;28;15;0,024;4;24;24;1,0;4;0;0;64;8
PA2026-0252;2026-01-31;Standard;11;Neukunde;Haushaltsgeräte;Bearbeitung;5;Stahl;pulverbeschichtet;28;28;15;0,015;4;15;15;1,0;4;0;0;40;5
PA2026-0253;2026-01-31;Standard;12;Neukunde;Automobilindustrie;Bearbeitung;17;Stahl;pulverbeschichtet;26;26;7;0,034;4;51;51;1,0;4;0;0;119;17
PA2026-0254;2026-02-04;Standard;5;Bestandskunde;Logistiktechnik;Bearbeitung;3;Stahl;pulverbeschichtet;28;28;15;0,009;4;9;9;1,0;4;0;0;24;3
PA2026-0255;2026-02-03;Standard;15;Bestandskunde;Haushaltsgeräte;Bearbeitung;18;Stahl;pulverbeschichtet;28;28;15;0,054;4;54;54;1,0;4;0;0;144;18
PA2026-0256;2026-02-01;Änderung;15;Bestandskunde;Haushaltsgeräte;Bearbeitung;4;Stahl;pulverbeschichtet;26;26;7;0,008;4;12;12;1,0;4;0;0;28;4
PA2026-0257;2026-01-30;Änderung;6;Bestandskunde;Haushaltsgeräte;Bearbeitung;12;Stahl;pulverbeschichtet;26;26;7;0,024;4;36;36;1,0;4;0;0;84;12
PA2026-0258;2026-01-31;Standard;8;Bestandskunde;Automobilindustrie;Bearbeitung;5;Stahl;pulverbeschichtet;28;28;15;0,015;4;15;15;1,0;4;0;0;40;5
PA2026-0259;2026-02-02;Standard;5;Bestandskunde;Automobilindustrie;Bearbeitung;19;Stahl;pulverbeschichtet;28;28;15;0,057;4;57;57;1,0;4;0;0;152;19
PA2026-0260;2026-02-03;Standard;11;Bestandskunde;Logistiktechnik;Bearbeitung;1;Stahl;pulverbeschichtet;26;26;7;0,002;4;3;3;1,0;4;0;0;7;1
PA2026-0261;2026-02-03;Standard;9;Bestandskunde;Maschinenbau;Bearbeitung;14;Stahl;pulverbeschichtet;26;26;7;0,028;4;42;42;1,0;4;0;0;98;14
PA2026-0262;2026-02-03;Standard;10;Bestandskunde;Maschinenbau;Bearbeitung;8;Stahl;pulverbeschichtet;26;26;7;0,016;4;24;24;1,0;4;0;0;56;8
PA2026-0263;2026-02-01;Standard;5;Bestandskunde;Automobilindustrie;Bearbeitung;14;Stahl;pulverbeschichtet;28;28;15;0,042;4;42;42;1,0;4;0;0;112;14
PA2026-0264;2026-01-30;Standard;10;Bestandskunde;Haushaltsgeräte;Bearbeitung;11;Stahl;pulverbeschichtet;28;28;15;0,033;4;33;33;1,0;4;0;0;88;11
PA2026-0265;2026-01-30;Standard;10;Bestandskunde;Medizintechnik;Bearbeitung;8;Stahl;pulverbeschichtet;28;28;15;0,024;4;24;24;1,0;4;0;0;64;8
PA2026-0266;2026-01-31;Standard;14;Bestandskunde;Automobilindustrie;Bearbeitung;10;Stahl;pulverbeschichtet;28;28;15;0,03;4;30;30;1,0;4;0;0;80;10
PA2026-0267;2026-02-01;Standard;10;Bestandskunde;Automobilindustrie;Bearbeitung;11;Stahl;pulverbeschichtet;28;28;15;0,033;4;33;33;1,0;4;0;0;88;11
PA2026-0268;2026-02-04;Änderung;7;Bestandskunde;Medizintechnik;Bearbeitung;16;Stahl;pulverbeschichtet;28;28;15;0,048;4;48;48;1,0;4;0;0;128;16
PA2026-0269;2026-01-29;Standard;5;Bestandskunde;Sonstige;Bearbeitung;8;Stahl;pulverbeschichtet;28;28;15;0,024;4;24;24;1,0;4;0;0;64;8
PA2026-0270;2026-01-29;Standard;4;Bestandskunde;Medizintechnik;Bearbeitung;16;Stahl;pulverbeschichtet;26;26;7;0,032;4;48;48;1,0;4;0;0;112;16
PA2026-0271;2026-01-29;Standard;6;Bestandskunde;Medizintechnik;Bearbeitung;12;Stahl;pulverbeschichtet;28;28;15;0,036;4;36;36;1,0;4;0;0;96;12
PA2026-0272;2026-01-29;Standard;11;Bestandskunde;Maschinenbau;Bearbeitung;12;Stahl;pulverbeschichtet;28;28;15;0,036;4;36;36;1,0;4;0;0;96;12
PA2026-0273;2026-02-01;Standard;15;Bestandskunde;Medizintechnik;Bearbeitung;20;Stahl;pulverbeschichtet;28;28;15;0,06;4;60;60;1,0;4;0;0;160;20
PA2026-0274;2026-01-29;Änderung;11;Bestandskunde;Maschinenbau;Bearbeitung;18;Stahl;pulverbeschichtet;26;26;7;0,036;4;54;54;1,0;4;0;0;126;18
PA2026-0275;2026-01-30;Standard;15;Bestandskunde;Automobilindustrie;Bearbeitung;2;Stahl;pulverbeschichtet;28;28;15;0,006;4;6;6;1,0;4;0;0;16;2
PA2026-0276;2026-02-04;Standard;14;Bestandskunde;Logistiktechnik;Bearbeitung;17;Stahl;pulverbeschichtet;26;26;7;0,034;4;51;51;1,0;4;0;0;119;17
PA2026-0277;2026-02-02;Standard;11;Bestandskunde;Sonstige;Bearbeitung;10;Stahl;pulverbeschichtet;26;26;7;0,02;4;30;30;1,0;4;0;0;70;10
PA2026-0278;2026-02-04;Standard;15;Bestandskunde;Automobilindustrie;Bearbeitung;10;Stahl;pulverbeschichtet;28;28;15;0,03;4;30;30;1,0;4;0;0;80;10
PA2026-0279;2026-01-31;Standard;10;Bestandskunde;Automobilindustrie;Bearbeitung;19;Stahl;pulverbeschichtet;28;28;15;0,057;4;57;57;1,0;4;0;0;152;19
PA2026-0280;2026-02-04;Standard;3;Bestandskunde;Logistiktechnik;Bearbeitung;19;Stahl;pulverbeschichtet;28;28;15;0,057;4;57;57;1,0;4;0;0;152;19
PA2026-0281;2026-02-02;Änderung;14;Bestandskunde;Maschinenbau;Bearbeitung;20;Stahl;pulverbeschichtet;26;26;7;0,04;4;60;60;1,0;4;0;0;140;20
PA2026-0282;2026-02-04;Standard;8;Neukunde;Sonstige;Bearbeitung;4;Stahl;pulverbeschichtet;28;28;15;0,012;4;12;12;1,0;4;0;0;32;4
PA2026-0283;2026-02-01;Änderung;11;Bestandskunde;Logistiktechnik;Bearbeitung;7;Stahl;pulverbeschichtet;26;26;7;0,014;4;21;21;1,0;4;0;0;49;7
PA2026-0284;2026-02-04;Standard;14;Bestandskunde;Logistiktechnik;Bearbeitung;2;Stahl;pulverbeschichtet;28;28;15;0,006;4;6;6;1,0;4;0;0;16;2
PA2026-0285;2026-02-02;Standard;11;Bestandskunde;Automobilindustrie;Bearbeitung;13;Stahl;pulverbeschichtet;26;26;7;0,026;4;39;39;1,0;4;0;0;91;13
PA2026-0286;2026-02-01;Standard;11;Bestandskunde;Maschinenbau;Bearbeitung;9;Stahl;pulverbeschichtet;28;28;15;0,027;4;27;27;1,0;4;0;0;72;9
PA2026-0287;2026-01-30;Änderung;9;Bestandskunde;Logistiktechnik;Bearbeitung;10;Stahl;pulverbeschichtet;28;28;15;0,03;4;30;30;1,0;4;0;0;80;10
PA2026-0288;2026-01-30;Änderung;14;Bestandskunde;Automobilindustrie;Bearbeitung;9;Stahl;pulverbeschichtet;28;28;15;0,027;4;27;27;1,0;4;0;0;72;9
PA2026-0289;2026-02-02;Standard;13;Bestandskunde;Automobilindustrie;Bearbeitung;12;Stahl;pulverbeschichtet;28;28;15;0,036;4;36;36;1,0;4;0;0;96;12
PA2026-0290;2026-01-29;Standard;10;Bestandskunde;Haushaltsgeräte;Bearbeitung;15;Stahl;pulverbeschichtet;26;26;7;0,03;4;45;45;1,0;4;0;0;105;15
PA2026-0291;2026-02-01;Standard;9;Bestandskunde;Logistiktechnik;Bearbeitung;18;Stahl;pulverbeschichtet;28;28;15;0,054;4;54;54;1,0;4;0;0;144;18
PA2026-0292;2026-01-29;Standard;8;Bestandskunde;Automobilindustrie;Bearbeitung;17;Stahl;pulverbeschichtet;28;28;15;0,051;4;51;51;1,0;4;0;0;136;17
PA2026-0293;2026-01-29;Änderung;6;Bestandskunde;Automobilindustrie;Bearbeitung;4;Stahl;pulverbeschichtet;26;26;7;0,008;4;12;12;1,0;4;0;0;28;4
PA2026-0294;2026-02-02;Standard;8;Bestandskunde;Automobilindustrie;Bearbeitung;16;Stahl;pulverbeschichtet;26;26;7;0,032;4;48;48;1,0;4;0;0;112;16
PA2026-0295;2026-01-30;Änderung;10;Bestandskunde;Maschinenbau;Bearbeitung;3;Stahl;pulverbeschichtet;28;28;15;0,009;4;9;9;1,0;4;0;0;24;3
PA2026-0296;2026-01-30;Standard;12;Bestandskunde;Automobilindustrie;Bearbeitung;2;Stahl;pulverbeschichtet;26;26;7;0,004;4;6;6;1,0;4;0;0;14;2
PA2026-0297;2026-01-30;Änderung;10;Bestandskunde;Medizintechnik;Bearbeitung;19;Stahl;pulverbeschichtet;28;28;15;0,057;4;57;57;1,0;4;0;0;152;19
PA2026-0298;2026-01-31;Standard;14;Bestandskunde;Logistiktechnik;Bearbeitung;16;Stahl;pulverbeschichtet;26;26;7;0,032;4;48;48;1,0;4;0;0;112;16
PA2026-0299;2026-01-31;Standard;8;Bestandskunde;Medizintechnik;Bearbeitung;15;Stahl;pulverbeschichtet;26;26;7;0,03;4;45;45;1,0;4;0;0;105;15
PA2026-0300;2026-01-30;Änderung;3;Bestandskunde;Automobilindustrie;Bearbeitung;19;Stahl;pulverbeschichtet;28;28;15;0,057;4;57;57;1,0;4;0;0;152;19
PA2026-0301;2026-02-09;Standard;13;Bestandskunde;Sonstige;Bearbeitung;3;Stahl;pulverbeschichtet;26;26;7;0,006;4;9;9;1,0;4;0;0;21;3
PA2026-0302;2026-02-05;Standard;6;Bestandskunde;Maschinenbau;Bearbeitung;8;Stahl;pulverbeschichtet;28;28;15;0,024;4;24;24;1,0;4;0;0;64;8
PA2026-0303;2026-02-08;Standard;10;Bestandskunde;Automobilindustrie;Bearbeitung;11;Stahl;pulverbeschichtet;26;26;7;0,022;4;33;33;1,0;4;0;0;77;11
PA2026-0304;2026-02-10;Standard;3;Bestandskunde;Automobilindustrie;Bearbeitung;8;Stahl;pulverbeschichtet;28;28;15;0,024;4;24;24;1,0;4;0;0;64;8
PA2026-0305;2026-02-08;Standard;10;Bestandskunde;Logistiktechnik;Bearbeitung;10;Stahl;pulverbeschichtet;26;26;7;0,02;4;30;30;1,0;4;0;0;70;10
PA2026-0306;2026-02-07;Änderung;9;Bestandskunde;Automobilindustrie;Bearbeitung;5;Stahl;pulverbeschichtet;26;26;7;0,01;4;15;15;1,0;4;0;0;35;5
PA2026-0307;2026-02-09;Standard;12;Bestandskunde;Automobilindustrie;Bearbeitung;16;Stahl;pulverbeschichtet;28;28;15;0,048;4;48;48;1,0;4;0;0;128;16
PA2026-0308;2026-02-10;Standard;5;Bestandskunde;Maschinenbau;Bearbeitung;12;Stahl;pulverbeschichtet;26;26;7;0,024;4;36;36;1,0;4;0;0;84;12
PA2026-0309;2026-02-05;Standard;15;Bestandskunde;Automobilindustrie;Bearbeitung;6;Stahl;pulverbeschichtet;26;26;7;0,012;4;18;18;1,0;4;0;0;42;6
PA2026-0310;2026-02-08;Standard;6;Neukunde;Logistiktechnik;Bearbeitung;16;Stahl;pulverbeschichtet;28;28;15;0,048;4;48;48;1,0;4;0;0;128;16
PA2026-0311;2026-02-11;Standard;4;Bestandskunde;Maschinenbau;Bearbeitung;15;Stahl;pulverbeschichtet;26;26;7;0,03;4;45;45;1,0;4;0;0;105;15
PA2026-0312;2026-02-10;Standard;10;Bestandskunde;Maschinenbau;Bearbeitung;1;Stahl;pulverbeschichtet;26;26;7;0,002;4;3;3;1,0;4;0;0;7;1
PA2026-0313;2026-02-05;Standard;12;Bestandskunde;Sonstige;Bearbeitung;2;Stahl;pulverbeschichtet;26;26;7;0,004;4;6;6;1,0;4;0;0;14;2
PA2026-0314;2026-02-05;Standard;10;Bestandskunde;Automobilindustrie;Bearbeitung;14;Stahl;pulverbeschichtet;26;26;7;0,028;4;42;42;1,0;4;0;0;98;14
PA2026-0315;2026-02-08;Standard;13;Neukunde;Logistiktechnik;Bearbeitung;18;Stahl;pulverbeschichtet;28;28;15;0,054;4;54;54;1,0;4;0;0;144;18
PA2026-0316;2026-02-05;Standard;6;Bestandskunde;Logistiktechnik;Bearbeitung;5;Stahl;pulverbeschichtet;26;26;7;0,01;4;15;15;1,0;4;0;0;35;5
PA2026-0317;2026-02-11;Standard;3;Bestandskunde;Maschinenbau;Bearbeitung;18;Stahl;pulverbeschichtet;26;26;7;0,036;4;54;54;1,0;4;0;0;126;18
PA2026-0318;2026-02-08;Standard;10;Bestandskunde;Maschinenbau;Bearbeitung;9;Stahl;pulverbeschichtet;28;28;15;0,027;4;27;27;1,0;4;0;0;72;9
PA2026-0319;2026-02-05;Standard;12;Bestandskunde;Maschinenbau;Bearbeitung;1;Stahl;pulverbeschichtet;26;26;7;0,002;4;3;3;1,0;4;0;0;7;1
PA2026-0320;2026-02-05;Änderung;6;Bestandskunde;Automobilindustrie;Bearbeitung;2;Stahl;pulverbeschichtet;26;26;7;0,004;4;6;6;1,0;4;0;0;14;2
PA2026-0321;2026-02-08;Änderung;15;Bestandskunde;Haushaltsgeräte;Bearbeitung;2;Stahl;pulverbeschichtet;26;26;7;0,004;4;6;6;1,0;4;0;0;14;2
PA2026-0322;2026-02-06;Standard;10;Bestandskunde;Automobilindustrie;Bearbeitung;11;Stahl;pulverbeschichtet;26;26;7;0,022;4;33;33;1,0;4;0;0;77;11
PA2026-0323;2026-02-06;Änderung;15;Bestandskunde;Sonstige;Bearbeitung;2;Stahl;pulverbeschichtet;26;26;7;0,004;4;6;6;1,0;4;0;0;14;2
PA2026-0324;2026-02-09;Standard;14;Bestandskunde;Maschinenbau;Bearbeitung;13;Stahl;pulverbeschichtet;26;26;7;0,026;4;39;39;1,0;4;0;0;91;13
PA2026-0325;2026-02-08;Änderung;14;Bestandskunde;Logistiktechnik;Bearbeitung;18;Stahl;pulverbeschichtet;28;28;15;0,054;4;54;54;1,0;4;0;0;144;18
PA2026-0326;2026-02-11;Standard;8;Bestandskunde;Maschinenbau;Bearbeitung;15;Stahl;pulverbeschichtet;28;28;15;0,045;4;45;45;1,0;4;0;0;120;15
PA2026-0327;2026-02-08;Standard;15;Bestandskunde;Logistiktechnik;Bearbeitung;7;Stahl;pulverbeschichtet;26;26;7;0,014;4;21;21;1,0;4;0;0;49;7
PA2026-0328;2026-02-05;Standard;13;Bestandskunde;Maschinenbau;Bearbeitung;7;Stahl;pulverbeschichtet;28;28;15;0,021;4;21;21;1,0;4;0;0;56;7
PA2026-0329;2026-02-08;Standard;5;Bestandskunde;Logistiktechnik;Bearbeitung;19;Stahl;pulverbeschichtet;26;26;7;0,038;4;57;57;1,0;4;0;0;133;19
PA2026-0330;2026-02-06;Standard;10;Bestandskunde;Maschinenbau;Bearbeitung;7;Stahl;pulverbeschichtet;26;26;7;0,014;4;21;21;1,0;4;0;0;49;7
PA2026-0331;2026-02-10;Änderung;14;Bestandskunde;Maschinenbau;Bearbeitung;7;Stahl;pulverbeschichtet;26;26;7;0,014;4;21;21;1,0;4;0;0;49;7
PA2026-0332;2026-02-09;Änderung;11;Bestandskunde;Medizintechnik;Bearbeitung;18;Stahl;pulverbeschichtet;28;28;15;0,054;4;54;54;1,0;4;0;0;144;18
PA2026-0333;2026-02-07;Änderung;11;Bestandskunde;Sonstige;Bearbeitung;4;Stahl;pulverbeschichtet;28;28;15;0,012;4;12;12;1,0;4;0;0;32;4
PA2026-0334;2026-02-06;Standard;10;Bestandskunde;Maschinenbau;Bearbeitung;8;Stahl;pulverbeschichtet;28;28;15;0,024;4;24;24;1,0;4;0;0;64;8
PA2026-0335;2026-02-07;Änderung;13;Bestandskunde;Maschinenbau;Bearbeitung;8;Stahl;pulverbeschichtet;26;26;7;0,016;4;24;24;1,0;4;0;0;56;8
PA2026-0336;2026-02-11;Standard;8;Bestandskunde;Haushaltsgeräte;Bearbeitung;11;Stahl;pulverbeschichtet;28;28;15;0,033;4;33;33;1,0;4;0;0;88;11
PA2026-0337;2026-02-10;Standard;14;Bestandskunde;Haushaltsgeräte;Bearbeitung;12;Stahl;pulverbeschichtet;28;28;15;0,036;4;36;36;1,0;4;0;0;96;12
PA2026-0338;2026-02-10;Änderung;14;Bestandskunde;Medizintechnik;Bearbeitung;2;Stahl;pulverbeschichtet;26;26;7;0,004;4;6;6;1,0;4;0;0;14;2
PA2026-0339;2026-02-11;Standard;4;Bestandskunde;Sonstige;Bearbeitung;8;Stahl;pulverbeschichtet;26;26;7;0,016;4;24;24;1,0;4;0;0;56;8
PA2026-0340;2026-02-05;Standard;7;Bestandskunde;Medizintechnik;Bearbeitung;20;Stahl;pulverbeschichtet;26;26;7;0,04;4;60;60;1,0;4;0;0;140;20
PA2026-0341;2026-02-08;Änderung;5;Bestandskunde;Haushaltsgeräte;Bearbeitung;1;Stahl;pulverbeschichtet;28;28;15;0,003;4;3;3;1,0;4;0;0;8;1
PA2026-0342;2026-02-09;Standard;10;Bestandskunde;Logistiktechnik;Bearbeitung;14;Stahl;pulverbeschichtet;26;26;7;0,028;4;42;42;1,0;4;0;0;98;14
PA2026-0343;2026-02-05;Standard;15;Bestandskunde;Sonstige;Bearbeitung;17;Stahl;pulverbeschichtet;26;26;7;0,034;4;51;51;1,0;4;0;0;119;17
PA2026-0344;2026-02-07;Standard;12;Neukunde;Sonstige;Bearbeitung;15;Stahl;pulverbeschichtet;28;28;15;0,045;4;45;45;1,0;4;0;0;120;15
PA2026-0345;2026-02-07;Änderung;5;Neukunde;Logistiktechnik;Bearbeitung;2;Stahl;pulverbeschichtet;26;26;7;0,004;4;6;6;1,0;4;0;0;14;2
PA2026-0346;2026-02-08;Standard;13;Bestandskunde;Automobilindustrie;Bearbeitung;1;Stahl;pulverbeschichtet;26;26;7;0,002;4;3;3;1,0;4;0;0;7;1
PA2026-0347;2026-02-08;Standard;14;Bestandskunde;Automobilindustrie;Bearbeitung;4;Stahl;pulverbeschichtet;26;26;7;0,008;4;12;12;1,0;4;0;0;28;4
PA2026-0348;2026-02-06;Standard;14;Bestandskunde;Sonstige;Bearbeitung;9;Stahl;pulverbeschichtet;26;26;7;0,018;4;27;27;1,0;4;0;0;63;9
PA2026-0349;2026-02-11;Änderung;11;Bestandskunde;Logistiktechnik;Bearbeitung;5;Stahl;pulverbeschichtet;26;26;7;0,01;4;15;15;1,0;4;0;0;35;5
PA2026-0350;2026-02-07;Standard;7;Bestandskunde;Sonstige;Bearbeitung;13;Stahl;pulverbeschichtet;28;28;15;0,039;4;39;39;1,0;4;0;0;104;13
PA2026-0351;2026-02-11;Änderung;7;Bestandskunde;Automobilindustrie;Bearbeitung;3;Stahl;pulverbeschichtet;28;28;15;0,009;4;9;9;1,0;4;0;0;24;3
PA2026-0352;2026-02-05;Änderung;12;Bestandskunde;Maschinenbau;Bearbeitung;20;Stahl;pulverbeschichtet;28;28;15;0,06;4;60;60;1,0;4;0;0;160;20
PA2026-0353;2026-02-05;Standard;9;Bestandskunde;Automobilindustrie;Bearbeitung;8;Stahl;pulverbeschichtet;28;28;15;0,024;4;24;24;1,0;4;0;0;64;8
PA2026-0354;2026-02-08;Standard;14;Bestandskunde;Automobilindustrie;Bearbeitung;13;Stahl;pulverbeschichtet;28;28;15;0,039;4;39;39;1,0;4;0;0;104;13
PA2026-0355;2026-02-11;Standard;8;Bestandskunde;Automobilindustrie;Bearbeitung;5;Stahl;pulverbeschichtet;26;26;7;0,01;4;15;15;1,0;4;0;0;35;5
PA2026-0356;2026-02-11;Standard;7;Bestandskunde;Sonstige;Bearbeitung;4;Stahl;pulverbeschichtet;28;28;15;0,012;4;12;12;1,0;4;0;0;32;4
PA2026-0357;2026-02-07;Standard;14;Bestandskunde;Maschinenbau;Bearbeitung;5;Stahl;pulverbeschichtet;26;26;7;0,01;4;15;15;1,0;4;0;0;35;5
PA2026-0358;2026-02-08;Standard;15;Bestandskunde;Maschinenbau;Bearbeitung;4;Stahl;pulverbeschichtet;26;26;7;0,008;4;12;12;1,0;4;0;0;28;4
PA2026-0359;2026-02-07;Standard;5;Bestandskunde;Logistiktechnik;Bearbeitung;13;Stahl;pulverbeschichtet;26;26;7;0,026;4;39;39;1,0;4;0;0;91;13
PA2026-0360;2026-02-08;Standard;13;Bestandskunde;Automobilindustrie;Bearbeitung;18;Stahl;pulverbeschichtet;26;26;7;0,036;4;54;54;1,0;4;0;0;126;18
PA2026-0361;2026-02-17;Standard;13;Bestandskunde;Sonstige;Bearbeitung;9;Stahl;pulverbeschichtet;26;26;7;0,018;4;27;27;1,0;4;0;0;63;9
PA2026-0362;2026-02-12;Standard;6;Bestandskunde;Automobilindustrie;Bearbeitung;16;Stahl;pulverbeschichtet;28;28;15;0,048;4;48;48;1,0;4;0;0;128;16
PA2026-0363;2026-02-14;Standard;9;Bestandskunde;Maschinenbau;Bearbeitung;20;Stahl;pulverbeschichtet;26;26;7;0,04;4;60;60;1,0;4;0;0;140;20
PA2026-0364;2026-02-12;Standard;6;Bestandskunde;Medizintechnik;Bearbeitung;11;Stahl;pulverbeschichtet;26;26;7;0,022;4;33;33;1,0;4;0;0;77;11
PA2026-0365;2026-02-15;Standard;11;Bestandskunde;Logistiktechnik;Bearbeitung;20;Stahl;pulverbeschichtet;28;28;15;0,06;4;60;60;1,0;4;0;0;160;20
PA2026-0366;2026-02-14;Standard;8;Bestandskunde;Haushaltsgeräte;Bearbeitung;13;Stahl;pulverbeschichtet;26;26;7;0,026;4;39;39;1,0;4;0;0;91;13
PA2026-0367;2026-02-17;Standard;14;Bestandskunde;Automobilindustrie;Bearbeitung;11;Stahl;pulverbeschichtet;28;28;15;0,033;4;33;33;1,0;4;0;0;88;11
PA2026-0368;2026-02-18;Standard;12;Bestandskunde;Automobilindustrie;Bearbeitung;7;Stahl;pulverbeschichtet;28;28;15;0,021;4;21;21;1,0;4;0;0;56;7
PA2026-0369;2026-02-17;Standard;13;Bestandskunde;Logistiktechnik;Bearbeitung;10;Stahl;pulverbeschichtet;26;26;7;0,02;4;30;30;1,0;4;0;0;70;10
PA2026-0370;2026-02-17;Standard;14;Bestandskunde;Haushaltsgeräte;Bearbeitung;9;Stahl;pulverbeschichtet;26;26;7;0,018;4;27;27;1,0;4;0;0;63;9
PA2026-0371;2026-02-18;Änderung;12;Neukunde;Automobilindustrie;Bearbeitung;16;Stahl;pulverbeschichtet;26;26;7;0,032;4;48;48;1,0;4;0;0;112;16
PA2026-0372;2026-02-16;Standard;14;Bestandskunde;Sonstige;Bearbeitung;12;Stahl;pulverbeschichtet;28;28;15;0,036;4;36;36;1,0;4;0;0;96;12
PA2026-0373;2026-02-18;Änderung;8;Bestandskunde;Sonstige;Bearbeitung;20;Stahl;pulverbeschichtet;26;26;7;0,04;4;60;60;1,0;4;0;0;140;20
PA2026-0374;2026-02-18;Standard;11;Bestandskunde;Maschinenbau;Bearbeitung;1;Stahl;pulverbeschichtet;26;26;7;0,002;4;3;3;1,0;4;0;0;7;1
PA2026-0375;2026-02-13;Standard;15;Bestandskunde;Maschinenbau;Bearbeitung;19;Stahl;pulverbeschichtet;26;26;7;0,038;4;57;57;1,0;4;0;0;133;19
PA2026-0376;2026-02-14;Standard;12;Bestandskunde;Automobilindustrie;Bearbeitung;17;Stahl;pulverbeschichtet;26;26;7;0,034;4;51;51;1,0;4;0;0;119;17
PA2026-0377;2026-02-12;Standard;14;Bestandskunde;Maschinenbau;Bearbeitung;3;Stahl;pulverbeschichtet;26;26;7;0,006;4;9;9;1,0;4;0;0;21;3
PA2026-0378;2026-02-14;Standard;10;Bestandskunde;Logistiktechnik;Bearbeitung;17;Stahl;pulverbeschichtet;26;26;7;0,034;4;51;51;1,0;4;0;0;119;17
PA2026-0379;2026-02-15;Standard;6;Bestandskunde;Maschinenbau;Bearbeitung;11;Stahl;pulverbeschichtet;28;28;15;0,033;4;33;33;1,0;4;0;0;88;11
PA2026-0380;2026-02-12;Standard;6;Bestandskunde;Automobilindustrie;Bearbeitung;4;Stahl;pulverbeschichtet;26;26;7;0,008;4;12;12;1,0;4;0;0;28;4
PA2026-0381;2026-02-16;Standard;8;Bestandskunde;Maschinenbau;Bearbeitung;14;Stahl;pulverbeschichtet;26;26;7;0,028;4;42;42;1,0;4;0;0;98;14
PA2026-0382;2026-02-18;Standard;12;Bestandskunde;Sonstige;Bearbeitung;14;Stahl;pulverbeschichtet;28;28;15;0,042;4;42;42;1,0;4;0;0;112;14
PA2026-0383;2026-02-17;Änderung;8;Bestandskunde;Maschinenbau;Bearbeitung;1;Stahl;pulverbeschichtet;28;28;15;0,003;4;3;3;1,0;4;0;0;8;1
PA2026-0384;2026-02-14;Änderung;5;Bestandskunde;Sonstige;Bearbeitung;18;Stahl;pulverbeschichtet;26;26;7;0,036;4;54;54;1,0;4;0;0;126;18
PA2026-0385;2026-02-14;Änderung;8;Bestandskunde;Maschinenbau;Bearbeitung;16;Stahl;pulverbeschichtet;26;26;7;0,032;4;48;48;1,0;4;0;0;112;16
PA2026-0386;2026-02-15;Standard;13;Bestandskunde;Sonstige;Bearbeitung;15;Stahl;pulverbeschichtet;28;28;15;0,045;4;45;45;1,0;4;0;0;120;15
PA2026-0387;2026-02-16;Standard;5;Bestandskunde;Maschinenbau;Bearbeitung;8;Stahl;pulverbeschichtet;26;26;7;0,016;4;24;24;1,0;4;0;0;56;8
PA2026-0388;2026-02-13;Standard;10;Bestandskunde;Automobilindustrie;Bearbeitung;14;Stahl;pulverbeschichtet;28;28;15;0,042;4;42;42;1,0;4;0;0;112;14
PA2026-0389;2026-02-15;Änderung;8;Bestandskunde;Maschinenbau;Bearbeitung;6;Stahl;pulverbeschichtet;26;26;7;0,012;4;18;18;1,0;4;0;0;42;6
PA2026-0390;2026-02-14;Standard;6;Bestandskunde;Maschinenbau;Bearbeitung;20;Stahl;pulverbeschichtet;26;26;7;0,04;4;60;60;1,0;4;0;0;140;20
PA2026-0391;2026-02-12;Standard;14;Bestandskunde;Logistiktechnik;Bearbeitung;18;Stahl;pulverbeschichtet;26;26;7;0,036;4;54;54;1,0;4;0;0;126;18
PA2026-0392;2026-02-17;Änderung;14;Bestandskunde;Logistiktechnik;Bearbeitung;16;Stahl;pulverbeschichtet;28;28;15;0,048;4;48;48;1,0;4;0;0;128;16
PA2026-0393;2026-02-16;Änderung;4;Bestandskunde;Haushaltsgeräte;Bearbeitung;2;Stahl;pulverbeschichtet;26;26;7;0,004;4;6;6;1,0;4;0;0;14;2
PA2026-0394;2026-02-16;Standard;10;Bestandskunde;Automobilindustrie;Bearbeitung;16;Stahl;pulverbeschichtet;28;28;15;0,048;4;48;48;1,0;4;0;0;128;16
PA2026-0395;2026-02-14;Standard;11;Bestandskunde;Maschinenbau;Bearbeitung;15;Stahl;pulverbeschichtet;26;26;7;0,03;4;45;45;1,0;4;0;0;105;15
PA2026-0396;2026-02-12;Standard;8;Bestandskunde;Medizintechnik;Bearbeitung;15;Stahl;pulverbeschichtet;26;26;7;0,03;4;45;45;1,0;4;0;0;105;15
PA2026-0397;2026-02-18;Änderung;5;Bestandskunde;Logistiktechnik;Bearbeitung;8;Stahl;pulverbeschichtet;28;28;15;0,024;4;24;24;1,0;4;0;0;64;8
PA2026-0398;2026-02-18;Standard;12;Bestandskunde;Logistiktechnik;Bearbeitung;7;Stahl;pulverbeschichtet;26;26;7;0,014;4;21;21;1,0;4;0;0;49;7
PA2026-0399;2026-02-16;Änderung;12;Bestandskunde;Logistiktechnik;Bearbeitung;6;Stahl;pulverbeschichtet;26;26;7;0,012;4;18;18;1,0;4;0;0;42;6
PA2026-0400;2026-02-14;Änderung;10;Bestandskunde;Medizintechnik;Bearbeitung;17;Stahl;pulverbeschichtet;28;28;15;0,051;4;51;51;1,0;4;0;0;136;17
PA2026-0401;2026-02-18;Standard;12;Bestandskunde;Maschinenbau;Bearbeitung;5;Stahl;pulverbeschichtet;26;26;7;0,01;4;15;15;1,0;4;0;0;35;5
PA2026-0402;2026-02-13;Standard;10;Bestandskunde;Maschinenbau;Bearbeitung;13;Stahl;pulverbeschichtet;26;26;7;0,026;4;39;39;1,0;4;0;0;91;13
PA2026-0403;2026-02-16;Änderung;9;Bestandskunde;Logistiktechnik;Bearbeitung;3;Stahl;pulverbeschichtet;28;28;15;0,009;4;9;9;1,0;4;0;0;24;3
PA2026-0404;2026-02-16;Änderung;9;Bestandskunde;Maschinenbau;Bearbeitung;15;Stahl;pulverbeschichtet;26;26;7;0,03;4;45;45;1,0;4;0;0;105;15
PA2026-0405;2026-02-16;Standard;4;Bestandskunde;Logistiktechnik;Bearbeitung;3;Stahl;pulverbeschichtet;28;28;15;0,009;4;9;9;1,0;4;0;0;24;3
PA2026-0406;2026-02-17;Standard;12;Bestandskunde;Sonstige;Bearbeitung;13;Stahl;pulverbeschichtet;28;28;15;0,039;4;39;39;1,0;4;0;0;104;13
PA2026-0407;2026-02-18;Standard;7;Bestandskunde;Logistiktechnik;Bearbeitung;10;Stahl;pulverbeschichtet;26;26;7;0,02;4;30;30;1,0;4;0;0;70;10
PA2026-0408;2026-02-16;Änderung;7;Bestandskunde;Maschinenbau;Bearbeitung;11;Stahl;pulverbeschichtet;28;28;15;0,033;4;33;33;1,0;4;0;0;88;11
PA2026-0409;2026-02-12;Standard;13;Neukunde;Medizintechnik;Bearbeitung;6;Stahl;pulverbeschichtet;26;26;7;0,012;4;18;18;1,0;4;0;0;42;6
PA2026-0410;2026-02-12;Standard;12;Bestandskunde;Maschinenbau;Bearbeitung;5;Stahl;pulverbeschichtet;28;28;15;0,015;4;15;15;1,0;4;0;0;40;5
PA2026-0411;2026-02-18;Standard;9;Bestandskunde;Automobilindustrie;Bearbeitung;3;Stahl;pulverbeschichtet;28;28;15;0,009;4;9;9;1,0;4;0;0;24;3
PA2026-0412;2026-02-17;Standard;8;Bestandskunde;Logistiktechnik;Bearbeitung;8;Stahl;pulverbeschichtet;28;28;15;0,024;4;24;24;1,0;4;0;0;64;8
PA2026-0413;2026-02-12;Standard;6;Bestandskunde;Medizintechnik;Bearbeitung;5;Stahl;pulverbeschichtet;28;28;15;0,015;4;15;15;1,0;4;0;0;40;5
PA2026-0414;2026-02-12;Standard;3;Bestandskunde;Logistiktechnik;Bearbeitung;14;Stahl;pulverbeschichtet;26;26;7;0,028;4;42;42;1,0;4;0;0;98;14
PA2026-0415;2026-02-12;Standard;8;Bestandskunde;Logistiktechnik;Bearbeitung;4;Stahl;pulverbeschichtet;26;26;7;0,008;4;12;12;1,0;4;0;0;28;4
PA2026-0416;2026-02-14;Standard;10;Bestandskunde;Maschinenbau;Bearbeitung;5;Stahl;pulverbeschichtet;26;26;7;0,01;4;15;15;1,0;4;0;0;35;5
PA2026-0417;2026-02-16;Standard;4;Bestandskunde;Logistiktechnik;Bearbeitung;12;Stahl;pulverbeschichtet;26;26;7;0,024;4;36;36;1,0;4;0;0;84;12
PA2026-0418;2026-02-15;Änderung;15;Bestandskunde;Haushaltsgeräte;Bearbeitung;4;Stahl;pulverbeschichtet;26;26;7;0,008;4;12;12;1,0;4;0;0;28;4
PA2026-0419;2026-02-16;Änderung;13;Bestandskunde;Sonstige;Bearbeitung;5;Stahl;pulverbeschichtet;26;26;7;0,01;4;15;15;1,0;4;0;0;35;5
PA2026-0420;2026-02-17;Standard;5;Bestandskunde;Maschinenbau;Bearbeitung;20;Stahl;pulverbeschichtet;26;26;7;0,04;4;60;60;1,0;4;0;0;140;20
PA2026-0421;2026-02-19;Standard;10;Bestandskunde;Medizintechnik;Bearbeitung;7;Stahl;pulverbeschichtet;28;28;15;0,021;4;21;21;1,0;4;0;0;56;7
PA2026-0422;2026-02-24;Standard;4;Bestandskunde;Automobilindustrie;Bearbeitung;8;Stahl;pulverbeschichtet;28;28;15;0,024;4;24;24;1,0;4;0;0;64;8
PA2026-0423;2026-02-19;Änderung;8;Bestandskunde;Automobilindustrie;Bearbeitung;17;Stahl;pulverbeschichtet;28;28;15;0,051;4;51;51;1,0;4;0;0;136;17
PA2026-0424;2026-02-21;Standard;6;Bestandskunde;Sonstige;Bearbeitung;14;Stahl;pulverbeschichtet;26;26;7;0,028;4;42;42;1,0;4;0;0;98;14
PA2026-0425;2026-02-24;Standard;8;Bestandskunde;Haushaltsgeräte;Bearbeitung;3;Stahl;pulverbeschichtet;28;28;15;0,009;4;9;9;1,0;4;0;0;24;3
PA2026-0426;2026-02-19;Standard;9;Neukunde;Maschinenbau;Bearbeitung;13;Stahl;pulverbeschichtet;26;26;7;0,026;4;39;39;1,0;4;0;0;91;13
PA2026-0427;2026-02-24;Standard;15;Bestandskunde;Medizintechnik;Bearbeitung;13;Stahl;pulverbeschichtet;28;28;15;0,039;4;39;39;1,0;4;0;0;104;13
PA2026-0428;2026-02-21;Änderung;5;Bestandskunde;Sonstige;Bearbeitung;7;Stahl;pulverbeschichtet;26;26;7;0,014;4;21;21;1,0;4;0;0;49;7
PA2026-0429;2026-02-22;Standard;5;Bestandskunde;Haushaltsgeräte;Bearbeitung;8;Stahl;pulverbeschichtet;26;26;7;0,016;4;24;24;1,0;4;0;0;56;8
PA2026-0430;2026-02-19;Standard;12;Bestandskunde;Logistiktechnik;Bearbeitung;2;Stahl;pulverbeschichtet;26;26;7;0,004;4;6;6;1,0;4;0;0;14;2
PA2026-0431;2026-02-24;Standard;8;Bestandskunde;Logistiktechnik;Bearbeitung;1;Stahl;pulverbeschichtet;28;28;15;0,003;4;3;3;1,0;4;0;0;8;1
PA2026-0432;2026-02-21;Änderung;15;Neukunde;Automobilindustrie;Bearbeitung;9;Stahl;pulverbeschichtet;26;26;7;0,018;4;27;27;1,0;4;0;0;63;9
PA2026-0433;2026-02-20;Änderung;9;Bestandskunde;Haushaltsgeräte;Bearbeitung;1;Stahl;pulverbeschichtet;26;26;7;0,002;4;3;3;1,0;4;0;0;7;1
PA2026-0434;2026-02-21;Änderung;15;Bestandskunde;Automobilindustrie;Bearbeitung;19;Stahl;pulverbeschichtet;28;28;15;0,057;4;57;57;1,0;4;0;0;152;19
PA2026-0435;2026-02-22;Änderung;15;Bestandskunde;Automobilindustrie;Bearbeitung;19;Stahl;pulverbeschichtet;26;26;7;0,038;4;57;57;1,0;4;0;0;133;19
PA2026-0436;2026-02-20;Standard;9;Bestandskunde;Automobilindustrie;Bearbeitung;4;Stahl;pulverbeschichtet;26;26;7;0,008;4;12;12;1,0;4;0;0;28;4
PA2026-0437;2026-02-19;Standard;3;Bestandskunde;Haushaltsgeräte;Bearbeitung;13;Stahl;pulverbeschichtet;26;26;7;0,026;4;39;39;1,0;4;0;0;91;13
PA2026-0438;2026-02-25;Standard;4;Neukunde;Maschinenbau;Bearbeitung;14;Stahl;pulverbeschichtet;26;26;7;0,028;4;42;42;1,0;4;0;0;98;14
PA2026-0439;2026-02-20;Änderung;12;Bestandskunde;Haushaltsgeräte;Bearbeitung;3;Stahl;pulverbeschichtet;26;26;7;0,006;4;9;9;1,0;4;0;0;21;3
PA2026-0440;2026-02-23;Standard;4;Bestandskunde;Automobilindustrie;Bearbeitung;2;Stahl;pulverbeschichtet;28;28;15;0,006;4;6;6;1,0;4;0;0;16;2
PA2026-0441;2026-02-22;Standard;10;Bestandskunde;Sonstige;Bearbeitung;3;Stahl;pulverbeschichtet;28;28;15;0,009;4;9;9;1,0;4;0;0;24;3
PA2026-0442;2026-02-21;Standard;8;Bestandskunde;Maschinenbau;Bearbeitung;20;Stahl;pulverbeschichtet;28;28;15;0,06;4;60;60;1,0;4;0;0;160;20
PA2026-0443;2026-02-21;Standard;15;Neukunde;Maschinenbau;Bearbeitung;18;Stahl;pulverbeschichtet;26;26;7;0,036;4;54;54;1,0;4;0;0;126;18
PA2026-0444;2026-02-19;Standard;12;Bestandskunde;Maschinenbau;Bearbeitung;1;Stahl;pulverbeschichtet;26;26;7;0,002;4;3;3;1,0;4;0;0;7;1
PA2026-0445;2026-02-25;Änderung;12;Bestandskunde;Automobilindustrie;Bearbeitung;4;Stahl;pulverbeschichtet;28;28;15;0,012;4;12;12;1,0;4;0;0;32;4
PA2026-0446;2026-02-22;Änderung;15;Neukunde;Logistiktechnik;Bearbeitung;5;Stahl;pulverbeschichtet;26;26;7;0,01;4;15;15;1,0;4;0;0;35;5
PA2026-0447;2026-02-19;Standard;8;Bestandskunde;Automobilindustrie;Bearbeitung;12;Stahl;pulverbeschichtet;28;28;15;0,036;4;36;36;1,0;4;0;0;96;12
PA2026-0448;2026-02-19;Standard;6;Bestandskunde;Maschinenbau;Bearbeitung;13;Stahl;pulverbeschichtet;28;28;15;0,039;4;39;39;1,0;4;0;0;104;13
PA2026-0449;2026-02-22;Änderung;7;Bestandskunde;Medizintechnik;Bearbeitung;11;Stahl;pulverbeschichtet;26;26;7;0,022;4;33;33;1,0;4;0;0;77;11
PA2026-0450;2026-02-25;Änderung;11;Bestandskunde;Maschinenbau;Bearbeitung;3;Stahl;pulverbeschichtet;28;28;15;0,009;4;9;9;1,0;4;0;0;24;3
PA2026-0451;2026-02-25;Standard;6;Bestandskunde;Logistiktechnik;Bearbeitung;15;Stahl;pulverbeschichtet;26;26;7;0,03;4;45;45;1,0;4;0;0;105;15
PA2026-0452;2026-02-19;Standard;11;Bestandskunde;Automobilindustrie;Bearbeitung;10;Stahl;pulverbeschichtet;28;28;15;0,03;4;30;30;1,0;4;0;0;80;10
PA2026-0453;2026-02-25;Änderung;6;Bestandskunde;Logistiktechnik;Bearbeitung;10;Stahl;pulverbeschichtet;28;28;15;0,03;4;30;30;1,0;4;0;0;80;10
PA2026-0454;2026-02-25;Standard;11;Bestandskunde;Automobilindustrie;Bearbeitung;12;Stahl;pulverbeschichtet;26;26;7;0,024;4;36;36;1,0;4;0;0;84;12
PA2026-0455;2026-02-19;Änderung;10;Bestandskunde;Maschinenbau;Bearbeitung;1;Stahl;pulverbeschichtet;28;28;15;0,003;4;3;3;1,0;4;0;0;8;1
PA2026-0456;2026-02-23;Änderung;9;Bestandskunde;Maschinenbau;Bearbeitung;5;Stahl;pulverbeschichtet;28;28;15;0,015;4;15;15;1,0;4;0;0;40;5
PA2026-0457;2026-02-19;Standard;8;Bestandskunde;Automobilindustrie;Bearbeitung;12;Stahl;pulverbeschichtet;26;26;7;0,024;4;36;36;1,0;4;0;0;84;12
PA2026-0458;2026-02-25;Standard;5;Bestandskunde;Sonstige;Bearbeitung;15;Stahl;pulverbeschichtet;26;26;7;0,03;4;45;45;1,0;4;0;0;105;15
PA2026-0459;2026-02-25;Standard;11;Bestandskunde;Sonstige;Bearbeitung;2;Stahl;pulverbeschichtet;26;26;7;0,004;4;6;6;1,0;4;0;0;14;2
PA2026-0460;2026-02-25;Standard;12;Bestandskunde;Automobilindustrie;Bearbeitung;14;Stahl;pulverbeschichtet;26;26;7;0,028;4;42;42;1,0;4;0;0;98;14
PA2026-0461;2026-02-20;Standard;6;Bestandskunde;Logistiktechnik;Bearbeitung;5;Stahl;pulverbeschichtet;26;26;7;0,01;4;15;15;1,0;4;0;0;35;5
PA2026-0462;2026-02-24;Standard;10;Bestandskunde;Logistiktechnik;Bearbeitung;16;Stahl;pulverbeschichtet;26;26;7;0,032;4;48;48;1,0;4;0;0;112;16
PA2026-0463;2026-02-21;Änderung;12;Bestandskunde;Automobilindustrie;Bearbeitung;17;Stahl;pulverbeschichtet;26;26;7;0,034;4;51;51;1,0;4;0;0;119;17
PA2026-0464;2026-02-22;Standard;12;Bestandskunde;Maschinenbau;Bearbeitung;12;Stahl;pulverbeschichtet;26;26;7;0,024;4;36;36;1,0;4;0;0;84;12
PA2026-0465;2026-02-21;Standard;7;Bestandskunde;Maschinenbau;Bearbeitung;1;Stahl;pulverbeschichtet;28;28;15;0,003;4;3;3;1,0;4;0;0;8;1
PA2026-0466;2026-02-25;Standard;14;Bestandskunde;Sonstige;Bearbeitung;8;Stahl;pulverbeschichtet;28;28;15;0,024;4;24;24;1,0;4;0;0;64;8
PA2026-0467;2026-02-20;Standard;8;Bestandskunde;Maschinenbau;Bearbeitung;2;Stahl;pulverbeschichtet;26;26;7;0,004;4;6;6;1,0;4;0;0;14;2
PA2026-0468;2026-02-21;Standard;7;Bestandskunde;Maschinenbau;Bearbeitung;12;Stahl;pulverbeschichtet;26;26;7;0,024;4;36;36;1,0;4;0;0;84;12
PA2026-0469;2026-02-23;Standard;7;Bestandskunde;Automobilindustrie;Bearbeitung;16;Stahl;pulverbeschichtet;26;26;7;0,032;4;48;48;1,0;4;0;0;112;16
PA2026-0470;2026-02-22;Standard;5;Bestandskunde;Logistiktechnik;Bearbeitung;8;Stahl;pulverbeschichtet;28;28;15;0,024;4;24;24;1,0;4;0;0;64;8
PA2026-0471;2026-02-19;Änderung;11;Bestandskunde;Medizintechnik;Bearbeitung;5;Stahl;pulverbeschichtet;26;26;7;0,01;4;15;15;1,0;4;0;0;35;5
PA2026-0472;2026-02-20;Standard;10;Bestandskunde;Sonstige;Bearbeitung;5;Stahl;pulverbeschichtet;28;28;15;0,015;4;15;15;1,0;4;0;0;40;5
PA2026-0473;2026-02-19;Standard;11;Bestandskunde;Automobilindustrie;Bearbeitung;19;Stahl;pulverbeschichtet;26;26;7;0,038;4;57;57;1,0;4;0;0;133;19
PA2026-0474;2026-02-21;Standard;10;Bestandskunde;Maschinenbau;Bearbeitung;14;Stahl;pulverbeschichtet;26;26;7;0,028;4;42;42;1,0;4;0;0;98;14
PA2026-0475;2026-02-21;Standard;7;Bestandskunde;Maschinenbau;Bearbeitung;20;Stahl;pulverbeschichtet;28;28;15;0,06;4;60;60;1,0;4;0;0;160;20
PA2026-0476;2026-02-24;Standard;8;Bestandskunde;Maschinenbau;Bearbeitung;10;Stahl;pulverbeschichtet;28;28;15;0,03;4;30;30;1,0;4;0;0;80;10
PA2026-0477;2026-02-24;Standard;3;Bestandskunde;Sonstige;Bearbeitung;13;Stahl;pulverbeschichtet;26;26;7;0,026;4;39;39;1,0;4;0;0;91;13
PA2026-0478;2026-02-23;Standard;11;Bestandskunde;Medizintechnik;Bearbeitung;8;Stahl;pulverbeschichtet;26;26;7;0,016;4;24;24;1,0;4;0;0;56;8
PA2026-0479;2026-02-20;Standard;10;Bestandskunde;Sonstige;Bearbeitung;11;Stahl;pulverbeschichtet;26;26;7;0,022;4;33;33;1,0;4;0;0;77;11
PA2026-0480;2026-02-25;Standard;11;Bestandskunde;Logistiktechnik;Bearbeitung;8;Stahl;pulverbeschichtet;26;26;7;0,016;4;24;24;1,0;4;0;0;56;8
PA2026-0481;2026-02-28;Änderung;5;Bestandskunde;Maschinenbau;Bearbeitung;15;Stahl;pulverbeschichtet;26;26;7;0,03;4;45;45;1,0;4;0;0;105;15
PA2026-0482;2026-03-01;Änderung;15;Bestandskunde;Haushaltsgeräte;Bearbeitung;13;Stahl;pulverbeschichtet;28;28;15;0,039;4;39;39;1,0;4;0;0;104;13
PA2026-0483;2026-03-04;Änderung;8;Bestandskunde;Automobilindustrie;Bearbeitung;2;Stahl;pulverbeschichtet;26;26;7;0,004;4;6;6;1,0;4;0;0;14;2
PA2026-0484;2026-02-28;Änderung;10;Bestandskunde;Haushaltsgeräte;Bearbeitung;6;Stahl;pulverbeschichtet;28;28;15;0,018;4;18;18;1,0;4;0;0;48;6
PA2026-0485;2026-03-03;Standard;5;Bestandskunde;Automobilindustrie;Bearbeitung;3;Stahl;pulverbeschichtet;28;28;15;0,009;4;9;9;1,0;4;0;0;24;3
PA2026-0486;2026-03-02;Standard;14;Bestandskunde;Automobilindustrie;Bearbeitung;6;Stahl;pulverbeschichtet;28;28;15;0,018;4;18;18;1,0;4;0;0;48;6
PA2026-0487;2026-02-26;Änderung;6;Bestandskunde;Maschinenbau;Bearbeitung;14;Stahl;pulverbeschichtet;28;28;15;0,042;4;42;42;1,0;4;0;0;112;14
PA2026-0488;2026-02-28;Standard;10;Bestandskunde;Medizintechnik;Bearbeitung;19;Stahl;pulverbeschichtet;28;28;15;0,057;4;57;57;1,0;4;0;0;152;19
PA2026-0489;2026-02-26;Änderung;11;Bestandskunde;Automobilindustrie;Bearbeitung;20;Stahl;pulverbeschichtet;28;28;15;0,06;4;60;60;1,0;4;0;0;160;20
PA2026-0490;2026-02-26;Änderung;3;Bestandskunde;Haushaltsgeräte;Bearbeitung;3;Stahl;pulverbeschichtet;28;28;15;0,009;4;9;9;1,0;4;0;0;24;3
PA2026-0491;2026-02-28;Änderung;12;Bestandskunde;Maschinenbau;Bearbeitung;9;Stahl;pulverbeschichtet;28;28;15;0,027;4;27;27;1,0;4;0;0;72;9
PA2026-0492;2026-02-27;Standard;10;Bestandskunde;Sonstige;Bearbeitung;15;Stahl;pulverbeschichtet;26;26;7;0,03;4;45;45;1,0;4;0;0;105;15
PA2026-0493;2026-03-01;Änderung;15;Bestandskunde;Maschinenbau;Bearbeitung;19;Stahl;pulverbeschichtet;26;26;7;0,038;4;57;57;1,0;4;0;0;133;19
PA2026-0494;2026-03-04;Standard;6;Bestandskunde;Sonstige;Bearbeitung;18;Stahl;pulverbeschichtet;26;26;7;0,036;4;54;54;1,0;4;0;0;126;18
PA2026-0495;2026-02-27;Änderung;4;Bestandskunde;Medizintechnik;Bearbeitung;14;Stahl;pulverbeschichtet;28;28;15;0,042;4;42;42;1,0;4;0;0;112;14
PA2026-0496;2026-02-27;Änderung;14;Bestandskunde;Maschinenbau;Bearbeitung;2;Stahl;pulverbeschichtet;28;28;15;0,006;4;6;6;1,0;4;0;0;16;2
PA2026-0497;2026-03-04;Änderung;13;Bestandskunde;Sonstige;Bearbeitung;7;Stahl;pulverbeschichtet;26;26;7;0,014;4;21;21;1,0;4;0;0;49;7
PA2026-0498;2026-02-26;Standard;12;Bestandskunde;Maschinenbau;Bearbeitung;7;Stahl;pulverbeschichtet;26;26;7;0,014;4;21;21;1,0;4;0;0;49;7
PA2026-0499;2026-02-28;Änderung;5;Bestandskunde;Sonstige;Bearbeitung;18;Stahl;pulverbeschichtet;26;26;7;0,036;4;54;54;1,0;4;0;0;126;18
PA2026-0500;2026-03-02;Änderung;14;Bestandskunde;Automobilindustrie;Bearbeitung;20;Stahl;pulverbeschichtet;28;28;15;0,06;4;60;60;1,0;4;0;0;160;20
PA2026-0501;2026-03-01;Standard;7;Bestandskunde;Automobilindustrie;Bearbeitung;4;Stahl;pulverbeschichtet;28;28;15;0,012;4;12;12;1,0;4;0;0;32;4
PA2026-0502;2026-03-04;Änderung;10;Neukunde;Medizintechnik;Bearbeitung;14;Stahl;pulverbeschichtet;26;26;7;0,028;4;42;42;1,0;4;0;0;98;14
PA2026-0503;2026-03-03;Standard;14;Bestandskunde;Automobilindustrie;Bearbeitung;6;Stahl;pulverbeschichtet;28;28;15;0,018;4;18;18;1,0;4;0;0;48;6
PA2026-0504;2026-02-27;Standard;11;Bestandskunde;Sonstige;Bearbeitung;11;Stahl;pulverbeschichtet;28;28;15;0,033;4;33;33;1,0;4;0;0;88;11
PA2026-0505;2026-03-03;Änderung;14;Bestandskunde;Medizintechnik;Bearbeitung;1;Stahl;pulverbeschichtet;26;26;7;0,002;4;3;3;1,0;4;0;0;7;1
PA2026-0506;2026-02-28;Standard;10;Bestandskunde;Maschinenbau;Bearbeitung;4;Stahl;pulverbeschichtet;28;28;15;0,012;4;12;12;1,0;4;0;0;32;4
PA2026-0507;2026-02-28;Standard;14;Bestandskunde;Logistiktechnik;Bearbeitung;14;Stahl;pulverbeschichtet;26;26;7;0,028;4;42;42;1,0;4;0;0;98;14
PA2026-0508;2026-03-01;Änderung;9;Bestandskunde;Maschinenbau;Bearbeitung;16;Stahl;pulverbeschichtet;26;26;7;0,032;4;48;48;1,0;4;0;0;112;16
PA2026-0509;2026-03-02;Standard;8;Bestandskunde;Maschinenbau;Bearbeitung;13;Stahl;pulverbeschichtet;28;28;15;0,039;4;39;39;1,0;4;0;0;104;13
PA2026-0510;2026-02-27;Standard;7;Bestandskunde;Maschinenbau;Bearbeitung;2;Stahl;pulverbeschichtet;26;26;7;0,004;4;6;6;1,0;4;0;0;14;2
PA2026-0511;2026-03-01;Änderung;5;Bestandskunde;Sonstige;Bearbeitung;9;Stahl;pulverbeschichtet;26;26;7;0,018;4;27;27;1,0;4;0;0;63;9
PA2026-0512;2026-03-02;Standard;13;Bestandskunde;Automobilindustrie;Bearbeitung;1;Stahl;pulverbeschichtet;28;28;15;0,003;4;3;3;1,0;4;0;0;8;1
PA2026-0513;2026-03-01;Standard;15;Bestandskunde;Logistiktechnik;Bearbeitung;19;Stahl;pulverbeschichtet;26;26;7;0,038;4;57;57;1,0;4;0;0;133;19
PA2026-0514;2026-02-27;Standard;9;Bestandskunde;Automobilindustrie;Bearbeitung;10;Stahl;pulverbeschichtet;28;28;15;0,03;4;30;30;1,0;4;0;0;80;10
PA2026-0515;2026-02-26;Änderung;6;Bestandskunde;Medizintechnik;Bearbeitung;7;Stahl;pulverbeschichtet;26;26;7;0,014;4;21;21;1,0;4;0;0;49;7
PA2026-0516;2026-03-03;Standard;8;Bestandskunde;Logistiktechnik;Bearbeitung;1;Stahl;pulverbeschichtet;26;26;7;0,002;4;3;3;1,0;4;0;0;7;1
PA2026-0517;2026-02-27;Änderung;6;Bestandskunde;Sonstige;Bearbeitung;9;Stahl;pulverbeschichtet;26;26;7;0,018;4;27;27;1,0;4;0;0;63;9
PA2026-0518;2026-03-03;Änderung;9;Bestandskunde;Logistiktechnik;Bearbeitung;12;Stahl;pulverbeschichtet;28;28;15;0,036;4;36;36;1,0;4;0;0;96;12
PA2026-0519;2026-02-27;Standard;13;Bestandskunde;Medizintechnik;Bearbeitung;20;Stahl;pulverbeschichtet;28;28;15;0,06;4;60;60;1,0;4;0;0;160;20
PA2026-0520;2026-02-26;Standard;3;Bestandskunde;Automobilindustrie;Bearbeitung;12;Stahl;pulverbeschichtet;28;28;15;0,036;4;36;36;1,0;4;0;0;96;12
PA2026-0521;2026-03-03;Standard;6;Bestandskunde;Sonstige;Bearbeitung;9;Stahl;pulverbeschichtet;28;28;15;0,027;4;27;27;1,0;4;0;0;72;9
PA2026-0522;2026-02-28;Standard;10;Bestandskunde;Sonstige;Bearbeitung;8;Stahl;pulverbeschichtet;28;28;15;0,024;4;24;24;1,0;4;0;0;64;8
PA2026-0523;2026-03-03;Änderung;11;Neukunde;Haushaltsgeräte;Bearbeitung;16;Stahl;pulverbeschichtet;26;26;7;0,032;4;48;48;1,0;4;0;0;112;16
PA2026-0524;2026-03-01;Standard;13;Bestandskunde;Maschinenbau;Bearbeitung;19;Stahl;pulverbeschichtet;28;28;15;0,057;4;57;57;1,0;4;0;0;152;19
PA2026-0525;2026-03-03;Standard;8;Bestandskunde;Maschinenbau;Bearbeitung;16;Stahl;pulverbeschichtet;26;26;7;0,032;4;48;48;1,0;4;0;0;112;16
PA2026-0526;2026-02-28;Standard;7;Bestandskunde;Logistiktechnik;Bearbeitung;6;Stahl;pulverbeschichtet;28;28;15;0,018;4;18;18;1,0;4;0;0;48;6
PA2026-0527;2026-03-01;Standard;7;Bestandskunde;Automobilindustrie;Bearbeitung;18;Stahl;pulverbeschichtet;28;28;15;0,054;4;54;54;1,0;4;0;0;144;18
PA2026-0528;2026-03-03;Standard;5;Bestandskunde;Maschinenbau;Bearbeitung;10;Stahl;pulverbeschichtet;26;26;7;0,02;4;30;30;1,0;4;0;0;70;10
PA2026-0529;2026-02-28;Standard;10;Bestandskunde;Logistiktechnik;Bearbeitung;4;Stahl;pulverbeschichtet;28;28;15;0,012;4;12;12;1,0;4;0;0;32;4
PA2026-0530;2026-03-04;Standard;5;Bestandskunde;Logistiktechnik;Bearbeitung;4;Stahl;pulverbeschichtet;28;28;15;0,012;4;12;12;1,0;4;0;0;32;4
PA2026-0531;2026-02-28;Standard;13;Neukunde;Sonstige;Bearbeitung;5;Stahl;pulverbeschichtet;28;28;15;0,015;4;15;15;1,0;4;0;0;40;5
PA2026-0532;2026-03-01;Standard;15;Bestandskunde;Maschinenbau;Bearbeitung;6;Stahl;pulverbeschichtet;26;26;7;0,012;4;18;18;1,0;4;0;0;42;6
PA2026-0533;2026-02-28;Standard;7;Bestandskunde;Maschinenbau;Bearbeitung;15;Stahl;pulverbeschichtet;26;26;7;0,03;4;45;45;1,0;4;0;0;105;15
PA2026-0534;2026-03-04;Standard;7;Bestandskunde;Automobilindustrie;Bearbeitung;3;Stahl;pulverbeschichtet;28;28;15;0,009;4;9;9;1,0;4;0;0;24;3
PA2026-0535;2026-03-03;Standard;13;Bestandskunde;Maschinenbau;Bearbeitung;13;Stahl;pulverbeschichtet;26;26;7;0,026;4;39;39;1,0;4;0;0;91;13
PA2026-0536;2026-03-02;Änderung;9;Bestandskunde;Medizintechnik;Bearbeitung;11;Stahl;pulverbeschichtet;26;26;7;0,022;4;33;33;1,0;4;0;0;77;11
PA2026-0537;2026-03-03;Änderung;3;Bestandskunde;Haushaltsgeräte;Bearbeitung;12;Stahl;pulverbeschichtet;26;26;7;0,024;4;36;36;1,0;4;0;0;84;12
PA2026-0538;2026-02-26;Änderung;11;Bestandskunde;Sonstige;Bearbeitung;3;Stahl;pulverbeschichtet;28;28;15;0,009;4;9;9;1,0;4;0;0;24;3
PA2026-0539;2026-02-28;Standard;14;Bestandskunde;Medizintechnik;Bearbeitung;11;Stahl;pulverbeschichtet;26;26;7;0,022;4;33;33;1,0;4;0;0;77;11
PA2026-0540;2026-02-27;Standard;10;Bestandskunde;Medizintechnik;Bearbeitung;7;Stahl;pulverbeschichtet;28;28;15;0,021;4;21;21;1,0;4;0;0;56;7
PA2026-0541;2026-03-05;Änderung;8;Bestandskunde;Automobilindustrie;Bearbeitung;7;Stahl;pulverbeschichtet;26;26;7;0,014;4;21;21;1,0;4;0;0;49;7
PA2026-0542;2026-03-05;Änderung;11;Bestandskunde;Logistiktechnik;Bearbeitung;13;Stahl;pulverbeschichtet;26;26;7;0,026;4;39;39;1,0;4;0;0;91;13
PA2026-0543;2026-03-09;Standard;4;Bestandskunde;Automobilindustrie;Bearbeitung;4;Stahl;pulverbeschichtet;28;28;15;0,012;4;12;12;1,0;4;0;0;32;4
PA2026-0544;2026-03-10;Änderung;6;Bestandskunde;Logistiktechnik;Bearbeitung;18;Stahl;pulverbeschichtet;26;26;7;0,036;4;54;54;1,0;4;0;0;126;18
PA2026-0545;2026-03-10;Standard;7;Neukunde;Maschinenbau;Bearbeitung;1;Stahl;pulverbeschichtet;28;28;15;0,003;4;3;3;1,0;4;0;0;8;1
PA2026-0546;2026-03-10;Standard;6;Bestandskunde;Sonstige;Bearbeitung;20;Stahl;pulverbeschichtet;28;28;15;0,06;4;60;60;1,0;4;0;0;160;20
PA2026-0547;2026-03-11;Standard;6;Bestandskunde;Sonstige;Bearbeitung;10;Stahl;pulverbeschichtet;26;26;7;0,02;4;30;30;1,0;4;0;0;70;10
PA2026-0548;2026-03-08;Standard;9;Bestandskunde;Maschinenbau;Bearbeitung;17;Stahl;pulverbeschichtet;26;26;7;0,034;4;51;51;1,0;4;0;0;119;17
PA2026-0549;2026-03-10;Änderung;13;Bestandskunde;Automobilindustrie;Bearbeitung;16;Stahl;pulverbeschichtet;26;26;7;0,032;4;48;48;1,0;4;0;0;112;16
PA2026-0550;2026-03-07;Änderung;9;Bestandskunde;Automobilindustrie;Bearbeitung;4;Stahl;pulverbeschichtet;26;26;7;0,008;4;12;12;1,0;4;0;0;28;4
PA2026-0551;2026-03-05;Standard;15;Bestandskunde;Haushaltsgeräte;Bearbeitung;9;Stahl;pulverbeschichtet;28;28;15;0,027;4;27;27;1,0;4;0;0;72;9
PA2026-0552;2026-03-07;Standard;10;Bestandskunde;Automobilindustrie;Bearbeitung;6;Stahl;pulverbeschichtet;26;26;7;0,012;4;18;18;1,0;4;0;0;42;6
PA2026-0553;2026-03-07;Standard;10;Bestandskunde;Logistiktechnik;Bearbeitung;2;Stahl;pulverbeschichtet;26;26;7;0,004;4;6;6;1,0;4;0;0;14;2
PA2026-0554;2026-03-10;Standard;8;Bestandskunde;Medizintechnik;Bearbeitung;20;Stahl;pulverbeschichtet;26;26;7;0,04;4;60;60;1,0;4;0;0;140;20
PA2026-0555;2026-03-05;Standard;11;Bestandskunde;Haushaltsgeräte;Bearbeitung;13;Stahl;pulverbeschichtet;28;28;15;0,039;4;39;39;1,0;4;0;0;104;13
PA2026-0556;2026-03-07;Standard;12;Bestandskunde;Sonstige;Bearbeitung;14;Stahl;pulverbeschichtet;28;28;15;0,042;4;42;42;1,0;4;0;0;112;14
PA2026-0557;2026-03-06;Standard;4;Bestandskunde;Automobilindustrie;Bearbeitung;4;Stahl;pulverbeschichtet;26;26;7;0,008;4;12;12;1,0;4;0;0;28;4
PA2026-0558;2026-03-08;Standard;15;Bestandskunde;Automobilindustrie;Bearbeitung;12;Stahl;pulverbeschichtet;28;28;15;0,036;4;36;36;1,0;4;0;0;96;12
PA2026-0559;2026-03-08;Standard;15;Bestandskunde;Medizintechnik;Bearbeitung;2;Stahl;pulverbeschichtet;26;26;7;0,004;4;6;6;1,0;4;0;0;14;2
PA2026-0560;2026-03-10;Standard;11;Bestandskunde;Sonstige;Bearbeitung;17;Stahl;pulverbeschichtet;26;26;7;0,034;4;51;51;1,0;4;0;0;119;17
PA2026-0561;2026-03-09;Standard;15;Bestandskunde;Medizintechnik;Bearbeitung;14;Stahl;pulverbeschichtet;26;26;7;0,028;4;42;42;1,0;4;0;0;98;14
PA2026-0562;2026-03-07;Standard;12;Bestandskunde;Sonstige;Bearbeitung;20;Stahl;pulverbeschichtet;26;26;7;0,04;4;60;60;1,0;4;0;0;140;20
PA2026-0563;2026-03-10;Standard;8;Bestandskunde;Automobilindustrie;Bearbeitung;16;Stahl;pulverbeschichtet;26;26;7;0,032;4;48;48;1,0;4;0;0;112;16
PA2026-0564;2026-03-11;Standard;14;Bestandskunde;Maschinenbau;Bearbeitung;9;Stahl;pulverbeschichtet;26;26;7;0,018;4;27;27;1,0;4;0;0;63;9
PA2026-0565;2026-03-09;Standard;13;Bestandskunde;Automobilindustrie;Bearbeitung;15;Stahl;pulverbeschichtet;26;26;7;0,03;4;45;45;1,0;4;0;0;105;15
PA2026-0566;2026-03-08;Standard;5;Bestandskunde;Logistiktechnik;Bearbeitung;4;Stahl;pulverbeschichtet;28;28;15;0,012;4;12;12;1,0;4;0;0;32;4
PA2026-0567;2026-03-10;Standard;3;Bestandskunde;Sonstige;Bearbeitung;18;Stahl;pulverbeschichtet;28;28;15;0,054;4;54;54;1,0;4;0;0;144;18
PA2026-0568;2026-03-11;Standard;10;Bestandskunde;Logistiktechnik;Bearbeitung;15;Stahl;pulverbeschichtet;26;26;7;0,03;4;45;45;1,0;4;0;0;105;15
PA2026-0569;2026-03-11;Standard;4;Bestandskunde;Sonstige;Bearbeitung;11;Stahl;pulverbeschichtet;28;28;15;0,033;4;33;33;1,0;4;0;0;88;11
PA2026-0570;2026-03-10;Standard;12;Bestandskunde;Medizintechnik;Bearbeitung;8;Stahl;pulverbeschichtet;28;28;15;0,024;4;24;24;1,0;4;0;0;64;8
PA2026-0571;2026-03-07;Standard;10;Bestandskunde;Automobilindustrie;Bearbeitung;4;Stahl;pulverbeschichtet;26;26;7;0,008;4;12;12;1,0;4;0;0;28;4
PA2026-0572;2026-03-08;Standard;7;Bestandskunde;Maschinenbau;Bearbeitung;14;Stahl;pulverbeschichtet;26;26;7;0,028;4;42;42;1,0;4;0;0;98;14
PA2026-0573;2026-03-09;Standard;9;Neukunde;Sonstige;Bearbeitung;13;Stahl;pulverbeschichtet;26;26;7;0,026;4;39;39;1,0;4;0;0;91;13
PA2026-0574;2026-03-11;Standard;7;Bestandskunde;Maschinenbau;Bearbeitung;14;Stahl;pulverbeschichtet;26;26;7;0,028;4;42;42;1,0;4;0;0;98;14
PA2026-0575;2026-03-11;Standard;13;Bestandskunde;Maschinenbau;Bearbeitung;17;Stahl;pulverbeschichtet;26;26;7;0,034;4;51;51;1,0;4;0;0;119;17
PA2026-0576;2026-03-05;Standard;15;Bestandskunde;Sonstige;Bearbeitung;14;Stahl;pulverbeschichtet;26;26;7;0,028;4;42;42;1,0;4;0;0;98;14
PA2026-0577;2026-03-11;Änderung;7;Bestandskunde;Sonstige;Bearbeitung;5;Stahl;pulverbeschichtet;28;28;15;0,015;4;15;15;1,0;4;0;0;40;5
PA2026-0578;2026-03-10;Änderung;11;Bestandskunde;Maschinenbau;Bearbeitung;20;Stahl;pulverbeschichtet;26;26;7;0,04;4;60;60;1,0;4;0;0;140;20
PA2026-0579;2026-03-08;Standard;11;Bestandskunde;Medizintechnik;Bearbeitung;5;Stahl;pulverbeschichtet;26;26;7;0,01;4;15;15;1,0;4;0;0;35;5
PA2026-0580;2026-03-09;Standard;15;Neukunde;Automobilindustrie;Bearbeitung;11;Stahl;pulverbeschichtet;26;26;7;0,022;4;33;33;1,0;4;0;0;77;11
PA2026-0581;2026-03-06;Änderung;10;Bestandskunde;Haushaltsgeräte;Bearbeitung;5;Stahl;pulverbeschichtet;26;26;7;0,01;4;15;15;1,0;4;0;0;35;5
PA2026-0582;2026-03-10;Standard;6;Bestandskunde;Sonstige;Bearbeitung;19;Stahl;pulverbeschichtet;26;26;7;0,038;4;57;57;1,0;4;0;0;133;19
PA2026-0583;2026-03-10;Standard;10;Bestandskunde;Logistiktechnik;Bearbeitung;1;Stahl;pulverbeschichtet;28;28;15;0,003;4;3;3;1,0;4;0;0;8;1
PA2026-0584;2026-03-08;Standard;7;Bestandskunde;Sonstige;Bearbeitung;9;Stahl;pulverbeschichtet;26;26;7;0,018;4;27;27;1,0;4;0;0;63;9
PA2026-0585;2026-03-10;Standard;9;Bestandskunde;Automobilindustrie;Bearbeitung;10;Stahl;pulverbeschichtet;26;26;7;0,02;4;30;30;1,0;4;0;0;70;10
PA2026-0586;2026-03-07;Änderung;14;Neukunde;Medizintechnik;Bearbeitung;18;Stahl;pulverbeschichtet;26;26;7;0,036;4;54;54;1,0;4;0;0;126;18
PA2026-0587;2026-03-06;Änderung;15;Bestandskunde;Sonstige;Bearbeitung;10;Stahl;pulverbeschichtet;26;26;7;0,02;4;30;30;1,0;4;0;0;70;10
PA2026-0588;2026-03-08;Änderung;14;Bestandskunde;Medizintechnik;Bearbeitung;11;Stahl;pulverbeschichtet;26;26;7;0,022;4;33;33;1,0;4;0;0;77;11
PA2026-0589;2026-03-10;Standard;9;Bestandskunde;Haushaltsgeräte;Bearbeitung;15;Stahl;pulverbeschichtet;26;26;7;0,03;4;45;45;1,0;4;0;0;105;15
PA2026-0590;2026-03-11;Standard;7;Neukunde;Automobilindustrie;Bearbeitung;10;Stahl;pulverbeschichtet;26;26;7;0,02;4;30;30;1,0;4;0;0;70;10
PA2026-0591;2026-03-10;Standard;5;Bestandskunde;Logistiktechnik;Bearbeitung;17;Stahl;pulverbeschichtet;28;28;15;0,051;4;51;51;1,0;4;0;0;136;17
PA2026-0592;2026-03-05;Änderung;12;Bestandskunde;Automobilindustrie;Bearbeitung;6;Stahl;pulverbeschichtet;26;26;7;0,012;4;18;18;1,0;4;0;0;42;6
PA2026-0593;2026-03-07;Änderung;14;Bestandskunde;Medizintechnik;Bearbeitung;5;Stahl;pulverbeschichtet;28;28;15;0,015;4;15;15;1,0;4;0;0;40;5
PA2026-0594;2026-03-05;Standard;10;Bestandskunde;Sonstige;Bearbeitung;12;Stahl;pulverbeschichtet;28;28;15;0,036;4;36;36;1,0;4;0;0;96;12
PA2026-0595;2026-03-09;Standard;9;Bestandskunde;Haushaltsgeräte;Bearbeitung;17;Stahl;pulverbeschichtet;26;26;7;0,034;4;51;51;1,0;4;0;0;119;17
PA2026-0596;2026-03-09;Änderung;13;Bestandskunde;Automobilindustrie;Bearbeitung;7;Stahl;pulverbeschichtet;26;26;7;0,014;4;21;21;1,0;4;0;0;49;7
PA2026-0597;2026-03-07;Änderung;10;Bestandskunde;Sonstige;Bearbeitung;17;Stahl;pulverbeschichtet;28;28;15;0,051;4;51;51;1,0;4;0;0;136;17
PA2026-0598;2026-03-11;Standard;3;Bestandskunde;Medizintechnik;Bearbeitung;8;Stahl;pulverbeschichtet;28;28;15;0,024;4;24;24;1,0;4;0;0;64;8
PA2026-0599;2026-03-10;Standard;11;Bestandskunde;Maschinenbau;Bearbeitung;4;Stahl;pulverbeschichtet;26;26;7;0,008;4;12;12;1,0;4;0;0;28;4
PA2026-0600;2026-03-09;Standard;10;Bestandskunde;Sonstige;Bearbeitung;12;Stahl;pulverbeschichtet;28;28;15;0,036;4;36;36;1,0;4;0;0;96;12
PA2026-0601;2026-03-12;Standard;10;Bestandskunde;Automobilindustrie;Bearbeitung;17;Stahl;pulverbeschichtet;28;28;15;0,051;4;51;51;1,0;4;0;0;136;17
PA2026-0602;2026-03-13;Änderung;3;Bestandskunde;Sonstige;Bearbeitung;7;Stahl;pulverbeschichtet;26;26;7;0,014;4;21;21;1,0;4;0;0;49;7
PA2026-0603;2026-03-13;Standard;12;Bestandskunde;Automobilindustrie;Bearbeitung;5;Stahl;pulverbeschichtet;28;28;15;0,015;4;15;15;1,0;4;0;0;40;5
PA2026-0604;2026-03-17;Änderung;11;Bestandskunde;Automobilindustrie;Bearbeitung;6;Stahl;pulverbeschichtet;26;26;7;0,012;4;18;18;1,0;4;0;0;42;6
PA2026-0605;2026-03-12;Standard;8;Bestandskunde;Maschinenbau;Bearbeitung;15;Stahl;pulverbeschichtet;28;28;15;0,045;4;45;45;1,0;4;0;0;120;15
PA2026-0606;2026-03-14;Standard;4;Bestandskunde;Logistiktechnik;Bearbeitung;1;Stahl;pulverbeschichtet;28;28;15;0,003;4;3;3;1,0;4;0;0;8;1
PA2026-0607;2026-03-17;Änderung;5;Bestandskunde;Sonstige;Bearbeitung;10;Stahl;pulverbeschichtet;26;26;7;0,02;4;30;30;1,0;4;0;0;70;10
PA2026-0608;2026-03-12;Standard;10;Bestandskunde;Maschinenbau;Bearbeitung;13;Stahl;pulverbeschichtet;28;28;15;0,039;4;39;39;1,0;4;0;0;104;13
PA2026-0609;2026-03-13;Änderung;8;Bestandskunde;Logistiktechnik;Bearbeitung;18;Stahl;pulverbeschichtet;26;26;7;0,036;4;54;54;1,0;4;0;0;126;18
PA2026-0610;2026-03-13;Standard;10;Bestandskunde;Logistiktechnik;Bearbeitung;12;Stahl;pulverbeschichtet;28;28;15;0,036;4;36;36;1,0;4;0;0;96;12
PA2026-0611;2026-03-12;Änderung;4;Bestandskunde;Logistiktechnik;Bearbeitung;18;Stahl;pulverbeschichtet;26;26;7;0,036;4;54;54;1,0;4;0;0;126;18
PA2026-0612;2026-03-13;Standard;10;Neukunde;Automobilindustrie;Bearbeitung;17;Stahl;pulverbeschichtet;26;26;7;0,034;4;51;51;1,0;4;0;0;119;17
PA2026-0613;2026-03-13;Änderung;8;Bestandskunde;Logistiktechnik;Bearbeitung;4;Stahl;pulverbeschichtet;26;26;7;0,008;4;12;12;1,0;4;0;0;28;4
PA2026-0614;2026-03-18;Standard;13;Bestandskunde;Haushaltsgeräte;Bearbeitung;3;Stahl;pulverbeschichtet;26;26;7;0,006;4;9;9;1,0;4;0;0;21;3
PA2026-0615;2026-03-13;Änderung;14;Bestandskunde;Medizintechnik;Bearbeitung;8;Stahl;pulverbeschichtet;28;28;15;0,024;4;24;24;1,0;4;0;0;64;8
PA2026-0616;2026-03-16;Änderung;5;Bestandskunde;Automobilindustrie;Bearbeitung;15;Stahl;pulverbeschichtet;26;26;7;0,03;4;45;45;1,0;4;0;0;105;15
PA2026-0617;2026-03-17;Standard;10;Bestandskunde;Maschinenbau;Bearbeitung;19;Stahl;pulverbeschichtet;28;28;15;0,057;4;57;57;1,0;4;0;0;152;19
PA2026-0618;2026-03-15;Standard;8;Bestandskunde;Sonstige;Bearbeitung;8;Stahl;pulverbeschichtet;28;28;15;0,024;4;24;24;1,0;4;0;0;64;8
PA2026-0619;2026-03-18;Änderung;12;Bestandskunde;Haushaltsgeräte;Bearbeitung;16;Stahl;pulverbeschichtet;28;28;15;0,048;4;48;48;1,0;4;0;0;128;16
PA2026-0620;2026-03-14;Änderung;10;Bestandskunde;Haushaltsgeräte;Bearbeitung;20;Stahl;pulverbeschichtet;28;28;15;0,06;4;60;60;1,0;4;0;0;160;20
PA2026-0621;2026-03-18;Änderung;7;Bestandskunde;Automobilindustrie;Bearbeitung;3;Stahl;pulverbeschichtet;26;26;7;0,006;4;9;9;1,0;4;0;0;21;3
PA2026-0622;2026-03-18;Änderung;15;Bestandskunde;Automobilindustrie;Bearbeitung;19;Stahl;pulverbeschichtet;26;26;7;0,038;4;57;57;1,0;4;0;0;133;19
PA2026-0623;2026-03-13;Änderung;4;Bestandskunde;Logistiktechnik;Bearbeitung;18;Stahl;pulverbeschichtet;28;28;15;0,054;4;54;54;1,0;4;0;0;144;18
PA2026-0624;2026-03-18;Standard;7;Bestandskunde;Automobilindustrie;Bearbeitung;19;Stahl;pulverbeschichtet;28;28;15;0,057;4;57;57;1,0;4;0;0;152;19
PA2026-0625;2026-03-15;Änderung;15;Bestandskunde;Logistiktechnik;Bearbeitung;17;Stahl;pulverbeschichtet;28;28;15;0,051;4;51;51;1,0;4;0;0;136;17
PA2026-0626;2026-03-18;Standard;7;Bestandskunde;Maschinenbau;Bearbeitung;6;Stahl;pulverbeschichtet;26;26;7;0,012;4;18;18;1,0;4;0;0;42;6
PA2026-0627;2026-03-17;Standard;14;Bestandskunde;Automobilindustrie;Bearbeitung;16;Stahl;pulverbeschichtet;26;26;7;0,032;4;48;48;1,0;4;0;0;112;16
PA2026-0628;2026-03-14;Standard;11;Bestandskunde;Medizintechnik;Bearbeitung;17;Stahl;pulverbeschichtet;26;26;7;0,034;4;51;51;1,0;4;0;0;119;17
PA2026-0629;2026-03-15;Änderung;15;Bestandskunde;Automobilindustrie;Bearbeitung;11;Stahl;pulverbeschichtet;28;28;15;0,033;4;33;33;1,0;4;0;0;88;11
PA2026-0630;2026-03-18;Änderung;9;Bestandskunde;Logistiktechnik;Bearbeitung;13;Stahl;pulverbeschichtet;26;26;7;0,026;4;39;39;1,0;4;0;0;91;13
PA2026-0631;2026-03-16;Standard;5;Bestandskunde;Logistiktechnik;Bearbeitung;8;Stahl;pulverbeschichtet;28;28;15;0,024;4;24;24;1,0;4;0;0;64;8
PA2026-0632;2026-03-18;Standard;12;Bestandskunde;Haushaltsgeräte;Bearbeitung;20;Stahl;pulverbeschichtet;28;28;15;0,06;4;60;60;1,0;4;0;0;160;20
PA2026-0633;2026-03-15;Standard;8;Bestandskunde;Haushaltsgeräte;Bearbeitung;9;Stahl;pulverbeschichtet;26;26;7;0,018;4;27;27;1,0;4;0;0;63;9
PA2026-0634;2026-03-13;Standard;6;Neukunde;Automobilindustrie;Bearbeitung;4;Stahl;pulverbeschichtet;26;26;7;0,008;4;12;12;1,0;4;0;0;28;4
PA2026-0635;2026-03-18;Standard;11;Bestandskunde;Automobilindustrie;Bearbeitung;16;Stahl;pulverbeschichtet;26;26;7;0,032;4;48;48;1,0;4;0;0;112;16
PA2026-0636;2026-03-16;Änderung;8;Bestandskunde;Logistiktechnik;Bearbeitung;8;Stahl;pulverbeschichtet;28;28;15;0,024;4;24;24;1,0;4;0;0;64;8
PA2026-0637;2026-03-16;Standard;8;Bestandskunde;Logistiktechnik;Bearbeitung;19;Stahl;pulverbeschichtet;26;26;7;0,038;4;57;57;1,0;4;0;0;133;19
PA2026-0638;2026-03-13;Standard;9;Bestandskunde;Haushaltsgeräte;Bearbeitung;13;Stahl;pulverbeschichtet;26;26;7;0,026;4;39;39;1,0;4;0;0;91;13
PA2026-0639;2026-03-12;Standard;7;Bestandskunde;Maschinenbau;Bearbeitung;16;Stahl;pulverbeschichtet;26;26;7;0,032;4;48;48;1,0;4;0;0;112;16
PA2026-0640;2026-03-18;Änderung;12;Bestandskunde;Medizintechnik;Bearbeitung;6;Stahl;pulverbeschichtet;26;26;7;0,012;4;18;18;1,0;4;0;0;42;6
PA2026-0641;2026-03-17;Standard;11;Bestandskunde;Medizintechnik;Bearbeitung;3;Stahl;pulverbeschichtet;28;28;15;0,009;4;9;9;1,0;4;0;0;24;3
PA2026-0642;2026-03-15;Standard;7;Bestandskunde;Logistiktechnik;Bearbeitung;17;Stahl;pulverbeschichtet;26;26;7;0,034;4;51;51;1,0;4;0;0;119;17
PA2026-0643;2026-03-16;Standard;6;Bestandskunde;Maschinenbau;Bearbeitung;20;Stahl;pulverbeschichtet;28;28;15;0,06;4;60;60;1,0;4;0;0;160;20
PA2026-0644;2026-03-12;Änderung;14;Bestandskunde;Haushaltsgeräte;Bearbeitung;18;Stahl;pulverbeschichtet;26;26;7;0,036;4;54;54;1,0;4;0;0;126;18
PA2026-0645;2026-03-16;Standard;14;Bestandskunde;Automobilindustrie;Bearbeitung;17;Stahl;pulverbeschichtet;26;26;7;0,034;4;51;51;1,0;4;0;0;119;17
PA2026-0646;2026-03-18;Standard;14;Bestandskunde;Logistiktechnik;Bearbeitung;19;Stahl;pulverbeschichtet;28;28;15;0,057;4;57;57;1,0;4;0;0;152;19
PA2026-0647;2026-03-13;Standard;9;Bestandskunde;Medizintechnik;Bearbeitung;3;Stahl;pulverbeschichtet;26;26;7;0,006;4;9;9;1,0;4;0;0;21;3
PA2026-0648;2026-03-16;Änderung;14;Bestandskunde;Maschinenbau;Bearbeitung;1;Stahl;pulverbeschichtet;28;28;15;0,003;4;3;3;1,0;4;0;0;8;1
PA2026-0649;2026-03-15;Standard;9;Bestandskunde;Logistiktechnik;Bearbeitung;12;Stahl;pulverbeschichtet;26;26;7;0,024;4;36;36;1,0;4;0;0;84;12
PA2026-0650;2026-03-15;Standard;10;Bestandskunde;Automobilindustrie;Bearbeitung;19;Stahl;pulverbeschichtet;26;26;7;0,038;4;57;57;1,0;4;0;0;133;19
PA2026-0651;2026-03-14;Standard;12;Bestandskunde;Automobilindustrie;Bearbeitung;18;Stahl;pulverbeschichtet;28;28;15;0,054;4;54;54;1,0;4;0;0;144;18
PA2026-0652;2026-03-14;Änderung;15;Bestandskunde;Maschinenbau;Bearbeitung;12;Stahl;pulverbeschichtet;28;28;15;0,036;4;36;36;1,0;4;0;0;96;12
PA2026-0653;2026-03-13;Änderung;5;Bestandskunde;Sonstige;Bearbeitung;6;Stahl;pulverbeschichtet;28;28;15;0,018;4;18;18;1,0;4;0;0;48;6
PA2026-0654;2026-03-16;Standard;13;Bestandskunde;Logistiktechnik;Bearbeitung;20;Stahl;pulverbeschichtet;26;26;7;0,04;4;60;60;1,0;4;0;0;140;20
PA2026-0655;2026-03-15;Standard;5;Bestandskunde;Maschinenbau;Bearbeitung;16;Stahl;pulverbeschichtet;26;26;7;0,032;4;48;48;1,0;4;0;0;112;16
PA2026-0656;2026-03-12;Standard;9;Bestandskunde;Haushaltsgeräte;Bearbeitung;2;Stahl;pulverbeschichtet;28;28;15;0,006;4;6;6;1,0;4;0;0;16;2
PA2026-0657;2026-03-16;Standard;15;Bestandskunde;Maschinenbau;Bearbeitung;2;Stahl;pulverbeschichtet;28;28;15;0,006;4;6;6;1,0;4;0;0;16;2
PA2026-0658;2026-03-15;Standard;5;Bestandskunde;Medizintechnik;Bearbeitung;17;Stahl;pulverbeschichtet;26;26;7;0,034;4;51;51;1,0;4;0;0;119;17
PA2026-0659;2026-03-12;Änderung;15;Bestandskunde;Maschinenbau;Bearbeitung;6;Stahl;pulverbeschichtet;28;28;15;0,018;4;18;18;1,0;4;0;0;48;6
PA2026-0660;2026-03-13;Standard;3;Bestandskunde;Automobilindustrie;Bearbeitung;9;Stahl;pulverbeschichtet;26;26;7;0,018;4;27;27;1,0;4;0;0;63;9
PA2026-0661;2026-03-24;Standard;13;Bestandskunde;Automobilindustrie;Bearbeitung;1;Stahl;pulverbeschichtet;28;28;15;0,003;4;3;3;1,0;4;0;0;8;1
PA2026-0662;2026-03-23;Standard;10;Bestandskunde;Automobilindustrie;Bearbeitung;19;Stahl;pulverbeschichtet;26;26;7;0,038;4;57;57;1,0;4;0;0;133;19
PA2026-0663;2026-03-25;Standard;9;Bestandskunde;Haushaltsgeräte;Bearbeitung;15;Stahl;pulverbeschichtet;28;28;15;0,045;4;45;45;1,0;4;0;0;120;15
PA2026-0664;2026-03-19;Standard;9;Bestandskunde;Medizintechnik;Bearbeitung;18;Stahl;pulverbeschichtet;28;28;15;0,054;4;54;54;1,0;4;0;0;144;18
PA2026-0665;2026-03-21;Standard;5;Bestandskunde;Maschinenbau;Bearbeitung;18;Stahl;pulverbeschichtet;26;26;7;0,036;4;54;54;1,0;4;0;0;126;18
PA2026-0666;2026-03-22;Änderung;13;Bestandskunde;Automobilindustrie;Bearbeitung;11;Stahl;pulverbeschichtet;28;28;15;0,033;4;33;33;1,0;4;0;0;88;11
PA2026-0667;2026-03-22;Standard;5;Bestandskunde;Sonstige;Bearbeitung;13;Stahl;pulverbeschichtet;28;28;15;0,039;4;39;39;1,0;4;0;0;104;13
PA2026-0668;2026-03-25;Standard;11;Bestandskunde;Sonstige;Bearbeitung;18;Stahl;pulverbeschichtet;26;26;7;0,036;4;54;54;1,0;4;0;0;126;18
PA2026-0669;2026-03-20;Standard;10;Bestandskunde;Automobilindustrie;Bearbeitung;11;Stahl;pulverbeschichtet;26;26;7;0,022;4;33;33;1,0;4;0;0;77;11
PA2026-0670;2026-03-22;Standard;11;Bestandskunde;Haushaltsgeräte;Bearbeitung;9;Stahl;pulverbeschichtet;26;26;7;0,018;4;27;27;1,0;4;0;0;63;9
PA2026-0671;2026-03-22;Standard;9;Bestandskunde;Maschinenbau;Bearbeitung;9;Stahl;pulverbeschichtet;26;26;7;0,018;4;27;27;1,0;4;0;0;63;9
PA2026-0672;2026-03-20;Änderung;8;Bestandskunde;Automobilindustrie;Bearbeitung;4;Stahl;pulverbeschichtet;26;26;7;0,008;4;12;12;1,0;4;0;0;28;4
PA2026-0673;2026-03-24;Änderung;14;Bestandskunde;Maschinenbau;Bearbeitung;18;Stahl;pulverbeschichtet;26;26;7;0,036;4;54;54;1,0;4;0;0;126;18
PA2026-0674;2026-03-21;Standard;10;Bestandskunde;Sonstige;Bearbeitung;19;Stahl;pulverbeschichtet;26;26;7;0,038;4;57;57;1,0;4;0;0;133;19
PA2026-0675;2026-03-20;Änderung;15;Bestandskunde;Medizintechnik;Bearbeitung;19;Stahl;pulverbeschichtet;28;28;15;0,057;4;57;57;1,0;4;0;0;152;19
PA2026-0676;2026-03-23;Standard;14;Bestandskunde;Automobilindustrie;Bearbeitung;17;Stahl;pulverbeschichtet;26;26;7;0,034;4;51;51;1,0;4;0;0;119;17
PA2026-0677;2026-03-25;Standard;7;Bestandskunde;Medizintechnik;Bearbeitung;17;Stahl;pulverbeschichtet;28;28;15;0,051;4;51;51;1,0;4;0;0;136;17
PA2026-0678;2026-03-24;Standard;3;Bestandskunde;Logistiktechnik;Bearbeitung;19;Stahl;pulverbeschichtet;28;28;15;0,057;4;57;57;1,0;4;0;0;152;19
PA2026-0679;2026-03-21;Änderung;10;Bestandskunde;Automobilindustrie;Bearbeitung;9;Stahl;pulverbeschichtet;26;26;7;0,018;4;27;27;1,0;4;0;0;63;9
PA2026-0680;2026-03-21;Standard;11;Bestandskunde;Sonstige;Bearbeitung;14;Stahl;pulverbeschichtet;28;28;15;0,042;4;42;42;1,0;4;0;0;112;14
PA2026-0681;2026-03-25;Standard;12;Bestandskunde;Logistiktechnik;Bearbeitung;5;Stahl;pulverbeschichtet;28;28;15;0,015;4;15;15;1,0;4;0;0;40;5
PA2026-0682;2026-03-24;Standard;9;Bestandskunde;Logistiktechnik;Bearbeitung;13;Stahl;pulverbeschichtet;26;26;7;0,026;4;39;39;1,0;4;0;0;91;13
PA2026-0683;2026-03-25;Standard;7;Bestandskunde;Maschinenbau;Bearbeitung;14;Stahl;pulverbeschichtet;26;26;7;0,028;4;42;42;1,0;4;0;0;98;14
PA2026-0684;2026-03-25;Standard;15;Bestandskunde;Sonstige;Bearbeitung;16;Stahl;pulverbeschichtet;28;28;15;0,048;4;48;48;1,0;4;0;0;128;16
PA2026-0685;2026-03-23;Standard;4;Bestandskunde;Medizintechnik;Bearbeitung;2;Stahl;pulverbeschichtet;28;28;15;0,006;4;6;6;1,0;4;0;0;16;2
PA2026-0686;2026-03-22;Standard;6;Bestandskunde;Automobilindustrie;Bearbeitung;12;Stahl;pulverbeschichtet;26;26;7;0,024;4;36;36;1,0;4;0;0;84;12
PA2026-0687;2026-03-23;Standard;9;Bestandskunde;Haushaltsgeräte;Bearbeitung;12;Stahl;pulverbeschichtet;28;28;15;0,036;4;36;36;1,0;4;0;0;96;12
PA2026-0688;2026-03-25;Standard;10;Bestandskunde;Sonstige;Bearbeitung;16;Stahl;pulverbeschichtet;26;26;7;0,032;4;48;48;1,0;4;0;0;112;16
PA2026-0689;2026-03-22;Standard;10;Bestandskunde;Sonstige;Bearbeitung;6;Stahl;pulverbeschichtet;28;28;15;0,018;4;18;18;1,0;4;0;0;48;6
PA2026-0690;2026-03-24;Änderung;13;Bestandskunde;Sonstige;Bearbeitung;6;Stahl;pulverbeschichtet;28;28;15;0,018;4;18;18;1,0;4;0;0;48;6
PA2026-0691;2026-03-21;Änderung;10;Bestandskunde;Logistiktechnik;Bearbeitung;20;Stahl;pulverbeschichtet;28;28;15;0,06;4;60;60;1,0;4;0;0;160;20
PA2026-0692;2026-03-22;Änderung;12;Bestandskunde;Logistiktechnik;Bearbeitung;15;Stahl;pulverbeschichtet;28;28;15;0,045;4;45;45;1,0;4;0;0;120;15
PA2026-0693;2026-03-20;Standard;3;Bestandskunde;Haushaltsgeräte;Bearbeitung;9;Stahl;pulverbeschichtet;28;28;15;0,027;4;27;27;1,0;4;0;0;72;9
PA2026-0694;2026-03-20;Standard;11;Bestandskunde;Sonstige;Bearbeitung;16;Stahl;pulverbeschichtet;26;26;7;0,032;4;48;48;1,0;4;0;0;112;16
PA2026-0695;2026-03-25;Änderung;12;Neukunde;Sonstige;Bearbeitung;4;Stahl;pulverbeschichtet;26;26;7;0,008;4;12;12;1,0;4;0;0;28;4
PA2026-0696;2026-03-20;Änderung;5;Bestandskunde;Automobilindustrie;Bearbeitung;10;Stahl;pulverbeschichtet;28;28;15;0,03;4;30;30;1,0;4;0;0;80;10
PA2026-0697;2026-03-24;Standard;10;Bestandskunde;Sonstige;Bearbeitung;17;Stahl;pulverbeschichtet;26;26;7;0,034;4;51;51;1,0;4;0;0;119;17
PA2026-0698;2026-03-19;Änderung;11;Bestandskunde;Logistiktechnik;Bearbeitung;16;Stahl;pulverbeschichtet;26;26;7;0,032;4;48;48;1,0;4;0;0;112;16
PA2026-0699;2026-03-21;Standard;14;Bestandskunde;Automobilindustrie;Bearbeitung;18;Stahl;pulverbeschichtet;28;28;15;0,054;4;54;54;1,0;4;0;0;144;18
PA2026-0700;2026-03-24;Standard;13;Bestandskunde;Logistiktechnik;Bearbeitung;10;Stahl;pulverbeschichtet;26;26;7;0,02;4;30;30;1,0;4;0;0;70;10
PA2026-0701;2026-03-23;Standard;9;Bestandskunde;Maschinenbau;Bearbeitung;12;Stahl;pulverbeschichtet;28;28;15;0,036;4;36;36;1,0;4;0;0;96;12
PA2026-0702;2026-03-20;Standard;10;Bestandskunde;Maschinenbau;Bearbeitung;5;Stahl;pulverbeschichtet;28;28;15;0,015;4;15;15;1,0;4;0;0;40;5
PA2026-0703;2026-03-22;Standard;5;Bestandskunde;Sonstige;Bearbeitung;16;Stahl;pulverbeschichtet;28;28;15;0,048;4;48;48;1,0;4;0;0;128;16
PA2026-0704;2026-03-25;Änderung;12;Bestandskunde;Medizintechnik;Bearbeitung;1;Stahl;pulverbeschichtet;28;28;15;0,003;4;3;3;1,0;4;0;0;8;1
PA2026-0705;2026-03-22;Änderung;14;Bestandskunde;Sonstige;Bearbeitung;13;Stahl;pulverbeschichtet;28;28;15;0,039;4;39;39;1,0;4;0;0;104;13
PA2026-0706;2026-03-21;Standard;5;Bestandskunde;Medizintechnik;Bearbeitung;20;Stahl;pulverbeschichtet;28;28;15;0,06;4;60;60;1,0;4;0;0;160;20
PA2026-0707;2026-03-24;Änderung;9;Neukunde;Automobilindustrie;Bearbeitung;6;Stahl;pulverbeschichtet;28;28;15;0,018;4;18;18;1,0;4;0;0;48;6
PA2026-0708;2026-03-19;Änderung;13;Bestandskunde;Haushaltsgeräte;Bearbeitung;20;Stahl;pulverbeschichtet;26;26;7;0,04;4;60;60;1,0;4;0;0;140;20
PA2026-0709;2026-03-21;Änderung;4;Bestandskunde;Haushaltsgeräte;Bearbeitung;1;Stahl;pulverbeschichtet;28;28;15;0,003;4;3;3;1,0;4;0;0;8;1
PA2026-0710;2026-03-21;Änderung;10;Bestandskunde;Logistiktechnik;Bearbeitung;1;Stahl;pulverbeschichtet;26;26;7;0,002;4;3;3;1,0;4;0;0;7;1
PA2026-0711;2026-03-20;Standard;3;Bestandskunde;Automobilindustrie;Bearbeitung;10;Stahl;pulverbeschichtet;26;26;7;0,02;4;30;30;1,0;4;0;0;70;10
PA2026-0712;2026-03-22;Standard;5;Bestandskunde;Medizintechnik;Bearbeitung;5;Stahl;pulverbeschichtet;28;28;15;0,015;4;15;15;1,0;4;0;0;40;5
PA2026-0713;2026-03-25;Standard;12;Bestandskunde;Maschinenbau;Bearbeitung;7;Stahl;pulverbeschichtet;26;26;7;0,014;4;21;21;1,0;4;0;0;49;7
PA2026-0714;2026-03-25;Standard;3;Neukunde;Haushaltsgeräte;Bearbeitung;8;Stahl;pulverbeschichtet;28;28;15;0,024;4;24;24;1,0;4;0;0;64;8
PA2026-0715;2026-03-20;Standard;4;Bestandskunde;Medizintechnik;Bearbeitung;4;Stahl;pulverbeschichtet;28;28;15;0,012;4;12;12;1,0;4;0;0;32;4
PA2026-0716;2026-03-22;Standard;10;Bestandskunde;Medizintechnik;Bearbeitung;2;Stahl;pulverbeschichtet;26;26;7;0,004;4;6;6;1,0;4;0;0;14;2
PA2026-0717;2026-03-22;Änderung;10;Neukunde;Automobilindustrie;Bearbeitung;7;Stahl;pulverbeschichtet;26;26;7;0,014;4;21;21;1,0;4;0;0;49;7
PA2026-0718;2026-03-24;Änderung;13;Bestandskunde;Logistiktechnik;Bearbeitung;9;Stahl;pulverbeschichtet;26;26;7;0,018;4;27;27;1,0;4;0;0;63;9
PA2026-0719;2026-03-25;Standard;8;Bestandskunde;Maschinenbau;Bearbeitung;16;Stahl;pulverbeschichtet;26;26;7;0,032;4;48;48;1,0;4;0;0;112;16
PA2026-0720;2026-03-25;Änderung;5;Bestandskunde;Sonstige;Bearbeitung;20;Stahl;pulverbeschichtet;26;26;7;0,04;4;60;60;1,0;4;0;0;140;20
PA2026-0721;2026-03-26;Standard;4;Bestandskunde;Automobilindustrie;Bearbeitung;18;Stahl;pulverbeschichtet;28;28;15;0,054;4;54;54;1,0;4;0;0;144;18
PA2026-0722;2026-03-29;Änderung;10;Bestandskunde;Logistiktechnik;Bearbeitung;12;Stahl;pulverbeschichtet;26;26;7;0,024;4;36;36;1,0;4;0;0;84;12
PA2026-0723;2026-03-27;Standard;3;Bestandskunde;Logistiktechnik;Bearbeitung;5;Stahl;pulverbeschichtet;28;28;15;0,015;4;15;15;1,0;4;0;0;40;5
PA2026-0724;2026-03-29;Standard;15;Bestandskunde;Sonstige;Bearbeitung;16;Stahl;pulverbeschichtet;28;28;15;0,048;4;48;48;1,0;4;0;0;128;16
PA2026-0725;2026-03-30;Standard;12;Bestandskunde;Haushaltsgeräte;Bearbeitung;20;Stahl;pulverbeschichtet;26;26;7;0,04;4;60;60;1,0;4;0;0;140;20
PA2026-0726;2026-03-30;Standard;7;Neukunde;Maschinenbau;Bearbeitung;18;Stahl;pulverbeschichtet;26;26;7;0,036;4;54;54;1,0;4;0;0;126;18
PA2026-0727;2026-03-26;Standard;15;Bestandskunde;Maschinenbau;Bearbeitung;1;Stahl;pulverbeschichtet;28;28;15;0,003;4;3;3;1,0;4;0;0;8;1
PA2026-0728;2026-03-27;Standard;10;Bestandskunde;Maschinenbau;Bearbeitung;18;Stahl;pulverbeschichtet;28;28;15;0,054;4;54;54;1,0;4;0;0;144;18
PA2026-0729;2026-03-30;Standard;14;Bestandskunde;Haushaltsgeräte;Bearbeitung;10;Stahl;pulverbeschichtet;28;28;15;0,03;4;30;30;1,0;4;0;0;80;10
PA2026-0730;2026-03-31;Änderung;11;Bestandskunde;Sonstige;Bearbeitung;3;Stahl;pulverbeschichtet;28;28;15;0,009;4;9;9;1,0;4;0;0;24;3
PA2026-0731;2026-03-27;Standard;4;Bestandskunde;Medizintechnik;Bearbeitung;4;Stahl;pulverbeschichtet;26;26;7;0,008;4;12;12;1,0;4;0;0;28;4
PA2026-0732;2026-03-31;Standard;14;Bestandskunde;Maschinenbau;Bearbeitung;9;Stahl;pulverbeschichtet;26;26;7;0,018;4;27;27;1,0;4;0;0;63;9
PA2026-0733;2026-03-27;Standard;5;Neukunde;Medizintechnik;Bearbeitung;16;Stahl;pulverbeschichtet;26;26;7;0,032;4;48;48;1,0;4;0;0;112;16
PA2026-0734;2026-04-01;Standard;4;Bestandskunde;Automobilindustrie;Bearbeitung;14;Stahl;pulverbeschichtet;26;26;7;0,028;4;42;42;1,0;4;0;0;98;14
PA2026-0735;2026-03-26;Standard;9;Bestandskunde;Medizintechnik;Bearbeitung;10;Stahl;pulverbeschichtet;28;28;15;0,03;4;30;30;1,0;4;0;0;80;10
PA2026-0736;2026-03-30;Änderung;6;Bestandskunde;Automobilindustrie;Bearbeitung;13;Stahl;pulverbeschichtet;26;26;7;0,026;4;39;39;1,0;4;0;0;91;13
PA2026-0737;2026-03-30;Standard;9;Bestandskunde;Maschinenbau;Bearbeitung;18;Stahl;pulverbeschichtet;26;26;7;0,036;4;54;54;1,0;4;0;0;126;18
PA2026-0738;2026-03-26;Änderung;11;Neukunde;Maschinenbau;Bearbeitung;14;Stahl;pulverbeschichtet;28;28;15;0,042;4;42;42;1,0;4;0;0;112;14
PA2026-0739;2026-04-01;Standard;7;Bestandskunde;Automobilindustrie;Bearbeitung;6;Stahl;pulverbeschichtet;26;26;7;0,012;4;18;18;1,0;4;0;0;42;6
PA2026-0740;2026-03-28;Änderung;10;Bestandskunde;Logistiktechnik;Bearbeitung;14;Stahl;pulverbeschichtet;28;28;15;0,042;4;42;42;1,0;4;0;0;112;14
PA2026-0741;2026-03-27;Änderung;7;Bestandskunde;Logistiktechnik;Bearbeitung;9;Stahl;pulverbeschichtet;28;28;15;0,027;4;27;27;1,0;4;0;0;72;9
PA2026-0742;2026-03-29;Standard;13;Bestandskunde;Medizintechnik;Bearbeitung;10;Stahl;pulverbeschichtet;28;28;15;0,03;4;30;30;1,0;4;0;0;80;10
PA2026-0743;2026-03-28;Standard;4;Bestandskunde;Automobilindustrie;Bearbeitung;11;Stahl;pulverbeschichtet;26;26;7;0,022;4;33;33;1,0;4;0;0;77;11
PA2026-0744;2026-03-30;Standard;15;Bestandskunde;Maschinenbau;Bearbeitung;5;Stahl;pulverbeschichtet;26;26;7;0,01;4;15;15;1,0;4;0;0;35;5
PA2026-0745;2026-03-29;Änderung;12;Bestandskunde;Automobilindustrie;Bearbeitung;19;Stahl;pulverbeschichtet;26;26;7;0,038;4;57;57;1,0;4;0;0;133;19
PA2026-0746;2026-03-28;Standard;10;Bestandskunde;Maschinenbau;Bearbeitung;7;Stahl;pulverbeschichtet;26;26;7;0,014;4;21;21;1,0;4;0;0;49;7
PA2026-0747;2026-04-01;Standard;14;Bestandskunde;Automobilindustrie;Bearbeitung;19;Stahl;pulverbeschichtet;26;26;7;0,038;4;57;57;1,0;4;0;0;133;19
PA2026-0748;2026-03-26;Standard;11;Bestandskunde;Medizintechnik;Bearbeitung;11;Stahl;pulverbeschichtet;26;26;7;0,022;4;33;33;1,0;4;0;0;77;11
PA2026-0749;2026-03-29;Standard;6;Bestandskunde;Maschinenbau;Bearbeitung;20;Stahl;pulverbeschichtet;28;28;15;0,06;4;60;60;1,0;4;0;0;160;20
PA2026-0750;2026-03-26;Änderung;10;Bestandskunde;Automobilindustrie;Bearbeitung;19;Stahl;pulverbeschichtet;26;26;7;0,038;4;57;57;1,0;4;0;0;133;19
PA2026-0751;2026-03-30;Standard;9;Bestandskunde;Automobilindustrie;Bearbeitung;13;Stahl;pulverbeschichtet;26;26;7;0,026;4;39;39;1,0;4;0;0;91;13
PA2026-0752;2026-03-30;Änderung;15;Bestandskunde;Medizintechnik;Bearbeitung;13;Stahl;pulverbeschichtet;28;28;15;0,039;4;39;39;1,0;4;0;0;104;13
PA2026-0753;2026-03-28;Änderung;5;Neukunde;Maschinenbau;Bearbeitung;18;Stahl;pulverbeschichtet;26;26;7;0,036;4;54;54;1,0;4;0;0;126;18
PA2026-0754;2026-03-26;Standard;11;Bestandskunde;Sonstige;Bearbeitung;5;Stahl;pulverbeschichtet;28;28;15;0,015;4;15;15;1,0;4;0;0;40;5
PA2026-0755;2026-03-30;Standard;9;Bestandskunde;Medizintechnik;Bearbeitung;7;Stahl;pulverbeschichtet;26;26;7;0,014;4;21;21;1,0;4;0;0;49;7
PA2026-0756;2026-03-26;Standard;9;Bestandskunde;Automobilindustrie;Bearbeitung;19;Stahl;pulverbeschichtet;26;26;7;0,038;4;57;57;1,0;4;0;0;133;19
PA2026-0757;2026-03-31;Standard;13;Bestandskunde;Automobilindustrie;Bearbeitung;11;Stahl;pulverbeschichtet;26;26;7;0,022;4;33;33;1,0;4;0;0;77;11
PA2026-0758;2026-03-31;Standard;3;Bestandskunde;Maschinenbau;Bearbeitung;12;Stahl;pulverbeschichtet;28;28;15;0,036;4;36;36;1,0;4;0;0;96;12
PA2026-0759;2026-03-27;Änderung;13;Bestandskunde;Haushaltsgeräte;Bearbeitung;7;Stahl;pulverbeschichtet;28;28;15;0,021;4;21;21;1,0;4;0;0;56;7
PA2026-0760;2026-04-01;Änderung;5;Bestandskunde;Automobilindustrie;Bearbeitung;20;Stahl;pulverbeschichtet;28;28;15;0,06;4;60;60;1,0;4;0;0;160;20
PA2026-0761;2026-03-26;Standard;11;Bestandskunde;Logistiktechnik;Bearbeitung;15;Stahl;pulverbeschichtet;26;26;7;0,03;4;45;45;1,0;4;0;0;105;15
PA2026-0762;2026-03-28;Standard;8;Bestandskunde;Sonstige;Bearbeitung;18;Stahl;pulverbeschichtet;28;28;15;0,054;4;54;54;1,0;4;0;0;144;18
PA2026-0763;2026-03-29;Standard;7;Bestandskunde;Sonstige;Bearbeitung;13;Stahl;pulverbeschichtet;28;28;15;0,039;4;39;39;1,0;4;0;0;104;13
PA2026-0764;2026-03-27;Standard;4;Bestandskunde;Logistiktechnik;Bearbeitung;20;Stahl;pulverbeschichtet;26;26;7;0,04;4;60;60;1,0;4;0;0;140;20
PA2026-0765;2026-03-29;Änderung;5;Bestandskunde;Maschinenbau;Bearbeitung;12;Stahl;pulverbeschichtet;28;28;15;0,036;4;36;36;1,0;4;0;0;96;12
PA2026-0766;2026-03-28;Standard;12;Bestandskunde;Maschinenbau;Bearbeitung;4;Stahl;pulverbeschichtet;26;26;7;0,008;4;12;12;1,0;4;0;0;28;4
PA2026-0767;2026-04-01;Standard;5;Bestandskunde;Sonstige;Bearbeitung;15;Stahl;pulverbeschichtet;28;28;15;0,045;4;45;45;1,0;4;0;0;120;15
PA2026-0768;2026-03-27;Standard;15;Bestandskunde;Maschinenbau;Bearbeitung;6;Stahl;pulverbeschichtet;26;26;7;0,012;4;18;18;1,0;4;0;0;42;6
PA2026-0769;2026-03-31;Standard;12;Bestandskunde;Logistiktechnik;Bearbeitung;17;Stahl;pulverbeschichtet;26;26;7;0,034;4;51;51;1,0;4;0;0;119;17
PA2026-0770;2026-03-31;Standard;9;Bestandskunde;Maschinenbau;Bearbeitung;1;Stahl;pulverbeschichtet;28;28;15;0,003;4;3;3;1,0;4;0;0;8;1
PA2026-0771;2026-03-27;Standard;10;Bestandskunde;Haushaltsgeräte;Bearbeitung;3;Stahl;pulverbeschichtet;28;28;15;0,009;4;9;9;1,0;4;0;0;24;3
PA2026-0772;2026-03-31;Standard;8;Bestandskunde;Automobilindustrie;Bearbeitung;14;Stahl;pulverbeschichtet;28;28;15;0,042;4;42;42;1,0;4;0;0;112;14
PA2026-0773;2026-03-28;Standard;14;Bestandskunde;Maschinenbau;Bearbeitung;5;Stahl;pulverbeschichtet;28;28;15;0,015;4;15;15;1,0;4;0;0;40;5
PA2026-0774;2026-03-28;Standard;15;Bestandskunde;Medizintechnik;Bearbeitung;5;Stahl;pulverbeschichtet;26;26;7;0,01;4;15;15;1,0;4;0;0;35;5
PA2026-0775;2026-03-26;Standard;6;Bestandskunde;Haushaltsgeräte;Bearbeitung;5;Stahl;pulverbeschichtet;26;26;7;0,01;4;15;15;1,0;4;0;0;35;5
PA2026-0776;2026-03-29;Änderung;14;Bestandskunde;Maschinenbau;Bearbeitung;9;Stahl;pulverbeschichtet;26;26;7;0,018;4;27;27;1,0;4;0;0;63;9
PA2026-0777;2026-03-26;Änderung;6;Bestandskunde;Maschinenbau;Bearbeitung;20;Stahl;pulverbeschichtet;26;26;7;0,04;4;60;60;1,0;4;0;0;140;20
PA2026-0778;2026-03-30;Standard;9;Bestandskunde;Logistiktechnik;Bearbeitung;1;Stahl;pulverbeschichtet;28;28;15;0,003;4;3;3;1,0;4;0;0;8;1
PA2026-0779;2026-03-31;Änderung;14;Bestandskunde;Maschinenbau;Bearbeitung;16;Stahl;pulverbeschichtet;28;28;15;0,048;4;48;48;1,0;4;0;0;128;16
PA2026-0780;2026-04-01;Standard;12;Bestandskunde;Logistiktechnik;Bearbeitung;7;Stahl;pulverbeschichtet;28;28;15;0,021;4;21;21;1,0;4;0;0;56;7
PA2026-0781;2026-04-05;Standard;5;Bestandskunde;Automobilindustrie;Bearbeitung;8;Stahl;pulverbeschichtet;26;26;7;0,016;4;24;24;1,0;4;0;0;56;8
PA2026-0782;2026-04-02;Änderung;6;Bestandskunde;Maschinenbau;Bearbeitung;20;Stahl;pulverbeschichtet;26;26;7;0,04;4;60;60;1,0;4;0;0;140;20
PA2026-0783;2026-04-04;Standard;14;Bestandskunde;Logistiktechnik;Bearbeitung;2;Stahl;pulverbeschichtet;28;28;15;0,006;4;6;6;1,0;4;0;0;16;2
PA2026-0784;2026-04-04;Standard;12;Bestandskunde;Logistiktechnik;Bearbeitung;20;Stahl;pulverbeschichtet;28;28;15;0,06;4;60;60;1,0;4;0;0;160;20
PA2026-0785;2026-04-05;Standard;15;Bestandskunde;Automobilindustrie;Bearbeitung;8;Stahl;pulverbeschichtet;26;26;7;0,016;4;24;24;1,0;4;0;0;56;8
PA2026-0786;2026-04-02;Standard;11;Bestandskunde;Logistiktechnik;Bearbeitung;2;Stahl;pulverbeschichtet;28;28;15;0,006;4;6;6;1,0;4;0;0;16;2
PA2026-0787;2026-04-05;Standard;13;Bestandskunde;Maschinenbau;Bearbeitung;10;Stahl;pulverbeschichtet;26;26;7;0,02;4;30;30;1,0;4;0;0;70;10
PA2026-0788;2026-04-05;Standard;10;Bestandskunde;Sonstige;Bearbeitung;17;Stahl;pulverbeschichtet;28;28;15;0,051;4;51;51;1,0;4;0;0;136;17
PA2026-0789;2026-04-08;Änderung;13;Bestandskunde;Medizintechnik;Bearbeitung;6;Stahl;pulverbeschichtet;26;26;7;0,012;4;18;18;1,0;4;0;0;42;6
PA2026-0790;2026-04-05;Änderung;11;Bestandskunde;Maschinenbau;Bearbeitung;19;Stahl;pulverbeschichtet;26;26;7;0,038;4;57;57;1,0;4;0;0;133;19
PA2026-0791;2026-04-02;Standard;9;Bestandskunde;Logistiktechnik;Bearbeitung;6;Stahl;pulverbeschichtet;26;26;7;0,012;4;18;18;1,0;4;0;0;42;6
PA2026-0792;2026-04-02;Änderung;13;Bestandskunde;Haushaltsgeräte;Bearbeitung;13;Stahl;pulverbeschichtet;26;26;7;0,026;4;39;39;1,0;4;0;0;91;13
PA2026-0793;2026-04-06;Standard;13;Bestandskunde;Sonstige;Bearbeitung;11;Stahl;pulverbeschichtet;26;26;7;0,022;4;33;33;1,0;4;0;0;77;11
PA2026-0794;2026-04-08;Standard;7;Bestandskunde;Medizintechnik;Bearbeitung;14;Stahl;pulverbeschichtet;26;26;7;0,028;4;42;42;1,0;4;0;0;98;14
PA2026-0795;2026-04-07;Änderung;13;Bestandskunde;Maschinenbau;Bearbeitung;5;Stahl;pulverbeschichtet;28;28;15;0,015;4;15;15;1,0;4;0;0;40;5
PA2026-0796;2026-04-06;Standard;9;Bestandskunde;Automobilindustrie;Bearbeitung;16;Stahl;pulverbeschichtet;26;26;7;0,032;4;48;48;1,0;4;0;0;112;16
PA2026-0797;2026-04-03;Änderung;7;Bestandskunde;Automobilindustrie;Bearbeitung;14;Stahl;pulverbeschichtet;26;26;7;0,028;4;42;42;1,0;4;0;0;98;14
PA2026-0798;2026-04-06;Standard;4;Bestandskunde;Logistiktechnik;Bearbeitung;20;Stahl;pulverbeschichtet;28;28;15;0,06;4;60;60;1,0;4;0;0;160;20
PA2026-0799;2026-04-03;Änderung;5;Bestandskunde;Automobilindustrie;Bearbeitung;5;Stahl;pulverbeschichtet;26;26;7;0,01;4;15;15;1,0;4;0;0;35;5
PA2026-0800;2026-04-04;Änderung;5;Bestandskunde;Medizintechnik;Bearbeitung;6;Stahl;pulverbeschichtet;26;26;7;0,012;4;18;18;1,0;4;0;0;42;6
PA2026-0801;2026-04-06;Standard;8;Bestandskunde;Maschinenbau;Bearbeitung;12;Stahl;pulverbeschichtet;26;26;7;0,024;4;36;36;1,0;4;0;0;84;12
PA2026-0802;2026-04-08;Änderung;10;Bestandskunde;Maschinenbau;Bearbeitung;3;Stahl;pulverbeschichtet;26;26;7;0,006;4;9;9;1,0;4;0;0;21;3
PA2026-0803;2026-04-02;Standard;10;Bestandskunde;Automobilindustrie;Bearbeitung;9;Stahl;pulverbeschichtet;28;28;15;0,027;4;27;27;1,0;4;0;0;72;9
PA2026-0804;2026-04-05;Standard;15;Bestandskunde;Sonstige;Bearbeitung;2;Stahl;pulverbeschichtet;28;28;15;0,006;4;6;6;1,0;4;0;0;16;2
PA2026-0805;2026-04-05;Standard;10;Bestandskunde;Automobilindustrie;Bearbeitung;9;Stahl;pulverbeschichtet;26;26;7;0,018;4;27;27;1,0;4;0;0;63;9
PA2026-0806;2026-04-06;Standard;14;Bestandskunde;Medizintechnik;Bearbeitung;16;Stahl;pulverbeschichtet;28;28;15;0,048;4;48;48;1,0;4;0;0;128;16
PA2026-0807;2026-04-07;Änderung;10;Bestandskunde;Sonstige;Bearbeitung;1;Stahl;pulverbeschichtet;26;26;7;0,002;4;3;3;1,0;4;0;0;7;1
PA2026-0808;2026-04-08;Änderung;6;Bestandskunde;Automobilindustrie;Bearbeitung;20;Stahl;pulverbeschichtet;28;28;15;0,06;4;60;60;1,0;4;0;0;160;20
PA2026-0809;2026-04-02;Standard;11;Bestandskunde;Maschinenbau;Bearbeitung;7;Stahl;pulverbeschichtet;28;28;15;0,021;4;21;21;1,0;4;0;0;56;7
PA2026-0810;2026-04-07;Änderung;10;Bestandskunde;Logistiktechnik;Bearbeitung;10;Stahl;pulverbeschichtet;26;26;7;0,02;4;30;30;1,0;4;0;0;70;10
PA2026-0811;2026-04-02;Änderung;11;Neukunde;Logistiktechnik;Bearbeitung;20;Stahl;pulverbeschichtet;28;28;15;0,06;4;60;60;1,0;4;0;0;160;20
PA2026-0812;2026-04-03;Standard;10;Bestandskunde;Logistiktechnik;Bearbeitung;16;Stahl;pulverbeschichtet;26;26;7;0,032;4;48;48;1,0;4;0;0;112;16
PA2026-0813;2026-04-07;Änderung;7;Bestandskunde;Maschinenbau;Bearbeitung;18;Stahl;pulverbeschichtet;28;28;15;0,054;4;54;54;1,0;4;0;0;144;18
PA2026-0814;2026-04-08;Standard;12;Bestandskunde;Automobilindustrie;Bearbeitung;17;Stahl;pulverbeschichtet;28;28;15;0,051;4;51;51;1,0;4;0;0;136;17
PA2026-0815;2026-04-07;Standard;11;Bestandskunde;Maschinenbau;Bearbeitung;19;Stahl;pulverbeschichtet;28;28;15;0,057;4;57;57;1,0;4;0;0;152;19
PA2026-0816;2026-04-02;Änderung;6;Bestandskunde;Automobilindustrie;Bearbeitung;13;Stahl;pulverbeschichtet;28;28;15;0,039;4;39;39;1,0;4;0;0;104;13
PA2026-0817;2026-04-03;Standard;5;Bestandskunde;Automobilindustrie;Bearbeitung;11;Stahl;pulverbeschichtet;26;26;7;0,022;4;33;33;1,0;4;0;0;77;11
PA2026-0818;2026-04-05;Änderung;5;Bestandskunde;Maschinenbau;Bearbeitung;15;Stahl;pulverbeschichtet;26;26;7;0,03;4;45;45;1,0;4;0;0;105;15
PA2026-0819;2026-04-06;Änderung;10;Bestandskunde;Automobilindustrie;Bearbeitung;2;Stahl;pulverbeschichtet;28;28;15;0,006;4;6;6;1,0;4;0;0;16;2
PA2026-0820;2026-04-05;Änderung;15;Bestandskunde;Logistiktechnik;Bearbeitung;17;Stahl;pulverbeschichtet;26;26;7;0,034;4;51;51;1,0;4;0;0;119;17
PA2026-0821;2026-04-04;Standard;15;Bestandskunde;Automobilindustrie;Bearbeitung;11;Stahl;pulverbeschichtet;26;26;7;0,022;4;33;33;1,0;4;0;0;77;11
PA2026-0822;2026-04-08;Änderung;15;Bestandskunde;Maschinenbau;Bearbeitung;2;Stahl;pulverbeschichtet;26;26;7;0,004;4;6;6;1,0;4;0;0;14;2
PA2026-0823;2026-04-07;Standard;15;Bestandskunde;Medizintechnik;Bearbeitung;2;Stahl;pulverbeschichtet;28;28;15;0,006;4;6;6;1,0;4;0;0;16;2
PA2026-0824;2026-04-05;Standard;5;Bestandskunde;Haushaltsgeräte;Bearbeitung;10;Stahl;pulverbeschichtet;26;26;7;0,02;4;30;30;1,0;4;0;0;70;10
PA2026-0825;2026-04-07;Standard;8;Bestandskunde;Maschinenbau;Bearbeitung;9;Stahl;pulverbeschichtet;26;26;7;0,018;4;27;27;1,0;4;0;0;63;9
PA2026-0826;2026-04-07;Standard;6;Bestandskunde;Maschinenbau;Bearbeitung;4;Stahl;pulverbeschichtet;28;28;15;0,012;4;12;12;1,0;4;0;0;32;4
PA2026-0827;2026-04-03;Standard;10;Bestandskunde;Logistiktechnik;Bearbeitung;10;Stahl;pulverbeschichtet;26;26;7;0,02;4;30;30;1,0;4;0;0;70;10
PA2026-0828;2026-04-02;Änderung;10;Bestandskunde;Haushaltsgeräte;Bearbeitung;15;Stahl;pulverbeschichtet;26;26;7;0,03;4;45;45;1,0;4;0;0;105;15
PA2026-0829;2026-04-02;Standard;14;Bestandskunde;Sonstige;Bearbeitung;13;Stahl;pulverbeschichtet;26;26;7;0,026;4;39;39;1,0;4;0;0;91;13
PA2026-0830;2026-04-05;Standard;13;Bestandskunde;Sonstige;Bearbeitung;19;Stahl;pulverbeschichtet;26;26;7;0,038;4;57;57;1,0;4;0;0;133;19
PA2026-0831;2026-04-04;Änderung;10;Bestandskunde;Sonstige;Bearbeitung;18;Stahl;pulverbeschichtet;28;28;15;0,054;4;54;54;1,0;4;0;0;144;18
PA2026-0832;2026-04-06;Standard;7;Bestandskunde;Maschinenbau;Bearbeitung;15;Stahl;pulverbeschichtet;26;26;7;0,03;4;45;45;1,0;4;0;0;105;15
PA2026-0833;2026-04-04;Standard;14;Bestandskunde;Logistiktechnik;Bearbeitung;5;Stahl;pulverbeschichtet;26;26;7;0,01;4;15;15;1,0;4;0;0;35;5
PA2026-0834;2026-04-05;Standard;8;Bestandskunde;Logistiktechnik;Bearbeitung;11;Stahl;pulverbeschichtet;28;28;15;0,033;4;33;33;1,0;4;0;0;88;11
PA2026-0835;2026-04-02;Standard;5;Bestandskunde;Haushaltsgeräte;Bearbeitung;15;Stahl;pulverbeschichtet;28;28;15;0,045;4;45;45;1,0;4;0;0;120;15
PA2026-0836;2026-04-08;Standard;12;Bestandskunde;Logistiktechnik;Bearbeitung;4;Stahl;pulverbeschichtet;26;26;7;0,008;4;12;12;1,0;4;0;0;28;4
PA2026-0837;2026-04-08;Standard;6;Bestandskunde;Medizintechnik;Bearbeitung;10;Stahl;pulverbeschichtet;28;28;15;0,03;4;30;30;1,0;4;0;0;80;10
PA2026-0838;2026-04-06;Standard;14;Bestandskunde;Sonstige;Bearbeitung;6;Stahl;pulverbeschichtet;28;28;15;0,018;4;18;18;1,0;4;0;0;48;6
PA2026-0839;2026-04-02;Standard;11;Bestandskunde;Sonstige;Bearbeitung;14;Stahl;pulverbeschichtet;28;28;15;0,042;4;42;42;1,0;4;0;0;112;14
PA2026-0840;2026-04-08;Standard;11;Bestandskunde;Maschinenbau;Bearbeitung;3;Stahl;pulverbeschichtet;28;28;15;0,009;4;9;9;1,0;4;0;0;24;3
PA2026-0841;2026-04-06;Standard;14;Bestandskunde;Logistiktechnik;Bearbeitung;15;Stahl;pulverbeschichtet;28;28;15;0,045;4;45;45;1,0;4;0;0;120;15
PA2026-0842;2026-04-05;Standard;5;Bestandskunde;Maschinenbau;Bearbeitung;20;Stahl;pulverbeschichtet;26;26;7;0,04;4;60;60;1,0;4;0;0;140;20
PA2026-0843;2026-04-05;Änderung;5;Neukunde;Automobilindustrie;Bearbeitung;19;Stahl;pulverbeschichtet;28;28;15;0,057;4;57;57;1,0;4;0;0;152;19
PA2026-0844;2026-04-07;Standard;7;Bestandskunde;Logistiktechnik;Bearbeitung;20;Stahl;pulverbeschichtet;26;26;7;0,04;4;60;60;1,0;4;0;0;140;20
PA2026-0845;2026-04-03;Standard;10;Bestandskunde;Haushaltsgeräte;Bearbeitung;10;Stahl;pulverbeschichtet;28;28;15;0,03;4;30;30;1,0;4;0;0;80;10
PA2026-0846;2026-04-04;Standard;5;Bestandskunde;Haushaltsgeräte;Bearbeitung;17;Stahl;pulverbeschichtet;28;28;15;0,051;4;51;51;1,0;4;0;0;136;17
PA2026-0847;2026-04-08;Änderung;10;Neukunde;Haushaltsgeräte;Bearbeitung;2;Stahl;pulverbeschichtet;28;28;15;0,006;4;6;6;1,0;4;0;0;16;2
PA2026-0848;2026-04-02;Standard;10;Bestandskunde;Sonstige;Bearbeitung;19;Stahl;pulverbeschichtet;26;26;7;0,038;4;57;57;1,0;4;0;0;133;19
PA2026-0849;2026-04-04;Standard;12;Bestandskunde;Sonstige;Bearbeitung;7;Stahl;pulverbeschichtet;28;28;15;0,021;4;21;21;1,0;4;0;0;56;7
PA2026-0850;2026-04-03;Änderung;7;Bestandskunde;Medizintechnik;Bearbeitung;12;Stahl;pulverbeschichtet;26;26;7;0,024;4;36;36;1,0;4;0;0;84;12
PA2026-0851;2026-04-04;Standard;6;Bestandskunde;Haushaltsgeräte;Bearbeitung;1;Stahl;pulverbeschichtet;28;28;15;0,003;4;3;3;1,0;4;0;0;8;1
PA2026-0852;2026-04-07;Änderung;13;Bestandskunde;Automobilindustrie;Bearbeitung;5;Stahl;pulverbeschichtet;26;26;7;0,01;4;15;15;1,0;4;0;0;35;5
PA2026-0853;2026-04-08;Standard;12;Bestandskunde;Maschinenbau;Bearbeitung;14;Stahl;pulverbeschichtet;28;28;15;0,042;4;42;42;1,0;4;0;0;112;14
PA2026-0854;2026-04-04;Standard;9;Bestandskunde;Logistiktechnik;Bearbeitung;19;Stahl;pulverbeschichtet;28;28;15;0,057;4;57;57;1,0;4;0;0;152;19
PA2026-0855;2026-04-03;Änderung;15;Bestandskunde;Automobilindustrie;Bearbeitung;19;Stahl;pulverbeschichtet;28;28;15;0,057;4;57;57;1,0;4;0;0;152;19
PA2026-0856;2026-04-02;Standard;14;Bestandskunde;Maschinenbau;Bearbeitung;16;Stahl;pulverbeschichtet;28;28;15;0,048;4;48;48;1,0;4;0;0;128;16
PA2026-0857;2026-04-07;Änderung;15;Neukunde;Sonstige;Bearbeitung;9;Stahl;pulverbeschichtet;26;26;7;0,018;4;27;27;1,0;4;0;0;63;9
PA2026-0858;2026-04-02;Standard;15;Bestandskunde;Automobilindustrie;Bearbeitung;16;Stahl;pulverbeschichtet;28;28;15;0,048;4;48;48;1,0;4;0;0;128;16
PA2026-0859;2026-04-06;Standard;4;Bestandskunde;Maschinenbau;Bearbeitung;1;Stahl;pulverbeschichtet;26;26;7;0,002;4;3;3;1,0;4;0;0;7;1
PA2026-0860;2026-04-06;Standard;14;Bestandskunde;Sonstige;Bearbeitung;12;Stahl;pulverbeschichtet;28;28;15;0,036;4;36;36;1,0;4;0;0;96;12
PA2026-0861;2026-04-03;Standard;4;Bestandskunde;Maschinenbau;Bearbeitung;10;Stahl;pulverbeschichtet;28;28;15;0,03;4;30;30;1,0;4;0;0;80;10
PA2026-0862;2026-04-07;Standard;14;Bestandskunde;Logistiktechnik;Bearbeitung;10;Stahl;pulverbeschichtet;28;28;15;0,03;4;30;30;1,0;4;0;0;80;10
PA2026-0863;2026-04-05;Standard;5;Bestandskunde;Maschinenbau;Bearbeitung;9;Stahl;pulverbeschichtet;26;26;7;0,018;4;27;27;1,0;4;0;0;63;9
PA2026-0864;2026-04-06;Standard;9;Bestandskunde;Automobilindustrie;Bearbeitung;4;Stahl;pulverbeschichtet;28;28;15;0,012;4;12;12;1,0;4;0;0;32;4
PA2026-0865;2026-04-07;Standard;13;Bestandskunde;Automobilindustrie;Bearbeitung;8;Stahl;pulverbeschichtet;26;26;7;0,016;4;24;24;1,0;4;0;0;56;8
PA2026-0866;2026-04-08;Standard;15;Bestandskunde;Automobilindustrie;Bearbeitung;3;Stahl;pulverbeschichtet;28;28;15;0,009;4;9;9;1,0;4;0;0;24;3
PA2026-0867;2026-04-08;Änderung;14;Bestandskunde;Logistiktechnik;Bearbeitung;13;Stahl;pulverbeschichtet;26;26;7;0,026;4;39;39;1,0;4;0;0;91;13
PA2026-0868;2026-04-07;Standard;8;Bestandskunde;Sonstige;Bearbeitung;12;Stahl;pulverbeschichtet;26;26;7;0,024;4;36;36;1,0;4;0;0;84;12
PA2026-0869;2026-04-08;Änderung;6;Bestandskunde;Maschinenbau;Bearbeitung;16;Stahl;pulverbeschichtet;26;26;7;0,032;4;48;48;1,0;4;0;0;112;16
PA2026-0870;2026-04-07;Standard;8;Bestandskunde;Maschinenbau;Bearbeitung;16;Stahl;pulverbeschichtet;28;28;15;0,048;4;48;48;1,0;4;0;0;128;16
PA2026-0871;2026-04-13;Änderung;14;Bestandskunde;Logistiktechnik;Bearbeitung;15;Stahl;pulverbeschichtet;28;28;15;0,045;4;45;45;1,0;4;0;0;120;15
PA2026-0872;2026-04-11;Standard;15;Bestandskunde;Automobilindustrie;Bearbeitung;18;Stahl;pulverbeschichtet;28;28;15;0,054;4;54;54;1,0;4;0;0;144;18
PA2026-0873;2026-04-13;Standard;9;Bestandskunde;Logistiktechnik;Bearbeitung;4;Stahl;pulverbeschichtet;28;28;15;0,012;4;12;12;1,0;4;0;0;32;4
PA2026-0874;2026-04-13;Standard;13;Bestandskunde;Automobilindustrie;Bearbeitung;8;Stahl;pulverbeschichtet;28;28;15;0,024;4;24;24;1,0;4;0;0;64;8
PA2026-0875;2026-04-14;Standard;8;Bestandskunde;Automobilindustrie;Bearbeitung;1;Stahl;pulverbeschichtet;26;26;7;0,002;4;3;3;1,0;4;0;0;7;1
PA2026-0876;2026-04-12;Standard;6;Bestandskunde;Logistiktechnik;Bearbeitung;12;Stahl;pulverbeschichtet;26;26;7;0,024;4;36;36;1,0;4;0;0;84;12
PA2026-0877;2026-04-11;Änderung;8;Bestandskunde;Maschinenbau;Bearbeitung;2;Stahl;pulverbeschichtet;26;26;7;0,004;4;6;6;1,0;4;0;0;14;2
PA2026-0878;2026-04-14;Änderung;6;Bestandskunde;Automobilindustrie;Bearbeitung;13;Stahl;pulverbeschichtet;26;26;7;0,026;4;39;39;1,0;4;0;0;91;13
PA2026-0879;2026-04-14;Standard;8;Bestandskunde;Automobilindustrie;Bearbeitung;3;Stahl;pulverbeschichtet;26;26;7;0,006;4;9;9;1,0;4;0;0;21;3
PA2026-0880;2026-04-15;Änderung;12;Bestandskunde;Logistiktechnik;Bearbeitung;11;Stahl;pulverbeschichtet;28;28;15;0,033;4;33;33;1,0;4;0;0;88;11
PA2026-0881;2026-04-15;Standard;5;Bestandskunde;Automobilindustrie;Bearbeitung;13;Stahl;pulverbeschichtet;28;28;15;0,039;4;39;39;1,0;4;0;0;104;13
PA2026-0882;2026-04-11;Standard;10;Bestandskunde;Logistiktechnik;Bearbeitung;7;Stahl;pulverbeschichtet;28;28;15;0,021;4;21;21;1,0;4;0;0;56;7
PA2026-0883;2026-04-14;Standard;14;Bestandskunde;Maschinenbau;Bearbeitung;14;Stahl;pulverbeschichtet;28;28;15;0,042;4;42;42;1,0;4;0;0;112;14
PA2026-0884;2026-04-12;Standard;10;Bestandskunde;Automobilindustrie;Bearbeitung;19;Stahl;pulverbeschichtet;26;26;7;0,038;4;57;57;1,0;4;0;0;133;19
PA2026-0885;2026-04-09;Standard;14;Bestandskunde;Sonstige;Bearbeitung;2;Stahl;pulverbeschichtet;28;28;15;0,006;4;6;6;1,0;4;0;0;16;2
PA2026-0886;2026-04-10;Änderung;10;Bestandskunde;Maschinenbau;Bearbeitung;17;Stahl;pulverbeschichtet;28;28;15;0,051;4;51;51;1,0;4;0;0;136;17
PA2026-0887;2026-04-12;Standard;13;Bestandskunde;Maschinenbau;Bearbeitung;3;Stahl;pulverbeschichtet;28;28;15;0,009;4;9;9;1,0;4;0;0;24;3
PA2026-0888;2026-04-12;Standard;15;Bestandskunde;Maschinenbau;Bearbeitung;12;Stahl;pulverbeschichtet;26;26;7;0,024;4;36;36;1,0;4;0;0;84;12
PA2026-0889;2026-04-11;Änderung;12;Bestandskunde;Automobilindustrie;Bearbeitung;3;Stahl;pulverbeschichtet;28;28;15;0,009;4;9;9;1,0;4;0;0;24;3
PA2026-0890;2026-04-15;Standard;11;Bestandskunde;Maschinenbau;Bearbeitung;10;Stahl;pulverbeschichtet;28;28;15;0,03;4;30;30;1,0;4;0;0;80;10
PA2026-0891;2026-04-13;Standard;4;Bestandskunde;Logistiktechnik;Bearbeitung;10;Stahl;pulverbeschichtet;26;26;7;0,02;4;30;30;1,0;4;0;0;70;10
PA2026-0892;2026-04-14;Änderung;12;Bestandskunde;Automobilindustrie;Bearbeitung;15;Stahl;pulverbeschichtet;28;28;15;0,045;4;45;45;1,0;4;0;0;120;15
PA2026-0893;2026-04-09;Standard;7;Bestandskunde;Sonstige;Bearbeitung;8;Stahl;pulverbeschichtet;26;26;7;0,016;4;24;24;1,0;4;0;0;56;8
PA2026-0894;2026-04-09;Standard;10;Neukunde;Haushaltsgeräte;Bearbeitung;15;Stahl;pulverbeschichtet;28;28;15;0,045;4;45;45;1,0;4;0;0;120;15
PA2026-0895;2026-04-11;Änderung;5;Bestandskunde;Haushaltsgeräte;Bearbeitung;13;Stahl;pulverbeschichtet;26;26;7;0,026;4;39;39;1,0;4;0;0;91;13
PA2026-0896;2026-04-15;Standard;15;Bestandskunde;Maschinenbau;Bearbeitung;18;Stahl;pulverbeschichtet;26;26;7;0,036;4;54;54;1,0;4;0;0;126;18
PA2026-0897;2026-04-09;Standard;4;Bestandskunde;Maschinenbau;Bearbeitung;1;Stahl;pulverbeschichtet;26;26;7;0,002;4;3;3;1,0;4;0;0;7;1
PA2026-0898;2026-04-09;Standard;8;Bestandskunde;Medizintechnik;Bearbeitung;6;Stahl;pulverbeschichtet;28;28;15;0,018;4;18;18;1,0;4;0;0;48;6
PA2026-0899;2026-04-15;Änderung;6;Bestandskunde;Haushaltsgeräte;Bearbeitung;19;Stahl;pulverbeschichtet;26;26;7;0,038;4;57;57;1,0;4;0;0;133;19
PA2026-0900;2026-04-09;Standard;14;Bestandskunde;Sonstige;Bearbeitung;3;Stahl;pulverbeschichtet;26;26;7;0,006;4;9;9;1,0;4;0;0;21;3
PA2026-0901;2026-04-11;Standard;12;Bestandskunde;Logistiktechnik;Bearbeitung;19;Stahl;pulverbeschichtet;26;26;7;0,038;4;57;57;1,0;4;0;0;133;19
PA2026-0902;2026-04-15;Standard;7;Bestandskunde;Automobilindustrie;Bearbeitung;11;Stahl;pulverbeschichtet;26;26;7;0,022;4;33;33;1,0;4;0;0;77;11
PA2026-0903;2026-04-11;Standard;6;Bestandskunde;Maschinenbau;Bearbeitung;12;Stahl;pulverbeschichtet;26;26;7;0,024;4;36;36;1,0;4;0;0;84;12
PA2026-0904;2026-04-10;Standard;4;Bestandskunde;Automobilindustrie;Bearbeitung;20;Stahl;pulverbeschichtet;26;26;7;0,04;4;60;60;1,0;4;0;0;140;20
PA2026-0905;2026-04-09;Standard;14;Bestandskunde;Haushaltsgeräte;Bearbeitung;3;Stahl;pulverbeschichtet;28;28;15;0,009;4;9;9;1,0;4;0;0;24;3
PA2026-0906;2026-04-14;Standard;14;Bestandskunde;Sonstige;Bearbeitung;9;Stahl;pulverbeschichtet;28;28;15;0,027;4;27;27;1,0;4;0;0;72;9
PA2026-0907;2026-04-10;Standard;6;Bestandskunde;Haushaltsgeräte;Bearbeitung;6;Stahl;pulverbeschichtet;28;28;15;0,018;4;18;18;1,0;4;0;0;48;6
PA2026-0908;2026-04-09;Änderung;10;Bestandskunde;Medizintechnik;Bearbeitung;8;Stahl;pulverbeschichtet;28;28;15;0,024;4;24;24;1,0;4;0;0;64;8
PA2026-0909;2026-04-13;Standard;6;Bestandskunde;Haushaltsgeräte;Bearbeitung;18;Stahl;pulverbeschichtet;26;26;7;0,036;4;54;54;1,0;4;0;0;126;18
PA2026-0910;2026-04-15;Standard;7;Bestandskunde;Maschinenbau;Bearbeitung;5;Stahl;pulverbeschichtet;26;26;7;0,01;4;15;15;1,0;4;0;0;35;5
PA2026-0911;2026-04-10;Änderung;6;Bestandskunde;Sonstige;Bearbeitung;12;Stahl;pulverbeschichtet;28;28;15;0,036;4;36;36;1,0;4;0;0;96;12
PA2026-0912;2026-04-12;Standard;10;Bestandskunde;Automobilindustrie;Bearbeitung;15;Stahl;pulverbeschichtet;28;28;15;0,045;4;45;45;1,0;4;0;0;120;15
PA2026-0913;2026-04-14;Standard;4;Bestandskunde;Automobilindustrie;Bearbeitung;1;Stahl;pulverbeschichtet;26;26;7;0,002;4;3;3;1,0;4;0;0;7;1
PA2026-0914;2026-04-09;Änderung;5;Bestandskunde;Automobilindustrie;Bearbeitung;19;Stahl;pulverbeschichtet;28;28;15;0,057;4;57;57;1,0;4;0;0;152;19
PA2026-0915;2026-04-10;Änderung;10;Bestandskunde;Maschinenbau;Bearbeitung;8;Stahl;pulverbeschichtet;28;28;15;0,024;4;24;24;1,0;4;0;0;64;8
PA2026-0916;2026-04-14;Standard;13;Bestandskunde;Sonstige;Bearbeitung;8;Stahl;pulverbeschichtet;26;26;7;0,016;4;24;24;1,0;4;0;0;56;8
PA2026-0917;2026-04-13;Standard;14;Bestandskunde;Maschinenbau;Bearbeitung;7;Stahl;pulverbeschichtet;26;26;7;0,014;4;21;21;1,0;4;0;0;49;7
PA2026-0918;2026-04-12;Standard;12;Bestandskunde;Medizintechnik;Bearbeitung;12;Stahl;pulverbeschichtet;28;28;15;0,036;4;36;36;1,0;4;0;0;96;12
PA2026-0919;2026-04-11;Standard;6;Bestandskunde;Automobilindustrie;Bearbeitung;9;Stahl;pulverbeschichtet;28;28;15;0,027;4;27;27;1,0;4;0;0;72;9
PA2026-0920;2026-04-15;Änderung;13;Bestandskunde;Logistiktechnik;Bearbeitung;11;Stahl;pulverbeschichtet;26;26;7;0,022;4;33;33;1,0;4;0;0;77;11
PA2026-0921;2026-04-13;Standard;8;Bestandskunde;Haushaltsgeräte;Bearbeitung;20;Stahl;pulverbeschichtet;26;26;7;0,04;4;60;60;1,0;4;0;0;140;20
PA2026-0922;2026-04-09;Standard;12;Bestandskunde;Haushaltsgeräte;Bearbeitung;7;Stahl;pulverbeschichtet;26;26;7;0,014;4;21;21;1,0;4;0;0;49;7
PA2026-0923;2026-04-11;Änderung;4;Bestandskunde;Maschinenbau;Bearbeitung;8;Stahl;pulverbeschichtet;28;28;15;0,024;4;24;24;1,0;4;0;0;64;8
PA2026-0924;2026-04-12;Standard;10;Bestandskunde;Maschinenbau;Bearbeitung;5;Stahl;pulverbeschichtet;26;26;7;0,01;4;15;15;1,0;4;0;0;35;5
PA2026-0925;2026-04-09;Standard;4;Bestandskunde;Logistiktechnik;Bearbeitung;17;Stahl;pulverbeschichtet;26;26;7;0,034;4;51;51;1,0;4;0;0;119;17
PA2026-0926;2026-04-13;Änderung;13;Bestandskunde;Maschinenbau;Bearbeitung;4;Stahl;pulverbeschichtet;26;26;7;0,008;4;12;12;1,0;4;0;0;28;4
PA2026-0927;2026-04-10;Änderung;5;Bestandskunde;Logistiktechnik;Bearbeitung;14;Stahl;pulverbeschichtet;28;28;15;0,042;4;42;42;1,0;4;0;0;112;14
PA2026-0928;2026-04-11;Standard;10;Bestandskunde;Logistiktechnik;Bearbeitung;1;Stahl;pulverbeschichtet;26;26;7;0,002;4;3;3;1,0;4;0;0;7;1
PA2026-0929;2026-04-11;Standard;7;Bestandskunde;Automobilindustrie;Bearbeitung;19;Stahl;pulverbeschichtet;28;28;15;0,057;4;57;57;1,0;4;0;0;152;19
PA2026-0930;2026-04-12;Änderung;7;Bestandskunde;Medizintechnik;Bearbeitung;12;Stahl;pulverbeschichtet;26;26;7;0,024;4;36;36;1,0;4;0;0;84;12
PA2026-0931;2026-04-14;Standard;3;Bestandskunde;Sonstige;Bearbeitung;11;Stahl;pulverbeschichtet;28;28;15;0,033;4;33;33;1,0;4;0;0;88;11
PA2026-0932;2026-04-12;Standard;10;Bestandskunde;Sonstige;Bearbeitung;19;Stahl;pulverbeschichtet;26;26;7;0,038;4;57;57;1,0;4;0;0;133;19
PA2026-0933;2026-04-13;Standard;11;Bestandskunde;Sonstige;Bearbeitung;12;Stahl;pulverbeschichtet;26;26;7;0,024;4;36;36;1,0;4;0;0;84;12
PA2026-0934;2026-04-12;Änderung;12;Bestandskunde;Haushaltsgeräte;Bearbeitung;12;Stahl;pulverbeschichtet;26;26;7;0,024;4;36;36;1,0;4;0;0;84;12
PA2026-0935;2026-04-13;Standard;9;Bestandskunde;Sonstige;Bearbeitung;18;Stahl;pulverbeschichtet;26;26;7;0,036;4;54;54;1,0;4;0;0;126;18
PA2026-0936;2026-04-14;Änderung;8;Bestandskunde;Maschinenbau;Bearbeitung;11;Stahl;pulverbeschichtet;26;26;7;0,022;4;33;33;1,0;4;0;0;77;11
PA2026-0937;2026-04-13;Standard;14;Bestandskunde;Automobilindustrie;Bearbeitung;12;Stahl;pulverbeschichtet;28;28;15;0,036;4;36;36;1,0;4;0;0;96;12
PA2026-0938;2026-04-13;Standard;15;Bestandskunde;Automobilindustrie;Bearbeitung;18;Stahl;pulverbeschichtet;28;28;15;0,054;4;54;54;1,0;4;0;0;144;18
PA2026-0939;2026-04-13;Standard;12;Bestandskunde;Maschinenbau;Bearbeitung;3;Stahl;pulverbeschichtet;28;28;15;0,009;4;9;9;1,0;4;0;0;24;3
PA2026-0940;2026-04-09;Änderung;5;Bestandskunde;Sonstige;Bearbeitung;3;Stahl;pulverbeschichtet;26;26;7;0,006;4;9;9;1,0;4;0;0;21;3
PA2026-0941;2026-04-11;Standard;5;Bestandskunde;Automobilindustrie;Bearbeitung;7;Stahl;pulverbeschichtet;26;26;7;0,014;4;21;21;1,0;4;0;0;49;7
PA2026-0942;2026-04-12;Standard;7;Bestandskunde;Automobilindustrie;Bearbeitung;1;Stahl;pulverbeschichtet;26;26;7;0,002;4;3;3;1,0;4;0;0;7;1
PA2026-0943;2026-04-09;Standard;3;Bestandskunde;Maschinenbau;Bearbeitung;17;Stahl;pulverbeschichtet;28;28;15;0,051;4;51;51;1,0;4;0;0;136;17
PA2026-0944;2026-04-13;Standard;11;Neukunde;Maschinenbau;Bearbeitung;16;Stahl;pulverbeschichtet;28;28;15;0,048;4;48;48;1,0;4;0;0;128;16
PA2026-0945;2026-04-11;Änderung;6;Bestandskunde;Haushaltsgeräte;Bearbeitung;9;Stahl;pulverbeschichtet;28;28;15;0,027;4;27;27;1,0;4;0;0;72;9
PA2026-0946;2026-04-11;Standard;10;Bestandskunde;Haushaltsgeräte;Bearbeitung;12;Stahl;pulverbeschichtet;26;26;7;0,024;4;36;36;1,0;4;0;0;84;12
PA2026-0947;2026-04-10;Standard;6;Bestandskunde;Sonstige;Bearbeitung;6;Stahl;pulverbeschichtet;28;28;15;0,018;4;18;18;1,0;4;0;0;48;6
PA2026-0948;2026-04-10;Standard;5;Bestandskunde;Sonstige;Bearbeitung;5;Stahl;pulverbeschichtet;26;26;7;0,01;4;15;15;1,0;4;0;0;35;5
PA2026-0949;2026-04-11;Standard;7;Bestandskunde;Sonstige;Bearbeitung;11;Stahl;pulverbeschichtet;28;28;15;0,033;4;33;33;1,0;4;0;0;88;11
PA2026-0950;2026-04-11;Standard;14;Bestandskunde;Logistiktechnik;Bearbeitung;10;Stahl;pulverbeschichtet;28;28;15;0,03;4;30;30;1,0;4;0;0;80;10
PA2026-0951;2026-04-12;Standard;15;Neukunde;Automobilindustrie;Bearbeitung;11;Stahl;pulverbeschichtet;26;26;7;0,022;4;33;33;1,0;4;0;0;77;11
PA2026-0952;2026-04-14;Standard;15;Neukunde;Logistiktechnik;Bearbeitung;16;Stahl;pulverbeschichtet;26;26;7;0,032;4;48;48;1,0;4;0;0;112;16
PA2026-0953;2026-04-14;Standard;7;Bestandskunde;Automobilindustrie;Bearbeitung;15;Stahl;pulverbeschichtet;28;28;15;0,045;4;45;45;1,0;4;0;0;120;15
PA2026-0954;2026-04-09;Änderung;14;Bestandskunde;Maschinenbau;Bearbeitung;18;Stahl;pulverbeschichtet;28;28;15;0,054;4;54;54;1,0;4;0;0;144;18
PA2026-0955;2026-04-09;Standard;11;Bestandskunde;Maschinenbau;Bearbeitung;12;Stahl;pulverbeschichtet;26;26;7;0,024;4;36;36;1,0;4;0;0;84;12
PA2026-0956;2026-04-09;Änderung;7;Bestandskunde;Maschinenbau;Bearbeitung;9;Stahl;pulverbeschichtet;26;26;7;0,018;4;27;27;1,0;4;0;0;63;9
PA2026-0957;2026-04-09;Änderung;13;Neukunde;Automobilindustrie;Bearbeitung;17;Stahl;pulverbeschichtet;26;26;7;0,034;4;51;51;1,0;4;0;0;119;17
PA2026-0958;2026-04-12;Änderung;11;Bestandskunde;Logistiktechnik;Bearbeitung;2;Stahl;pulverbeschichtet;28;28;15;0,006;4;6;6;1,0;4;0;0;16;2
PA2026-0959;2026-04-10;Standard;12;Bestandskunde;Sonstige;Bearbeitung;10;Stahl;pulverbeschichtet;28;28;15;0,03;4;30;30;1,0;4;0;0;80;10
PA2026-0960;2026-04-11;Standard;14;Bestandskunde;Maschinenbau;Bearbeitung;15;Stahl;pulverbeschichtet;28;28;15;0,045;4;45;45;1,0;4;0;0;120;15
PA2026-0961;2026-04-18;Änderung;7;Bestandskunde;Automobilindustrie;Bearbeitung;14;Stahl;pulverbeschichtet;28;28;15;0,042;4;42;42;1,0;4;0;0;112;14
PA2026-0962;2026-04-22;Standard;5;Bestandskunde;Automobilindustrie;Bearbeitung;17;Stahl;pulverbeschichtet;28;28;15;0,051;4;51;51;1,0;4;0;0;136;17
PA2026-0963;2026-04-20;Standard;13;Bestandskunde;Sonstige;Bearbeitung;9;Stahl;pulverbeschichtet;28;28;15;0,027;4;27;27;1,0;4;0;0;72;9
PA2026-0964;2026-04-20;Standard;14;Bestandskunde;Automobilindustrie;Bearbeitung;5;Stahl;pulverbeschichtet;28;28;15;0,015;4;15;15;1,0;4;0;0;40;5
PA2026-0965;2026-04-22;Standard;12;Bestandskunde;Automobilindustrie;Bearbeitung;10;Stahl;pulverbeschichtet;26;26;7;0,02;4;30;30;1,0;4;0;0;70;10
PA2026-0966;2026-04-20;Standard;14;Bestandskunde;Automobilindustrie;Bearbeitung;5;Stahl;pulverbeschichtet;28;28;15;0,015;4;15;15;1,0;4;0;0;40;5
PA2026-0967;2026-04-21;Standard;14;Bestandskunde;Sonstige;Bearbeitung;10;Stahl;pulverbeschichtet;28;28;15;0,03;4;30;30;1,0;4;0;0;80;10
PA2026-0968;2026-04-19;Standard;10;Bestandskunde;Sonstige;Bearbeitung;16;Stahl;pulverbeschichtet;28;28;15;0,048;4;48;48;1,0;4;0;0;128;16
PA2026-0969;2026-04-20;Standard;14;Bestandskunde;Maschinenbau;Bearbeitung;16;Stahl;pulverbeschichtet;26;26;7;0,032;4;48;48;1,0;4;0;0;112;16
PA2026-0970;2026-04-20;Änderung;4;Bestandskunde;Logistiktechnik;Bearbeitung;2;Stahl;pulverbeschichtet;26;26;7;0,004;4;6;6;1,0;4;0;0;14;2
PA2026-0971;2026-04-19;Standard;7;Bestandskunde;Automobilindustrie;Bearbeitung;12;Stahl;pulverbeschichtet;26;26;7;0,024;4;36;36;1,0;4;0;0;84;12
PA2026-0972;2026-04-18;Standard;5;Bestandskunde;Logistiktechnik;Bearbeitung;3;Stahl;pulverbeschichtet;28;28;15;0,009;4;9;9;1,0;4;0;0;24;3
PA2026-0973;2026-04-22;Standard;6;Bestandskunde;Logistiktechnik;Bearbeitung;11;Stahl;pulverbeschichtet;26;26;7;0,022;4;33;33;1,0;4;0;0;77;11
PA2026-0974;2026-04-22;Standard;10;Neukunde;Haushaltsgeräte;Bearbeitung;12;Stahl;pulverbeschichtet;28;28;15;0,036;4;36;36;1,0;4;0;0;96;12
PA2026-0975;2026-04-22;Änderung;7;Bestandskunde;Automobilindustrie;Bearbeitung;12;Stahl;pulverbeschichtet;26;26;7;0,024;4;36;36;1,0;4;0;0;84;12
PA2026-0976;2026-04-18;Standard;7;Bestandskunde;Sonstige;Bearbeitung;8;Stahl;pulverbeschichtet;28;28;15;0,024;4;24;24;1,0;4;0;0;64;8
PA2026-0977;2026-04-19;Standard;15;Bestandskunde;Maschinenbau;Bearbeitung;5;Stahl;pulverbeschichtet;26;26;7;0,01;4;15;15;1,0;4;0;0;35;5
PA2026-0978;2026-04-18;Änderung;10;Bestandskunde;Automobilindustrie;Bearbeitung;15;Stahl;pulverbeschichtet;26;26;7;0,03;4;45;45;1,0;4;0;0;105;15
PA2026-0979;2026-04-21;Standard;10;Neukunde;Logistiktechnik;Bearbeitung;8;Stahl;pulverbeschichtet;28;28;15;0,024;4;24;24;1,0;4;0;0;64;8
PA2026-0980;2026-04-21;Standard;8;Bestandskunde;Automobilindustrie;Bearbeitung;3;Stahl;pulverbeschichtet;26;26;7;0,006;4;9;9;1,0;4;0;0;21;3
PA2026-0981;2026-04-22;Standard;6;Bestandskunde;Medizintechnik;Bearbeitung;14;Stahl;pulverbeschichtet;28;28;15;0,042;4;42;42;1,0;4;0;0;112;14
PA2026-0982;2026-04-16;Änderung;4;Bestandskunde;Automobilindustrie;Bearbeitung;2;Stahl;pulverbeschichtet;26;26;7;0,004;4;6;6;1,0;4;0;0;14;2
PA2026-0983;2026-04-18;Änderung;5;Bestandskunde;Automobilindustrie;Bearbeitung;4;Stahl;pulverbeschichtet;28;28;15;0,012;4;12;12;1,0;4;0;0;32;4
PA2026-0984;2026-04-20;Standard;9;Bestandskunde;Logistiktechnik;Bearbeitung;3;Stahl;pulverbeschichtet;26;26;7;0,006;4;9;9;1,0;4;0;0;21;3
PA2026-0985;2026-04-20;Standard;12;Neukunde;Logistiktechnik;Bearbeitung;20;Stahl;pulverbeschichtet;26;26;7;0,04;4;60;60;1,0;4;0;0;140;20
PA2026-0986;2026-04-16;Standard;3;Neukunde;Logistiktechnik;Bearbeitung;10;Stahl;pulverbeschichtet;26;26;7;0,02;4;30;30;1,0;4;0;0;70;10
PA2026-0987;2026-04-21;Standard;6;Bestandskunde;Sonstige;Bearbeitung;16;Stahl;pulverbeschichtet;26;26;7;0,032;4;48;48;1,0;4;0;0;112;16
PA2026-0988;2026-04-20;Standard;8;Bestandskunde;Automobilindustrie;Bearbeitung;6;Stahl;pulverbeschichtet;28;28;15;0,018;4;18;18;1,0;4;0;0;48;6
PA2026-0989;2026-04-19;Standard;9;Bestandskunde;Automobilindustrie;Bearbeitung;11;Stahl;pulverbeschichtet;28;28;15;0,033;4;33;33;1,0;4;0;0;88;11
PA2026-0990;2026-04-16;Änderung;15;Bestandskunde;Maschinenbau;Bearbeitung;10;Stahl;pulverbeschichtet;26;26;7;0,02;4;30;30;1,0;4;0;0;70;10
PA2026-0991;2026-04-18;Standard;15;Bestandskunde;Maschinenbau;Bearbeitung;20;Stahl;pulverbeschichtet;26;26;7;0,04;4;60;60;1,0;4;0;0;140;20
PA2026-0992;2026-04-22;Änderung;13;Bestandskunde;Medizintechnik;Bearbeitung;14;Stahl;pulverbeschichtet;28;28;15;0,042;4;42;42;1,0;4;0;0;112;14
PA2026-0993;2026-04-22;Standard;14;Bestandskunde;Automobilindustrie;Bearbeitung;1;Stahl;pulverbeschichtet;26;26;7;0,002;4;3;3;1,0;4;0;0;7;1
PA2026-0994;2026-04-16;Standard;11;Bestandskunde;Maschinenbau;Bearbeitung;3;Stahl;pulverbeschichtet;28;28;15;0,009;4;9;9;1,0;4;0;0;24;3
PA2026-0995;2026-04-19;Standard;13;Bestandskunde;Maschinenbau;Bearbeitung;6;Stahl;pulverbeschichtet;26;26;7;0,012;4;18;18;1,0;4;0;0;42;6
PA2026-0996;2026-04-17;Standard;10;Neukunde;Maschinenbau;Bearbeitung;13;Stahl;pulverbeschichtet;26;26;7;0,026;4;39;39;1,0;4;0;0;91;13
PA2026-0997;2026-04-22;Standard;12;Bestandskunde;Logistiktechnik;Bearbeitung;19;Stahl;pulverbeschichtet;26;26;7;0,038;4;57;57;1,0;4;0;0;133;19
PA2026-0998;2026-04-19;Änderung;12;Bestandskunde;Haushaltsgeräte;Bearbeitung;13;Stahl;pulverbeschichtet;28;28;15;0,039;4;39;39;1,0;4;0;0;104;13
PA2026-0999;2026-04-18;Standard;6;Bestandskunde;Haushaltsgeräte;Bearbeitung;9;Stahl;pulverbeschichtet;28;28;15;0,027;4;27;27;1,0;4;0;0;72;9
PA2026-1000;2026-04-17;Standard;5;Bestandskunde;Automobilindustrie;Bearbeitung;3;Stahl;pulverbeschichtet;28;28;15;0,009;4;9;9;1,0;4;0;0;24;3
PA2026-1001;2026-04-16;Änderung;6;Bestandskunde;Logistiktechnik;Bearbeitung;5;Stahl;pulverbeschichtet;28;28;15;0,015;4;15;15;1,0;4;0;0;40;5
PA2026-1002;2026-04-20;Änderung;6;Bestandskunde;Maschinenbau;Bearbeitung;17;Stahl;pulverbeschichtet;28;28;15;0,051;4;51;51;1,0;4;0;0;136;17
PA2026-1003;2026-04-17;Standard;10;Bestandskunde;Automobilindustrie;Bearbeitung;9;Stahl;pulverbeschichtet;28;28;15;0,027;4;27;27;1,0;4;0;0;72;9
PA2026-1004;2026-04-20;Standard;4;Bestandskunde;Maschinenbau;Bearbeitung;14;Stahl;pulverbeschichtet;28;28;15;0,042;4;42;42;1,0;4;0;0;112;14
PA2026-1005;2026-04-19;Standard;11;Bestandskunde;Haushaltsgeräte;Bearbeitung;2;Stahl;pulverbeschichtet;26;26;7;0,004;4;6;6;1,0;4;0;0;14;2
PA2026-1006;2026-04-20;Standard;10;Bestandskunde;Logistiktechnik;Bearbeitung;14;Stahl;pulverbeschichtet;26;26;7;0,028;4;42;42;1,0;4;0;0;98;14
PA2026-1007;2026-04-21;Standard;13;Bestandskunde;Haushaltsgeräte;Bearbeitung;16;Stahl;pulverbeschichtet;26;26;7;0,032;4;48;48;1,0;4;0;0;112;16
PA2026-1008;2026-04-20;Standard;8;Bestandskunde;Maschinenbau;Bearbeitung;16;Stahl;pulverbeschichtet;28;28;15;0,048;4;48;48;1,0;4;0;0;128;16
PA2026-1009;2026-04-21;Änderung;12;Bestandskunde;Automobilindustrie;Bearbeitung;2;Stahl;pulverbeschichtet;28;28;15;0,006;4;6;6;1,0;4;0;0;16;2
PA2026-1010;2026-04-17;Änderung;10;Bestandskunde;Logistiktechnik;Bearbeitung;1;Stahl;pulverbeschichtet;26;26;7;0,002;4;3;3;1,0;4;0;0;7;1
PA2026-1011;2026-04-16;Änderung;12;Bestandskunde;Maschinenbau;Bearbeitung;12;Stahl;pulverbeschichtet;28;28;15;0,036;4;36;36;1,0;4;0;0;96;12
PA2026-1012;2026-04-17;Standard;8;Bestandskunde;Automobilindustrie;Bearbeitung;3;Stahl;pulverbeschichtet;26;26;7;0,006;4;9;9;1,0;4;0;0;21;3
PA2026-1013;2026-04-18;Standard;7;Bestandskunde;Automobilindustrie;Bearbeitung;15;Stahl;pulverbeschichtet;28;28;15;0,045;4;45;45;1,0;4;0;0;120;15
PA2026-1014;2026-04-20;Standard;14;Bestandskunde;Automobilindustrie;Bearbeitung;19;Stahl;pulverbeschichtet;28;28;15;0,057;4;57;57;1,0;4;0;0;152;19
PA2026-1015;2026-04-19;Änderung;13;Bestandskunde;Sonstige;Bearbeitung;16;Stahl;pulverbeschichtet;26;26;7;0,032;4;48;48;1,0;4;0;0;112;16
PA2026-1016;2026-04-18;Standard;15;Bestandskunde;Haushaltsgeräte;Bearbeitung;11;Stahl;pulverbeschichtet;26;26;7;0,022;4;33;33;1,0;4;0;0;77;11
PA2026-1017;2026-04-18;Standard;13;Bestandskunde;Automobilindustrie;Bearbeitung;3;Stahl;pulverbeschichtet;26;26;7;0,006;4;9;9;1,0;4;0;0;21;3
PA2026-1018;2026-04-18;Standard;5;Bestandskunde;Haushaltsgeräte;Bearbeitung;8;Stahl;pulverbeschichtet;26;26;7;0,016;4;24;24;1,0;4;0;0;56;8
PA2026-1019;2026-04-20;Änderung;11;Bestandskunde;Automobilindustrie;Bearbeitung;17;Stahl;pulverbeschichtet;26;26;7;0,034;4;51;51;1,0;4;0;0;119;17
PA2026-1020;2026-04-17;Standard;10;Bestandskunde;Medizintechnik;Bearbeitung;10;Stahl;pulverbeschichtet;28;28;15;0,03;4;30;30;1,0;4;0;0;80;10
PA2026-1021;2026-04-21;Standard;11;Bestandskunde;Medizintechnik;Bearbeitung;20;Stahl;pulverbeschichtet;28;28;15;0,06;4;60;60;1,0;4;0;0;160;20
PA2026-1022;2026-04-22;Standard;7;Bestandskunde;Automobilindustrie;Bearbeitung;17;Stahl;pulverbeschichtet;28;28;15;0,051;4;51;51;1,0;4;0;0;136;17
PA2026-1023;2026-04-17;Änderung;13;Bestandskunde;Automobilindustrie;Bearbeitung;20;Stahl;pulverbeschichtet;26;26;7;0,04;4;60;60;1,0;4;0;0;140;20
PA2026-1024;2026-04-21;Standard;4;Bestandskunde;Automobilindustrie;Bearbeitung;5;Stahl;pulverbeschichtet;28;28;15;0,015;4;15;15;1,0;4;0;0;40;5
PA2026-1025;2026-04-21;Änderung;10;Bestandskunde;Sonstige;Bearbeitung;3;Stahl;pulverbeschichtet;26;26;7;0,006;4;9;9;1,0;4;0;0;21;3
PA2026-1026;2026-04-18;Standard;10;Bestandskunde;Medizintechnik;Bearbeitung;20;Stahl;pulverbeschichtet;26;26;7;0,04;4;60;60;1,0;4;0;0;140;20
PA2026-1027;2026-04-17;Standard;5;Bestandskunde;Haushaltsgeräte;Bearbeitung;10;Stahl;pulverbeschichtet;26;26;7;0,02;4;30;30;1,0;4;0;0;70;10
PA2026-1028;2026-04-20;Änderung;14;Neukunde;Maschinenbau;Bearbeitung;7;Stahl;pulverbeschichtet;28;28;15;0,021;4;21;21;1,0;4;0;0;56;7
PA2026-1029;2026-04-17;Standard;3;Bestandskunde;Sonstige;Bearbeitung;18;Stahl;pulverbeschichtet;26;26;7;0,036;4;54;54;1,0;4;0;0;126;18
PA2026-1030;2026-04-21;Standard;14;Bestandskunde;Haushaltsgeräte;Bearbeitung;3;Stahl;pulverbeschichtet;26;26;7;0,006;4;9;9;1,0;4;0;0;21;3
PA2026-1031;2026-04-18;Standard;5;Bestandskunde;Sonstige;Bearbeitung;12;Stahl;pulverbeschichtet;28;28;15;0,036;4;36;36;1,0;4;0;0;96;12
PA2026-1032;2026-04-22;Standard;7;Bestandskunde;Maschinenbau;Bearbeitung;17;Stahl;pulverbeschichtet;26;26;7;0,034;4;51;51;1,0;4;0;0;119;17
PA2026-1033;2026-04-19;Standard;5;Bestandskunde;Haushaltsgeräte;Bearbeitung;11;Stahl;pulverbeschichtet;26;26;7;0,022;4;33;33;1,0;4;0;0;77;11
PA2026-1034;2026-04-21;Standard;13;Neukunde;Automobilindustrie;Bearbeitung;14;Stahl;pulverbeschichtet;28;28;15;0,042;4;42;42;1,0;4;0;0;112;14
PA2026-1035;2026-04-16;Standard;6;Bestandskunde;Logistiktechnik;Bearbeitung;14;Stahl;pulverbeschichtet;26;26;7;0,028;4;42;42;1,0;4;0;0;98;14
PA2026-1036;2026-04-16;Änderung;14;Bestandskunde;Medizintechnik;Bearbeitung;4;Stahl;pulverbeschichtet;28;28;15;0,012;4;12;12;1,0;4;0;0;32;4
PA2026-1037;2026-04-19;Standard;15;Bestandskunde;Automobilindustrie;Bearbeitung;5;Stahl;pulverbeschichtet;28;28;15;0,015;4;15;15;1,0;4;0;0;40;5
PA2026-1038;2026-04-21;Standard;12;Bestandskunde;Medizintechnik;Bearbeitung;20;Stahl;pulverbeschichtet;28;28;15;0,06;4;60;60;1,0;4;0;0;160;20
PA2026-1039;2026-04-21;Änderung;8;Bestandskunde;Maschinenbau;Bearbeitung;12;Stahl;pulverbeschichtet;26;26;7;0,024;4;36;36;1,0;4;0;0;84;12
PA2026-1040;2026-04-22;Standard;13;Bestandskunde;Automobilindustrie;Bearbeitung;13;Stahl;pulverbeschichtet;26;26;7;0,026;4;39;39;1,0;4;0;0;91;13
PA2026-1041;2026-04-16;Änderung;8;Bestandskunde;Maschinenbau;Bearbeitung;6;Stahl;pulverbeschichtet;28;28;15;0,018;4;18;18;1,0;4;0;0;48;6
PA2026-1042;2026-04-18;Änderung;13;Bestandskunde;Sonstige;Bearbeitung;3;Stahl;pulverbeschichtet;28;28;15;0,009;4;9;9;1,0;4;0;0;24;3
PA2026-1043;2026-04-21;Änderung;13;Bestandskunde;Maschinenbau;Bearbeitung;14;Stahl;pulverbeschichtet;28;28;15;0,042;4;42;42;1,0;4;0;0;112;14
PA2026-1044;2026-04-21;Standard;9;Bestandskunde;Medizintechnik;Bearbeitung;20;Stahl;pulverbeschichtet;26;26;7;0,04;4;60;60;1,0;4;0;0;140;20
PA2026-1045;2026-04-21;Standard;3;Bestandskunde;Automobilindustrie;Bearbeitung;6;Stahl;pulverbeschichtet;28;28;15;0,018;4;18;18;1,0;4;0;0;48;6
PA2026-1046;2026-04-17;Standard;3;Bestandskunde;Maschinenbau;Bearbeitung;11;Stahl;pulverbeschichtet;28;28;15;0,033;4;33;33;1,0;4;0;0;88;11
PA2026-1047;2026-04-17;Standard;8;Neukunde;Haushaltsgeräte;Bearbeitung;5;Stahl;pulverbeschichtet;26;26;7;0,01;4;15;15;1,0;4;0;0;35;5
PA2026-1048;2026-04-19;Änderung;15;Bestandskunde;Logistiktechnik;Bearbeitung;6;Stahl;pulverbeschichtet;28;28;15;0,018;4;18;18;1,0;4;0;0;48;6
PA2026-1049;2026-04-17;Standard;5;Bestandskunde;Logistiktechnik;Bearbeitung;13;Stahl;pulverbeschichtet;28;28;15;0,039;4;39;39;1,0;4;0;0;104;13
PA2026-1050;2026-04-16;Standard;8;Bestandskunde;Automobilindustrie;Bearbeitung;7;Stahl;pulverbeschichtet;26;26;7;0,014;4;21;21;1,0;4;0;0;49;7
PA2026-1051;2026-04-29;Standard;7;Bestandskunde;Haushaltsgeräte;Bearbeitung;20;Stahl;pulverbeschichtet;28;28;15;0,06;4;60;60;1,0;4;0;0;160;20
PA2026-1052;2026-04-23;Änderung;11;Bestandskunde;Logistiktechnik;Bearbeitung;1;Stahl;pulverbeschichtet;28;28;15;0,003;4;3;3;1,0;4;0;0;8;1
PA2026-1053;2026-04-29;Standard;14;Bestandskunde;Logistiktechnik;Bearbeitung;7;Stahl;pulverbeschichtet;28;28;15;0,021;4;21;21;1,0;4;0;0;56;7
PA2026-1054;2026-04-28;Standard;14;Bestandskunde;Automobilindustrie;Bearbeitung;7;Stahl;pulverbeschichtet;28;28;15;0,021;4;21;21;1,0;4;0;0;56;7
PA2026-1055;2026-04-28;Standard;8;Bestandskunde;Maschinenbau;Bearbeitung;5;Stahl;pulverbeschichtet;26;26;7;0,01;4;15;15;1,0;4;0;0;35;5
PA2026-1056;2026-04-25;Änderung;9;Bestandskunde;Automobilindustrie;Bearbeitung;12;Stahl;pulverbeschichtet;26;26;7;0,024;4;36;36;1,0;4;0;0;84;12
PA2026-1057;2026-04-23;Standard;14;Bestandskunde;Haushaltsgeräte;Bearbeitung;13;Stahl;pulverbeschichtet;28;28;15;0,039;4;39;39;1,0;4;0;0;104;13
PA2026-1058;2026-04-28;Standard;13;Bestandskunde;Sonstige;Bearbeitung;4;Stahl;pulverbeschichtet;26;26;7;0,008;4;12;12;1,0;4;0;0;28;4
PA2026-1059;2026-04-25;Standard;9;Bestandskunde;Logistiktechnik;Bearbeitung;20;Stahl;pulverbeschichtet;26;26;7;0,04;4;60;60;1,0;4;0;0;140;20
PA2026-1060;2026-04-25;Standard;15;Bestandskunde;Sonstige;Bearbeitung;13;Stahl;pulverbeschichtet;26;26;7;0,026;4;39;39;1,0;4;0;0;91;13
PA2026-1061;2026-04-27;Änderung;4;Bestandskunde;Maschinenbau;Bearbeitung;17;Stahl;pulverbeschichtet;28;28;15;0,051;4;51;51;1,0;4;0;0;136;17
PA2026-1062;2026-04-26;Änderung;7;Bestandskunde;Automobilindustrie;Bearbeitung;14;Stahl;pulverbeschichtet;28;28;15;0,042;4;42;42;1,0;4;0;0;112;14
PA2026-1063;2026-04-23;Standard;11;Bestandskunde;Maschinenbau;Bearbeitung;9;Stahl;pulverbeschichtet;26;26;7;0,018;4;27;27;1,0;4;0;0;63;9
PA2026-1064;2026-04-25;Standard;10;Bestandskunde;Logistiktechnik;Bearbeitung;9;Stahl;pulverbeschichtet;28;28;15;0,027;4;27;27;1,0;4;0;0;72;9
PA2026-1065;2026-04-24;Änderung;10;Bestandskunde;Automobilindustrie;Bearbeitung;5;Stahl;pulverbeschichtet;28;28;15;0,015;4;15;15;1,0;4;0;0;40;5
PA2026-1066;2026-04-24;Standard;5;Bestandskunde;Maschinenbau;Bearbeitung;16;Stahl;pulverbeschichtet;28;28;15;0,048;4;48;48;1,0;4;0;0;128;16
PA2026-1067;2026-04-28;Änderung;13;Neukunde;Sonstige;Bearbeitung;16;Stahl;pulverbeschichtet;28;28;15;0,048;4;48;48;1,0;4;0;0;128;16
PA2026-1068;2026-04-25;Standard;15;Bestandskunde;Maschinenbau;Bearbeitung;5;Stahl;pulverbeschichtet;26;26;7;0,01;4;15;15;1,0;4;0;0;35;5
PA2026-1069;2026-04-23;Änderung;7;Bestandskunde;Sonstige;Bearbeitung;6;Stahl;pulverbeschichtet;26;26;7;0,012;4;18;18;1,0;4;0;0;42;6
PA2026-1070;2026-04-28;Standard;8;Bestandskunde;Maschinenbau;Bearbeitung;17;Stahl;pulverbeschichtet;28;28;15;0,051;4;51;51;1,0;4;0;0;136;17
PA2026-1071;2026-04-23;Standard;8;Bestandskunde;Automobilindustrie;Bearbeitung;11;Stahl;pulverbeschichtet;26;26;7;0,022;4;33;33;1,0;4;0;0;77;11
PA2026-1072;2026-04-28;Standard;6;Bestandskunde;Sonstige;Bearbeitung;4;Stahl;pulverbeschichtet;26;26;7;0,008;4;12;12;1,0;4;0;0;28;4
PA2026-1073;2026-04-23;Änderung;5;Bestandskunde;Automobilindustrie;Bearbeitung;16;Stahl;pulverbeschichtet;28;28;15;0,048;4;48;48;1,0;4;0;0;128;16
PA2026-1074;2026-04-25;Standard;4;Bestandskunde;Logistiktechnik;Bearbeitung;20;Stahl;pulverbeschichtet;28;28;15;0,06;4;60;60;1,0;4;0;0;160;20
PA2026-1075;2026-04-28;Standard;7;Bestandskunde;Maschinenbau;Bearbeitung;10;Stahl;pulverbeschichtet;28;28;15;0,03;4;30;30;1,0;4;0;0;80;10
PA2026-1076;2026-04-28;Änderung;5;Bestandskunde;Medizintechnik;Bearbeitung;3;Stahl;pulverbeschichtet;28;28;15;0,009;4;9;9;1,0;4;0;0;24;3
PA2026-1077;2026-04-24;Änderung;8;Bestandskunde;Sonstige;Bearbeitung;3;Stahl;pulverbeschichtet;28;28;15;0,009;4;9;9;1,0;4;0;0;24;3
PA2026-1078;2026-04-24;Änderung;11;Bestandskunde;Sonstige;Bearbeitung;5;Stahl;pulverbeschichtet;26;26;7;0,01;4;15;15;1,0;4;0;0;35;5
PA2026-1079;2026-04-26;Standard;14;Neukunde;Sonstige;Bearbeitung;20;Stahl;pulverbeschichtet;26;26;7;0,04;4;60;60;1,0;4;0;0;140;20
PA2026-1080;2026-04-28;Standard;6;Bestandskunde;Automobilindustrie;Bearbeitung;16;Stahl;pulverbeschichtet;26;26;7;0,032;4;48;48;1,0;4;0;0;112;16
PA2026-1081;2026-04-26;Standard;10;Bestandskunde;Automobilindustrie;Bearbeitung;14;Stahl;pulverbeschichtet;28;28;15;0,042;4;42;42;1,0;4;0;0;112;14
PA2026-1082;2026-04-24;Änderung;12;Bestandskunde;Sonstige;Bearbeitung;17;Stahl;pulverbeschichtet;28;28;15;0,051;4;51;51;1,0;4;0;0;136;17
PA2026-1083;2026-04-28;Standard;8;Neukunde;Automobilindustrie;Bearbeitung;16;Stahl;pulverbeschichtet;28;28;15;0,048;4;48;48;1,0;4;0;0;128;16
PA2026-1084;2026-04-26;Standard;14;Bestandskunde;Logistiktechnik;Bearbeitung;10;Stahl;pulverbeschichtet;26;26;7;0,02;4;30;30;1,0;4;0;0;70;10
PA2026-1085;2026-04-28;Änderung;10;Bestandskunde;Automobilindustrie;Bearbeitung;10;Stahl;pulverbeschichtet;26;26;7;0,02;4;30;30;1,0;4;0;0;70;10
PA2026-1086;2026-04-23;Standard;15;Bestandskunde;Logistiktechnik;Bearbeitung;4;Stahl;pulverbeschichtet;26;26;7;0,008;4;12;12;1,0;4;0;0;28;4
PA2026-1087;2026-04-28;Standard;9;Bestandskunde;Sonstige;Bearbeitung;17;Stahl;pulverbeschichtet;28;28;15;0,051;4;51;51;1,0;4;0;0;136;17
PA2026-1088;2026-04-28;Standard;13;Bestandskunde;Logistiktechnik;Bearbeitung;13;Stahl;pulverbeschichtet;26;26;7;0,026;4;39;39;1,0;4;0;0;91;13
PA2026-1089;2026-04-26;Standard;10;Bestandskunde;Automobilindustrie;Bearbeitung;15;Stahl;pulverbeschichtet;26;26;7;0,03;4;45;45;1,0;4;0;0;105;15
PA2026-1090;2026-04-29;Änderung;7;Bestandskunde;Maschinenbau;Bearbeitung;20;Stahl;pulverbeschichtet;28;28;15;0,06;4;60;60;1,0;4;0;0;160;20
PA2026-1091;2026-04-23;Änderung;12;Bestandskunde;Sonstige;Bearbeitung;4;Stahl;pulverbeschichtet;28;28;15;0,012;4;12;12;1,0;4;0;0;32;4
PA2026-1092;2026-04-28;Änderung;14;Bestandskunde;Haushaltsgeräte;Bearbeitung;20;Stahl;pulverbeschichtet;26;26;7;0,04;4;60;60;1,0;4;0;0;140;20
PA2026-1093;2026-04-27;Änderung;12;Bestandskunde;Logistiktechnik;Bearbeitung;13;Stahl;pulverbeschichtet;28;28;15;0,039;4;39;39;1,0;4;0;0;104;13
PA2026-1094;2026-04-24;Standard;5;Bestandskunde;Automobilindustrie;Bearbeitung;1;Stahl;pulverbeschichtet;28;28;15;0,003;4;3;3;1,0;4;0;0;8;1
PA2026-1095;2026-04-24;Änderung;14;Bestandskunde;Logistiktechnik;Bearbeitung;14;Stahl;pulverbeschichtet;26;26;7;0,028;4;42;42;1,0;4;0;0;98;14
PA2026-1096;2026-04-25;Standard;14;Bestandskunde;Sonstige;Bearbeitung;4;Stahl;pulverbeschichtet;26;26;7;0,008;4;12;12;1,0;4;0;0;28;4
PA2026-1097;2026-04-28;Änderung;13;Bestandskunde;Haushaltsgeräte;Bearbeitung;15;Stahl;pulverbeschichtet;26;26;7;0,03;4;45;45;1,0;4;0;0;105;15
PA2026-1098;2026-04-25;Änderung;12;Bestandskunde;Maschinenbau;Bearbeitung;14;Stahl;pulverbeschichtet;26;26;7;0,028;4;42;42;1,0;4;0;0;98;14
PA2026-1099;2026-04-28;Standard;10;Bestandskunde;Logistiktechnik;Bearbeitung;17;Stahl;pulverbeschichtet;28;28;15;0,051;4;51;51;1,0;4;0;0;136;17
PA2026-1100;2026-04-28;Änderung;4;Bestandskunde;Automobilindustrie;Bearbeitung;11;Stahl;pulverbeschichtet;28;28;15;0,033;4;33;33;1,0;4;0;0;88;11
PA2026-1101;2026-04-28;Änderung;13;Bestandskunde;Automobilindustrie;Bearbeitung;20;Stahl;pulverbeschichtet;26;26;7;0,04;4;60;60;1,0;4;0;0;140;20
PA2026-1102;2026-04-28;Standard;13;Bestandskunde;Maschinenbau;Bearbeitung;7;Stahl;pulverbeschichtet;28;28;15;0,021;4;21;21;1,0;4;0;0;56;7
PA2026-1103;2026-04-26;Änderung;10;Bestandskunde;Maschinenbau;Bearbeitung;11;Stahl;pulverbeschichtet;28;28;15;0,033;4;33;33;1,0;4;0;0;88;11
PA2026-1104;2026-04-25;Standard;12;Bestandskunde;Medizintechnik;Bearbeitung;12;Stahl;pulverbeschichtet;28;28;15;0,036;4;36;36;1,0;4;0;0;96;12
PA2026-1105;2026-04-27;Änderung;9;Bestandskunde;Medizintechnik;Bearbeitung;16;Stahl;pulverbeschichtet;28;28;15;0,048;4;48;48;1,0;4;0;0;128;16
PA2026-1106;2026-04-24;Standard;6;Bestandskunde;Sonstige;Bearbeitung;14;Stahl;pulverbeschichtet;26;26;7;0,028;4;42;42;1,0;4;0;0;98;14
PA2026-1107;2026-04-24;Standard;7;Bestandskunde;Logistiktechnik;Bearbeitung;12;Stahl;pulverbeschichtet;28;28;15;0,036;4;36;36;1,0;4;0;0;96;12
PA2026-1108;2026-04-28;Standard;8;Bestandskunde;Automobilindustrie;Bearbeitung;17;Stahl;pulverbeschichtet;28;28;15;0,051;4;51;51;1,0;4;0;0;136;17
PA2026-1109;2026-04-25;Standard;13;Bestandskunde;Logistiktechnik;Bearbeitung;18;Stahl;pulverbeschichtet;26;26;7;0,036;4;54;54;1,0;4;0;0;126;18
PA2026-1110;2026-04-25;Änderung;10;Neukunde;Automobilindustrie;Bearbeitung;18;Stahl;pulverbeschichtet;26;26;7;0,036;4;54;54;1,0;4;0;0;126;18
PA2026-1111;2026-04-29;Änderung;15;Bestandskunde;Maschinenbau;Bearbeitung;2;Stahl;pulverbeschichtet;28;28;15;0,006;4;6;6;1,0;4;0;0;16;2
PA2026-1112;2026-04-29;Änderung;6;Bestandskunde;Haushaltsgeräte;Bearbeitung;20;Stahl;pulverbeschichtet;28;28;15;0,06;4;60;60;1,0;4;0;0;160;20
PA2026-1113;2026-04-27;Standard;6;Bestandskunde;Logistiktechnik;Bearbeitung;7;Stahl;pulverbeschichtet;26;26;7;0,014;4;21;21;1,0;4;0;0;49;7
PA2026-1114;2026-04-28;Standard;10;Neukunde;Automobilindustrie;Bearbeitung;16;Stahl;pulverbeschichtet;28;28;15;0,048;4;48;48;1,0;4;0;0;128;16
PA2026-1115;2026-04-28;Änderung;12;Bestandskunde;Medizintechnik;Bearbeitung;7;Stahl;pulverbeschichtet;26;26;7;0,014;4;21;21;1,0;4;0;0;49;7
PA2026-1116;2026-04-29;Standard;3;Bestandskunde;Automobilindustrie;Bearbeitung;11;Stahl;pulverbeschichtet;28;28;15;0,033;4;33;33;1,0;4;0;0;88;11
PA2026-1117;2026-04-24;Standard;5;Neukunde;Sonstige;Bearbeitung;14;Stahl;pulverbeschichtet;28;28;15;0,042;4;42;42;1,0;4;0;0;112;14
PA2026-1118;2026-04-28;Standard;8;Neukunde;Logistiktechnik;Bearbeitung;14;Stahl;pulverbeschichtet;28;28;15;0,042;4;42;42;1,0;4;0;0;112;14
PA2026-1119;2026-04-29;Standard;12;Bestandskunde;Maschinenbau;Bearbeitung;15;Stahl;pulverbeschichtet;26;26;7;0,03;4;45;45;1,0;4;0;0;105;15
PA2026-1120;2026-04-26;Standard;7;Bestandskunde;Haushaltsgeräte;Bearbeitung;17;Stahl;pulverbeschichtet;28;28;15;0,051;4;51;51;1,0;4;0;0;136;17
PA2026-1121;2026-04-25;Änderung;10;Bestandskunde;Automobilindustrie;Bearbeitung;14;Stahl;pulverbeschichtet;26;26;7;0,028;4;42;42;1,0;4;0;0;98;14
PA2026-1122;2026-04-29;Änderung;4;Bestandskunde;Maschinenbau;Bearbeitung;19;Stahl;pulverbeschichtet;26;26;7;0,038;4;57;57;1,0;4;0;0;133;19
PA2026-1123;2026-04-26;Änderung;13;Bestandskunde;Automobilindustrie;Bearbeitung;10;Stahl;pulverbeschichtet;26;26;7;0,02;4;30;30;1,0;4;0;0;70;10
PA2026-1124;2026-04-23;Standard;9;Bestandskunde;Sonstige;Bearbeitung;5;Stahl;pulverbeschichtet;28;28;15;0,015;4;15;15;1,0;4;0;0;40;5
PA2026-1125;2026-04-28;Standard;8;Bestandskunde;Automobilindustrie;Bearbeitung;20;Stahl;pulverbeschichtet;28;28;15;0,06;4;60;60;1,0;4;0;0;160;20
PA2026-1126;2026-04-25;Standard;12;Bestandskunde;Automobilindustrie;Bearbeitung;3;Stahl;pulverbeschichtet;28;28;15;0,009;4;9;9;1,0;4;0;0;24;3
PA2026-1127;2026-04-26;Standard;7;Bestandskunde;Maschinenbau;Bearbeitung;7;Stahl;pulverbeschichtet;26;26;7;0,014;4;21;21;1,0;4;0;0;49;7
PA2026-1128;2026-04-27;Standard;11;Bestandskunde;Haushaltsgeräte;Bearbeitung;1;Stahl;pulverbeschichtet;26;26;7;0,002;4;3;3;1,0;4;0;0;7;1
PA2026-1129;2026-04-29;Standard;10;Bestandskunde;Medizintechnik;Bearbeitung;4;Stahl;pulverbeschichtet;28;28;15;0,012;4;12;12;1,0;4;0;0;32;4
PA2026-1130;2026-04-25;Standard;15;Bestandskunde;Automobilindustrie;Bearbeitung;4;Stahl;pulverbeschichtet;26;26;7;0,008;4;12;12;1,0;4;0;0;28;4
PA2026-1131;2026-04-27;Standard;4;Neukunde;Medizintechnik;Bearbeitung;19;Stahl;pulverbeschichtet;28;28;15;0,057;4;57;57;1,0;4;0;0;152;19
PA2026-1132;2026-04-25;Standard;10;Bestandskunde;Sonstige;Bearbeitung;19;Stahl;pulverbeschichtet;26;26;7;0,038;4;57;57;1,0;4;0;0;133;19
PA2026-1133;2026-04-27;Änderung;9;Bestandskunde;Automobilindustrie;Bearbeitung;7;Stahl;pulverbeschichtet;26;26;7;0,014;4;21;21;1,0;4;0;0;49;7
PA2026-1134;2026-04-23;Standard;6;Neukunde;Logistiktechnik;Bearbeitung;3;Stahl;pulverbeschichtet;28;28;15;0,009;4;9;9;1,0;4;0;0;24;3
PA2026-1135;2026-04-26;Standard;7;Bestandskunde;Medizintechnik;Bearbeitung;12;Stahl;pulverbeschichtet;26;26;7;0,024;4;36;36;1,0;4;0;0;84;12
PA2026-1136;2026-04-27;Änderung;15;Bestandskunde;Sonstige;Bearbeitung;19;Stahl;pulverbeschichtet;28;28;15;0,057;4;57;57;1,0;4;0;0;152;19
PA2026-1137;2026-04-26;Standard;15;Bestandskunde;Maschinenbau;Bearbeitung;14;Stahl;pulverbeschichtet;28;28;15;0,042;4;42;42;1,0;4;0;0;112;14
PA2026-1138;2026-04-27;Änderung;7;Bestandskunde;Maschinenbau;Bearbeitung;17;Stahl;pulverbeschichtet;26;26;7;0,034;4;51;51;1,0;4;0;0;119;17
PA2026-1139;2026-04-26;Standard;15;Bestandskunde;Logistiktechnik;Bearbeitung;18;Stahl;pulverbeschichtet;26;26;7;0,036;4;54;54;1,0;4;0;0;126;18
PA2026-1140;2026-04-27;Standard;14;Bestandskunde;Automobilindustrie;Bearbeitung;10;Stahl;pulverbeschichtet;28;28;15;0,03;4;30;30;1,0;4;0;0;80;10
PA2026-1141;2026-04-30;Standard;11;Bestandskunde;Automobilindustrie;Bearbeitung;10;Stahl;pulverbeschichtet;26;26;7;0,02;4;30;30;1,0;4;0;0;70;10
PA2026-1142;2026-05-06;Änderung;7;Bestandskunde;Sonstige;Bearbeitung;2;Stahl;pulverbeschichtet;28;28;15;0,006;4;6;6;1,0;4;0;0;16;2
PA2026-1143;2026-05-01;Standard;6;Bestandskunde;Sonstige;Bearbeitung;4;Stahl;pulverbeschichtet;28;28;15;0,012;4;12;12;1,0;4;0;0;32;4
PA2026-1144;2026-05-06;Standard;4;Bestandskunde;Logistiktechnik;Bearbeitung;19;Stahl;pulverbeschichtet;28;28;15;0,057;4;57;57;1,0;4;0;0;152;19
PA2026-1145;2026-05-06;Standard;12;Neukunde;Automobilindustrie;Bearbeitung;20;Stahl;pulverbeschichtet;28;28;15;0,06;4;60;60;1,0;4;0;0;160;20
PA2026-1146;2026-05-04;Änderung;14;Bestandskunde;Logistiktechnik;Bearbeitung;5;Stahl;pulverbeschichtet;26;26;7;0,01;4;15;15;1,0;4;0;0;35;5
PA2026-1147;2026-05-06;Standard;12;Bestandskunde;Sonstige;Bearbeitung;11;Stahl;pulverbeschichtet;28;28;15;0,033;4;33;33;1,0;4;0;0;88;11
PA2026-1148;2026-05-05;Standard;9;Bestandskunde;Logistiktechnik;Bearbeitung;1;Stahl;pulverbeschichtet;26;26;7;0,002;4;3;3;1,0;4;0;0;7;1
PA2026-1149;2026-05-05;Standard;6;Bestandskunde;Maschinenbau;Bearbeitung;20;Stahl;pulverbeschichtet;28;28;15;0,06;4;60;60;1,0;4;0;0;160;20
PA2026-1150;2026-05-06;Änderung;14;Bestandskunde;Maschinenbau;Bearbeitung;18;Stahl;pulverbeschichtet;26;26;7;0,036;4;54;54;1,0;4;0;0;126;18
PA2026-1151;2026-05-02;Änderung;8;Bestandskunde;Sonstige;Bearbeitung;19;Stahl;pulverbeschichtet;26;26;7;0,038;4;57;57;1,0;4;0;0;133;19
PA2026-1152;2026-05-06;Änderung;11;Bestandskunde;Automobilindustrie;Bearbeitung;1;Stahl;pulverbeschichtet;28;28;15;0,003;4;3;3;1,0;4;0;0;8;1
PA2026-1153;2026-05-01;Änderung;12;Bestandskunde;Sonstige;Bearbeitung;13;Stahl;pulverbeschichtet;28;28;15;0,039;4;39;39;1,0;4;0;0;104;13
PA2026-1154;2026-04-30;Standard;6;Bestandskunde;Automobilindustrie;Bearbeitung;6;Stahl;pulverbeschichtet;28;28;15;0,018;4;18;18;1,0;4;0;0;48;6
PA2026-1155;2026-05-01;Standard;10;Bestandskunde;Automobilindustrie;Bearbeitung;2;Stahl;pulverbeschichtet;28;28;15;0,006;4;6;6;1,0;4;0;0;16;2
PA2026-1156;2026-04-30;Standard;4;Bestandskunde;Automobilindustrie;Bearbeitung;5;Stahl;pulverbeschichtet;28;28;15;0,015;4;15;15;1,0;4;0;0;40;5
PA2026-1157;2026-05-02;Standard;12;Neukunde;Automobilindustrie;Bearbeitung;2;Stahl;pulverbeschichtet;28;28;15;0,006;4;6;6;1,0;4;0;0;16;2
PA2026-1158;2026-05-06;Änderung;8;Neukunde;Automobilindustrie;Bearbeitung;13;Stahl;pulverbeschichtet;26;26;7;0,026;4;39;39;1,0;4;0;0;91;13
PA2026-1159;2026-04-30;Standard;11;Bestandskunde;Maschinenbau;Bearbeitung;16;Stahl;pulverbeschichtet;26;26;7;0,032;4;48;48;1,0;4;0;0;112;16
PA2026-1160;2026-05-05;Standard;8;Bestandskunde;Haushaltsgeräte;Bearbeitung;18;Stahl;pulverbeschichtet;26;26;7;0,036;4;54;54;1,0;4;0;0;126;18
PA2026-1161;2026-05-06;Standard;7;Bestandskunde;Automobilindustrie;Bearbeitung;3;Stahl;pulverbeschichtet;26;26;7;0,006;4;9;9;1,0;4;0;0;21;3
PA2026-1162;2026-05-02;Standard;7;Bestandskunde;Haushaltsgeräte;Bearbeitung;14;Stahl;pulverbeschichtet;26;26;7;0,028;4;42;42;1,0;4;0;0;98;14
PA2026-1163;2026-04-30;Standard;13;Bestandskunde;Automobilindustrie;Bearbeitung;6;Stahl;pulverbeschichtet;28;28;15;0,018;4;18;18;1,0;4;0;0;48;6
PA2026-1164;2026-05-03;Standard;10;Bestandskunde;Logistiktechnik;Bearbeitung;13;Stahl;pulverbeschichtet;26;26;7;0,026;4;39;39;1,0;4;0;0;91;13
PA2026-1165;2026-05-01;Standard;15;Bestandskunde;Haushaltsgeräte;Bearbeitung;18;Stahl;pulverbeschichtet;28;28;15;0,054;4;54;54;1,0;4;0;0;144;18
PA2026-1166;2026-04-30;Änderung;11;Bestandskunde;Automobilindustrie;Bearbeitung;18;Stahl;pulverbeschichtet;26;26;7;0,036;4;54;54;1,0;4;0;0;126;18
PA2026-1167;2026-05-01;Standard;15;Bestandskunde;Maschinenbau;Bearbeitung;11;Stahl;pulverbeschichtet;28;28;15;0,033;4;33;33;1,0;4;0;0;88;11
PA2026-1168;2026-05-03;Änderung;10;Bestandskunde;Haushaltsgeräte;Bearbeitung;11;Stahl;pulverbeschichtet;28;28;15;0,033;4;33;33;1,0;4;0;0;88;11
PA2026-1169;2026-05-04;Standard;11;Neukunde;Logistiktechnik;Bearbeitung;1;Stahl;pulverbeschichtet;26;26;7;0,002;4;3;3;1,0;4;0;0;7;1
PA2026-1170;2026-04-30;Änderung;6;Neukunde;Sonstige;Bearbeitung;16;Stahl;pulverbeschichtet;28;28;15;0,048;4;48;48;1,0;4;0;0;128;16
PA2026-1171;2026-04-30;Standard;5;Bestandskunde;Sonstige;Bearbeitung;15;Stahl;pulverbeschichtet;28;28;15;0,045;4;45;45;1,0;4;0;0;120;15
PA2026-1172;2026-05-06;Standard;12;Bestandskunde;Maschinenbau;Bearbeitung;6;Stahl;pulverbeschichtet;26;26;7;0,012;4;18;18;1,0;4;0;0;42;6
PA2026-1173;2026-05-03;Änderung;12;Bestandskunde;Maschinenbau;Bearbeitung;8;Stahl;pulverbeschichtet;26;26;7;0,016;4;24;24;1,0;4;0;0;56;8
PA2026-1174;2026-05-05;Standard;12;Bestandskunde;Logistiktechnik;Bearbeitung;10;Stahl;pulverbeschichtet;26;26;7;0,02;4;30;30;1,0;4;0;0;70;10
PA2026-1175;2026-05-03;Standard;12;Bestandskunde;Maschinenbau;Bearbeitung;20;Stahl;pulverbeschichtet;26;26;7;0,04;4;60;60;1,0;4;0;0;140;20
PA2026-1176;2026-05-01;Änderung;11;Bestandskunde;Sonstige;Bearbeitung;17;Stahl;pulverbeschichtet;26;26;7;0,034;4;51;51;1,0;4;0;0;119;17
PA2026-1177;2026-05-04;Änderung;9;Bestandskunde;Automobilindustrie;Bearbeitung;20;Stahl;pulverbeschichtet;28;28;15;0,06;4;60;60;1,0;4;0;0;160;20
PA2026-1178;2026-05-04;Standard;7;Bestandskunde;Haushaltsgeräte;Bearbeitung;19;Stahl;pulverbeschichtet;26;26;7;0,038;4;57;57;1,0;4;0;0;133;19
PA2026-1179;2026-05-01;Standard;3;Bestandskunde;Sonstige;Bearbeitung;18;Stahl;pulverbeschichtet;26;26;7;0,036;4;54;54;1,0;4;0;0;126;18
PA2026-1180;2026-05-04;Änderung;14;Bestandskunde;Maschinenbau;Bearbeitung;2;Stahl;pulverbeschichtet;28;28;15;0,006;4;6;6;1,0;4;0;0;16;2
PA2026-1181;2026-05-06;Standard;12;Bestandskunde;Medizintechnik;Bearbeitung;15;Stahl;pulverbeschichtet;28;28;15;0,045;4;45;45;1,0;4;0;0;120;15
PA2026-1182;2026-05-04;Standard;4;Bestandskunde;Logistiktechnik;Bearbeitung;9;Stahl;pulverbeschichtet;28;28;15;0,027;4;27;27;1,0;4;0;0;72;9
PA2026-1183;2026-05-03;Änderung;11;Bestandskunde;Sonstige;Bearbeitung;3;Stahl;pulverbeschichtet;28;28;15;0,009;4;9;9;1,0;4;0;0;24;3
PA2026-1184;2026-05-05;Standard;13;Bestandskunde;Haushaltsgeräte;Bearbeitung;7;Stahl;pulverbeschichtet;26;26;7;0,014;4;21;21;1,0;4;0;0;49;7
PA2026-1185;2026-05-02;Standard;5;Bestandskunde;Maschinenbau;Bearbeitung;16;Stahl;pulverbeschichtet;26;26;7;0,032;4;48;48;1,0;4;0;0;112;16
PA2026-1186;2026-05-04;Standard;11;Bestandskunde;Medizintechnik;Bearbeitung;16;Stahl;pulverbeschichtet;28;28;15;0,048;4;48;48;1,0;4;0;0;128;16
PA2026-1187;2026-05-06;Änderung;4;Bestandskunde;Sonstige;Bearbeitung;8;Stahl;pulverbeschichtet;26;26;7;0,016;4;24;24;1,0;4;0;0;56;8
PA2026-1188;2026-05-06;Standard;6;Bestandskunde;Automobilindustrie;Bearbeitung;3;Stahl;pulverbeschichtet;26;26;7;0,006;4;9;9;1,0;4;0;0;21;3
PA2026-1189;2026-05-03;Standard;11;Bestandskunde;Automobilindustrie;Bearbeitung;5;Stahl;pulverbeschichtet;26;26;7;0,01;4;15;15;1,0;4;0;0;35;5
PA2026-1190;2026-04-30;Standard;10;Bestandskunde;Haushaltsgeräte;Bearbeitung;4;Stahl;pulverbeschichtet;26;26;7;0,008;4;12;12;1,0;4;0;0;28;4
PA2026-1191;2026-05-02;Standard;12;Bestandskunde;Logistiktechnik;Bearbeitung;14;Stahl;pulverbeschichtet;26;26;7;0,028;4;42;42;1,0;4;0;0;98;14
PA2026-1192;2026-05-03;Standard;13;Bestandskunde;Sonstige;Bearbeitung;20;Stahl;pulverbeschichtet;26;26;7;0,04;4;60;60;1,0;4;0;0;140;20
PA2026-1193;2026-05-05;Standard;3;Bestandskunde;Maschinenbau;Bearbeitung;7;Stahl;pulverbeschichtet;26;26;7;0,014;4;21;21;1,0;4;0;0;49;7
PA2026-1194;2026-04-30;Standard;5;Neukunde;Automobilindustrie;Bearbeitung;19;Stahl;pulverbeschichtet;26;26;7;0,038;4;57;57;1,0;4;0;0;133;19
PA2026-1195;2026-05-02;Standard;13;Bestandskunde;Medizintechnik;Bearbeitung;6;Stahl;pulverbeschichtet;26;26;7;0,012;4;18;18;1,0;4;0;0;42;6
PA2026-1196;2026-05-06;Änderung;4;Bestandskunde;Maschinenbau;Bearbeitung;14;Stahl;pulverbeschichtet;26;26;7;0,028;4;42;42;1,0;4;0;0;98;14
PA2026-1197;2026-05-04;Standard;7;Bestandskunde;Maschinenbau;Bearbeitung;11;Stahl;pulverbeschichtet;28;28;15;0,033;4;33;33;1,0;4;0;0;88;11
PA2026-1198;2026-04-30;Standard;15;Bestandskunde;Maschinenbau;Bearbeitung;2;Stahl;pulverbeschichtet;28;28;15;0,006;4;6;6;1,0;4;0;0;16;2
PA2026-1199;2026-05-03;Standard;12;Bestandskunde;Maschinenbau;Bearbeitung;7;Stahl;pulverbeschichtet;26;26;7;0,014;4;21;21;1,0;4;0;0;49;7
PA2026-1200;2026-05-01;Änderung;14;Bestandskunde;Logistiktechnik;Bearbeitung;20;Stahl;pulverbeschichtet;26;26;7;0,04;4;60;60;1,0;4;0;0;140;20
PA2026-1201;2026-05-04;Standard;11;Bestandskunde;Automobilindustrie;Bearbeitung;6;Stahl;pulverbeschichtet;28;28;15;0,018;4;18;18;1,0;4;0;0;48;6
PA2026-1202;2026-05-06;Standard;4;Neukunde;Haushaltsgeräte;Bearbeitung;8;Stahl;pulverbeschichtet;26;26;7;0,016;4;24;24;1,0;4;0;0;56;8
PA2026-1203;2026-05-04;Standard;9;Neukunde;Maschinenbau;Bearbeitung;11;Stahl;pulverbeschichtet;26;26;7;0,022;4;33;33;1,0;4;0;0;77;11
PA2026-1204;2026-05-03;Standard;8;Bestandskunde;Sonstige;Bearbeitung;1;Stahl;pulverbeschichtet;28;28;15;0,003;4;3;3;1,0;4;0;0;8;1
PA2026-1205;2026-04-30;Standard;6;Bestandskunde;Sonstige;Bearbeitung;19;Stahl;pulverbeschichtet;26;26;7;0,038;4;57;57;1,0;4;0;0;133;19
PA2026-1206;2026-04-30;Standard;7;Bestandskunde;Maschinenbau;Bearbeitung;9;Stahl;pulverbeschichtet;28;28;15;0,027;4;27;27;1,0;4;0;0;72;9
PA2026-1207;2026-05-06;Standard;8;Bestandskunde;Automobilindustrie;Bearbeitung;9;Stahl;pulverbeschichtet;26;26;7;0,018;4;27;27;1,0;4;0;0;63;9
PA2026-1208;2026-05-06;Standard;7;Bestandskunde;Sonstige;Bearbeitung;4;Stahl;pulverbeschichtet;26;26;7;0,008;4;12;12;1,0;4;0;0;28;4
PA2026-1209;2026-05-02;Änderung;14;Bestandskunde;Medizintechnik;Bearbeitung;6;Stahl;pulverbeschichtet;28;28;15;0,018;4;18;18;1,0;4;0;0;48;6
PA2026-1210;2026-04-30;Standard;6;Bestandskunde;Logistiktechnik;Bearbeitung;7;Stahl;pulverbeschichtet;28;28;15;0,021;4;21;21;1,0;4;0;0;56;7
PA2026-1211;2026-05-05;Standard;12;Bestandskunde;Logistiktechnik;Bearbeitung;8;Stahl;pulverbeschichtet;26;26;7;0,016;4;24;24;1,0;4;0;0;56;8
PA2026-1212;2026-05-06;Standard;10;Bestandskunde;Sonstige;Bearbeitung;2;Stahl;pulverbeschichtet;26;26;7;0,004;4;6;6;1,0;4;0;0;14;2
PA2026-1213;2026-05-06;Änderung;15;Neukunde;Sonstige;Bearbeitung;7;Stahl;pulverbeschichtet;28;28;15;0,021;4;21;21;1,0;4;0;0;56;7
PA2026-1214;2026-05-06;Standard;5;Bestandskunde;Haushaltsgeräte;Bearbeitung;17;Stahl;pulverbeschichtet;26;26;7;0,034;4;51;51;1,0;4;0;0;119;17
PA2026-1215;2026-05-04;Standard;14;Bestandskunde;Maschinenbau;Bearbeitung;17;Stahl;pulverbeschichtet;28;28;15;0,051;4;51;51;1,0;4;0;0;136;17
PA2026-1216;2026-05-03;Standard;15;Bestandskunde;Sonstige;Bearbeitung;19;Stahl;pulverbeschichtet;28;28;15;0,057;4;57;57;1,0;4;0;0;152;19
PA2026-1217;2026-05-01;Standard;7;Bestandskunde;Sonstige;Bearbeitung;7;Stahl;pulverbeschichtet;26;26;7;0,014;4;21;21;1,0;4;0;0;49;7
PA2026-1218;2026-05-03;Änderung;8;Bestandskunde;Logistiktechnik;Bearbeitung;18;Stahl;pulverbeschichtet;28;28;15;0,054;4;54;54;1,0;4;0;0;144;18
PA2026-1219;2026-05-06;Änderung;5;Bestandskunde;Logistiktechnik;Bearbeitung;8;Stahl;pulverbeschichtet;26;26;7;0,016;4;24;24;1,0;4;0;0;56;8
PA2026-1220;2026-05-04;Änderung;11;Bestandskunde;Automobilindustrie;Bearbeitung;14;Stahl;pulverbeschichtet;26;26;7;0,028;4;42;42;1,0;4;0;0;98;14
PA2026-1221;2026-05-02;Standard;10;Bestandskunde;Sonstige;Bearbeitung;8;Stahl;pulverbeschichtet;28;28;15;0,024;4;24;24;1,0;4;0;0;64;8
PA2026-1222;2026-04-30;Änderung;11;Bestandskunde;Automobilindustrie;Bearbeitung;17;Stahl;pulverbeschichtet;28;28;15;0,051;4;51;51;1,0;4;0;0;136;17
PA2026-1223;2026-05-01;Standard;5;Bestandskunde;Sonstige;Bearbeitung;18;Stahl;pulverbeschichtet;26;26;7;0,036;4;54;54;1,0;4;0;0;126;18
PA2026-1224;2026-05-01;Standard;10;Bestandskunde;Medizintechnik;Bearbeitung;9;Stahl;pulverbeschichtet;26;26;7;0,018;4;27;27;1,0;4;0;0;63;9
PA2026-1225;2026-05-06;Änderung;9;Bestandskunde;Automobilindustrie;Bearbeitung;12;Stahl;pulverbeschichtet;26;26;7;0,024;4;36;36;1,0;4;0;0;84;12
PA2026-1226;2026-05-06;Standard;3;Bestandskunde;Haushaltsgeräte;Bearbeitung;5;Stahl;pulverbeschichtet;28;28;15;0,015;4;15;15;1,0;4;0;0;40;5
PA2026-1227;2026-05-01;Änderung;7;Bestandskunde;Logistiktechnik;Bearbeitung;18;Stahl;pulverbeschichtet;28;28;15;0,054;4;54;54;1,0;4;0;0;144;18
PA2026-1228;2026-05-06;Änderung;13;Bestandskunde;Automobilindustrie;Bearbeitung;7;Stahl;pulverbeschichtet;28;28;15;0,021;4;21;21;1,0;4;0;0;56;7
PA2026-1229;2026-05-03;Änderung;9;Bestandskunde;Maschinenbau;Bearbeitung;1;Stahl;pulverbeschichtet;28;28;15;0,003;4;3;3;1,0;4;0;0;8;1
PA2026-1230;2026-05-04;Änderung;7;Bestandskunde;Automobilindustrie;Bearbeitung;16;Stahl;pulverbeschichtet;28;28;15;0,048;4;48;48;1,0;4;0;0;128;16
PA2026-1231;2026-05-08;Änderung;12;Bestandskunde;Sonstige;Bearbeitung;18;Stahl;pulverbeschichtet;28;28;15;0,054;4;54;54;1,0;4;0;0;144;18
PA2026-1232;2026-05-11;Standard;4;Bestandskunde;Automobilindustrie;Bearbeitung;5;Stahl;pulverbeschichtet;28;28;15;0,015;4;15;15;1,0;4;0;0;40;5
PA2026-1233;2026-05-11;Standard;13;Bestandskunde;Logistiktechnik;Bearbeitung;13;Stahl;pulverbeschichtet;26;26;7;0,026;4;39;39;1,0;4;0;0;91;13
PA2026-1234;2026-05-08;Änderung;14;Bestandskunde;Logistiktechnik;Bearbeitung;15;Stahl;pulverbeschichtet;26;26;7;0,03;4;45;45;1,0;4;0;0;105;15
PA2026-1235;2026-05-08;Standard;5;Bestandskunde;Haushaltsgeräte;Bearbeitung;20;Stahl;pulverbeschichtet;28;28;15;0,06;4;60;60;1,0;4;0;0;160;20
PA2026-1236;2026-05-08;Standard;7;Neukunde;Maschinenbau;Bearbeitung;10;Stahl;pulverbeschichtet;28;28;15;0,03;4;30;30;1,0;4;0;0;80;10
PA2026-1237;2026-05-09;Änderung;15;Bestandskunde;Automobilindustrie;Bearbeitung;17;Stahl;pulverbeschichtet;26;26;7;0,034;4;51;51;1,0;4;0;0;119;17
PA2026-1238;2026-05-09;Standard;13;Bestandskunde;Automobilindustrie;Bearbeitung;5;Stahl;pulverbeschichtet;26;26;7;0,01;4;15;15;1,0;4;0;0;35;5
PA2026-1239;2026-05-12;Standard;5;Bestandskunde;Automobilindustrie;Bearbeitung;7;Stahl;pulverbeschichtet;28;28;15;0,021;4;21;21;1,0;4;0;0;56;7
PA2026-1240;2026-05-09;Änderung;13;Bestandskunde;Maschinenbau;Bearbeitung;6;Stahl;pulverbeschichtet;26;26;7;0,012;4;18;18;1,0;4;0;0;42;6
PA2026-1241;2026-05-08;Standard;15;Bestandskunde;Maschinenbau;Bearbeitung;7;Stahl;pulverbeschichtet;28;28;15;0,021;4;21;21;1,0;4;0;0;56;7
PA2026-1242;2026-05-10;Standard;5;Bestandskunde;Automobilindustrie;Bearbeitung;8;Stahl;pulverbeschichtet;26;26;7;0,016;4;24;24;1,0;4;0;0;56;8
PA2026-1243;2026-05-10;Standard;15;Bestandskunde;Automobilindustrie;Bearbeitung;3;Stahl;pulverbeschichtet;28;28;15;0,009;4;9;9;1,0;4;0;0;24;3
PA2026-1244;2026-05-10;Standard;12;Bestandskunde;Maschinenbau;Bearbeitung;10;Stahl;pulverbeschichtet;28;28;15;0,03;4;30;30;1,0;4;0;0;80;10
PA2026-1245;2026-05-13;Standard;7;Bestandskunde;Haushaltsgeräte;Bearbeitung;20;Stahl;pulverbeschichtet;28;28;15;0,06;4;60;60;1,0;4;0;0;160;20
PA2026-1246;2026-05-10;Änderung;8;Bestandskunde;Maschinenbau;Bearbeitung;2;Stahl;pulverbeschichtet;28;28;15;0,006;4;6;6;1,0;4;0;0;16;2
PA2026-1247;2026-05-09;Standard;10;Bestandskunde;Automobilindustrie;Bearbeitung;7;Stahl;pulverbeschichtet;26;26;7;0,014;4;21;21;1,0;4;0;0;49;7
PA2026-1248;2026-05-13;Standard;6;Bestandskunde;Sonstige;Bearbeitung;4;Stahl;pulverbeschichtet;28;28;15;0,012;4;12;12;1,0;4;0;0;32;4
PA2026-1249;2026-05-10;Änderung;8;Bestandskunde;Automobilindustrie;Bearbeitung;15;Stahl;pulverbeschichtet;28;28;15;0,045;4;45;45;1,0;4;0;0;120;15
PA2026-1250;2026-05-12;Standard;13;Bestandskunde;Sonstige;Bearbeitung;7;Stahl;pulverbeschichtet;26;26;7;0,014;4;21;21;1,0;4;0;0;49;7
PA2026-1251;2026-05-07;Standard;9;Bestandskunde;Sonstige;Bearbeitung;11;Stahl;pulverbeschichtet;28;28;15;0,033;4;33;33;1,0;4;0;0;88;11
PA2026-1252;2026-05-10;Standard;5;Bestandskunde;Automobilindustrie;Bearbeitung;15;Stahl;pulverbeschichtet;28;28;15;0,045;4;45;45;1,0;4;0;0;120;15
PA2026-1253;2026-05-13;Änderung;9;Bestandskunde;Maschinenbau;Bearbeitung;1;Stahl;pulverbeschichtet;26;26;7;0,002;4;3;3;1,0;4;0;0;7;1
PA2026-1254;2026-05-09;Änderung;5;Bestandskunde;Medizintechnik;Bearbeitung;3;Stahl;pulverbeschichtet;26;26;7;0,006;4;9;9;1,0;4;0;0;21;3
PA2026-1255;2026-05-08;Standard;13;Bestandskunde;Sonstige;Bearbeitung;2;Stahl;pulverbeschichtet;26;26;7;0,004;4;6;6;1,0;4;0;0;14;2
PA2026-1256;2026-05-12;Standard;4;Neukunde;Maschinenbau;Bearbeitung;4;Stahl;pulverbeschichtet;26;26;7;0,008;4;12;12;1,0;4;0;0;28;4
PA2026-1257;2026-05-09;Standard;14;Bestandskunde;Automobilindustrie;Bearbeitung;13;Stahl;pulverbeschichtet;28;28;15;0,039;4;39;39;1,0;4;0;0;104;13
PA2026-1258;2026-05-09;Standard;9;Bestandskunde;Maschinenbau;Bearbeitung;1;Stahl;pulverbeschichtet;26;26;7;0,002;4;3;3;1,0;4;0;0;7;1
PA2026-1259;2026-05-13;Standard;7;Bestandskunde;Automobilindustrie;Bearbeitung;4;Stahl;pulverbeschichtet;26;26;7;0,008;4;12;12;1,0;4;0;0;28;4
PA2026-1260;2026-05-07;Standard;12;Neukunde;Logistiktechnik;Bearbeitung;11;Stahl;pulverbeschichtet;26;26;7;0,022;4;33;33;1,0;4;0;0;77;11
PA2026-1261;2026-05-11;Standard;13;Bestandskunde;Automobilindustrie;Bearbeitung;7;Stahl;pulverbeschichtet;26;26;7;0,014;4;21;21;1,0;4;0;0;49;7
PA2026-1262;2026-05-09;Standard;7;Bestandskunde;Sonstige;Bearbeitung;1;Stahl;pulverbeschichtet;26;26;7;0,002;4;3;3;1,0;4;0;0;7;1
PA2026-1263;2026-05-10;Änderung;10;Neukunde;Automobilindustrie;Bearbeitung;20;Stahl;pulverbeschichtet;28;28;15;0,06;4;60;60;1,0;4;0;0;160;20
PA2026-1264;2026-05-07;Änderung;7;Neukunde;Logistiktechnik;Bearbeitung;16;Stahl;pulverbeschichtet;28;28;15;0,048;4;48;48;1,0;4;0;0;128;16
PA2026-1265;2026-05-09;Standard;5;Bestandskunde;Automobilindustrie;Bearbeitung;13;Stahl;pulverbeschichtet;26;26;7;0,026;4;39;39;1,0;4;0;0;91;13
PA2026-1266;2026-05-08;Änderung;10;Bestandskunde;Automobilindustrie;Bearbeitung;3;Stahl;pulverbeschichtet;26;26;7;0,006;4;9;9;1,0;4;0;0;21;3
PA2026-1267;2026-05-11;Standard;14;Bestandskunde;Sonstige;Bearbeitung;8;Stahl;pulverbeschichtet;28;28;15;0,024;4;24;24;1,0;4;0;0;64;8
PA2026-1268;2026-05-07;Standard;6;Bestandskunde;Sonstige;Bearbeitung;8;Stahl;pulverbeschichtet;26;26;7;0,016;4;24;24;1,0;4;0;0;56;8
PA2026-1269;2026-05-08;Standard;10;Bestandskunde;Maschinenbau;Bearbeitung;13;Stahl;pulverbeschichtet;26;26;7;0,026;4;39;39;1,0;4;0;0;91;13
PA2026-1270;2026-05-08;Standard;13;Bestandskunde;Sonstige;Bearbeitung;9;Stahl;pulverbeschichtet;26;26;7;0,018;4;27;27;1,0;4;0;0;63;9
PA2026-1271;2026-05-13;Standard;4;Bestandskunde;Automobilindustrie;Bearbeitung;10;Stahl;pulverbeschichtet;28;28;15;0,03;4;30;30;1,0;4;0;0;80;10
PA2026-1272;2026-05-13;Änderung;11;Bestandskunde;Medizintechnik;Bearbeitung;2;Stahl;pulverbeschichtet;26;26;7;0,004;4;6;6;1,0;4;0;0;14;2
PA2026-1273;2026-05-11;Standard;13;Bestandskunde;Logistiktechnik;Bearbeitung;1;Stahl;pulverbeschichtet;26;26;7;0,002;4;3;3;1,0;4;0;0;7;1
PA2026-1274;2026-05-07;Änderung;7;Bestandskunde;Medizintechnik;Bearbeitung;7;Stahl;pulverbeschichtet;26;26;7;0,014;4;21;21;1,0;4;0;0;49;7
PA2026-1275;2026-05-08;Standard;7;Bestandskunde;Automobilindustrie;Bearbeitung;15;Stahl;pulverbeschichtet;26;26;7;0,03;4;45;45;1,0;4;0;0;105;15
PA2026-1276;2026-05-12;Standard;8;Bestandskunde;Logistiktechnik;Bearbeitung;8;Stahl;pulverbeschichtet;28;28;15;0,024;4;24;24;1,0;4;0;0;64;8
PA2026-1277;2026-05-11;Standard;14;Bestandskunde;Automobilindustrie;Bearbeitung;16;Stahl;pulverbeschichtet;28;28;15;0,048;4;48;48;1,0;4;0;0;128;16
PA2026-1278;2026-05-10;Standard;13;Bestandskunde;Medizintechnik;Bearbeitung;17;Stahl;pulverbeschichtet;26;26;7;0,034;4;51;51;1,0;4;0;0;119;17
PA2026-1279;2026-05-13;Standard;14;Bestandskunde;Logistiktechnik;Bearbeitung;3;Stahl;pulverbeschichtet;28;28;15;0,009;4;9;9;1,0;4;0;0;24;3
PA2026-1280;2026-05-11;Änderung;7;Bestandskunde;Maschinenbau;Bearbeitung;13;Stahl;pulverbeschichtet;28;28;15;0,039;4;39;39;1,0;4;0;0;104;13
PA2026-1281;2026-05-10;Änderung;10;Bestandskunde;Sonstige;Bearbeitung;3;Stahl;pulverbeschichtet;28;28;15;0,009;4;9;9;1,0;4;0;0;24;3
PA2026-1282;2026-05-12;Änderung;14;Bestandskunde;Maschinenbau;Bearbeitung;1;Stahl;pulverbeschichtet;28;28;15;0,003;4;3;3;1,0;4;0;0;8;1
PA2026-1283;2026-05-10;Änderung;13;Bestandskunde;Automobilindustrie;Bearbeitung;12;Stahl;pulverbeschichtet;26;26;7;0,024;4;36;36;1,0;4;0;0;84;12
PA2026-1284;2026-05-09;Standard;5;Bestandskunde;Automobilindustrie;Bearbeitung;4;Stahl;pulverbeschichtet;28;28;15;0,012;4;12;12;1,0;4;0;0;32;4
PA2026-1285;2026-05-08;Änderung;7;Bestandskunde;Sonstige;Bearbeitung;12;Stahl;pulverbeschichtet;28;28;15;0,036;4;36;36;1,0;4;0;0;96;12
PA2026-1286;2026-05-12;Standard;12;Bestandskunde;Sonstige;Bearbeitung;14;Stahl;pulverbeschichtet;28;28;15;0,042;4;42;42;1,0;4;0;0;112;14
PA2026-1287;2026-05-10;Änderung;5;Bestandskunde;Automobilindustrie;Bearbeitung;1;Stahl;pulverbeschichtet;26;26;7;0,002;4;3;3;1,0;4;0;0;7;1
PA2026-1288;2026-05-11;Standard;14;Bestandskunde;Sonstige;Bearbeitung;8;Stahl;pulverbeschichtet;26;26;7;0,016;4;24;24;1,0;4;0;0;56;8
PA2026-1289;2026-05-07;Standard;5;Bestandskunde;Medizintechnik;Bearbeitung;13;Stahl;pulverbeschichtet;26;26;7;0,026;4;39;39;1,0;4;0;0;91;13
PA2026-1290;2026-05-10;Änderung;8;Bestandskunde;Logistiktechnik;Bearbeitung;10;Stahl;pulverbeschichtet;26;26;7;0,02;4;30;30;1,0;4;0;0;70;10
PA2026-1291;2026-05-09;Änderung;13;Bestandskunde;Automobilindustrie;Bearbeitung;3;Stahl;pulverbeschichtet;28;28;15;0,009;4;9;9;1,0;4;0;0;24;3
PA2026-1292;2026-05-13;Standard;7;Bestandskunde;Haushaltsgeräte;Bearbeitung;13;Stahl;pulverbeschichtet;26;26;7;0,026;4;39;39;1,0;4;0;0;91;13
PA2026-1293;2026-05-08;Standard;14;Bestandskunde;Sonstige;Bearbeitung;14;Stahl;pulverbeschichtet;28;28;15;0,042;4;42;42;1,0;4;0;0;112;14
PA2026-1294;2026-05-09;Standard;13;Bestandskunde;Logistiktechnik;Bearbeitung;5;Stahl;pulverbeschichtet;28;28;15;0,015;4;15;15;1,0;4;0;0;40;5
PA2026-1295;2026-05-08;Standard;15;Bestandskunde;Automobilindustrie;Bearbeitung;7;Stahl;pulverbeschichtet;26;26;7;0,014;4;21;21;1,0;4;0;0;49;7
PA2026-1296;2026-05-07;Standard;6;Bestandskunde;Haushaltsgeräte;Bearbeitung;14;Stahl;pulverbeschichtet;26;26;7;0,028;4;42;42;1,0;4;0;0;98;14
PA2026-1297;2026-05-11;Standard;6;Bestandskunde;Automobilindustrie;Bearbeitung;10;Stahl;pulverbeschichtet;28;28;15;0,03;4;30;30;1,0;4;0;0;80;10
PA2026-1298;2026-05-07;Standard;9;Bestandskunde;Logistiktechnik;Bearbeitung;8;Stahl;pulverbeschichtet;26;26;7;0,016;4;24;24;1,0;4;0;0;56;8
PA2026-1299;2026-05-12;Standard;6;Bestandskunde;Medizintechnik;Bearbeitung;1;Stahl;pulverbeschichtet;28;28;15;0,003;4;3;3;1,0;4;0;0;8;1
PA2026-1300;2026-05-08;Standard;15;Bestandskunde;Sonstige;Bearbeitung;17;Stahl;pulverbeschichtet;26;26;7;0,034;4;51;51;1,0;4;0;0;119;17
PA2026-1301;2026-05-10;Änderung;11;Bestandskunde;Logistiktechnik;Bearbeitung;11;Stahl;pulverbeschichtet;28;28;15;0,033;4;33;33;1,0;4;0;0;88;11
PA2026-1302;2026-05-09;Standard;12;Bestandskunde;Logistiktechnik;Bearbeitung;12;Stahl;pulverbeschichtet;28;28;15;0,036;4;36;36;1,0;4;0;0;96;12
PA2026-1303;2026-05-07;Standard;13;Bestandskunde;Logistiktechnik;Bearbeitung;5;Stahl;pulverbeschichtet;28;28;15;0,015;4;15;15;1,0;4;0;0;40;5
PA2026-1304;2026-05-13;Änderung;15;Bestandskunde;Automobilindustrie;Bearbeitung;8;Stahl;pulverbeschichtet;26;26;7;0,016;4;24;24;1,0;4;0;0;56;8
PA2026-1305;2026-05-11;Standard;14;Bestandskunde;Medizintechnik;Bearbeitung;1;Stahl;pulverbeschichtet;28;28;15;0,003;4;3;3;1,0;4;0;0;8;1
PA2026-1306;2026-05-12;Standard;12;Bestandskunde;Logistiktechnik;Bearbeitung;11;Stahl;pulverbeschichtet;28;28;15;0,033;4;33;33;1,0;4;0;0;88;11
PA2026-1307;2026-05-11;Änderung;14;Bestandskunde;Sonstige;Bearbeitung;3;Stahl;pulverbeschichtet;28;28;15;0,009;4;9;9;1,0;4;0;0;24;3
PA2026-1308;2026-05-10;Standard;6;Bestandskunde;Logistiktechnik;Bearbeitung;7;Stahl;pulverbeschichtet;28;28;15;0,021;4;21;21;1,0;4;0;0;56;7
PA2026-1309;2026-05-08;Änderung;14;Bestandskunde;Sonstige;Bearbeitung;18;Stahl;pulverbeschichtet;26;26;7;0,036;4;54;54;1,0;4;0;0;126;18
PA2026-1310;2026-05-10;Änderung;6;Bestandskunde;Maschinenbau;Bearbeitung;8;Stahl;pulverbeschichtet;28;28;15;0,024;4;24;24;1,0;4;0;0;64;8
PA2026-1311;2026-05-13;Änderung;5;Bestandskunde;Sonstige;Bearbeitung;1;Stahl;pulverbeschichtet;26;26;7;0,002;4;3;3;1,0;4;0;0;7;1
PA2026-1312;2026-05-10;Standard;10;Bestandskunde;Haushaltsgeräte;Bearbeitung;16;Stahl;pulverbeschichtet;26;26;7;0,032;4;48;48;1,0;4;0;0;112;16
PA2026-1313;2026-05-11;Standard;14;Bestandskunde;Logistiktechnik;Bearbeitung;8;Stahl;pulverbeschichtet;26;26;7;0,016;4;24;24;1,0;4;0;0;56;8
PA2026-1314;2026-05-10;Standard;13;Bestandskunde;Medizintechnik;Bearbeitung;14;Stahl;pulverbeschichtet;26;26;7;0,028;4;42;42;1,0;4;0;0;98;14
PA2026-1315;2026-05-09;Standard;5;Bestandskunde;Maschinenbau;Bearbeitung;11;Stahl;pulverbeschichtet;26;26;7;0,022;4;33;33;1,0;4;0;0;77;11
PA2026-1316;2026-05-11;Standard;12;Bestandskunde;Maschinenbau;Bearbeitung;13;Stahl;pulverbeschichtet;26;26;7;0,026;4;39;39;1,0;4;0;0;91;13
PA2026-1317;2026-05-07;Standard;7;Bestandskunde;Maschinenbau;Bearbeitung;11;Stahl;pulverbeschichtet;26;26;7;0,022;4;33;33;1,0;4;0;0;77;11
PA2026-1318;2026-05-13;Änderung;7;Bestandskunde;Logistiktechnik;Bearbeitung;8;Stahl;pulverbeschichtet;28;28;15;0,024;4;24;24;1,0;4;0;0;64;8
PA2026-1319;2026-05-07;Standard;13;Bestandskunde;Logistiktechnik;Bearbeitung;10;Stahl;pulverbeschichtet;26;26;7;0,02;4;30;30;1,0;4;0;0;70;10
PA2026-1320;2026-05-12;Standard;13;Bestandskunde;Medizintechnik;Bearbeitung;2;Stahl;pulverbeschichtet;26;26;7;0,004;4;6;6;1,0;4;0;0;14;2
PA2026-1321;2026-05-18;Standard;6;Neukunde;Logistiktechnik;Bearbeitung;19;Stahl;pulverbeschichtet;28;28;15;0,057;4;57;57;1,0;4;0;0;152;19
PA2026-1322;2026-05-20;Änderung;7;Bestandskunde;Maschinenbau;Bearbeitung;13;Stahl;pulverbeschichtet;28;28;15;0,039;4;39;39;1,0;4;0;0;104;13
PA2026-1323;2026-05-15;Standard;7;Bestandskunde;Automobilindustrie;Bearbeitung;8;Stahl;pulverbeschichtet;26;26;7;0,016;4;24;24;1,0;4;0;0;56;8
PA2026-1324;2026-05-20;Änderung;14;Bestandskunde;Logistiktechnik;Bearbeitung;6;Stahl;pulverbeschichtet;26;26;7;0,012;4;18;18;1,0;4;0;0;42;6
PA2026-1325;2026-05-16;Standard;13;Bestandskunde;Automobilindustrie;Bearbeitung;13;Stahl;pulverbeschichtet;26;26;7;0,026;4;39;39;1,0;4;0;0;91;13
PA2026-1326;2026-05-18;Standard;10;Bestandskunde;Medizintechnik;Bearbeitung;18;Stahl;pulverbeschichtet;28;28;15;0,054;4;54;54;1,0;4;0;0;144;18
PA2026-1327;2026-05-15;Standard;10;Bestandskunde;Automobilindustrie;Bearbeitung;2;Stahl;pulverbeschichtet;28;28;15;0,006;4;6;6;1,0;4;0;0;16;2
PA2026-1328;2026-05-19;Standard;8;Bestandskunde;Automobilindustrie;Bearbeitung;16;Stahl;pulverbeschichtet;28;28;15;0,048;4;48;48;1,0;4;0;0;128;16
PA2026-1329;2026-05-15;Änderung;7;Bestandskunde;Logistiktechnik;Bearbeitung;1;Stahl;pulverbeschichtet;28;28;15;0,003;4;3;3;1,0;4;0;0;8;1
PA2026-1330;2026-05-20;Standard;6;Bestandskunde;Sonstige;Bearbeitung;5;Stahl;pulverbeschichtet;28;28;15;0,015;4;15;15;1,0;4;0;0;40;5
PA2026-1331;2026-05-19;Standard;8;Bestandskunde;Logistiktechnik;Bearbeitung;16;Stahl;pulverbeschichtet;28;28;15;0,048;4;48;48;1,0;4;0;0;128;16
PA2026-1332;2026-05-14;Standard;15;Bestandskunde;Sonstige;Bearbeitung;5;Stahl;pulverbeschichtet;26;26;7;0,01;4;15;15;1,0;4;0;0;35;5
PA2026-1333;2026-05-14;Standard;6;Bestandskunde;Maschinenbau;Bearbeitung;20;Stahl;pulverbeschichtet;28;28;15;0,06;4;60;60;1,0;4;0;0;160;20
PA2026-1334;2026-05-20;Standard;5;Bestandskunde;Sonstige;Bearbeitung;13;Stahl;pulverbeschichtet;26;26;7;0,026;4;39;39;1,0;4;0;0;91;13
PA2026-1335;2026-05-19;Standard;13;Bestandskunde;Maschinenbau;Bearbeitung;3;Stahl;pulverbeschichtet;28;28;15;0,009;4;9;9;1,0;4;0;0;24;3
PA2026-1336;2026-05-19;Standard;15;Bestandskunde;Medizintechnik;Bearbeitung;19;Stahl;pulverbeschichtet;26;26;7;0,038;4;57;57;1,0;4;0;0;133;19
PA2026-1337;2026-05-19;Standard;6;Bestandskunde;Automobilindustrie;Bearbeitung;16;Stahl;pulverbeschichtet;28;28;15;0,048;4;48;48;1,0;4;0;0;128;16
PA2026-1338;2026-05-18;Änderung;7;Bestandskunde;Automobilindustrie;Bearbeitung;18;Stahl;pulverbeschichtet;28;28;15;0,054;4;54;54;1,0;4;0;0;144;18
PA2026-1339;2026-05-20;Standard;3;Bestandskunde;Logistiktechnik;Bearbeitung;17;Stahl;pulverbeschichtet;26;26;7;0,034;4;51;51;1,0;4;0;0;119;17
PA2026-1340;2026-05-18;Änderung;6;Bestandskunde;Automobilindustrie;Bearbeitung;4;Stahl;pulverbeschichtet;28;28;15;0,012;4;12;12;1,0;4;0;0;32;4
PA2026-1341;2026-05-14;Standard;13;Bestandskunde;Automobilindustrie;Bearbeitung;5;Stahl;pulverbeschichtet;26;26;7;0,01;4;15;15;1,0;4;0;0;35;5
PA2026-1342;2026-05-14;Änderung;9;Bestandskunde;Medizintechnik;Bearbeitung;4;Stahl;pulverbeschichtet;26;26;7;0,008;4;12;12;1,0;4;0;0;28;4
PA2026-1343;2026-05-18;Standard;8;Bestandskunde;Automobilindustrie;Bearbeitung;1;Stahl;pulverbeschichtet;28;28;15;0,003;4;3;3;1,0;4;0;0;8;1
PA2026-1344;2026-05-14;Änderung;15;Bestandskunde;Maschinenbau;Bearbeitung;18;Stahl;pulverbeschichtet;26;26;7;0,036;4;54;54;1,0;4;0;0;126;18
PA2026-1345;2026-05-18;Standard;14;Bestandskunde;Logistiktechnik;Bearbeitung;12;Stahl;pulverbeschichtet;28;28;15;0,036;4;36;36;1,0;4;0;0;96;12
PA2026-1346;2026-05-19;Standard;4;Bestandskunde;Automobilindustrie;Bearbeitung;10;Stahl;pulverbeschichtet;26;26;7;0,02;4;30;30;1,0;4;0;0;70;10
PA2026-1347;2026-05-18;Standard;9;Bestandskunde;Medizintechnik;Bearbeitung;20;Stahl;pulverbeschichtet;26;26;7;0,04;4;60;60;1,0;4;0;0;140;20
PA2026-1348;2026-05-18;Änderung;9;Bestandskunde;Haushaltsgeräte;Bearbeitung;6;Stahl;pulverbeschichtet;28;28;15;0,018;4;18;18;1,0;4;0;0;48;6
PA2026-1349;2026-05-14;Standard;9;Neukunde;Haushaltsgeräte;Bearbeitung;5;Stahl;pulverbeschichtet;28;28;15;0,015;4;15;15;1,0;4;0;0;40;5
PA2026-1350;2026-05-19;Standard;9;Bestandskunde;Automobilindustrie;Bearbeitung;7;Stahl;pulverbeschichtet;26;26;7;0,014;4;21;21;1,0;4;0;0;49;7
PA2026-1351;2026-05-19;Standard;15;Bestandskunde;Logistiktechnik;Bearbeitung;5;Stahl;pulverbeschichtet;28;28;15;0,015;4;15;15;1,0;4;0;0;40;5
PA2026-1352;2026-05-17;Änderung;5;Bestandskunde;Automobilindustrie;Bearbeitung;9;Stahl;pulverbeschichtet;28;28;15;0,027;4;27;27;1,0;4;0;0;72;9
PA2026-1353;2026-05-19;Änderung;13;Bestandskunde;Automobilindustrie;Bearbeitung;12;Stahl;pulverbeschichtet;26;26;7;0,024;4;36;36;1,0;4;0;0;84;12
PA2026-1354;2026-05-15;Standard;8;Bestandskunde;Automobilindustrie;Bearbeitung;8;Stahl;pulverbeschichtet;28;28;15;0,024;4;24;24;1,0;4;0;0;64;8
PA2026-1355;2026-05-20;Standard;6;Bestandskunde;Maschinenbau;Bearbeitung;10;Stahl;pulverbeschichtet;28;28;15;0,03;4;30;30;1,0;4;0;0;80;10
PA2026-1356;2026-05-18;Standard;12;Bestandskunde;Medizintechnik;Bearbeitung;18;Stahl;pulverbeschichtet;28;28;15;0,054;4;54;54;1,0;4;0;0;144;18
PA2026-1357;2026-05-14;Standard;4;Bestandskunde;Maschinenbau;Bearbeitung;13;Stahl;pulverbeschichtet;28;28;15;0,039;4;39;39;1,0;4;0;0;104;13
PA2026-1358;2026-05-20;Standard;12;Bestandskunde;Sonstige;Bearbeitung;1;Stahl;pulverbeschichtet;26;26;7;0,002;4;3;3;1,0;4;0;0;7;1
PA2026-1359;2026-05-15;Standard;11;Bestandskunde;Sonstige;Bearbeitung;12;Stahl;pulverbeschichtet;26;26;7;0,024;4;36;36;1,0;4;0;0;84;12
PA2026-1360;2026-05-19;Änderung;13;Bestandskunde;Logistiktechnik;Bearbeitung;15;Stahl;pulverbeschichtet;26;26;7;0,03;4;45;45;1,0;4;0;0;105;15
PA2026-1361;2026-05-17;Standard;15;Bestandskunde;Sonstige;Bearbeitung;8;Stahl;pulverbeschichtet;28;28;15;0,024;4;24;24;1,0;4;0;0;64;8
PA2026-1362;2026-05-20;Standard;5;Bestandskunde;Maschinenbau;Bearbeitung;11;Stahl;pulverbeschichtet;28;28;15;0,033;4;33;33;1,0;4;0;0;88;11
PA2026-1363;2026-05-14;Standard;8;Bestandskunde;Automobilindustrie;Bearbeitung;2;Stahl;pulverbeschichtet;26;26;7;0,004;4;6;6;1,0;4;0;0;14;2
PA2026-1364;2026-05-18;Standard;14;Bestandskunde;Logistiktechnik;Bearbeitung;14;Stahl;pulverbeschichtet;26;26;7;0,028;4;42;42;1,0;4;0;0;98;14
PA2026-1365;2026-05-17;Änderung;15;Bestandskunde;Maschinenbau;Bearbeitung;18;Stahl;pulverbeschichtet;26;26;7;0,036;4;54;54;1,0;4;0;0;126;18
PA2026-1366;2026-05-14;Standard;7;Bestandskunde;Maschinenbau;Bearbeitung;14;Stahl;pulverbeschichtet;26;26;7;0,028;4;42;42;1,0;4;0;0;98;14
PA2026-1367;2026-05-19;Änderung;15;Bestandskunde;Sonstige;Bearbeitung;15;Stahl;pulverbeschichtet;28;28;15;0,045;4;45;45;1,0;4;0;0;120;15
PA2026-1368;2026-05-15;Standard;5;Bestandskunde;Medizintechnik;Bearbeitung;12;Stahl;pulverbeschichtet;26;26;7;0,024;4;36;36;1,0;4;0;0;84;12
PA2026-1369;2026-05-17;Änderung;13;Bestandskunde;Medizintechnik;Bearbeitung;11;Stahl;pulverbeschichtet;26;26;7;0,022;4;33;33;1,0;4;0;0;77;11
PA2026-1370;2026-05-16;Standard;10;Bestandskunde;Haushaltsgeräte;Bearbeitung;1;Stahl;pulverbeschichtet;26;26;7;0,002;4;3;3;1,0;4;0;0;7;1
PA2026-1371;2026-05-16;Standard;15;Bestandskunde;Automobilindustrie;Bearbeitung;15;Stahl;pulverbeschichtet;28;28;15;0,045;4;45;45;1,0;4;0;0;120;15
PA2026-1372;2026-05-16;Standard;4;Bestandskunde;Maschinenbau;Bearbeitung;12;Stahl;pulverbeschichtet;28;28;15;0,036;4;36;36;1,0;4;0;0;96;12
PA2026-1373;2026-05-16;Standard;7;Bestandskunde;Medizintechnik;Bearbeitung;14;Stahl;pulverbeschichtet;26;26;7;0,028;4;42;42;1,0;4;0;0;98;14
PA2026-1374;2026-05-14;Änderung;15;Bestandskunde;Automobilindustrie;Bearbeitung;4;Stahl;pulverbeschichtet;28;28;15;0,012;4;12;12;1,0;4;0;0;32;4
PA2026-1375;2026-05-15;Änderung;9;Bestandskunde;Sonstige;Bearbeitung;10;Stahl;pulverbeschichtet;28;28;15;0,03;4;30;30;1,0;4;0;0;80;10
PA2026-1376;2026-05-15;Änderung;9;Bestandskunde;Medizintechnik;Bearbeitung;15;Stahl;pulverbeschichtet;28;28;15;0,045;4;45;45;1,0;4;0;0;120;15
PA2026-1377;2026-05-16;Änderung;13;Bestandskunde;Sonstige;Bearbeitung;7;Stahl;pulverbeschichtet;26;26;7;0,014;4;21;21;1,0;4;0;0;49;7
PA2026-1378;2026-05-16;Standard;5;Bestandskunde;Sonstige;Bearbeitung;11;Stahl;pulverbeschichtet;26;26;7;0,022;4;33;33;1,0;4;0;0;77;11
PA2026-1379;2026-05-19;Standard;8;Bestandskunde;Medizintechnik;Bearbeitung;9;Stahl;pulverbeschichtet;26;26;7;0,018;4;27;27;1,0;4;0;0;63;9
PA2026-1380;2026-05-17;Standard;15;Neukunde;Maschinenbau;Bearbeitung;11;Stahl;pulverbeschichtet;26;26;7;0,022;4;33;33;1,0;4;0;0;77;11
PA2026-1381;2026-05-19;Standard;13;Neukunde;Maschinenbau;Bearbeitung;1;Stahl;pulverbeschichtet;28;28;15;0,003;4;3;3;1,0;4;0;0;8;1
PA2026-1382;2026-05-16;Änderung;15;Neukunde;Medizintechnik;Bearbeitung;2;Stahl;pulverbeschichtet;26;26;7;0,004;4;6;6;1,0;4;0;0;14;2
PA2026-1383;2026-05-18;Standard;4;Bestandskunde;Automobilindustrie;Bearbeitung;16;Stahl;pulverbeschichtet;28;28;15;0,048;4;48;48;1,0;4;0;0;128;16
PA2026-1384;2026-05-15;Standard;5;Bestandskunde;Automobilindustrie;Bearbeitung;9;Stahl;pulverbeschichtet;26;26;7;0,018;4;27;27;1,0;4;0;0;63;9
PA2026-1385;2026-05-19;Änderung;8;Bestandskunde;Medizintechnik;Bearbeitung;16;Stahl;pulverbeschichtet;26;26;7;0,032;4;48;48;1,0;4;0;0;112;16
PA2026-1386;2026-05-15;Standard;5;Bestandskunde;Medizintechnik;Bearbeitung;2;Stahl;pulverbeschichtet;26;26;7;0,004;4;6;6;1,0;4;0;0;14;2
PA2026-1387;2026-05-15;Standard;12;Bestandskunde;Medizintechnik;Bearbeitung;2;Stahl;pulverbeschichtet;28;28;15;0,006;4;6;6;1,0;4;0;0;16;2
PA2026-1388;2026-05-18;Standard;10;Neukunde;Maschinenbau;Bearbeitung;8;Stahl;pulverbeschichtet;28;28;15;0,024;4;24;24;1,0;4;0;0;64;8
PA2026-1389;2026-05-17;Änderung;5;Bestandskunde;Sonstige;Bearbeitung;10;Stahl;pulverbeschichtet;28;28;15;0,03;4;30;30;1,0;4;0;0;80;10
PA2026-1390;2026-05-16;Standard;10;Bestandskunde;Medizintechnik;Bearbeitung;8;Stahl;pulverbeschichtet;26;26;7;0,016;4;24;24;1,0;4;0;0;56;8
PA2026-1391;2026-05-15;Standard;4;Bestandskunde;Automobilindustrie;Bearbeitung;11;Stahl;pulverbeschichtet;28;28;15;0,033;4;33;33;1,0;4;0;0;88;11
PA2026-1392;2026-05-17;Standard;10;Bestandskunde;Medizintechnik;Bearbeitung;6;Stahl;pulverbeschichtet;26;26;7;0,012;4;18;18;1,0;4;0;0;42;6
PA2026-1393;2026-05-16;Standard;10;Bestandskunde;Sonstige;Bearbeitung;1;Stahl;pulverbeschichtet;28;28;15;0,003;4;3;3;1,0;4;0;0;8;1
PA2026-1394;2026-05-16;Änderung;11;Bestandskunde;Automobilindustrie;Bearbeitung;20;Stahl;pulverbeschichtet;26;26;7;0,04;4;60;60;1,0;4;0;0;140;20
PA2026-1395;2026-05-19;Standard;9;Bestandskunde;Medizintechnik;Bearbeitung;4;Stahl;pulverbeschichtet;28;28;15;0,012;4;12;12;1,0;4;0;0;32;4
PA2026-1396;2026-05-14;Standard;7;Bestandskunde;Haushaltsgeräte;Bearbeitung;4;Stahl;pulverbeschichtet;26;26;7;0,008;4;12;12;1,0;4;0;0;28;4
PA2026-1397;2026-05-16;Standard;15;Bestandskunde;Automobilindustrie;Bearbeitung;5;Stahl;pulverbeschichtet;26;26;7;0,01;4;15;15;1,0;4;0;0;35;5
PA2026-1398;2026-05-15;Standard;12;Bestandskunde;Maschinenbau;Bearbeitung;18;Stahl;pulverbeschichtet;26;26;7;0,036;4;54;54;1,0;4;0;0;126;18
PA2026-1399;2026-05-17;Standard;6;Bestandskunde;Maschinenbau;Bearbeitung;14;Stahl;pulverbeschichtet;28;28;15;0,042;4;42;42;1,0;4;0;0;112;14
PA2026-1400;2026-05-18;Standard;9;Bestandskunde;Maschinenbau;Bearbeitung;2;Stahl;pulverbeschichtet;26;26;7;0,004;4;6;6;1,0;4;0;0;14;2
PA2026-1401;2026-05-19;Änderung;13;Bestandskunde;Automobilindustrie;Bearbeitung;17;Stahl;pulverbeschichtet;26;26;7;0,034;4;51;51;1,0;4;0;0;119;17
PA2026-1402;2026-05-17;Standard;15;Bestandskunde;Maschinenbau;Bearbeitung;13;Stahl;pulverbeschichtet;26;26;7;0,026;4;39;39;1,0;4;0;0;91;13
PA2026-1403;2026-05-15;Änderung;3;Bestandskunde;Logistiktechnik;Bearbeitung;1;Stahl;pulverbeschichtet;28;28;15;0,003;4;3;3;1,0;4;0;0;8;1
PA2026-1404;2026-05-19;Standard;15;Bestandskunde;Sonstige;Bearbeitung;10;Stahl;pulverbeschichtet;28;28;15;0,03;4;30;30;1,0;4;0;0;80;10
PA2026-1405;2026-05-14;Änderung;6;Bestandskunde;Logistiktechnik;Bearbeitung;10;Stahl;pulverbeschichtet;28;28;15;0,03;4;30;30;1,0;4;0;0;80;10
PA2026-1406;2026-05-16;Standard;6;Bestandskunde;Haushaltsgeräte;Bearbeitung;8;Stahl;pulverbeschichtet;26;26;7;0,016;4;24;24;1,0;4;0;0;56;8
PA2026-1407;2026-05-14;Standard;11;Neukunde;Haushaltsgeräte;Bearbeitung;11;Stahl;pulverbeschichtet;26;26;7;0,022;4;33;33;1,0;4;0;0;77;11
PA2026-1408;2026-05-19;Standard;7;Bestandskunde;Sonstige;Bearbeitung;11;Stahl;pulverbeschichtet;26;26;7;0,022;4;33;33;1,0;4;0;0;77;11
PA2026-1409;2026-05-20;Änderung;12;Bestandskunde;Logistiktechnik;Bearbeitung;6;Stahl;pulverbeschichtet;26;26;7;0,012;4;18;18;1,0;4;0;0;42;6
PA2026-1410;2026-05-18;Änderung;6;Bestandskunde;Maschinenbau;Bearbeitung;9;Stahl;pulverbeschichtet;28;28;15;0,027;4;27;27;1,0;4;0;0;72;9
PA2026-1411;2026-05-22;Standard;10;Bestandskunde;Automobilindustrie;Bearbeitung;13;Stahl;pulverbeschichtet;26;26;7;0,026;4;39;39;1,0;4;0;0;91;13
PA2026-1412;2026-05-22;Standard;12;Bestandskunde;Automobilindustrie;Bearbeitung;3;Stahl;pulverbeschichtet;26;26;7;0,006;4;9;9;1,0;4;0;0;21;3
PA2026-1413;2026-05-24;Änderung;8;Bestandskunde;Maschinenbau;Bearbeitung;19;Stahl;pulverbeschichtet;28;28;15;0,057;4;57;57;1,0;4;0;0;152;19
PA2026-1414;2026-05-22;Standard;10;Bestandskunde;Logistiktechnik;Bearbeitung;6;Stahl;pulverbeschichtet;28;28;15;0,018;4;18;18;1,0;4;0;0;48;6
PA2026-1415;2026-05-25;Standard;9;Bestandskunde;Medizintechnik;Bearbeitung;8;Stahl;pulverbeschichtet;28;28;15;0,024;4;24;24;1,0;4;0;0;64;8
PA2026-1416;2026-05-24;Änderung;6;Bestandskunde;Automobilindustrie;Bearbeitung;1;Stahl;pulverbeschichtet;28;28;15;0,003;4;3;3;1,0;4;0;0;8;1
PA2026-1417;2026-05-24;Standard;5;Bestandskunde;Logistiktechnik;Bearbeitung;2;Stahl;pulverbeschichtet;26;26;7;0,004;4;6;6;1,0;4;0;0;14;2
PA2026-1418;2026-05-27;Standard;5;Bestandskunde;Logistiktechnik;Bearbeitung;20;Stahl;pulverbeschichtet;26;26;7;0,04;4;60;60;1,0;4;0;0;140;20
PA2026-1419;2026-05-27;Standard;6;Bestandskunde;Maschinenbau;Bearbeitung;3;Stahl;pulverbeschichtet;26;26;7;0,006;4;9;9;1,0;4;0;0;21;3
PA2026-1420;2026-05-24;Standard;15;Bestandskunde;Maschinenbau;Bearbeitung;16;Stahl;pulverbeschichtet;26;26;7;0,032;4;48;48;1,0;4;0;0;112;16
PA2026-1421;2026-05-21;Änderung;9;Bestandskunde;Automobilindustrie;Bearbeitung;2;Stahl;pulverbeschichtet;26;26;7;0,004;4;6;6;1,0;4;0;0;14;2
PA2026-1422;2026-05-21;Standard;15;Bestandskunde;Automobilindustrie;Bearbeitung;1;Stahl;pulverbeschichtet;26;26;7;0,002;4;3;3;1,0;4;0;0;7;1
PA2026-1423;2026-05-22;Änderung;12;Bestandskunde;Sonstige;Bearbeitung;10;Stahl;pulverbeschichtet;26;26;7;0,02;4;30;30;1,0;4;0;0;70;10
PA2026-1424;2026-05-26;Standard;6;Neukunde;Logistiktechnik;Bearbeitung;8;Stahl;pulverbeschichtet;26;26;7;0,016;4;24;24;1,0;4;0;0;56;8
PA2026-1425;2026-05-23;Standard;5;Bestandskunde;Automobilindustrie;Bearbeitung;3;Stahl;pulverbeschichtet;26;26;7;0,006;4;9;9;1,0;4;0;0;21;3
PA2026-1426;2026-05-22;Standard;12;Bestandskunde;Maschinenbau;Bearbeitung;14;Stahl;pulverbeschichtet;26;26;7;0,028;4;42;42;1,0;4;0;0;98;14
PA2026-1427;2026-05-25;Änderung;10;Bestandskunde;Medizintechnik;Bearbeitung;16;Stahl;pulverbeschichtet;26;26;7;0,032;4;48;48;1,0;4;0;0;112;16
PA2026-1428;2026-05-27;Standard;5;Bestandskunde;Sonstige;Bearbeitung;5;Stahl;pulverbeschichtet;28;28;15;0,015;4;15;15;1,0;4;0;0;40;5
PA2026-1429;2026-05-22;Standard;11;Bestandskunde;Maschinenbau;Bearbeitung;16;Stahl;pulverbeschichtet;26;26;7;0,032;4;48;48;1,0;4;0;0;112;16
PA2026-1430;2026-05-25;Änderung;14;Bestandskunde;Maschinenbau;Bearbeitung;3;Stahl;pulverbeschichtet;26;26;7;0,006;4;9;9;1,0;4;0;0;21;3
PA2026-1431;2026-05-22;Änderung;11;Bestandskunde;Logistiktechnik;Bearbeitung;16;Stahl;pulverbeschichtet;28;28;15;0,048;4;48;48;1,0;4;0;0;128;16
PA2026-1432;2026-05-27;Standard;11;Bestandskunde;Automobilindustrie;Bearbeitung;8;Stahl;pulverbeschichtet;28;28;15;0,024;4;24;24;1,0;4;0;0;64;8
PA2026-1433;2026-05-25;Standard;14;Bestandskunde;Sonstige;Bearbeitung;18;Stahl;pulverbeschichtet;28;28;15;0,054;4;54;54;1,0;4;0;0;144;18
PA2026-1434;2026-05-21;Standard;12;Bestandskunde;Sonstige;Bearbeitung;8;Stahl;pulverbeschichtet;26;26;7;0,016;4;24;24;1,0;4;0;0;56;8
PA2026-1435;2026-05-23;Standard;4;Bestandskunde;Maschinenbau;Bearbeitung;12;Stahl;pulverbeschichtet;26;26;7;0,024;4;36;36;1,0;4;0;0;84;12
PA2026-1436;2026-05-21;Änderung;4;Bestandskunde;Maschinenbau;Bearbeitung;5;Stahl;pulverbeschichtet;28;28;15;0,015;4;15;15;1,0;4;0;0;40;5
PA2026-1437;2026-05-22;Standard;12;Bestandskunde;Haushaltsgeräte;Bearbeitung;2;Stahl;pulverbeschichtet;28;28;15;0,006;4;6;6;1,0;4;0;0;16;2
PA2026-1438;2026-05-26;Änderung;7;Bestandskunde;Maschinenbau;Bearbeitung;14;Stahl;pulverbeschichtet;26;26;7;0,028;4;42;42;1,0;4;0;0;98;14
PA2026-1439;2026-05-26;Änderung;6;Bestandskunde;Automobilindustrie;Bearbeitung;20;Stahl;pulverbeschichtet;28;28;15;0,06;4;60;60;1,0;4;0;0;160;20
PA2026-1440;2026-05-22;Standard;10;Bestandskunde;Logistiktechnik;Bearbeitung;1;Stahl;pulverbeschichtet;26;26;7;0,002;4;3;3;1,0;4;0;0;7;1
PA2026-1441;2026-05-27;Standard;7;Bestandskunde;Maschinenbau;Bearbeitung;17;Stahl;pulverbeschichtet;28;28;15;0,051;4;51;51;1,0;4;0;0;136;17
PA2026-1442;2026-05-24;Änderung;11;Bestandskunde;Sonstige;Bearbeitung;1;Stahl;pulverbeschichtet;28;28;15;0,003;4;3;3;1,0;4;0;0;8;1
PA2026-1443;2026-05-22;Standard;4;Bestandskunde;Maschinenbau;Bearbeitung;6;Stahl;pulverbeschichtet;28;28;15;0,018;4;18;18;1,0;4;0;0;48;6
PA2026-1444;2026-05-24;Standard;14;Bestandskunde;Sonstige;Bearbeitung;18;Stahl;pulverbeschichtet;26;26;7;0,036;4;54;54;1,0;4;0;0;126;18
PA2026-1445;2026-05-25;Standard;10;Bestandskunde;Sonstige;Bearbeitung;6;Stahl;pulverbeschichtet;28;28;15;0,018;4;18;18;1,0;4;0;0;48;6
PA2026-1446;2026-05-25;Standard;13;Bestandskunde;Maschinenbau;Bearbeitung;7;Stahl;pulverbeschichtet;28;28;15;0,021;4;21;21;1,0;4;0;0;56;7
PA2026-1447;2026-05-21;Änderung;8;Bestandskunde;Sonstige;Bearbeitung;18;Stahl;pulverbeschichtet;28;28;15;0,054;4;54;54;1,0;4;0;0;144;18
PA2026-1448;2026-05-24;Standard;11;Bestandskunde;Maschinenbau;Bearbeitung;13;Stahl;pulverbeschichtet;26;26;7;0,026;4;39;39;1,0;4;0;0;91;13
PA2026-1449;2026-05-27;Standard;12;Bestandskunde;Maschinenbau;Bearbeitung;4;Stahl;pulverbeschichtet;26;26;7;0,008;4;12;12;1,0;4;0;0;28;4
PA2026-1450;2026-05-23;Änderung;10;Bestandskunde;Sonstige;Bearbeitung;18;Stahl;pulverbeschichtet;26;26;7;0,036;4;54;54;1,0;4;0;0;126;18
PA2026-1451;2026-05-22;Standard;3;Bestandskunde;Maschinenbau;Bearbeitung;18;Stahl;pulverbeschichtet;26;26;7;0,036;4;54;54;1,0;4;0;0;126;18
PA2026-1452;2026-05-22;Standard;9;Bestandskunde;Sonstige;Bearbeitung;2;Stahl;pulverbeschichtet;26;26;7;0,004;4;6;6;1,0;4;0;0;14;2
PA2026-1453;2026-05-21;Standard;11;Bestandskunde;Haushaltsgeräte;Bearbeitung;12;Stahl;pulverbeschichtet;28;28;15;0,036;4;36;36;1,0;4;0;0;96;12
PA2026-1454;2026-05-25;Standard;9;Bestandskunde;Automobilindustrie;Bearbeitung;12;Stahl;pulverbeschichtet;28;28;15;0,036;4;36;36;1,0;4;0;0;96;12
PA2026-1455;2026-05-23;Änderung;13;Bestandskunde;Sonstige;Bearbeitung;17;Stahl;pulverbeschichtet;26;26;7;0,034;4;51;51;1,0;4;0;0;119;17
PA2026-1456;2026-05-25;Standard;13;Bestandskunde;Maschinenbau;Bearbeitung;2;Stahl;pulverbeschichtet;26;26;7;0,004;4;6;6;1,0;4;0;0;14;2
PA2026-1457;2026-05-22;Standard;13;Bestandskunde;Automobilindustrie;Bearbeitung;8;Stahl;pulverbeschichtet;28;28;15;0,024;4;24;24;1,0;4;0;0;64;8
PA2026-1458;2026-05-27;Änderung;7;Bestandskunde;Haushaltsgeräte;Bearbeitung;20;Stahl;pulverbeschichtet;26;26;7;0,04;4;60;60;1,0;4;0;0;140;20
PA2026-1459;2026-05-27;Standard;7;Bestandskunde;Logistiktechnik;Bearbeitung;14;Stahl;pulverbeschichtet;28;28;15;0,042;4;42;42;1,0;4;0;0;112;14
PA2026-1460;2026-05-22;Änderung;7;Bestandskunde;Automobilindustrie;Bearbeitung;5;Stahl;pulverbeschichtet;26;26;7;0,01;4;15;15;1,0;4;0;0;35;5
PA2026-1461;2026-05-27;Standard;3;Neukunde;Logistiktechnik;Bearbeitung;18;Stahl;pulverbeschichtet;28;28;15;0,054;4;54;54;1,0;4;0;0;144;18
PA2026-1462;2026-05-21;Standard;13;Bestandskunde;Maschinenbau;Bearbeitung;6;Stahl;pulverbeschichtet;26;26;7;0,012;4;18;18;1,0;4;0;0;42;6
PA2026-1463;2026-05-25;Standard;12;Bestandskunde;Automobilindustrie;Bearbeitung;15;Stahl;pulverbeschichtet;26;26;7;0,03;4;45;45;1,0;4;0;0;105;15
PA2026-1464;2026-05-23;Standard;14;Bestandskunde;Maschinenbau;Bearbeitung;4;Stahl;pulverbeschichtet;28;28;15;0,012;4;12;12;1,0;4;0;0;32;4
PA2026-1465;2026-05-23;Änderung;10;Neukunde;Medizintechnik;Bearbeitung;5;Stahl;pulverbeschichtet;28;28;15;0,015;4;15;15;1,0;4;0;0;40;5
PA2026-1466;2026-05-25;Standard;11;Bestandskunde;Medizintechnik;Bearbeitung;17;Stahl;pulverbeschichtet;28;28;15;0,051;4;51;51;1,0;4;0;0;136;17
PA2026-1467;2026-05-26;Standard;4;Bestandskunde;Maschinenbau;Bearbeitung;8;Stahl;pulverbeschichtet;28;28;15;0,024;4;24;24;1,0;4;0;0;64;8
PA2026-1468;2026-05-27;Standard;6;Bestandskunde;Automobilindustrie;Bearbeitung;13;Stahl;pulverbeschichtet;26;26;7;0,026;4;39;39;1,0;4;0;0;91;13
PA2026-1469;2026-05-24;Änderung;15;Bestandskunde;Logistiktechnik;Bearbeitung;15;Stahl;pulverbeschichtet;26;26;7;0,03;4;45;45;1,0;4;0;0;105;15
PA2026-1470;2026-05-21;Standard;6;Bestandskunde;Medizintechnik;Bearbeitung;13;Stahl;pulverbeschichtet;28;28;15;0,039;4;39;39;1,0;4;0;0;104;13
PA2026-1471;2026-05-24;Standard;11;Bestandskunde;Sonstige;Bearbeitung;20;Stahl;pulverbeschichtet;28;28;15;0,06;4;60;60;1,0;4;0;0;160;20
PA2026-1472;2026-05-26;Änderung;14;Bestandskunde;Automobilindustrie;Bearbeitung;18;Stahl;pulverbeschichtet;28;28;15;0,054;4;54;54;1,0;4;0;0;144;18
PA2026-1473;2026-05-22;Standard;7;Bestandskunde;Medizintechnik;Bearbeitung;20;Stahl;pulverbeschichtet;26;26;7;0,04;4;60;60;1,0;4;0;0;140;20
PA2026-1474;2026-05-27;Standard;12;Bestandskunde;Haushaltsgeräte;Bearbeitung;7;Stahl;pulverbeschichtet;28;28;15;0,021;4;21;21;1,0;4;0;0;56;7
PA2026-1475;2026-05-27;Änderung;3;Neukunde;Automobilindustrie;Bearbeitung;9;Stahl;pulverbeschichtet;26;26;7;0,018;4;27;27;1,0;4;0;0;63;9
PA2026-1476;2026-05-22;Standard;5;Bestandskunde;Logistiktechnik;Bearbeitung;3;Stahl;pulverbeschichtet;28;28;15;0,009;4;9;9;1,0;4;0;0;24;3
PA2026-1477;2026-05-24;Änderung;14;Bestandskunde;Logistiktechnik;Bearbeitung;9;Stahl;pulverbeschichtet;28;28;15;0,027;4;27;27;1,0;4;0;0;72;9
PA2026-1478;2026-05-21;Standard;12;Bestandskunde;Logistiktechnik;Bearbeitung;6;Stahl;pulverbeschichtet;26;26;7;0,012;4;18;18;1,0;4;0;0;42;6
PA2026-1479;2026-05-24;Standard;15;Bestandskunde;Maschinenbau;Bearbeitung;6;Stahl;pulverbeschichtet;26;26;7;0,012;4;18;18;1,0;4;0;0;42;6
PA2026-1480;2026-05-26;Standard;13;Bestandskunde;Sonstige;Bearbeitung;20;Stahl;pulverbeschichtet;28;28;15;0,06;4;60;60;1,0;4;0;0;160;20
PA2026-1481;2026-05-26;Standard;7;Bestandskunde;Logistiktechnik;Bearbeitung;11;Stahl;pulverbeschichtet;26;26;7;0,022;4;33;33;1,0;4;0;0;77;11
PA2026-1482;2026-05-24;Standard;7;Bestandskunde;Maschinenbau;Bearbeitung;14;Stahl;pulverbeschichtet;26;26;7;0,028;4;42;42;1,0;4;0;0;98;14
PA2026-1483;2026-05-26;Standard;3;Bestandskunde;Maschinenbau;Bearbeitung;5;Stahl;pulverbeschichtet;28;28;15;0,015;4;15;15;1,0;4;0;0;40;5
PA2026-1484;2026-05-25;Standard;6;Bestandskunde;Logistiktechnik;Bearbeitung;7;Stahl;pulverbeschichtet;28;28;15;0,021;4;21;21;1,0;4;0;0;56;7
PA2026-1485;2026-05-25;Standard;8;Bestandskunde;Sonstige;Bearbeitung;7;Stahl;pulverbeschichtet;28;28;15;0,021;4;21;21;1,0;4;0;0;56;7
PA2026-1486;2026-05-23;Standard;11;Bestandskunde;Haushaltsgeräte;Bearbeitung;17;Stahl;pulverbeschichtet;26;26;7;0,034;4;51;51;1,0;4;0;0;119;17
PA2026-1487;2026-05-26;Standard;13;Bestandskunde;Maschinenbau;Bearbeitung;18;Stahl;pulverbeschichtet;26;26;7;0,036;4;54;54;1,0;4;0;0;126;18
PA2026-1488;2026-05-27;Änderung;11;Bestandskunde;Automobilindustrie;Bearbeitung;14;Stahl;pulverbeschichtet;28;28;15;0,042;4;42;42;1,0;4;0;0;112;14
PA2026-1489;2026-05-25;Standard;8;Bestandskunde;Automobilindustrie;Bearbeitung;14;Stahl;pulverbeschichtet;28;28;15;0,042;4;42;42;1,0;4;0;0;112;14
PA2026-1490;2026-05-25;Änderung;6;Neukunde;Logistiktechnik;Bearbeitung;4;Stahl;pulverbeschichtet;28;28;15;0,012;4;12;12;1,0;4;0;0;32;4
PA2026-1491;2026-05-25;Standard;14;Bestandskunde;Haushaltsgeräte;Bearbeitung;20;Stahl;pulverbeschichtet;26;26;7;0,04;4;60;60;1,0;4;0;0;140;20
PA2026-1492;2026-05-25;Änderung;4;Bestandskunde;Logistiktechnik;Bearbeitung;7;Stahl;pulverbeschichtet;26;26;7;0,014;4;21;21;1,0;4;0;0;49;7
PA2026-1493;2026-05-25;Änderung;13;Neukunde;Maschinenbau;Bearbeitung;4;Stahl;pulverbeschichtet;26;26;7;0,008;4;12;12;1,0;4;0;0;28;4
PA2026-1494;2026-05-24;Standard;13;Bestandskunde;Maschinenbau;Bearbeitung;8;Stahl;pulverbeschichtet;28;28;15;0,024;4;24;24;1,0;4;0;0;64;8
PA2026-1495;2026-05-26;Standard;9;Bestandskunde;Maschinenbau;Bearbeitung;14;Stahl;pulverbeschichtet;28;28;15;0,042;4;42;42;1,0;4;0;0;112;14
PA2026-1496;2026-05-24;Änderung;5;Bestandskunde;Sonstige;Bearbeitung;12;Stahl;pulverbeschichtet;26;26;7;0,024;4;36;36;1,0;4;0;0;84;12
PA2026-1497;2026-05-22;Standard;12;Bestandskunde;Maschinenbau;Bearbeitung;7;Stahl;pulverbeschichtet;28;28;15;0,021;4;21;21;1,0;4;0;0;56;7
PA2026-1498;2026-05-27;Änderung;12;Bestandskunde;Logistiktechnik;Bearbeitung;6;Stahl;pulverbeschichtet;28;28;15;0,018;4;18;18;1,0;4;0;0;48;6
PA2026-1499;2026-05-25;Änderung;8;Bestandskunde;Automobilindustrie;Bearbeitung;5;Stahl;pulverbeschichtet;28;28;15;0,015;4;15;15;1,0;4;0;0;40;5
PA2026-1500;2026-05-27;Standard;9;Bestandskunde;Maschinenbau;Bearbeitung;11;Stahl;pulverbeschichtet;26;26;7;0,022;4;33;33;1,0;4;0;0;77;11
PA2026-1501;2026-05-28;Standard;3;Bestandskunde;Maschinenbau;Bearbeitung;19;Stahl;pulverbeschichtet;26;26;7;0,038;4;57;57;1,0;4;0;0;133;19
PA2026-1502;2026-06-01;Standard;5;Bestandskunde;Haushaltsgeräte;Bearbeitung;5;Stahl;pulverbeschichtet;26;26;7;0,01;4;15;15;1,0;4;0;0;35;5
PA2026-1503;2026-06-02;Standard;12;Bestandskunde;Maschinenbau;Bearbeitung;8;Stahl;pulverbeschichtet;28;28;15;0,024;4;24;24;1,0;4;0;0;64;8
PA2026-1504;2026-06-01;Änderung;9;Bestandskunde;Automobilindustrie;Bearbeitung;13;Stahl;pulverbeschichtet;28;28;15;0,039;4;39;39;1,0;4;0;0;104;13
PA2026-1505;2026-05-28;Standard;9;Bestandskunde;Haushaltsgeräte;Bearbeitung;1;Stahl;pulverbeschichtet;28;28;15;0,003;4;3;3;1,0;4;0;0;8;1
PA2026-1506;2026-05-31;Standard;6;Bestandskunde;Logistiktechnik;Bearbeitung;6;Stahl;pulverbeschichtet;26;26;7;0,012;4;18;18;1,0;4;0;0;42;6
PA2026-1507;2026-05-31;Standard;12;Bestandskunde;Automobilindustrie;Bearbeitung;4;Stahl;pulverbeschichtet;26;26;7;0,008;4;12;12;1,0;4;0;0;28;4
PA2026-1508;2026-05-31;Standard;5;Bestandskunde;Sonstige;Bearbeitung;7;Stahl;pulverbeschichtet;28;28;15;0,021;4;21;21;1,0;4;0;0;56;7
PA2026-1509;2026-05-30;Änderung;14;Bestandskunde;Logistiktechnik;Bearbeitung;1;Stahl;pulverbeschichtet;28;28;15;0,003;4;3;3;1,0;4;0;0;8;1
PA2026-1510;2026-05-28;Standard;11;Bestandskunde;Automobilindustrie;Bearbeitung;20;Stahl;pulverbeschichtet;26;26;7;0,04;4;60;60;1,0;4;0;0;140;20
PA2026-1511;2026-06-01;Standard;9;Bestandskunde;Automobilindustrie;Bearbeitung;1;Stahl;pulverbeschichtet;26;26;7;0,002;4;3;3;1,0;4;0;0;7;1
PA2026-1512;2026-05-29;Änderung;10;Bestandskunde;Maschinenbau;Bearbeitung;11;Stahl;pulverbeschichtet;26;26;7;0,022;4;33;33;1,0;4;0;0;77;11
PA2026-1513;2026-05-28;Standard;6;Bestandskunde;Logistiktechnik;Bearbeitung;3;Stahl;pulverbeschichtet;26;26;7;0,006;4;9;9;1,0;4;0;0;21;3
PA2026-1514;2026-06-01;Standard;10;Bestandskunde;Automobilindustrie;Bearbeitung;14;Stahl;pulverbeschichtet;28;28;15;0,042;4;42;42;1,0;4;0;0;112;14
PA2026-1515;2026-05-30;Standard;7;Bestandskunde;Medizintechnik;Bearbeitung;9;Stahl;pulverbeschichtet;28;28;15;0,027;4;27;27;1,0;4;0;0;72;9
PA2026-1516;2026-06-01;Standard;10;Bestandskunde;Haushaltsgeräte;Bearbeitung;16;Stahl;pulverbeschichtet;28;28;15;0,048;4;48;48;1,0;4;0;0;128;16
PA2026-1517;2026-05-31;Standard;10;Bestandskunde;Medizintechnik;Bearbeitung;20;Stahl;pulverbeschichtet;28;28;15;0,06;4;60;60;1,0;4;0;0;160;20
PA2026-1518;2026-05-29;Standard;10;Bestandskunde;Sonstige;Bearbeitung;3;Stahl;pulverbeschichtet;28;28;15;0,009;4;9;9;1,0;4;0;0;24;3
PA2026-1519;2026-05-28;Änderung;15;Bestandskunde;Automobilindustrie;Bearbeitung;20;Stahl;pulverbeschichtet;28;28;15;0,06;4;60;60;1,0;4;0;0;160;20
PA2026-1520;2026-05-28;Änderung;6;Bestandskunde;Automobilindustrie;Bearbeitung;6;Stahl;pulverbeschichtet;28;28;15;0,018;4;18;18;1,0;4;0;0;48;6
PA2026-1521;2026-05-28;Änderung;7;Bestandskunde;Medizintechnik;Bearbeitung;11;Stahl;pulverbeschichtet;28;28;15;0,033;4;33;33;1,0;4;0;0;88;11
PA2026-1522;2026-05-30;Standard;4;Bestandskunde;Medizintechnik;Bearbeitung;19;Stahl;pulverbeschichtet;26;26;7;0,038;4;57;57;1,0;4;0;0;133;19
PA2026-1523;2026-06-01;Standard;5;Bestandskunde;Logistiktechnik;Bearbeitung;17;Stahl;pulverbeschichtet;28;28;15;0,051;4;51;51;1,0;4;0;0;136;17
PA2026-1524;2026-06-01;Standard;9;Bestandskunde;Automobilindustrie;Bearbeitung;3;Stahl;pulverbeschichtet;26;26;7;0,006;4;9;9;1,0;4;0;0;21;3
PA2026-1525;2026-06-03;Standard;12;Bestandskunde;Automobilindustrie;Bearbeitung;7;Stahl;pulverbeschichtet;28;28;15;0,021;4;21;21;1,0;4;0;0;56;7
PA2026-1526;2026-05-31;Standard;5;Bestandskunde;Maschinenbau;Bearbeitung;4;Stahl;pulverbeschichtet;26;26;7;0,008;4;12;12;1,0;4;0;0;28;4
PA2026-1527;2026-06-01;Standard;11;Bestandskunde;Automobilindustrie;Bearbeitung;1;Stahl;pulverbeschichtet;28;28;15;0,003;4;3;3;1,0;4;0;0;8;1
PA2026-1528;2026-06-02;Standard;3;Bestandskunde;Logistiktechnik;Bearbeitung;13;Stahl;pulverbeschichtet;28;28;15;0,039;4;39;39;1,0;4;0;0;104;13
PA2026-1529;2026-05-30;Änderung;4;Bestandskunde;Automobilindustrie;Bearbeitung;14;Stahl;pulverbeschichtet;26;26;7;0,028;4;42;42;1,0;4;0;0;98;14
PA2026-1530;2026-05-30;Änderung;11;Bestandskunde;Haushaltsgeräte;Bearbeitung;11;Stahl;pulverbeschichtet;28;28;15;0,033;4;33;33;1,0;4;0;0;88;11
PA2026-1531;2026-05-28;Standard;11;Bestandskunde;Logistiktechnik;Bearbeitung;16;Stahl;pulverbeschichtet;28;28;15;0,048;4;48;48;1,0;4;0;0;128;16
PA2026-1532;2026-06-01;Standard;6;Bestandskunde;Haushaltsgeräte;Bearbeitung;1;Stahl;pulverbeschichtet;26;26;7;0,002;4;3;3;1,0;4;0;0;7;1
PA2026-1533;2026-05-30;Änderung;13;Bestandskunde;Medizintechnik;Bearbeitung;12;Stahl;pulverbeschichtet;26;26;7;0,024;4;36;36;1,0;4;0;0;84;12
PA2026-1534;2026-05-30;Änderung;5;Bestandskunde;Medizintechnik;Bearbeitung;3;Stahl;pulverbeschichtet;26;26;7;0,006;4;9;9;1,0;4;0;0;21;3
PA2026-1535;2026-06-02;Änderung;13;Bestandskunde;Sonstige;Bearbeitung;5;Stahl;pulverbeschichtet;28;28;15;0,015;4;15;15;1,0;4;0;0;40;5
PA2026-1536;2026-05-29;Standard;10;Bestandskunde;Maschinenbau;Bearbeitung;14;Stahl;pulverbeschichtet;28;28;15;0,042;4;42;42;1,0;4;0;0;112;14
PA2026-1537;2026-05-28;Standard;15;Bestandskunde;Maschinenbau;Bearbeitung;16;Stahl;pulverbeschichtet;28;28;15;0,048;4;48;48;1,0;4;0;0;128;16
PA2026-1538;2026-06-03;Standard;14;Bestandskunde;Sonstige;Bearbeitung;10;Stahl;pulverbeschichtet;28;28;15;0,03;4;30;30;1,0;4;0;0;80;10
PA2026-1539;2026-06-01;Standard;9;Neukunde;Haushaltsgeräte;Bearbeitung;7;Stahl;pulverbeschichtet;26;26;7;0,014;4;21;21;1,0;4;0;0;49;7
PA2026-1540;2026-05-31;Standard;5;Bestandskunde;Maschinenbau;Bearbeitung;15;Stahl;pulverbeschichtet;26;26;7;0,03;4;45;45;1,0;4;0;0;105;15
PA2026-1541;2026-05-31;Standard;6;Bestandskunde;Maschinenbau;Bearbeitung;17;Stahl;pulverbeschichtet;28;28;15;0,051;4;51;51;1,0;4;0;0;136;17
PA2026-1542;2026-06-02;Standard;13;Bestandskunde;Logistiktechnik;Bearbeitung;4;Stahl;pulverbeschichtet;28;28;15;0,012;4;12;12;1,0;4;0;0;32;4
PA2026-1543;2026-05-30;Änderung;12;Bestandskunde;Haushaltsgeräte;Bearbeitung;17;Stahl;pulverbeschichtet;26;26;7;0,034;4;51;51;1,0;4;0;0;119;17
PA2026-1544;2026-05-29;Standard;5;Bestandskunde;Maschinenbau;Bearbeitung;10;Stahl;pulverbeschichtet;26;26;7;0,02;4;30;30;1,0;4;0;0;70;10
PA2026-1545;2026-05-31;Änderung;6;Bestandskunde;Logistiktechnik;Bearbeitung;15;Stahl;pulverbeschichtet;26;26;7;0,03;4;45;45;1,0;4;0;0;105;15
PA2026-1546;2026-05-28;Änderung;14;Bestandskunde;Logistiktechnik;Bearbeitung;9;Stahl;pulverbeschichtet;26;26;7;0,018;4;27;27;1,0;4;0;0;63;9
PA2026-1547;2026-05-30;Standard;13;Bestandskunde;Sonstige;Bearbeitung;14;Stahl;pulverbeschichtet;26;26;7;0,028;4;42;42;1,0;4;0;0;98;14
PA2026-1548;2026-05-31;Standard;10;Bestandskunde;Automobilindustrie;Bearbeitung;13;Stahl;pulverbeschichtet;28;28;15;0,039;4;39;39;1,0;4;0;0;104;13
PA2026-1549;2026-05-30;Standard;8;Bestandskunde;Haushaltsgeräte;Bearbeitung;17;Stahl;pulverbeschichtet;28;28;15;0,051;4;51;51;1,0;4;0;0;136;17
PA2026-1550;2026-05-31;Standard;6;Bestandskunde;Automobilindustrie;Bearbeitung;4;Stahl;pulverbeschichtet;28;28;15;0,012;4;12;12;1,0;4;0;0;32;4
PA2026-1551;2026-05-28;Standard;4;Bestandskunde;Medizintechnik;Bearbeitung;18;Stahl;pulverbeschichtet;26;26;7;0,036;4;54;54;1,0;4;0;0;126;18
PA2026-1552;2026-05-29;Standard;11;Bestandskunde;Maschinenbau;Bearbeitung;9;Stahl;pulverbeschichtet;26;26;7;0,018;4;27;27;1,0;4;0;0;63;9
PA2026-1553;2026-05-29;Standard;7;Bestandskunde;Medizintechnik;Bearbeitung;20;Stahl;pulverbeschichtet;28;28;15;0,06;4;60;60;1,0;4;0;0;160;20
PA2026-1554;2026-05-28;Änderung;6;Neukunde;Maschinenbau;Bearbeitung;20;Stahl;pulverbeschichtet;28;28;15;0,06;4;60;60;1,0;4;0;0;160;20
PA2026-1555;2026-05-30;Änderung;9;Neukunde;Automobilindustrie;Bearbeitung;6;Stahl;pulverbeschichtet;28;28;15;0,018;4;18;18;1,0;4;0;0;48;6
PA2026-1556;2026-05-31;Änderung;7;Bestandskunde;Maschinenbau;Bearbeitung;14;Stahl;pulverbeschichtet;26;26;7;0,028;4;42;42;1,0;4;0;0;98;14
PA2026-1557;2026-05-29;Standard;9;Bestandskunde;Sonstige;Bearbeitung;1;Stahl;pulverbeschichtet;28;28;15;0,003;4;3;3;1,0;4;0;0;8;1
PA2026-1558;2026-06-01;Änderung;4;Bestandskunde;Maschinenbau;Bearbeitung;4;Stahl;pulverbeschichtet;28;28;15;0,012;4;12;12;1,0;4;0;0;32;4
PA2026-1559;2026-06-01;Standard;10;Bestandskunde;Medizintechnik;Bearbeitung;6;Stahl;pulverbeschichtet;26;26;7;0,012;4;18;18;1,0;4;0;0;42;6
PA2026-1560;2026-05-28;Änderung;10;Bestandskunde;Sonstige;Bearbeitung;16;Stahl;pulverbeschichtet;26;26;7;0,032;4;48;48;1,0;4;0;0;112;16
PA2026-1561;2026-05-30;Standard;15;Bestandskunde;Logistiktechnik;Bearbeitung;12;Stahl;pulverbeschichtet;28;28;15;0,036;4;36;36;1,0;4;0;0;96;12
PA2026-1562;2026-05-30;Standard;15;Bestandskunde;Sonstige;Bearbeitung;20;Stahl;pulverbeschichtet;28;28;15;0,06;4;60;60;1,0;4;0;0;160;20
PA2026-1563;2026-05-30;Standard;15;Bestandskunde;Automobilindustrie;Bearbeitung;14;Stahl;pulverbeschichtet;28;28;15;0,042;4;42;42;1,0;4;0;0;112;14
PA2026-1564;2026-05-30;Standard;15;Bestandskunde;Automobilindustrie;Bearbeitung;14;Stahl;pulverbeschichtet;26;26;7;0,028;4;42;42;1,0;4;0;0;98;14
PA2026-1565;2026-06-02;Standard;5;Bestandskunde;Automobilindustrie;Bearbeitung;4;Stahl;pulverbeschichtet;28;28;15;0,012;4;12;12;1,0;4;0;0;32;4
PA2026-1566;2026-06-02;Standard;13;Bestandskunde;Medizintechnik;Bearbeitung;6;Stahl;pulverbeschichtet;28;28;15;0,018;4;18;18;1,0;4;0;0;48;6
PA2026-1567;2026-05-30;Standard;10;Bestandskunde;Automobilindustrie;Bearbeitung;9;Stahl;pulverbeschichtet;28;28;15;0,027;4;27;27;1,0;4;0;0;72;9
PA2026-1568;2026-05-28;Änderung;15;Neukunde;Medizintechnik;Bearbeitung;4;Stahl;pulverbeschichtet;28;28;15;0,012;4;12;12;1,0;4;0;0;32;4
PA2026-1569;2026-06-01;Standard;12;Bestandskunde;Automobilindustrie;Bearbeitung;16;Stahl;pulverbeschichtet;28;28;15;0,048;4;48;48;1,0;4;0;0;128;16
PA2026-1570;2026-06-02;Standard;7;Bestandskunde;Sonstige;Bearbeitung;18;Stahl;pulverbeschichtet;26;26;7;0,036;4;54;54;1,0;4;0;0;126;18
PA2026-1571;2026-05-31;Änderung;10;Bestandskunde;Maschinenbau;Bearbeitung;15;Stahl;pulverbeschichtet;26;26;7;0,03;4;45;45;1,0;4;0;0;105;15
PA2026-1572;2026-05-30;Änderung;5;Bestandskunde;Maschinenbau;Bearbeitung;14;Stahl;pulverbeschichtet;26;26;7;0,028;4;42;42;1,0;4;0;0;98;14
PA2026-1573;2026-06-03;Standard;3;Bestandskunde;Automobilindustrie;Bearbeitung;10;Stahl;pulverbeschichtet;28;28;15;0,03;4;30;30;1,0;4;0;0;80;10
PA2026-1574;2026-06-02;Standard;9;Neukunde;Sonstige;Bearbeitung;14;Stahl;pulverbeschichtet;26;26;7;0,028;4;42;42;1,0;4;0;0;98;14
PA2026-1575;2026-05-29;Standard;4;Bestandskunde;Automobilindustrie;Bearbeitung;13;Stahl;pulverbeschichtet;26;26;7;0,026;4;39;39;1,0;4;0;0;91;13
PA2026-1576;2026-05-28;Standard;9;Bestandskunde;Maschinenbau;Bearbeitung;6;Stahl;pulverbeschichtet;28;28;15;0,018;4;18;18;1,0;4;0;0;48;6
PA2026-1577;2026-05-30;Standard;6;Bestandskunde;Automobilindustrie;Bearbeitung;5;Stahl;pulverbeschichtet;28;28;15;0,015;4;15;15;1,0;4;0;0;40;5
PA2026-1578;2026-05-29;Standard;10;Bestandskunde;Automobilindustrie;Bearbeitung;15;Stahl;pulverbeschichtet;28;28;15;0,045;4;45;45;1,0;4;0;0;120;15
PA2026-1579;2026-06-03;Standard;12;Bestandskunde;Haushaltsgeräte;Bearbeitung;11;Stahl;pulverbeschichtet;26;26;7;0,022;4;33;33;1,0;4;0;0;77;11
PA2026-1580;2026-05-30;Standard;13;Bestandskunde;Logistiktechnik;Bearbeitung;15;Stahl;pulverbeschichtet;28;28;15;0,045;4;45;45;1,0;4;0;0;120;15
PA2026-1581;2026-06-03;Änderung;12;Bestandskunde;Logistiktechnik;Bearbeitung;10;Stahl;pulverbeschichtet;26;26;7;0,02;4;30;30;1,0;4;0;0;70;10
PA2026-1582;2026-05-29;Standard;10;Bestandskunde;Haushaltsgeräte;Bearbeitung;5;Stahl;pulverbeschichtet;26;26;7;0,01;4;15;15;1,0;4;0;0;35;5
PA2026-1583;2026-05-28;Standard;13;Neukunde;Sonstige;Bearbeitung;15;Stahl;pulverbeschichtet;28;28;15;0,045;4;45;45;1,0;4;0;0;120;15
PA2026-1584;2026-05-28;Änderung;9;Bestandskunde;Automobilindustrie;Bearbeitung;11;Stahl;pulverbeschichtet;26;26;7;0,022;4;33;33;1,0;4;0;0;77;11
PA2026-1585;2026-06-01;Standard;14;Bestandskunde;Logistiktechnik;Bearbeitung;4;Stahl;pulverbeschichtet;26;26;7;0,008;4;12;12;1,0;4;0;0;28;4
PA2026-1586;2026-06-01;Änderung;7;Bestandskunde;Logistiktechnik;Bearbeitung;5;Stahl;pulverbeschichtet;26;26;7;0,01;4;15;15;1,0;4;0;0;35;5
PA2026-1587;2026-05-30;Standard;10;Bestandskunde;Medizintechnik;Bearbeitung;16;Stahl;pulverbeschichtet;26;26;7;0,032;4;48;48;1,0;4;0;0;112;16
PA2026-1588;2026-05-28;Änderung;3;Bestandskunde;Sonstige;Bearbeitung;17;Stahl;pulverbeschichtet;26;26;7;0,034;4;51;51;1,0;4;0;0;119;17
PA2026-1589;2026-05-29;Standard;5;Bestandskunde;Maschinenbau;Bearbeitung;15;Stahl;pulverbeschichtet;26;26;7;0,03;4;45;45;1,0;4;0;0;105;15
PA2026-1590;2026-05-28;Änderung;10;Neukunde;Medizintechnik;Bearbeitung;8;Stahl;pulverbeschichtet;28;28;15;0,024;4;24;24;1,0;4;0;0;64;8
PA2026-1591;2026-06-09;Änderung;13;Bestandskunde;Logistiktechnik;Bearbeitung;14;Stahl;pulverbeschichtet;28;28;15;0,042;4;42;42;1,0;4;0;0;112;14
PA2026-1592;2026-06-05;Änderung;5;Bestandskunde;Logistiktechnik;Bearbeitung;6;Stahl;pulverbeschichtet;26;26;7;0,012;4;18;18;1,0;4;0;0;42;6
PA2026-1593;2026-06-07;Standard;10;Bestandskunde;Automobilindustrie;Bearbeitung;19;Stahl;pulverbeschichtet;26;26;7;0,038;4;57;57;1,0;4;0;0;133;19
PA2026-1594;2026-06-09;Standard;9;Neukunde;Maschinenbau;Bearbeitung;4;Stahl;pulverbeschichtet;28;28;15;0,012;4;12;12;1,0;4;0;0;32;4
PA2026-1595;2026-06-10;Standard;12;Bestandskunde;Logistiktechnik;Bearbeitung;4;Stahl;pulverbeschichtet;28;28;15;0,012;4;12;12;1,0;4;0;0;32;4
PA2026-1596;2026-06-08;Standard;10;Bestandskunde;Maschinenbau;Bearbeitung;20;Stahl;pulverbeschichtet;28;28;15;0,06;4;60;60;1,0;4;0;0;160;20
PA2026-1597;2026-06-06;Standard;6;Bestandskunde;Automobilindustrie;Bearbeitung;9;Stahl;pulverbeschichtet;28;28;15;0,027;4;27;27;1,0;4;0;0;72;9
PA2026-1598;2026-06-06;Änderung;15;Bestandskunde;Sonstige;Bearbeitung;12;Stahl;pulverbeschichtet;26;26;7;0,024;4;36;36;1,0;4;0;0;84;12
PA2026-1599;2026-06-04;Standard;6;Bestandskunde;Logistiktechnik;Bearbeitung;19;Stahl;pulverbeschichtet;28;28;15;0,057;4;57;57;1,0;4;0;0;152;19
PA2026-1600;2026-06-09;Standard;7;Bestandskunde;Automobilindustrie;Bearbeitung;10;Stahl;pulverbeschichtet;28;28;15;0,03;4;30;30;1,0;4;0;0;80;10
PA2026-1601;2026-06-10;Standard;14;Bestandskunde;Automobilindustrie;Bearbeitung;6;Stahl;pulverbeschichtet;28;28;15;0,018;4;18;18;1,0;4;0;0;48;6
PA2026-1602;2026-06-09;Änderung;11;Bestandskunde;Maschinenbau;Bearbeitung;19;Stahl;pulverbeschichtet;28;28;15;0,057;4;57;57;1,0;4;0;0;152;19
PA2026-1603;2026-06-04;Standard;3;Bestandskunde;Sonstige;Bearbeitung;4;Stahl;pulverbeschichtet;28;28;15;0,012;4;12;12;1,0;4;0;0;32;4
PA2026-1604;2026-06-09;Standard;14;Bestandskunde;Maschinenbau;Bearbeitung;8;Stahl;pulverbeschichtet;26;26;7;0,016;4;24;24;1,0;4;0;0;56;8
PA2026-1605;2026-06-09;Standard;13;Bestandskunde;Sonstige;Bearbeitung;3;Stahl;pulverbeschichtet;26;26;7;0,006;4;9;9;1,0;4;0;0;21;3
PA2026-1606;2026-06-04;Änderung;4;Bestandskunde;Automobilindustrie;Bearbeitung;12;Stahl;pulverbeschichtet;26;26;7;0,024;4;36;36;1,0;4;0;0;84;12
PA2026-1607;2026-06-06;Standard;5;Bestandskunde;Medizintechnik;Bearbeitung;19;Stahl;pulverbeschichtet;26;26;7;0,038;4;57;57;1,0;4;0;0;133;19
PA2026-1608;2026-06-06;Standard;15;Bestandskunde;Maschinenbau;Bearbeitung;7;Stahl;pulverbeschichtet;26;26;7;0,014;4;21;21;1,0;4;0;0;49;7
PA2026-1609;2026-06-10;Standard;15;Bestandskunde;Haushaltsgeräte;Bearbeitung;19;Stahl;pulverbeschichtet;26;26;7;0,038;4;57;57;1,0;4;0;0;133;19
PA2026-1610;2026-06-05;Standard;4;Bestandskunde;Haushaltsgeräte;Bearbeitung;12;Stahl;pulverbeschichtet;26;26;7;0,024;4;36;36;1,0;4;0;0;84;12
PA2026-1611;2026-06-08;Standard;5;Neukunde;Maschinenbau;Bearbeitung;17;Stahl;pulverbeschichtet;28;28;15;0,051;4;51;51;1,0;4;0;0;136;17
PA2026-1612;2026-06-10;Standard;7;Bestandskunde;Maschinenbau;Bearbeitung;12;Stahl;pulverbeschichtet;28;28;15;0,036;4;36;36;1,0;4;0;0;96;12
PA2026-1613;2026-06-08;Standard;7;Bestandskunde;Maschinenbau;Bearbeitung;13;Stahl;pulverbeschichtet;28;28;15;0,039;4;39;39;1,0;4;0;0;104;13
PA2026-1614;2026-06-05;Standard;15;Bestandskunde;Maschinenbau;Bearbeitung;8;Stahl;pulverbeschichtet;26;26;7;0,016;4;24;24;1,0;4;0;0;56;8
PA2026-1615;2026-06-04;Standard;8;Bestandskunde;Sonstige;Bearbeitung;9;Stahl;pulverbeschichtet;26;26;7;0,018;4;27;27;1,0;4;0;0;63;9
PA2026-1616;2026-06-06;Standard;5;Bestandskunde;Haushaltsgeräte;Bearbeitung;10;Stahl;pulverbeschichtet;28;28;15;0,03;4;30;30;1,0;4;0;0;80;10
PA2026-1617;2026-06-10;Änderung;15;Bestandskunde;Automobilindustrie;Bearbeitung;13;Stahl;pulverbeschichtet;26;26;7;0,026;4;39;39;1,0;4;0;0;91;13
PA2026-1618;2026-06-08;Standard;14;Bestandskunde;Automobilindustrie;Bearbeitung;1;Stahl;pulverbeschichtet;26;26;7;0,002;4;3;3;1,0;4;0;0;7;1
PA2026-1619;2026-06-07;Standard;10;Bestandskunde;Sonstige;Bearbeitung;2;Stahl;pulverbeschichtet;26;26;7;0,004;4;6;6;1,0;4;0;0;14;2
PA2026-1620;2026-06-08;Standard;11;Bestandskunde;Medizintechnik;Bearbeitung;2;Stahl;pulverbeschichtet;26;26;7;0,004;4;6;6;1,0;4;0;0;14;2
PA2026-1621;2026-06-04;Standard;4;Bestandskunde;Maschinenbau;Bearbeitung;14;Stahl;pulverbeschichtet;26;26;7;0,028;4;42;42;1,0;4;0;0;98;14
PA2026-1622;2026-06-05;Standard;9;Bestandskunde;Logistiktechnik;Bearbeitung;16;Stahl;pulverbeschichtet;26;26;7;0,032;4;48;48;1,0;4;0;0;112;16
PA2026-1623;2026-06-07;Standard;15;Neukunde;Logistiktechnik;Bearbeitung;8;Stahl;pulverbeschichtet;26;26;7;0,016;4;24;24;1,0;4;0;0;56;8
PA2026-1624;2026-06-04;Standard;7;Neukunde;Logistiktechnik;Bearbeitung;1;Stahl;pulverbeschichtet;26;26;7;0,002;4;3;3;1,0;4;0;0;7;1
PA2026-1625;2026-06-07;Standard;13;Bestandskunde;Maschinenbau;Bearbeitung;14;Stahl;pulverbeschichtet;28;28;15;0,042;4;42;42;1,0;4;0;0;112;14
PA2026-1626;2026-06-07;Standard;6;Bestandskunde;Sonstige;Bearbeitung;12;Stahl;pulverbeschichtet;26;26;7;0,024;4;36;36;1,0;4;0;0;84;12
PA2026-1627;2026-06-06;Standard;13;Bestandskunde;Maschinenbau;Bearbeitung;3;Stahl;pulverbeschichtet;28;28;15;0,009;4;9;9;1,0;4;0;0;24;3
PA2026-1628;2026-06-07;Änderung;5;Bestandskunde;Maschinenbau;Bearbeitung;8;Stahl;pulverbeschichtet;26;26;7;0,016;4;24;24;1,0;4;0;0;56;8
PA2026-1629;2026-06-04;Standard;6;Bestandskunde;Maschinenbau;Bearbeitung;11;Stahl;pulverbeschichtet;26;26;7;0,022;4;33;33;1,0;4;0;0;77;11
PA2026-1630;2026-06-09;Änderung;8;Bestandskunde;Sonstige;Bearbeitung;13;Stahl;pulverbeschichtet;28;28;15;0,039;4;39;39;1,0;4;0;0;104;13
PA2026-1631;2026-06-04;Standard;5;Bestandskunde;Logistiktechnik;Bearbeitung;7;Stahl;pulverbeschichtet;28;28;15;0,021;4;21;21;1,0;4;0;0;56;7
PA2026-1632;2026-06-09;Änderung;12;Bestandskunde;Haushaltsgeräte;Bearbeitung;15;Stahl;pulverbeschichtet;28;28;15;0,045;4;45;45;1,0;4;0;0;120;15
PA2026-1633;2026-06-10;Standard;10;Bestandskunde;Maschinenbau;Bearbeitung;9;Stahl;pulverbeschichtet;28;28;15;0,027;4;27;27;1,0;4;0;0;72;9
PA2026-1634;2026-06-08;Änderung;15;Bestandskunde;Sonstige;Bearbeitung;14;Stahl;pulverbeschichtet;28;28;15;0,042;4;42;42;1,0;4;0;0;112;14
PA2026-1635;2026-06-04;Standard;7;Bestandskunde;Maschinenbau;Bearbeitung;17;Stahl;pulverbeschichtet;28;28;15;0,051;4;51;51;1,0;4;0;0;136;17
PA2026-1636;2026-06-09;Änderung;8;Neukunde;Haushaltsgeräte;Bearbeitung;5;Stahl;pulverbeschichtet;26;26;7;0,01;4;15;15;1,0;4;0;0;35;5
PA2026-1637;2026-06-09;Standard;13;Bestandskunde;Automobilindustrie;Bearbeitung;4;Stahl;pulverbeschichtet;26;26;7;0,008;4;12;12;1,0;4;0;0;28;4
PA2026-1638;2026-06-10;Änderung;4;Bestandskunde;Maschinenbau;Bearbeitung;10;Stahl;pulverbeschichtet;26;26;7;0,02;4;30;30;1,0;4;0;0;70;10
PA2026-1639;2026-06-06;Standard;12;Bestandskunde;Medizintechnik;Bearbeitung;13;Stahl;pulverbeschichtet;26;26;7;0,026;4;39;39;1,0;4;0;0;91;13
PA2026-1640;2026-06-05;Standard;7;Bestandskunde;Medizintechnik;Bearbeitung;18;Stahl;pulverbeschichtet;28;28;15;0,054;4;54;54;1,0;4;0;0;144;18
PA2026-1641;2026-06-04;Standard;11;Bestandskunde;Maschinenbau;Bearbeitung;11;Stahl;pulverbeschichtet;26;26;7;0,022;4;33;33;1,0;4;0;0;77;11
PA2026-1642;2026-06-05;Änderung;3;Neukunde;Automobilindustrie;Bearbeitung;14;Stahl;pulverbeschichtet;28;28;15;0,042;4;42;42;1,0;4;0;0;112;14
PA2026-1643;2026-06-09;Änderung;4;Bestandskunde;Medizintechnik;Bearbeitung;10;Stahl;pulverbeschichtet;28;28;15;0,03;4;30;30;1,0;4;0;0;80;10
PA2026-1644;2026-06-08;Änderung;15;Bestandskunde;Logistiktechnik;Bearbeitung;15;Stahl;pulverbeschichtet;28;28;15;0,045;4;45;45;1,0;4;0;0;120;15
PA2026-1645;2026-06-04;Standard;9;Bestandskunde;Automobilindustrie;Bearbeitung;3;Stahl;pulverbeschichtet;26;26;7;0,006;4;9;9;1,0;4;0;0;21;3
PA2026-1646;2026-06-06;Änderung;12;Bestandskunde;Maschinenbau;Bearbeitung;9;Stahl;pulverbeschichtet;26;26;7;0,018;4;27;27;1,0;4;0;0;63;9
PA2026-1647;2026-06-10;Standard;3;Bestandskunde;Maschinenbau;Bearbeitung;11;Stahl;pulverbeschichtet;28;28;15;0,033;4;33;33;1,0;4;0;0;88;11
PA2026-1648;2026-06-07;Änderung;15;Bestandskunde;Maschinenbau;Bearbeitung;2;Stahl;pulverbeschichtet;28;28;15;0,006;4;6;6;1,0;4;0;0;16;2
PA2026-1649;2026-06-09;Standard;8;Bestandskunde;Haushaltsgeräte;Bearbeitung;3;Stahl;pulverbeschichtet;28;28;15;0,009;4;9;9;1,0;4;0;0;24;3
PA2026-1650;2026-06-08;Änderung;11;Bestandskunde;Automobilindustrie;Bearbeitung;9;Stahl;pulverbeschichtet;28;28;15;0,027;4;27;27;1,0;4;0;0;72;9
PA2026-1651;2026-06-10;Änderung;14;Bestandskunde;Haushaltsgeräte;Bearbeitung;5;Stahl;pulverbeschichtet;28;28;15;0,015;4;15;15;1,0;4;0;0;40;5
PA2026-1652;2026-06-04;Änderung;4;Bestandskunde;Automobilindustrie;Bearbeitung;15;Stahl;pulverbeschichtet;26;26;7;0,03;4;45;45;1,0;4;0;0;105;15
PA2026-1653;2026-06-08;Standard;9;Bestandskunde;Maschinenbau;Bearbeitung;9;Stahl;pulverbeschichtet;28;28;15;0,027;4;27;27;1,0;4;0;0;72;9
PA2026-1654;2026-06-09;Standard;12;Bestandskunde;Medizintechnik;Bearbeitung;8;Stahl;pulverbeschichtet;28;28;15;0,024;4;24;24;1,0;4;0;0;64;8
PA2026-1655;2026-06-04;Änderung;15;Bestandskunde;Logistiktechnik;Bearbeitung;8;Stahl;pulverbeschichtet;28;28;15;0,024;4;24;24;1,0;4;0;0;64;8
PA2026-1656;2026-06-08;Standard;12;Bestandskunde;Medizintechnik;Bearbeitung;3;Stahl;pulverbeschichtet;26;26;7;0,006;4;9;9;1,0;4;0;0;21;3
PA2026-1657;2026-06-05;Standard;3;Bestandskunde;Automobilindustrie;Bearbeitung;11;Stahl;pulverbeschichtet;28;28;15;0,033;4;33;33;1,0;4;0;0;88;11
PA2026-1658;2026-06-06;Standard;15;Bestandskunde;Haushaltsgeräte;Bearbeitung;1;Stahl;pulverbeschichtet;28;28;15;0,003;4;3;3;1,0;4;0;0;8;1
PA2026-1659;2026-06-04;Standard;10;Bestandskunde;Logistiktechnik;Bearbeitung;1;Stahl;pulverbeschichtet;26;26;7;0,002;4;3;3;1,0;4;0;0;7;1
PA2026-1660;2026-06-10;Standard;11;Neukunde;Automobilindustrie;Bearbeitung;17;Stahl;pulverbeschichtet;26;26;7;0,034;4;51;51;1,0;4;0;0;119;17
PA2026-1661;2026-06-07;Standard;5;Bestandskunde;Logistiktechnik;Bearbeitung;3;Stahl;pulverbeschichtet;28;28;15;0,009;4;9;9;1,0;4;0;0;24;3
PA2026-1662;2026-06-08;Änderung;15;Bestandskunde;Maschinenbau;Bearbeitung;14;Stahl;pulverbeschichtet;26;26;7;0,028;4;42;42;1,0;4;0;0;98;14
PA2026-1663;2026-06-08;Standard;14;Bestandskunde;Automobilindustrie;Bearbeitung;11;Stahl;pulverbeschichtet;26;26;7;0,022;4;33;33;1,0;4;0;0;77;11
PA2026-1664;2026-06-10;Standard;10;Bestandskunde;Medizintechnik;Bearbeitung;12;Stahl;pulverbeschichtet;28;28;15;0,036;4;36;36;1,0;4;0;0;96;12
PA2026-1665;2026-06-06;Änderung;5;Bestandskunde;Automobilindustrie;Bearbeitung;14;Stahl;pulverbeschichtet;26;26;7;0,028;4;42;42;1,0;4;0;0;98;14
PA2026-1666;2026-06-06;Standard;15;Bestandskunde;Automobilindustrie;Bearbeitung;16;Stahl;pulverbeschichtet;28;28;15;0,048;4;48;48;1,0;4;0;0;128;16
PA2026-1667;2026-06-10;Standard;12;Neukunde;Automobilindustrie;Bearbeitung;5;Stahl;pulverbeschichtet;26;26;7;0,01;4;15;15;1,0;4;0;0;35;5
PA2026-1668;2026-06-09;Standard;7;Bestandskunde;Logistiktechnik;Bearbeitung;11;Stahl;pulverbeschichtet;26;26;7;0,022;4;33;33;1,0;4;0;0;77;11
PA2026-1669;2026-06-04;Änderung;12;Bestandskunde;Sonstige;Bearbeitung;19;Stahl;pulverbeschichtet;28;28;15;0,057;4;57;57;1,0;4;0;0;152;19
PA2026-1670;2026-06-10;Änderung;7;Bestandskunde;Logistiktechnik;Bearbeitung;1;Stahl;pulverbeschichtet;28;28;15;0,003;4;3;3;1,0;4;0;0;8;1
PA2026-1671;2026-06-07;Änderung;10;Bestandskunde;Maschinenbau;Bearbeitung;16;Stahl;pulverbeschichtet;26;26;7;0,032;4;48;48;1,0;4;0;0;112;16
PA2026-1672;2026-06-10;Standard;4;Bestandskunde;Logistiktechnik;Bearbeitung;6;Stahl;pulverbeschichtet;26;26;7;0,012;4;18;18;1,0;4;0;0;42;6
PA2026-1673;2026-06-08;Standard;15;Bestandskunde;Logistiktechnik;Bearbeitung;12;Stahl;pulverbeschichtet;26;26;7;0,024;4;36;36;1,0;4;0;0;84;12
PA2026-1674;2026-06-09;Standard;8;Bestandskunde;Automobilindustrie;Bearbeitung;11;Stahl;pulverbeschichtet;26;26;7;0,022;4;33;33;1,0;4;0;0;77;11
PA2026-1675;2026-06-04;Änderung;11;Bestandskunde;Maschinenbau;Bearbeitung;15;Stahl;pulverbeschichtet;26;26;7;0,03;4;45;45;1,0;4;0;0;105;15
PA2026-1676;2026-06-10;Standard;14;Bestandskunde;Automobilindustrie;Bearbeitung;19;Stahl;pulverbeschichtet;28;28;15;0,057;4;57;57;1,0;4;0;0;152;19
PA2026-1677;2026-06-04;Standard;11;Bestandskunde;Automobilindustrie;Bearbeitung;11;Stahl;pulverbeschichtet;26;26;7;0,022;4;33;33;1,0;4;0;0;77;11
PA2026-1678;2026-06-08;Änderung;9;Bestandskunde;Maschinenbau;Bearbeitung;10;Stahl;pulverbeschichtet;28;28;15;0,03;4;30;30;1,0;4;0;0;80;10
PA2026-1679;2026-06-04;Standard;15;Bestandskunde;Maschinenbau;Bearbeitung;14;Stahl;pulverbeschichtet;28;28;15;0,042;4;42;42;1,0;4;0;0;112;14
PA2026-1680;2026-06-07;Standard;11;Bestandskunde;Sonstige;Bearbeitung;2;Stahl;pulverbeschichtet;28;28;15;0,006;4;6;6;1,0;4;0;0;16;2
PA2026-1681;2026-06-15;Änderung;9;Bestandskunde;Automobilindustrie;Bearbeitung;4;Stahl;pulverbeschichtet;26;26;7;0,008;4;12;12;1,0;4;0;0;28;4
PA2026-1682;2026-06-12;Standard;5;Bestandskunde;Maschinenbau;Bearbeitung;8;Stahl;pulverbeschichtet;28;28;15;0,024;4;24;24;1,0;4;0;0;64;8
PA2026-1683;2026-06-13;Standard;5;Bestandskunde;Automobilindustrie;Bearbeitung;5;Stahl;pulverbeschichtet;26;26;7;0,01;4;15;15;1,0;4;0;0;35;5
PA2026-1684;2026-06-15;Änderung;15;Bestandskunde;Maschinenbau;Bearbeitung;2;Stahl;pulverbeschichtet;26;26;7;0,004;4;6;6;1,0;4;0;0;14;2
PA2026-1685;2026-06-14;Änderung;5;Bestandskunde;Sonstige;Bearbeitung;19;Stahl;pulverbeschichtet;26;26;7;0,038;4;57;57;1,0;4;0;0;133;19
PA2026-1686;2026-06-14;Standard;15;Bestandskunde;Automobilindustrie;Bearbeitung;4;Stahl;pulverbeschichtet;28;28;15;0,012;4;12;12;1,0;4;0;0;32;4
PA2026-1687;2026-06-14;Standard;15;Bestandskunde;Automobilindustrie;Bearbeitung;9;Stahl;pulverbeschichtet;26;26;7;0,018;4;27;27;1,0;4;0;0;63;9
PA2026-1688;2026-06-17;Standard;5;Bestandskunde;Automobilindustrie;Bearbeitung;3;Stahl;pulverbeschichtet;26;26;7;0,006;4;9;9;1,0;4;0;0;21;3
PA2026-1689;2026-06-15;Standard;11;Bestandskunde;Maschinenbau;Bearbeitung;17;Stahl;pulverbeschichtet;28;28;15;0,051;4;51;51;1,0;4;0;0;136;17
PA2026-1690;2026-06-11;Änderung;12;Neukunde;Medizintechnik;Bearbeitung;17;Stahl;pulverbeschichtet;26;26;7;0,034;4;51;51;1,0;4;0;0;119;17
PA2026-1691;2026-06-17;Standard;4;Bestandskunde;Medizintechnik;Bearbeitung;8;Stahl;pulverbeschichtet;28;28;15;0,024;4;24;24;1,0;4;0;0;64;8
PA2026-1692;2026-06-17;Standard;8;Bestandskunde;Sonstige;Bearbeitung;5;Stahl;pulverbeschichtet;26;26;7;0,01;4;15;15;1,0;4;0;0;35;5
PA2026-1693;2026-06-16;Standard;14;Bestandskunde;Maschinenbau;Bearbeitung;3;Stahl;pulverbeschichtet;28;28;15;0,009;4;9;9;1,0;4;0;0;24;3
PA2026-1694;2026-06-14;Standard;5;Bestandskunde;Automobilindustrie;Bearbeitung;6;Stahl;pulverbeschichtet;26;26;7;0,012;4;18;18;1,0;4;0;0;42;6
PA2026-1695;2026-06-16;Änderung;9;Bestandskunde;Maschinenbau;Bearbeitung;8;Stahl;pulverbeschichtet;26;26;7;0,016;4;24;24;1,0;4;0;0;56;8
PA2026-1696;2026-06-15;Änderung;8;Bestandskunde;Automobilindustrie;Bearbeitung;10;Stahl;pulverbeschichtet;28;28;15;0,03;4;30;30;1,0;4;0;0;80;10
PA2026-1697;2026-06-17;Standard;12;Bestandskunde;Maschinenbau;Bearbeitung;10;Stahl;pulverbeschichtet;28;28;15;0,03;4;30;30;1,0;4;0;0;80;10
PA2026-1698;2026-06-11;Standard;10;Bestandskunde;Automobilindustrie;Bearbeitung;8;Stahl;pulverbeschichtet;26;26;7;0,016;4;24;24;1,0;4;0;0;56;8
PA2026-1699;2026-06-12;Änderung;13;Bestandskunde;Automobilindustrie;Bearbeitung;12;Stahl;pulverbeschichtet;28;28;15;0,036;4;36;36;1,0;4;0;0;96;12
PA2026-1700;2026-06-12;Änderung;14;Bestandskunde;Maschinenbau;Bearbeitung;20;Stahl;pulverbeschichtet;28;28;15;0,06;4;60;60;1,0;4;0;0;160;20
PA2026-1701;2026-06-12;Standard;3;Bestandskunde;Automobilindustrie;Bearbeitung;14;Stahl;pulverbeschichtet;28;28;15;0,042;4;42;42;1,0;4;0;0;112;14
PA2026-1702;2026-06-13;Änderung;10;Bestandskunde;Sonstige;Bearbeitung;14;Stahl;pulverbeschichtet;26;26;7;0,028;4;42;42;1,0;4;0;0;98;14
PA2026-1703;2026-06-11;Standard;9;Bestandskunde;Sonstige;Bearbeitung;2;Stahl;pulverbeschichtet;28;28;15;0,006;4;6;6;1,0;4;0;0;16;2
PA2026-1704;2026-06-14;Standard;10;Bestandskunde;Maschinenbau;Bearbeitung;7;Stahl;pulverbeschichtet;28;28;15;0,021;4;21;21;1,0;4;0;0;56;7
PA2026-1705;2026-06-12;Standard;3;Bestandskunde;Maschinenbau;Bearbeitung;13;Stahl;pulverbeschichtet;26;26;7;0,026;4;39;39;1,0;4;0;0;91;13
PA2026-1706;2026-06-13;Standard;5;Bestandskunde;Automobilindustrie;Bearbeitung;12;Stahl;pulverbeschichtet;26;26;7;0,024;4;36;36;1,0;4;0;0;84;12
PA2026-1707;2026-06-17;Standard;12;Bestandskunde;Medizintechnik;Bearbeitung;6;Stahl;pulverbeschichtet;26;26;7;0,012;4;18;18;1,0;4;0;0;42;6
PA2026-1708;2026-06-14;Standard;9;Bestandskunde;Automobilindustrie;Bearbeitung;1;Stahl;pulverbeschichtet;28;28;15;0,003;4;3;3;1,0;4;0;0;8;1
PA2026-1709;2026-06-17;Änderung;15;Bestandskunde;Sonstige;Bearbeitung;16;Stahl;pulverbeschichtet;26;26;7;0,032;4;48;48;1,0;4;0;0;112;16
PA2026-1710;2026-06-13;Änderung;10;Bestandskunde;Haushaltsgeräte;Bearbeitung;8;Stahl;pulverbeschichtet;26;26;7;0,016;4;24;24;1,0;4;0;0;56;8
PA2026-1711;2026-06-16;Änderung;6;Bestandskunde;Automobilindustrie;Bearbeitung;13;Stahl;pulverbeschichtet;26;26;7;0,026;4;39;39;1,0;4;0;0;91;13
PA2026-1712;2026-06-17;Standard;5;Bestandskunde;Automobilindustrie;Bearbeitung;14;Stahl;pulverbeschichtet;26;26;7;0,028;4;42;42;1,0;4;0;0;98;14
PA2026-1713;2026-06-16;Änderung;7;Bestandskunde;Haushaltsgeräte;Bearbeitung;13;Stahl;pulverbeschichtet;26;26;7;0,026;4;39;39;1,0;4;0;0;91;13
PA2026-1714;2026-06-17;Änderung;11;Neukunde;Medizintechnik;Bearbeitung;10;Stahl;pulverbeschichtet;26;26;7;0,02;4;30;30;1,0;4;0;0;70;10
PA2026-1715;2026-06-12;Standard;5;Bestandskunde;Maschinenbau;Bearbeitung;16;Stahl;pulverbeschichtet;28;28;15;0,048;4;48;48;1,0;4;0;0;128;16
PA2026-1716;2026-06-14;Standard;5;Bestandskunde;Automobilindustrie;Bearbeitung;9;Stahl;pulverbeschichtet;28;28;15;0,027;4;27;27;1,0;4;0;0;72;9
PA2026-1717;2026-06-16;Änderung;15;Bestandskunde;Medizintechnik;Bearbeitung;16;Stahl;pulverbeschichtet;28;28;15;0,048;4;48;48;1,0;4;0;0;128;16
PA2026-1718;2026-06-17;Standard;6;Bestandskunde;Maschinenbau;Bearbeitung;1;Stahl;pulverbeschichtet;28;28;15;0,003;4;3;3;1,0;4;0;0;8;1
PA2026-1719;2026-06-14;Standard;12;Bestandskunde;Automobilindustrie;Bearbeitung;10;Stahl;pulverbeschichtet;28;28;15;0,03;4;30;30;1,0;4;0;0;80;10
PA2026-1720;2026-06-17;Standard;5;Bestandskunde;Medizintechnik;Bearbeitung;16;Stahl;pulverbeschichtet;28;28;15;0,048;4;48;48;1,0;4;0;0;128;16
PA2026-1721;2026-06-12;Standard;11;Bestandskunde;Medizintechnik;Bearbeitung;19;Stahl;pulverbeschichtet;26;26;7;0,038;4;57;57;1,0;4;0;0;133;19
PA2026-1722;2026-06-17;Standard;14;Bestandskunde;Automobilindustrie;Bearbeitung;11;Stahl;pulverbeschichtet;26;26;7;0,022;4;33;33;1,0;4;0;0;77;11
PA2026-1723;2026-06-13;Standard;13;Bestandskunde;Logistiktechnik;Bearbeitung;7;Stahl;pulverbeschichtet;26;26;7;0,014;4;21;21;1,0;4;0;0;49;7
PA2026-1724;2026-06-14;Änderung;11;Bestandskunde;Automobilindustrie;Bearbeitung;15;Stahl;pulverbeschichtet;28;28;15;0,045;4;45;45;1,0;4;0;0;120;15
PA2026-1725;2026-06-15;Standard;5;Bestandskunde;Sonstige;Bearbeitung;3;Stahl;pulverbeschichtet;28;28;15;0,009;4;9;9;1,0;4;0;0;24;3
PA2026-1726;2026-06-17;Standard;3;Bestandskunde;Automobilindustrie;Bearbeitung;6;Stahl;pulverbeschichtet;28;28;15;0,018;4;18;18;1,0;4;0;0;48;6
PA2026-1727;2026-06-17;Änderung;6;Bestandskunde;Haushaltsgeräte;Bearbeitung;6;Stahl;pulverbeschichtet;26;26;7;0,012;4;18;18;1,0;4;0;0;42;6
PA2026-1728;2026-06-16;Standard;13;Bestandskunde;Automobilindustrie;Bearbeitung;14;Stahl;pulverbeschichtet;28;28;15;0,042;4;42;42;1,0;4;0;0;112;14
PA2026-1729;2026-06-16;Standard;9;Bestandskunde;Maschinenbau;Bearbeitung;12;Stahl;pulverbeschichtet;28;28;15;0,036;4;36;36;1,0;4;0;0;96;12
PA2026-1730;2026-06-13;Standard;15;Bestandskunde;Sonstige;Bearbeitung;12;Stahl;pulverbeschichtet;26;26;7;0,024;4;36;36;1,0;4;0;0;84;12
PA2026-1731;2026-06-14;Änderung;9;Bestandskunde;Logistiktechnik;Bearbeitung;5;Stahl;pulverbeschichtet;28;28;15;0,015;4;15;15;1,0;4;0;0;40;5
PA2026-1732;2026-06-11;Standard;11;Bestandskunde;Sonstige;Bearbeitung;3;Stahl;pulverbeschichtet;26;26;7;0,006;4;9;9;1,0;4;0;0;21;3
PA2026-1733;2026-06-16;Standard;8;Bestandskunde;Medizintechnik;Bearbeitung;15;Stahl;pulverbeschichtet;26;26;7;0,03;4;45;45;1,0;4;0;0;105;15
PA2026-1734;2026-06-11;Standard;13;Bestandskunde;Automobilindustrie;Bearbeitung;18;Stahl;pulverbeschichtet;28;28;15;0,054;4;54;54;1,0;4;0;0;144;18
PA2026-1735;2026-06-16;Standard;3;Bestandskunde;Logistiktechnik;Bearbeitung;14;Stahl;pulverbeschichtet;26;26;7;0,028;4;42;42;1,0;4;0;0;98;14
PA2026-1736;2026-06-15;Änderung;13;Bestandskunde;Automobilindustrie;Bearbeitung;7;Stahl;pulverbeschichtet;28;28;15;0,021;4;21;21;1,0;4;0;0;56;7
PA2026-1737;2026-06-11;Änderung;7;Bestandskunde;Automobilindustrie;Bearbeitung;4;Stahl;pulverbeschichtet;26;26;7;0,008;4;12;12;1,0;4;0;0;28;4
PA2026-1738;2026-06-13;Änderung;10;Bestandskunde;Haushaltsgeräte;Bearbeitung;20;Stahl;pulverbeschichtet;26;26;7;0,04;4;60;60;1,0;4;0;0;140;20
PA2026-1739;2026-06-12;Standard;3;Bestandskunde;Automobilindustrie;Bearbeitung;3;Stahl;pulverbeschichtet;28;28;15;0,009;4;9;9;1,0;4;0;0;24;3
PA2026-1740;2026-06-12;Standard;14;Bestandskunde;Sonstige;Bearbeitung;2;Stahl;pulverbeschichtet;26;26;7;0,004;4;6;6;1,0;4;0;0;14;2
PA2026-1741;2026-06-14;Standard;15;Bestandskunde;Sonstige;Bearbeitung;4;Stahl;pulverbeschichtet;26;26;7;0,008;4;12;12;1,0;4;0;0;28;4
PA2026-1742;2026-06-14;Änderung;13;Bestandskunde;Maschinenbau;Bearbeitung;17;Stahl;pulverbeschichtet;26;26;7;0,034;4;51;51;1,0;4;0;0;119;17
PA2026-1743;2026-06-11;Standard;7;Bestandskunde;Logistiktechnik;Bearbeitung;9;Stahl;pulverbeschichtet;28;28;15;0,027;4;27;27;1,0;4;0;0;72;9
PA2026-1744;2026-06-15;Standard;14;Bestandskunde;Maschinenbau;Bearbeitung;4;Stahl;pulverbeschichtet;26;26;7;0,008;4;12;12;1,0;4;0;0;28;4
PA2026-1745;2026-06-13;Änderung;7;Bestandskunde;Medizintechnik;Bearbeitung;15;Stahl;pulverbeschichtet;28;28;15;0,045;4;45;45;1,0;4;0;0;120;15
PA2026-1746;2026-06-14;Änderung;9;Bestandskunde;Automobilindustrie;Bearbeitung;7;Stahl;pulverbeschichtet;28;28;15;0,021;4;21;21;1,0;4;0;0;56;7
PA2026-1747;2026-06-12;Änderung;3;Bestandskunde;Sonstige;Bearbeitung;7;Stahl;pulverbeschichtet;28;28;15;0,021;4;21;21;1,0;4;0;0;56;7
PA2026-1748;2026-06-13;Änderung;5;Neukunde;Logistiktechnik;Bearbeitung;17;Stahl;pulverbeschichtet;26;26;7;0,034;4;51;51;1,0;4;0;0;119;17
PA2026-1749;2026-06-11;Änderung;9;Bestandskunde;Sonstige;Bearbeitung;9;Stahl;pulverbeschichtet;26;26;7;0,018;4;27;27;1,0;4;0;0;63;9
PA2026-1750;2026-06-11;Standard;3;Bestandskunde;Automobilindustrie;Bearbeitung;20;Stahl;pulverbeschichtet;28;28;15;0,06;4;60;60;1,0;4;0;0;160;20
PA2026-1751;2026-06-12;Änderung;14;Bestandskunde;Haushaltsgeräte;Bearbeitung;18;Stahl;pulverbeschichtet;28;28;15;0,054;4;54;54;1,0;4;0;0;144;18
PA2026-1752;2026-06-13;Änderung;4;Bestandskunde;Sonstige;Bearbeitung;6;Stahl;pulverbeschichtet;26;26;7;0,012;4;18;18;1,0;4;0;0;42;6
PA2026-1753;2026-06-14;Standard;6;Bestandskunde;Maschinenbau;Bearbeitung;2;Stahl;pulverbeschichtet;26;26;7;0,004;4;6;6;1,0;4;0;0;14;2
PA2026-1754;2026-06-17;Standard;9;Bestandskunde;Logistiktechnik;Bearbeitung;20;Stahl;pulverbeschichtet;28;28;15;0,06;4;60;60;1,0;4;0;0;160;20
PA2026-1755;2026-06-17;Änderung;11;Bestandskunde;Logistiktechnik;Bearbeitung;19;Stahl;pulverbeschichtet;26;26;7;0,038;4;57;57;1,0;4;0;0;133;19
PA2026-1756;2026-06-11;Standard;11;Bestandskunde;Automobilindustrie;Bearbeitung;2;Stahl;pulverbeschichtet;28;28;15;0,006;4;6;6;1,0;4;0;0;16;2
PA2026-1757;2026-06-17;Standard;15;Bestandskunde;Sonstige;Bearbeitung;6;Stahl;pulverbeschichtet;26;26;7;0,012;4;18;18;1,0;4;0;0;42;6
PA2026-1758;2026-06-13;Änderung;8;Bestandskunde;Maschinenbau;Bearbeitung;1;Stahl;pulverbeschichtet;28;28;15;0,003;4;3;3;1,0;4;0;0;8;1
PA2026-1759;2026-06-15;Standard;12;Bestandskunde;Medizintechnik;Bearbeitung;3;Stahl;pulverbeschichtet;28;28;15;0,009;4;9;9;1,0;4;0;0;24;3
PA2026-1760;2026-06-11;Änderung;5;Bestandskunde;Logistiktechnik;Bearbeitung;11;Stahl;pulverbeschichtet;28;28;15;0,033;4;33;33;1,0;4;0;0;88;11
PA2026-1761;2026-06-17;Änderung;3;Bestandskunde;Automobilindustrie;Bearbeitung;3;Stahl;pulverbeschichtet;26;26;7;0,006;4;9;9;1,0;4;0;0;21;3
PA2026-1762;2026-06-17;Standard;7;Bestandskunde;Medizintechnik;Bearbeitung;10;Stahl;pulverbeschichtet;26;26;7;0,02;4;30;30;1,0;4;0;0;70;10
PA2026-1763;2026-06-16;Standard;10;Bestandskunde;Automobilindustrie;Bearbeitung;11;Stahl;pulverbeschichtet;26;26;7;0,022;4;33;33;1,0;4;0;0;77;11
PA2026-1764;2026-06-17;Änderung;7;Bestandskunde;Maschinenbau;Bearbeitung;10;Stahl;pulverbeschichtet;28;28;15;0,03;4;30;30;1,0;4;0;0;80;10
PA2026-1765;2026-06-14;Standard;10;Bestandskunde;Automobilindustrie;Bearbeitung;12;Stahl;pulverbeschichtet;28;28;15;0,036;4;36;36;1,0;4;0;0;96;12
PA2026-1766;2026-06-15;Standard;14;Bestandskunde;Sonstige;Bearbeitung;6;Stahl;pulverbeschichtet;28;28;15;0,018;4;18;18;1,0;4;0;0;48;6
PA2026-1767;2026-06-12;Standard;7;Bestandskunde;Sonstige;Bearbeitung;10;Stahl;pulverbeschichtet;26;26;7;0,02;4;30;30;1,0;4;0;0;70;10
PA2026-1768;2026-06-16;Änderung;15;Bestandskunde;Automobilindustrie;Bearbeitung;9;Stahl;pulverbeschichtet;26;26;7;0,018;4;27;27;1,0;4;0;0;63;9
PA2026-1769;2026-06-13;Standard;8;Bestandskunde;Automobilindustrie;Bearbeitung;4;Stahl;pulverbeschichtet;26;26;7;0,008;4;12;12;1,0;4;0;0;28;4
PA2026-1770;2026-06-12;Standard;13;Bestandskunde;Logistiktechnik;Bearbeitung;13;Stahl;pulverbeschichtet;26;26;7;0,026;4;39;39;1,0;4;0;0;91;13
PA2026-1771;2026-06-23;Standard;6;Bestandskunde;Sonstige;Bearbeitung;1;Stahl;pulverbeschichtet;26;26;7;0,002;4;3;3;1,0;4;0;0;7;1
PA2026-1772;2026-06-21;Standard;11;Bestandskunde;Maschinenbau;Bearbeitung;6;Stahl;pulverbeschichtet;26;26;7;0,012;4;18;18;1,0;4;0;0;42;6
PA2026-1773;2026-06-19;Standard;13;Bestandskunde;Automobilindustrie;Bearbeitung;15;Stahl;pulverbeschichtet;28;28;15;0,045;4;45;45;1,0;4;0;0;120;15
PA2026-1774;2026-06-22;Änderung;14;Bestandskunde;Medizintechnik;Bearbeitung;8;Stahl;pulverbeschichtet;28;28;15;0,024;4;24;24;1,0;4;0;0;64;8
PA2026-1775;2026-06-20;Standard;10;Bestandskunde;Maschinenbau;Bearbeitung;2;Stahl;pulverbeschichtet;28;28;15;0,006;4;6;6;1,0;4;0;0;16;2
PA2026-1776;2026-06-21;Standard;14;Neukunde;Maschinenbau;Bearbeitung;13;Stahl;pulverbeschichtet;26;26;7;0,026;4;39;39;1,0;4;0;0;91;13
PA2026-1777;2026-06-22;Änderung;8;Bestandskunde;Automobilindustrie;Bearbeitung;17;Stahl;pulverbeschichtet;26;26;7;0,034;4;51;51;1,0;4;0;0;119;17
PA2026-1778;2026-06-19;Standard;10;Bestandskunde;Maschinenbau;Bearbeitung;3;Stahl;pulverbeschichtet;26;26;7;0,006;4;9;9;1,0;4;0;0;21;3
PA2026-1779;2026-06-24;Standard;12;Bestandskunde;Automobilindustrie;Bearbeitung;1;Stahl;pulverbeschichtet;28;28;15;0,003;4;3;3;1,0;4;0;0;8;1
PA2026-1780;2026-06-19;Änderung;10;Bestandskunde;Automobilindustrie;Bearbeitung;7;Stahl;pulverbeschichtet;26;26;7;0,014;4;21;21;1,0;4;0;0;49;7
PA2026-1781;2026-06-23;Änderung;8;Bestandskunde;Automobilindustrie;Bearbeitung;12;Stahl;pulverbeschichtet;28;28;15;0,036;4;36;36;1,0;4;0;0;96;12
PA2026-1782;2026-06-19;Änderung;10;Bestandskunde;Logistiktechnik;Bearbeitung;13;Stahl;pulverbeschichtet;26;26;7;0,026;4;39;39;1,0;4;0;0;91;13
PA2026-1783;2026-06-23;Standard;13;Bestandskunde;Automobilindustrie;Bearbeitung;4;Stahl;pulverbeschichtet;26;26;7;0,008;4;12;12;1,0;4;0;0;28;4
PA2026-1784;2026-06-20;Standard;6;Bestandskunde;Haushaltsgeräte;Bearbeitung;10;Stahl;pulverbeschichtet;28;28;15;0,03;4;30;30;1,0;4;0;0;80;10
PA2026-1785;2026-06-21;Änderung;5;Bestandskunde;Maschinenbau;Bearbeitung;19;Stahl;pulverbeschichtet;28;28;15;0,057;4;57;57;1,0;4;0;0;152;19
PA2026-1786;2026-06-22;Änderung;8;Bestandskunde;Haushaltsgeräte;Bearbeitung;11;Stahl;pulverbeschichtet;26;26;7;0,022;4;33;33;1,0;4;0;0;77;11
PA2026-1787;2026-06-18;Änderung;8;Bestandskunde;Logistiktechnik;Bearbeitung;7;Stahl;pulverbeschichtet;26;26;7;0,014;4;21;21;1,0;4;0;0;49;7
PA2026-1788;2026-06-18;Standard;11;Bestandskunde;Logistiktechnik;Bearbeitung;5;Stahl;pulverbeschichtet;28;28;15;0,015;4;15;15;1,0;4;0;0;40;5
PA2026-1789;2026-06-21;Standard;15;Bestandskunde;Medizintechnik;Bearbeitung;14;Stahl;pulverbeschichtet;28;28;15;0,042;4;42;42;1,0;4;0;0;112;14
PA2026-1790;2026-06-21;Standard;15;Bestandskunde;Maschinenbau;Bearbeitung;3;Stahl;pulverbeschichtet;26;26;7;0,006;4;9;9;1,0;4;0;0;21;3
PA2026-1791;2026-06-23;Standard;6;Bestandskunde;Maschinenbau;Bearbeitung;1;Stahl;pulverbeschichtet;28;28;15;0,003;4;3;3;1,0;4;0;0;8;1
PA2026-1792;2026-06-19;Standard;15;Bestandskunde;Maschinenbau;Bearbeitung;16;Stahl;pulverbeschichtet;26;26;7;0,032;4;48;48;1,0;4;0;0;112;16
PA2026-1793;2026-06-24;Standard;4;Bestandskunde;Sonstige;Bearbeitung;4;Stahl;pulverbeschichtet;28;28;15;0,012;4;12;12;1,0;4;0;0;32;4
PA2026-1794;2026-06-20;Standard;15;Neukunde;Maschinenbau;Bearbeitung;12;Stahl;pulverbeschichtet;28;28;15;0,036;4;36;36;1,0;4;0;0;96;12
PA2026-1795;2026-06-21;Standard;13;Bestandskunde;Automobilindustrie;Bearbeitung;1;Stahl;pulverbeschichtet;26;26;7;0,002;4;3;3;1,0;4;0;0;7;1
PA2026-1796;2026-06-22;Änderung;9;Bestandskunde;Sonstige;Bearbeitung;15;Stahl;pulverbeschichtet;28;28;15;0,045;4;45;45;1,0;4;0;0;120;15
PA2026-1797;2026-06-21;Standard;10;Bestandskunde;Maschinenbau;Bearbeitung;15;Stahl;pulverbeschichtet;28;28;15;0,045;4;45;45;1,0;4;0;0;120;15
PA2026-1798;2026-06-22;Standard;12;Bestandskunde;Sonstige;Bearbeitung;10;Stahl;pulverbeschichtet;28;28;15;0,03;4;30;30;1,0;4;0;0;80;10
PA2026-1799;2026-06-19;Standard;10;Bestandskunde;Maschinenbau;Bearbeitung;11;Stahl;pulverbeschichtet;26;26;7;0,022;4;33;33;1,0;4;0;0;77;11
PA2026-1800;2026-06-18;Änderung;6;Bestandskunde;Sonstige;Bearbeitung;13;Stahl;pulverbeschichtet;28;28;15;0,039;4;39;39;1,0;4;0;0;104;13
PA2026-1801;2026-06-18;Änderung;6;Bestandskunde;Automobilindustrie;Bearbeitung;16;Stahl;pulverbeschichtet;26;26;7;0,032;4;48;48;1,0;4;0;0;112;16
PA2026-1802;2026-06-20;Standard;14;Bestandskunde;Logistiktechnik;Bearbeitung;17;Stahl;pulverbeschichtet;28;28;15;0,051;4;51;51;1,0;4;0;0;136;17
PA2026-1803;2026-06-18;Standard;11;Bestandskunde;Maschinenbau;Bearbeitung;4;Stahl;pulverbeschichtet;28;28;15;0,012;4;12;12;1,0;4;0;0;32;4
PA2026-1804;2026-06-23;Standard;5;Bestandskunde;Logistiktechnik;Bearbeitung;10;Stahl;pulverbeschichtet;28;28;15;0,03;4;30;30;1,0;4;0;0;80;10
PA2026-1805;2026-06-18;Änderung;6;Bestandskunde;Haushaltsgeräte;Bearbeitung;3;Stahl;pulverbeschichtet;28;28;15;0,009;4;9;9;1,0;4;0;0;24;3
PA2026-1806;2026-06-24;Änderung;7;Bestandskunde;Maschinenbau;Bearbeitung;20;Stahl;pulverbeschichtet;28;28;15;0,06;4;60;60;1,0;4;0;0;160;20
PA2026-1807;2026-06-20;Änderung;15;Neukunde;Maschinenbau;Bearbeitung;9;Stahl;pulverbeschichtet;26;26;7;0,018;4;27;27;1,0;4;0;0;63;9
PA2026-1808;2026-06-22;Änderung;4;Bestandskunde;Automobilindustrie;Bearbeitung;10;Stahl;pulverbeschichtet;26;26;7;0,02;4;30;30;1,0;4;0;0;70;10
PA2026-1809;2026-06-21;Standard;9;Bestandskunde;Automobilindustrie;Bearbeitung;5;Stahl;pulverbeschichtet;28;28;15;0,015;4;15;15;1,0;4;0;0;40;5
PA2026-1810;2026-06-21;Standard;11;Bestandskunde;Haushaltsgeräte;Bearbeitung;11;Stahl;pulverbeschichtet;28;28;15;0,033;4;33;33;1,0;4;0;0;88;11
PA2026-1811;2026-06-22;Änderung;10;Bestandskunde;Sonstige;Bearbeitung;15;Stahl;pulverbeschichtet;26;26;7;0,03;4;45;45;1,0;4;0;0;105;15
PA2026-1812;2026-06-22;Standard;11;Bestandskunde;Sonstige;Bearbeitung;18;Stahl;pulverbeschichtet;28;28;15;0,054;4;54;54;1,0;4;0;0;144;18
PA2026-1813;2026-06-20;Änderung;10;Bestandskunde;Sonstige;Bearbeitung;15;Stahl;pulverbeschichtet;26;26;7;0,03;4;45;45;1,0;4;0;0;105;15
PA2026-1814;2026-06-22;Standard;8;Bestandskunde;Sonstige;Bearbeitung;2;Stahl;pulverbeschichtet;28;28;15;0,006;4;6;6;1,0;4;0;0;16;2
PA2026-1815;2026-06-22;Standard;12;Bestandskunde;Automobilindustrie;Bearbeitung;17;Stahl;pulverbeschichtet;26;26;7;0,034;4;51;51;1,0;4;0;0;119;17
PA2026-1816;2026-06-20;Standard;10;Bestandskunde;Haushaltsgeräte;Bearbeitung;5;Stahl;pulverbeschichtet;28;28;15;0,015;4;15;15;1,0;4;0;0;40;5
PA2026-1817;2026-06-22;Änderung;14;Bestandskunde;Haushaltsgeräte;Bearbeitung;10;Stahl;pulverbeschichtet;26;26;7;0,02;4;30;30;1,0;4;0;0;70;10
PA2026-1818;2026-06-21;Standard;7;Bestandskunde;Automobilindustrie;Bearbeitung;4;Stahl;pulverbeschichtet;28;28;15;0,012;4;12;12;1,0;4;0;0;32;4
PA2026-1819;2026-06-19;Änderung;7;Bestandskunde;Sonstige;Bearbeitung;6;Stahl;pulverbeschichtet;26;26;7;0,012;4;18;18;1,0;4;0;0;42;6
PA2026-1820;2026-06-22;Standard;14;Bestandskunde;Maschinenbau;Bearbeitung;20;Stahl;pulverbeschichtet;26;26;7;0,04;4;60;60;1,0;4;0;0;140;20
PA2026-1821;2026-06-24;Standard;12;Bestandskunde;Maschinenbau;Bearbeitung;11;Stahl;pulverbeschichtet;28;28;15;0,033;4;33;33;1,0;4;0;0;88;11
PA2026-1822;2026-06-24;Standard;12;Bestandskunde;Maschinenbau;Bearbeitung;15;Stahl;pulverbeschichtet;28;28;15;0,045;4;45;45;1,0;4;0;0;120;15
PA2026-1823;2026-06-21;Standard;10;Bestandskunde;Maschinenbau;Bearbeitung;15;Stahl;pulverbeschichtet;26;26;7;0,03;4;45;45;1,0;4;0;0;105;15
PA2026-1824;2026-06-21;Standard;14;Bestandskunde;Logistiktechnik;Bearbeitung;1;Stahl;pulverbeschichtet;26;26;7;0,002;4;3;3;1,0;4;0;0;7;1
PA2026-1825;2026-06-22;Standard;15;Bestandskunde;Sonstige;Bearbeitung;14;Stahl;pulverbeschichtet;26;26;7;0,028;4;42;42;1,0;4;0;0;98;14
PA2026-1826;2026-06-22;Standard;9;Bestandskunde;Automobilindustrie;Bearbeitung;3;Stahl;pulverbeschichtet;26;26;7;0,006;4;9;9;1,0;4;0;0;21;3
PA2026-1827;2026-06-23;Änderung;13;Bestandskunde;Automobilindustrie;Bearbeitung;6;Stahl;pulverbeschichtet;28;28;15;0,018;4;18;18;1,0;4;0;0;48;6
PA2026-1828;2026-06-23;Änderung;8;Bestandskunde;Sonstige;Bearbeitung;7;Stahl;pulverbeschichtet;28;28;15;0,021;4;21;21;1,0;4;0;0;56;7
PA2026-1829;2026-06-20;Änderung;5;Bestandskunde;Logistiktechnik;Bearbeitung;15;Stahl;pulverbeschichtet;28;28;15;0,045;4;45;45;1,0;4;0;0;120;15
PA2026-1830;2026-06-23;Änderung;13;Bestandskunde;Medizintechnik;Bearbeitung;15;Stahl;pulverbeschichtet;28;28;15;0,045;4;45;45;1,0;4;0;0;120;15
PA2026-1831;2026-06-24;Änderung;7;Bestandskunde;Automobilindustrie;Bearbeitung;3;Stahl;pulverbeschichtet;26;26;7;0,006;4;9;9;1,0;4;0;0;21;3
PA2026-1832;2026-06-23;Standard;13;Bestandskunde;Automobilindustrie;Bearbeitung;13;Stahl;pulverbeschichtet;26;26;7;0,026;4;39;39;1,0;4;0;0;91;13
PA2026-1833;2026-06-20;Standard;5;Bestandskunde;Automobilindustrie;Bearbeitung;18;Stahl;pulverbeschichtet;26;26;7;0,036;4;54;54;1,0;4;0;0;126;18
PA2026-1834;2026-06-21;Standard;5;Bestandskunde;Maschinenbau;Bearbeitung;2;Stahl;pulverbeschichtet;26;26;7;0,004;4;6;6;1,0;4;0;0;14;2
PA2026-1835;2026-06-23;Änderung;15;Bestandskunde;Automobilindustrie;Bearbeitung;4;Stahl;pulverbeschichtet;28;28;15;0,012;4;12;12;1,0;4;0;0;32;4
PA2026-1836;2026-06-24;Änderung;9;Bestandskunde;Maschinenbau;Bearbeitung;4;Stahl;pulverbeschichtet;26;26;7;0,008;4;12;12;1,0;4;0;0;28;4
PA2026-1837;2026-06-21;Änderung;11;Bestandskunde;Maschinenbau;Bearbeitung;16;Stahl;pulverbeschichtet;26;26;7;0,032;4;48;48;1,0;4;0;0;112;16
PA2026-1838;2026-06-18;Standard;11;Bestandskunde;Haushaltsgeräte;Bearbeitung;16;Stahl;pulverbeschichtet;26;26;7;0,032;4;48;48;1,0;4;0;0;112;16
PA2026-1839;2026-06-20;Standard;10;Bestandskunde;Medizintechnik;Bearbeitung;15;Stahl;pulverbeschichtet;26;26;7;0,03;4;45;45;1,0;4;0;0;105;15
PA2026-1840;2026-06-20;Standard;5;Bestandskunde;Sonstige;Bearbeitung;10;Stahl;pulverbeschichtet;28;28;15;0,03;4;30;30;1,0;4;0;0;80;10
PA2026-1841;2026-06-20;Standard;11;Bestandskunde;Automobilindustrie;Bearbeitung;6;Stahl;pulverbeschichtet;26;26;7;0,012;4;18;18;1,0;4;0;0;42;6
PA2026-1842;2026-06-23;Standard;13;Bestandskunde;Logistiktechnik;Bearbeitung;5;Stahl;pulverbeschichtet;28;28;15;0,015;4;15;15;1,0;4;0;0;40;5
PA2026-1843;2026-06-24;Standard;12;Bestandskunde;Automobilindustrie;Bearbeitung;7;Stahl;pulverbeschichtet;26;26;7;0,014;4;21;21;1,0;4;0;0;49;7
PA2026-1844;2026-06-22;Standard;4;Neukunde;Automobilindustrie;Bearbeitung;17;Stahl;pulverbeschichtet;28;28;15;0,051;4;51;51;1,0;4;0;0;136;17
PA2026-1845;2026-06-22;Standard;8;Bestandskunde;Maschinenbau;Bearbeitung;19;Stahl;pulverbeschichtet;28;28;15;0,057;4;57;57;1,0;4;0;0;152;19
PA2026-1846;2026-06-20;Standard;12;Bestandskunde;Maschinenbau;Bearbeitung;6;Stahl;pulverbeschichtet;28;28;15;0,018;4;18;18;1,0;4;0;0;48;6
PA2026-1847;2026-06-21;Änderung;13;Bestandskunde;Automobilindustrie;Bearbeitung;11;Stahl;pulverbeschichtet;28;28;15;0,033;4;33;33;1,0;4;0;0;88;11
PA2026-1848;2026-06-19;Standard;8;Bestandskunde;Automobilindustrie;Bearbeitung;4;Stahl;pulverbeschichtet;26;26;7;0,008;4;12;12;1,0;4;0;0;28;4
PA2026-1849;2026-06-21;Standard;15;Bestandskunde;Sonstige;Bearbeitung;1;Stahl;pulverbeschichtet;26;26;7;0,002;4;3;3;1,0;4;0;0;7;1
PA2026-1850;2026-06-20;Standard;5;Bestandskunde;Maschinenbau;Bearbeitung;11;Stahl;pulverbeschichtet;26;26;7;0,022;4;33;33;1,0;4;0;0;77;11
PA2026-1851;2026-06-22;Standard;5;Bestandskunde;Automobilindustrie;Bearbeitung;19;Stahl;pulverbeschichtet;26;26;7;0,038;4;57;57;1,0;4;0;0;133;19
PA2026-1852;2026-06-20;Standard;7;Bestandskunde;Logistiktechnik;Bearbeitung;8;Stahl;pulverbeschichtet;26;26;7;0,016;4;24;24;1,0;4;0;0;56;8
PA2026-1853;2026-06-19;Änderung;4;Bestandskunde;Logistiktechnik;Bearbeitung;9;Stahl;pulverbeschichtet;26;26;7;0,018;4;27;27;1,0;4;0;0;63;9
PA2026-1854;2026-06-23;Standard;5;Bestandskunde;Sonstige;Bearbeitung;10;Stahl;pulverbeschichtet;26;26;7;0,02;4;30;30;1,0;4;0;0;70;10
PA2026-1855;2026-06-19;Standard;8;Bestandskunde;Maschinenbau;Bearbeitung;15;Stahl;pulverbeschichtet;26;26;7;0,03;4;45;45;1,0;4;0;0;105;15
PA2026-1856;2026-06-20;Standard;5;Bestandskunde;Maschinenbau;Bearbeitung;3;Stahl;pulverbeschichtet;26;26;7;0,006;4;9;9;1,0;4;0;0;21;3
PA2026-1857;2026-06-18;Änderung;7;Bestandskunde;Logistiktechnik;Bearbeitung;1;Stahl;pulverbeschichtet;28;28;15;0,003;4;3;3;1,0;4;0;0;8;1
PA2026-1858;2026-06-23;Standard;13;Bestandskunde;Haushaltsgeräte;Bearbeitung;20;Stahl;pulverbeschichtet;28;28;15;0,06;4;60;60;1,0;4;0;0;160;20
PA2026-1859;2026-06-20;Standard;13;Bestandskunde;Automobilindustrie;Bearbeitung;6;Stahl;pulverbeschichtet;28;28;15;0,018;4;18;18;1,0;4;0;0;48;6
PA2026-1860;2026-06-21;Standard;15;Bestandskunde;Haushaltsgeräte;Bearbeitung;9;Stahl;pulverbeschichtet;28;28;15;0,027;4;27;27;1,0;4;0;0;72;9
PA2026-1861;2026-06-27;Standard;15;Bestandskunde;Maschinenbau;Bearbeitung;6;Stahl;pulverbeschichtet;26;26;7;0,012;4;18;18;1,0;4;0;0;42;6
PA2026-1862;2026-06-27;Standard;15;Bestandskunde;Logistiktechnik;Bearbeitung;3;Stahl;pulverbeschichtet;28;28;15;0,009;4;9;9;1,0;4;0;0;24;3
PA2026-1863;2026-06-27;Standard;5;Bestandskunde;Sonstige;Bearbeitung;18;Stahl;pulverbeschichtet;28;28;15;0,054;4;54;54;1,0;4;0;0;144;18
PA2026-1864;2026-07-01;Standard;6;Bestandskunde;Medizintechnik;Bearbeitung;17;Stahl;pulverbeschichtet;26;26;7;0,034;4;51;51;1,0;4;0;0;119;17
PA2026-1865;2026-07-01;Änderung;15;Bestandskunde;Haushaltsgeräte;Bearbeitung;20;Stahl;pulverbeschichtet;28;28;15;0,06;4;60;60;1,0;4;0;0;160;20
PA2026-1866;2026-06-27;Standard;7;Bestandskunde;Logistiktechnik;Bearbeitung;6;Stahl;pulverbeschichtet;26;26;7;0,012;4;18;18;1,0;4;0;0;42;6
PA2026-1867;2026-06-27;Änderung;15;Bestandskunde;Automobilindustrie;Bearbeitung;14;Stahl;pulverbeschichtet;26;26;7;0,028;4;42;42;1,0;4;0;0;98;14
PA2026-1868;2026-06-27;Änderung;15;Neukunde;Automobilindustrie;Bearbeitung;12;Stahl;pulverbeschichtet;28;28;15;0,036;4;36;36;1,0;4;0;0;96;12
PA2026-1869;2026-06-27;Standard;11;Bestandskunde;Automobilindustrie;Bearbeitung;10;Stahl;pulverbeschichtet;26;26;7;0,02;4;30;30;1,0;4;0;0;70;10
PA2026-1870;2026-06-28;Standard;14;Neukunde;Automobilindustrie;Bearbeitung;2;Stahl;pulverbeschichtet;28;28;15;0,006;4;6;6;1,0;4;0;0;16;2
PA2026-1871;2026-06-30;Änderung;7;Neukunde;Logistiktechnik;Bearbeitung;1;Stahl;pulverbeschichtet;28;28;15;0,003;4;3;3;1,0;4;0;0;8;1
PA2026-1872;2026-06-30;Standard;9;Bestandskunde;Maschinenbau;Bearbeitung;11;Stahl;pulverbeschichtet;26;26;7;0,022;4;33;33;1,0;4;0;0;77;11
PA2026-1873;2026-06-27;Standard;8;Bestandskunde;Haushaltsgeräte;Bearbeitung;15;Stahl;pulverbeschichtet;28;28;15;0,045;4;45;45;1,0;4;0;0;120;15
PA2026-1874;2026-06-25;Standard;8;Bestandskunde;Automobilindustrie;Bearbeitung;19;Stahl;pulverbeschichtet;28;28;15;0,057;4;57;57;1,0;4;0;0;152;19
PA2026-1875;2026-07-01;Änderung;12;Bestandskunde;Sonstige;Bearbeitung;16;Stahl;pulverbeschichtet;28;28;15;0,048;4;48;48;1,0;4;0;0;128;16
PA2026-1876;2026-06-29;Standard;13;Bestandskunde;Maschinenbau;Bearbeitung;11;Stahl;pulverbeschichtet;26;26;7;0,022;4;33;33;1,0;4;0;0;77;11
PA2026-1877;2026-06-27;Änderung;14;Bestandskunde;Maschinenbau;Bearbeitung;5;Stahl;pulverbeschichtet;28;28;15;0,015;4;15;15;1,0;4;0;0;40;5
PA2026-1878;2026-07-01;Änderung;12;Bestandskunde;Maschinenbau;Bearbeitung;19;Stahl;pulverbeschichtet;26;26;7;0,038;4;57;57;1,0;4;0;0;133;19
PA2026-1879;2026-06-26;Änderung;5;Bestandskunde;Maschinenbau;Bearbeitung;18;Stahl;pulverbeschichtet;28;28;15;0,054;4;54;54;1,0;4;0;0;144;18
PA2026-1880;2026-06-29;Standard;10;Bestandskunde;Automobilindustrie;Bearbeitung;3;Stahl;pulverbeschichtet;28;28;15;0,009;4;9;9;1,0;4;0;0;24;3
PA2026-1881;2026-07-01;Standard;13;Bestandskunde;Automobilindustrie;Bearbeitung;11;Stahl;pulverbeschichtet;28;28;15;0,033;4;33;33;1,0;4;0;0;88;11
PA2026-1882;2026-06-28;Standard;12;Bestandskunde;Sonstige;Bearbeitung;9;Stahl;pulverbeschichtet;28;28;15;0,027;4;27;27;1,0;4;0;0;72;9
PA2026-1883;2026-06-30;Standard;3;Bestandskunde;Automobilindustrie;Bearbeitung;14;Stahl;pulverbeschichtet;28;28;15;0,042;4;42;42;1,0;4;0;0;112;14
PA2026-1884;2026-07-01;Standard;4;Bestandskunde;Logistiktechnik;Bearbeitung;17;Stahl;pulverbeschichtet;28;28;15;0,051;4;51;51;1,0;4;0;0;136;17
PA2026-1885;2026-06-29;Standard;14;Bestandskunde;Automobilindustrie;Bearbeitung;11;Stahl;pulverbeschichtet;28;28;15;0,033;4;33;33;1,0;4;0;0;88;11
PA2026-1886;2026-06-29;Standard;11;Neukunde;Medizintechnik;Bearbeitung;19;Stahl;pulverbeschichtet;28;28;15;0,057;4;57;57;1,0;4;0;0;152;19
PA2026-1887;2026-06-29;Standard;8;Bestandskunde;Maschinenbau;Bearbeitung;3;Stahl;pulverbeschichtet;26;26;7;0,006;4;9;9;1,0;4;0;0;21;3
PA2026-1888;2026-06-30;Standard;8;Neukunde;Logistiktechnik;Bearbeitung;14;Stahl;pulverbeschichtet;28;28;15;0,042;4;42;42;1,0;4;0;0;112;14
PA2026-1889;2026-06-28;Änderung;7;Bestandskunde;Medizintechnik;Bearbeitung;19;Stahl;pulverbeschichtet;28;28;15;0,057;4;57;57;1,0;4;0;0;152;19
PA2026-1890;2026-06-29;Standard;14;Bestandskunde;Medizintechnik;Bearbeitung;10;Stahl;pulverbeschichtet;28;28;15;0,03;4;30;30;1,0;4;0;0;80;10
PA2026-1891;2026-06-25;Änderung;3;Bestandskunde;Haushaltsgeräte;Bearbeitung;9;Stahl;pulverbeschichtet;26;26;7;0,018;4;27;27;1,0;4;0;0;63;9
PA2026-1892;2026-06-29;Standard;14;Bestandskunde;Maschinenbau;Bearbeitung;19;Stahl;pulverbeschichtet;26;26;7;0,038;4;57;57;1,0;4;0;0;133;19
PA2026-1893;2026-07-01;Änderung;7;Bestandskunde;Haushaltsgeräte;Bearbeitung;10;Stahl;pulverbeschichtet;28;28;15;0,03;4;30;30;1,0;4;0;0;80;10
PA2026-1894;2026-06-25;Standard;4;Bestandskunde;Maschinenbau;Bearbeitung;3;Stahl;pulverbeschichtet;26;26;7;0,006;4;9;9;1,0;4;0;0;21;3
PA2026-1895;2026-06-26;Standard;7;Bestandskunde;Logistiktechnik;Bearbeitung;9;Stahl;pulverbeschichtet;28;28;15;0,027;4;27;27;1,0;4;0;0;72;9
PA2026-1896;2026-07-01;Standard;12;Neukunde;Logistiktechnik;Bearbeitung;15;Stahl;pulverbeschichtet;26;26;7;0,03;4;45;45;1,0;4;0;0;105;15
PA2026-1897;2026-06-25;Standard;13;Bestandskunde;Automobilindustrie;Bearbeitung;7;Stahl;pulverbeschichtet;26;26;7;0,014;4;21;21;1,0;4;0;0;49;7
PA2026-1898;2026-06-28;Standard;15;Bestandskunde;Sonstige;Bearbeitung;13;Stahl;pulverbeschichtet;28;28;15;0,039;4;39;39;1,0;4;0;0;104;13
PA2026-1899;2026-06-26;Standard;15;Bestandskunde;Automobilindustrie;Bearbeitung;4;Stahl;pulverbeschichtet;26;26;7;0,008;4;12;12;1,0;4;0;0;28;4
PA2026-1900;2026-06-25;Standard;14;Bestandskunde;Automobilindustrie;Bearbeitung;11;Stahl;pulverbeschichtet;26;26;7;0,022;4;33;33;1,0;4;0;0;77;11
PA2026-1901;2026-06-26;Standard;5;Bestandskunde;Sonstige;Bearbeitung;9;Stahl;pulverbeschichtet;28;28;15;0,027;4;27;27;1,0;4;0;0;72;9
PA2026-1902;2026-06-25;Änderung;3;Bestandskunde;Haushaltsgeräte;Bearbeitung;4;Stahl;pulverbeschichtet;26;26;7;0,008;4;12;12;1,0;4;0;0;28;4
PA2026-1903;2026-06-27;Standard;5;Bestandskunde;Sonstige;Bearbeitung;10;Stahl;pulverbeschichtet;28;28;15;0,03;4;30;30;1,0;4;0;0;80;10
PA2026-1904;2026-06-30;Standard;13;Bestandskunde;Automobilindustrie;Bearbeitung;9;Stahl;pulverbeschichtet;26;26;7;0,018;4;27;27;1,0;4;0;0;63;9
PA2026-1905;2026-06-26;Standard;8;Bestandskunde;Medizintechnik;Bearbeitung;17;Stahl;pulverbeschichtet;28;28;15;0,051;4;51;51;1,0;4;0;0;136;17
PA2026-1906;2026-06-30;Änderung;14;Bestandskunde;Automobilindustrie;Bearbeitung;7;Stahl;pulverbeschichtet;26;26;7;0,014;4;21;21;1,0;4;0;0;49;7
PA2026-1907;2026-06-29;Standard;14;Bestandskunde;Medizintechnik;Bearbeitung;6;Stahl;pulverbeschichtet;28;28;15;0,018;4;18;18;1,0;4;0;0;48;6
PA2026-1908;2026-06-27;Standard;5;Bestandskunde;Automobilindustrie;Bearbeitung;7;Stahl;pulverbeschichtet;26;26;7;0,014;4;21;21;1,0;4;0;0;49;7
PA2026-1909;2026-06-30;Änderung;12;Bestandskunde;Maschinenbau;Bearbeitung;11;Stahl;pulverbeschichtet;28;28;15;0,033;4;33;33;1,0;4;0;0;88;11
PA2026-1910;2026-06-27;Änderung;4;Bestandskunde;Logistiktechnik;Bearbeitung;5;Stahl;pulverbeschichtet;26;26;7;0,01;4;15;15;1,0;4;0;0;35;5
PA2026-1911;2026-06-29;Standard;13;Bestandskunde;Logistiktechnik;Bearbeitung;6;Stahl;pulverbeschichtet;28;28;15;0,018;4;18;18;1,0;4;0;0;48;6
PA2026-1912;2026-06-25;Änderung;11;Bestandskunde;Automobilindustrie;Bearbeitung;3;Stahl;pulverbeschichtet;26;26;7;0,006;4;9;9;1,0;4;0;0;21;3
PA2026-1913;2026-06-28;Standard;14;Bestandskunde;Logistiktechnik;Bearbeitung;5;Stahl;pulverbeschichtet;26;26;7;0,01;4;15;15;1,0;4;0;0;35;5
PA2026-1914;2026-06-28;Änderung;15;Bestandskunde;Automobilindustrie;Bearbeitung;11;Stahl;pulverbeschichtet;26;26;7;0,022;4;33;33;1,0;4;0;0;77;11
PA2026-1915;2026-06-30;Standard;6;Bestandskunde;Sonstige;Bearbeitung;19;Stahl;pulverbeschichtet;28;28;15;0,057;4;57;57;1,0;4;0;0;152;19
PA2026-1916;2026-06-26;Änderung;15;Bestandskunde;Automobilindustrie;Bearbeitung;8;Stahl;pulverbeschichtet;26;26;7;0,016;4;24;24;1,0;4;0;0;56;8
PA2026-1917;2026-06-30;Änderung;13;Bestandskunde;Maschinenbau;Bearbeitung;8;Stahl;pulverbeschichtet;26;26;7;0,016;4;24;24;1,0;4;0;0;56;8
PA2026-1918;2026-06-26;Änderung;10;Bestandskunde;Haushaltsgeräte;Bearbeitung;19;Stahl;pulverbeschichtet;26;26;7;0,038;4;57;57;1,0;4;0;0;133;19
PA2026-1919;2026-06-27;Standard;13;Bestandskunde;Automobilindustrie;Bearbeitung;2;Stahl;pulverbeschichtet;28;28;15;0,006;4;6;6;1,0;4;0;0;16;2
PA2026-1920;2026-06-25;Standard;7;Bestandskunde;Sonstige;Bearbeitung;2;Stahl;pulverbeschichtet;28;28;15;0,006;4;6;6;1,0;4;0;0;16;2
PA2026-1921;2026-06-28;Änderung;11;Bestandskunde;Sonstige;Bearbeitung;12;Stahl;pulverbeschichtet;26;26;7;0,024;4;36;36;1,0;4;0;0;84;12
PA2026-1922;2026-06-28;Änderung;9;Bestandskunde;Automobilindustrie;Bearbeitung;15;Stahl;pulverbeschichtet;26;26;7;0,03;4;45;45;1,0;4;0;0;105;15
PA2026-1923;2026-06-30;Änderung;15;Bestandskunde;Automobilindustrie;Bearbeitung;6;Stahl;pulverbeschichtet;26;26;7;0,012;4;18;18;1,0;4;0;0;42;6
PA2026-1924;2026-07-01;Änderung;14;Bestandskunde;Logistiktechnik;Bearbeitung;4;Stahl;pulverbeschichtet;28;28;15;0,012;4;12;12;1,0;4;0;0;32;4
PA2026-1925;2026-06-27;Standard;5;Bestandskunde;Maschinenbau;Bearbeitung;1;Stahl;pulverbeschichtet;28;28;15;0,003;4;3;3;1,0;4;0;0;8;1
PA2026-1926;2026-06-26;Standard;13;Bestandskunde;Maschinenbau;Bearbeitung;10;Stahl;pulverbeschichtet;26;26;7;0,02;4;30;30;1,0;4;0;0;70;10
PA2026-1927;2026-06-27;Standard;14;Bestandskunde;Automobilindustrie;Bearbeitung;3;Stahl;pulverbeschichtet;26;26;7;0,006;4;9;9;1,0;4;0;0;21;3
PA2026-1928;2026-07-01;Änderung;15;Bestandskunde;Haushaltsgeräte;Bearbeitung;8;Stahl;pulverbeschichtet;26;26;7;0,016;4;24;24;1,0;4;0;0;56;8
PA2026-1929;2026-06-30;Standard;12;Bestandskunde;Maschinenbau;Bearbeitung;19;Stahl;pulverbeschichtet;26;26;7;0,038;4;57;57;1,0;4;0;0;133;19
PA2026-1930;2026-06-29;Änderung;9;Neukunde;Maschinenbau;Bearbeitung;6;Stahl;pulverbeschichtet;26;26;7;0,012;4;18;18;1,0;4;0;0;42;6
PA2026-1931;2026-06-25;Änderung;6;Bestandskunde;Maschinenbau;Bearbeitung;8;Stahl;pulverbeschichtet;28;28;15;0,024;4;24;24;1,0;4;0;0;64;8
PA2026-1932;2026-07-01;Standard;7;Bestandskunde;Maschinenbau;Bearbeitung;13;Stahl;pulverbeschichtet;26;26;7;0,026;4;39;39;1,0;4;0;0;91;13
PA2026-1933;2026-06-29;Standard;14;Bestandskunde;Medizintechnik;Bearbeitung;5;Stahl;pulverbeschichtet;28;28;15;0,015;4;15;15;1,0;4;0;0;40;5
PA2026-1934;2026-06-25;Standard;9;Bestandskunde;Automobilindustrie;Bearbeitung;7;Stahl;pulverbeschichtet;28;28;15;0,021;4;21;21;1,0;4;0;0;56;7
PA2026-1935;2026-07-01;Änderung;12;Bestandskunde;Logistiktechnik;Bearbeitung;6;Stahl;pulverbeschichtet;26;26;7;0,012;4;18;18;1,0;4;0;0;42;6
PA2026-1936;2026-07-01;Standard;7;Bestandskunde;Maschinenbau;Bearbeitung;7;Stahl;pulverbeschichtet;26;26;7;0,014;4;21;21;1,0;4;0;0;49;7
PA2026-1937;2026-06-25;Standard;8;Bestandskunde;Automobilindustrie;Bearbeitung;13;Stahl;pulverbeschichtet;26;26;7;0,026;4;39;39;1,0;4;0;0;91;13
PA2026-1938;2026-06-26;Standard;13;Bestandskunde;Medizintechnik;Bearbeitung;11;Stahl;pulverbeschichtet;26;26;7;0,022;4;33;33;1,0;4;0;0;77;11
PA2026-1939;2026-06-29;Änderung;10;Bestandskunde;Automobilindustrie;Bearbeitung;20;Stahl;pulverbeschichtet;26;26;7;0,04;4;60;60;1,0;4;0;0;140;20
PA2026-1940;2026-06-30;Standard;13;Bestandskunde;Automobilindustrie;Bearbeitung;20;Stahl;pulverbeschichtet;28;28;15;0,06;4;60;60;1,0;4;0;0;160;20
PA2026-1941;2026-06-25;Änderung;11;Bestandskunde;Maschinenbau;Bearbeitung;2;Stahl;pulverbeschichtet;28;28;15;0,006;4;6;6;1,0;4;0;0;16;2
PA2026-1942;2026-06-25;Standard;13;Bestandskunde;Logistiktechnik;Bearbeitung;16;Stahl;pulverbeschichtet;28;28;15;0,048;4;48;48;1,0;4;0;0;128;16
PA2026-1943;2026-06-29;Änderung;6;Bestandskunde;Maschinenbau;Bearbeitung;20;Stahl;pulverbeschichtet;28;28;15;0,06;4;60;60;1,0;4;0;0;160;20
PA2026-1944;2026-07-01;Standard;14;Bestandskunde;Maschinenbau;Bearbeitung;14;Stahl;pulverbeschichtet;28;28;15;0,042;4;42;42;1,0;4;0;0;112;14
PA2026-1945;2026-07-01;Standard;9;Bestandskunde;Logistiktechnik;Bearbeitung;9;Stahl;pulverbeschichtet;26;26;7;0,018;4;27;27;1,0;4;0;0;63;9
PA2026-1946;2026-06-30;Standard;9;Bestandskunde;Maschinenbau;Bearbeitung;4;Stahl;pulverbeschichtet;28;28;15;0,012;4;12;12;1,0;4;0;0;32;4
PA2026-1947;2026-06-29;Änderung;14;Bestandskunde;Logistiktechnik;Bearbeitung;9;Stahl;pulverbeschichtet;28;28;15;0,027;4;27;27;1,0;4;0;0;72;9
PA2026-1948;2026-06-29;Änderung;13;Neukunde;Medizintechnik;Bearbeitung;13;Stahl;pulverbeschichtet;26;26;7;0,026;4;39;39;1,0;4;0;0;91;13
PA2026-1949;2026-06-29;Standard;6;Bestandskunde;Automobilindustrie;Bearbeitung;8;Stahl;pulverbeschichtet;26;26;7;0,016;4;24;24;1,0;4;0;0;56;8
PA2026-1950;2026-06-30;Standard;13;Bestandskunde;Maschinenbau;Bearbeitung;2;Stahl;pulverbeschichtet;28;28;15;0,006;4;6;6;1,0;4;0;0;16;2
PA2026-1951;2026-07-08;Änderung;13;Bestandskunde;Automobilindustrie;Bearbeitung;17;Stahl;pulverbeschichtet;28;28;15;0,051;4;51;51;1,0;4;0;0;136;17
PA2026-1952;2026-07-08;Standard;12;Bestandskunde;Logistiktechnik;Bearbeitung;19;Stahl;pulverbeschichtet;26;26;7;0,038;4;57;57;1,0;4;0;0;133;19
PA2026-1953;2026-07-07;Standard;11;Bestandskunde;Automobilindustrie;Bearbeitung;1;Stahl;pulverbeschichtet;26;26;7;0,002;4;3;3;1,0;4;0;0;7;1
PA2026-1954;2026-07-04;Änderung;11;Neukunde;Maschinenbau;Bearbeitung;9;Stahl;pulverbeschichtet;28;28;15;0,027;4;27;27;1,0;4;0;0;72;9
PA2026-1955;2026-07-04;Änderung;14;Bestandskunde;Logistiktechnik;Bearbeitung;6;Stahl;pulverbeschichtet;28;28;15;0,018;4;18;18;1,0;4;0;0;48;6
PA2026-1956;2026-07-07;Änderung;13;Bestandskunde;Maschinenbau;Bearbeitung;6;Stahl;pulverbeschichtet;26;26;7;0,012;4;18;18;1,0;4;0;0;42;6
PA2026-1957;2026-07-04;Änderung;11;Neukunde;Maschinenbau;Bearbeitung;8;Stahl;pulverbeschichtet;28;28;15;0,024;4;24;24;1,0;4;0;0;64;8
PA2026-1958;2026-07-02;Standard;5;Bestandskunde;Sonstige;Bearbeitung;16;Stahl;pulverbeschichtet;28;28;15;0,048;4;48;48;1,0;4;0;0;128;16
PA2026-1959;2026-07-03;Standard;9;Bestandskunde;Maschinenbau;Bearbeitung;11;Stahl;pulverbeschichtet;26;26;7;0,022;4;33;33;1,0;4;0;0;77;11
PA2026-1960;2026-07-08;Standard;7;Bestandskunde;Logistiktechnik;Bearbeitung;4;Stahl;pulverbeschichtet;28;28;15;0,012;4;12;12;1,0;4;0;0;32;4
PA2026-1961;2026-07-06;Standard;10;Bestandskunde;Automobilindustrie;Bearbeitung;13;Stahl;pulverbeschichtet;26;26;7;0,026;4;39;39;1,0;4;0;0;91;13
PA2026-1962;2026-07-02;Änderung;5;Bestandskunde;Sonstige;Bearbeitung;13;Stahl;pulverbeschichtet;26;26;7;0,026;4;39;39;1,0;4;0;0;91;13
PA2026-1963;2026-07-07;Änderung;11;Bestandskunde;Maschinenbau;Bearbeitung;13;Stahl;pulverbeschichtet;28;28;15;0,039;4;39;39;1,0;4;0;0;104;13
PA2026-1964;2026-07-06;Änderung;5;Bestandskunde;Automobilindustrie;Bearbeitung;2;Stahl;pulverbeschichtet;26;26;7;0,004;4;6;6;1,0;4;0;0;14;2
PA2026-1965;2026-07-07;Änderung;9;Bestandskunde;Logistiktechnik;Bearbeitung;8;Stahl;pulverbeschichtet;26;26;7;0,016;4;24;24;1,0;4;0;0;56;8
PA2026-1966;2026-07-05;Standard;9;Bestandskunde;Haushaltsgeräte;Bearbeitung;1;Stahl;pulverbeschichtet;26;26;7;0,002;4;3;3;1,0;4;0;0;7;1
PA2026-1967;2026-07-05;Standard;9;Bestandskunde;Maschinenbau;Bearbeitung;19;Stahl;pulverbeschichtet;28;28;15;0,057;4;57;57;1,0;4;0;0;152;19
PA2026-1968;2026-07-06;Änderung;13;Bestandskunde;Sonstige;Bearbeitung;12;Stahl;pulverbeschichtet;28;28;15;0,036;4;36;36;1,0;4;0;0;96;12
PA2026-1969;2026-07-04;Standard;11;Bestandskunde;Medizintechnik;Bearbeitung;11;Stahl;pulverbeschichtet;28;28;15;0,033;4;33;33;1,0;4;0;0;88;11
PA2026-1970;2026-07-07;Standard;7;Bestandskunde;Maschinenbau;Bearbeitung;8;Stahl;pulverbeschichtet;28;28;15;0,024;4;24;24;1,0;4;0;0;64;8
PA2026-1971;2026-07-08;Standard;15;Bestandskunde;Automobilindustrie;Bearbeitung;4;Stahl;pulverbeschichtet;26;26;7;0,008;4;12;12;1,0;4;0;0;28;4
PA2026-1972;2026-07-07;Standard;8;Bestandskunde;Maschinenbau;Bearbeitung;2;Stahl;pulverbeschichtet;26;26;7;0,004;4;6;6;1,0;4;0;0;14;2
PA2026-1973;2026-07-05;Änderung;15;Bestandskunde;Sonstige;Bearbeitung;6;Stahl;pulverbeschichtet;28;28;15;0,018;4;18;18;1,0;4;0;0;48;6
PA2026-1974;2026-07-06;Änderung;4;Bestandskunde;Sonstige;Bearbeitung;5;Stahl;pulverbeschichtet;26;26;7;0,01;4;15;15;1,0;4;0;0;35;5
PA2026-1975;2026-07-02;Standard;9;Bestandskunde;Logistiktechnik;Bearbeitung;1;Stahl;pulverbeschichtet;26;26;7;0,002;4;3;3;1,0;4;0;0;7;1
PA2026-1976;2026-07-07;Änderung;7;Bestandskunde;Logistiktechnik;Bearbeitung;15;Stahl;pulverbeschichtet;28;28;15;0,045;4;45;45;1,0;4;0;0;120;15
PA2026-1977;2026-07-07;Standard;10;Bestandskunde;Haushaltsgeräte;Bearbeitung;17;Stahl;pulverbeschichtet;28;28;15;0,051;4;51;51;1,0;4;0;0;136;17
PA2026-1978;2026-07-08;Standard;11;Bestandskunde;Automobilindustrie;Bearbeitung;2;Stahl;pulverbeschichtet;28;28;15;0,006;4;6;6;1,0;4;0;0;16;2
PA2026-1979;2026-07-02;Standard;5;Bestandskunde;Sonstige;Bearbeitung;6;Stahl;pulverbeschichtet;28;28;15;0,018;4;18;18;1,0;4;0;0;48;6
PA2026-1980;2026-07-06;Standard;8;Bestandskunde;Sonstige;Bearbeitung;16;Stahl;pulverbeschichtet;26;26;7;0,032;4;48;48;1,0;4;0;0;112;16
PA2026-1981;2026-07-02;Standard;6;Bestandskunde;Logistiktechnik;Bearbeitung;13;Stahl;pulverbeschichtet;26;26;7;0,026;4;39;39;1,0;4;0;0;91;13
PA2026-1982;2026-07-07;Standard;14;Bestandskunde;Automobilindustrie;Bearbeitung;4;Stahl;pulverbeschichtet;28;28;15;0,012;4;12;12;1,0;4;0;0;32;4
PA2026-1983;2026-07-03;Standard;12;Bestandskunde;Maschinenbau;Bearbeitung;6;Stahl;pulverbeschichtet;28;28;15;0,018;4;18;18;1,0;4;0;0;48;6
PA2026-1984;2026-07-03;Standard;8;Bestandskunde;Haushaltsgeräte;Bearbeitung;3;Stahl;pulverbeschichtet;28;28;15;0,009;4;9;9;1,0;4;0;0;24;3
PA2026-1985;2026-07-08;Standard;6;Bestandskunde;Medizintechnik;Bearbeitung;20;Stahl;pulverbeschichtet;28;28;15;0,06;4;60;60;1,0;4;0;0;160;20
PA2026-1986;2026-07-07;Standard;12;Bestandskunde;Automobilindustrie;Bearbeitung;17;Stahl;pulverbeschichtet;26;26;7;0,034;4;51;51;1,0;4;0;0;119;17
PA2026-1987;2026-07-04;Änderung;12;Bestandskunde;Sonstige;Bearbeitung;19;Stahl;pulverbeschichtet;26;26;7;0,038;4;57;57;1,0;4;0;0;133;19
PA2026-1988;2026-07-03;Standard;7;Bestandskunde;Sonstige;Bearbeitung;18;Stahl;pulverbeschichtet;28;28;15;0,054;4;54;54;1,0;4;0;0;144;18
PA2026-1989;2026-07-02;Standard;6;Bestandskunde;Sonstige;Bearbeitung;15;Stahl;pulverbeschichtet;26;26;7;0,03;4;45;45;1,0;4;0;0;105;15
PA2026-1990;2026-07-08;Änderung;13;Bestandskunde;Medizintechnik;Bearbeitung;18;Stahl;pulverbeschichtet;26;26;7;0,036;4;54;54;1,0;4;0;0;126;18
PA2026-1991;2026-07-04;Standard;5;Bestandskunde;Medizintechnik;Bearbeitung;17;Stahl;pulverbeschichtet;26;26;7;0,034;4;51;51;1,0;4;0;0;119;17
PA2026-1992;2026-07-05;Änderung;9;Neukunde;Maschinenbau;Bearbeitung;11;Stahl;pulverbeschichtet;26;26;7;0,022;4;33;33;1,0;4;0;0;77;11
PA2026-1993;2026-07-06;Änderung;13;Neukunde;Sonstige;Bearbeitung;18;Stahl;pulverbeschichtet;28;28;15;0,054;4;54;54;1,0;4;0;0;144;18
PA2026-1994;2026-07-03;Standard;10;Bestandskunde;Logistiktechnik;Bearbeitung;16;Stahl;pulverbeschichtet;26;26;7;0,032;4;48;48;1,0;4;0;0;112;16
PA2026-1995;2026-07-02;Änderung;11;Bestandskunde;Medizintechnik;Bearbeitung;16;Stahl;pulverbeschichtet;26;26;7;0,032;4;48;48;1,0;4;0;0;112;16
PA2026-1996;2026-07-07;Standard;11;Bestandskunde;Logistiktechnik;Bearbeitung;18;Stahl;pulverbeschichtet;26;26;7;0,036;4;54;54;1,0;4;0;0;126;18
PA2026-1997;2026-07-07;Änderung;8;Bestandskunde;Maschinenbau;Bearbeitung;7;Stahl;pulverbeschichtet;28;28;15;0,021;4;21;21;1,0;4;0;0;56;7
PA2026-1998;2026-07-05;Änderung;13;Bestandskunde;Maschinenbau;Bearbeitung;1;Stahl;pulverbeschichtet;28;28;15;0,003;4;3;3;1,0;4;0;0;8;1
PA2026-1999;2026-07-04;Standard;15;Bestandskunde;Automobilindustrie;Bearbeitung;10;Stahl;pulverbeschichtet;28;28;15;0,03;4;30;30;1,0;4;0;0;80;10
PA2026-2000;2026-07-03;Änderung;5;Bestandskunde;Maschinenbau;Bearbeitung;19;Stahl;pulverbeschichtet;26;26;7;0,038;4;57;57;1,0;4;0;0;133;19
PA2026-2001;2026-07-07;Änderung;4;Bestandskunde;Maschinenbau;Bearbeitung;10;Stahl;pulverbeschichtet;26;26;7;0,02;4;30;30;1,0;4;0;0;70;10
PA2026-2002;2026-07-04;Standard;5;Bestandskunde;Sonstige;Bearbeitung;14;Stahl;pulverbeschichtet;28;28;15;0,042;4;42;42;1,0;4;0;0;112;14
PA2026-2003;2026-07-07;Änderung;4;Bestandskunde;Sonstige;Bearbeitung;6;Stahl;pulverbeschichtet;26;26;7;0,012;4;18;18;1,0;4;0;0;42;6
PA2026-2004;2026-07-02;Änderung;7;Bestandskunde;Sonstige;Bearbeitung;20;Stahl;pulverbeschichtet;26;26;7;0,04;4;60;60;1,0;4;0;0;140;20
PA2026-2005;2026-07-05;Standard;9;Bestandskunde;Automobilindustrie;Bearbeitung;10;Stahl;pulverbeschichtet;26;26;7;0,02;4;30;30;1,0;4;0;0;70;10
PA2026-2006;2026-07-07;Änderung;11;Bestandskunde;Maschinenbau;Bearbeitung;8;Stahl;pulverbeschichtet;26;26;7;0,016;4;24;24;1,0;4;0;0;56;8
PA2026-2007;2026-07-02;Standard;6;Bestandskunde;Sonstige;Bearbeitung;9;Stahl;pulverbeschichtet;28;28;15;0,027;4;27;27;1,0;4;0;0;72;9
PA2026-2008;2026-07-06;Änderung;10;Bestandskunde;Automobilindustrie;Bearbeitung;9;Stahl;pulverbeschichtet;28;28;15;0,027;4;27;27;1,0;4;0;0;72;9
PA2026-2009;2026-07-02;Änderung;12;Bestandskunde;Automobilindustrie;Bearbeitung;7;Stahl;pulverbeschichtet;28;28;15;0,021;4;21;21;1,0;4;0;0;56;7
PA2026-2010;2026-07-06;Standard;4;Bestandskunde;Sonstige;Bearbeitung;15;Stahl;pulverbeschichtet;28;28;15;0,045;4;45;45;1,0;4;0;0;120;15
PA2026-2011;2026-07-02;Änderung;6;Bestandskunde;Haushaltsgeräte;Bearbeitung;16;Stahl;pulverbeschichtet;26;26;7;0,032;4;48;48;1,0;4;0;0;112;16
PA2026-2012;2026-07-06;Standard;11;Bestandskunde;Automobilindustrie;Bearbeitung;13;Stahl;pulverbeschichtet;26;26;7;0,026;4;39;39;1,0;4;0;0;91;13
PA2026-2013;2026-07-04;Standard;10;Bestandskunde;Sonstige;Bearbeitung;4;Stahl;pulverbeschichtet;28;28;15;0,012;4;12;12;1,0;4;0;0;32;4
PA2026-2014;2026-07-02;Änderung;14;Bestandskunde;Haushaltsgeräte;Bearbeitung;2;Stahl;pulverbeschichtet;28;28;15;0,006;4;6;6;1,0;4;0;0;16;2
PA2026-2015;2026-07-02;Standard;6;Bestandskunde;Maschinenbau;Bearbeitung;6;Stahl;pulverbeschichtet;28;28;15;0,018;4;18;18;1,0;4;0;0;48;6
PA2026-2016;2026-07-03;Standard;12;Bestandskunde;Logistiktechnik;Bearbeitung;5;Stahl;pulverbeschichtet;26;26;7;0,01;4;15;15;1,0;4;0;0;35;5
PA2026-2017;2026-07-08;Änderung;4;Bestandskunde;Logistiktechnik;Bearbeitung;7;Stahl;pulverbeschichtet;28;28;15;0,021;4;21;21;1,0;4;0;0;56;7
PA2026-2018;2026-07-02;Standard;3;Bestandskunde;Haushaltsgeräte;Bearbeitung;9;Stahl;pulverbeschichtet;26;26;7;0,018;4;27;27;1,0;4;0;0;63;9
PA2026-2019;2026-07-05;Änderung;9;Bestandskunde;Maschinenbau;Bearbeitung;13;Stahl;pulverbeschichtet;26;26;7;0,026;4;39;39;1,0;4;0;0;91;13
PA2026-2020;2026-07-06;Standard;5;Bestandskunde;Maschinenbau;Bearbeitung;11;Stahl;pulverbeschichtet;26;26;7;0,022;4;33;33;1,0;4;0;0;77;11
PA2026-2021;2026-07-08;Standard;13;Bestandskunde;Automobilindustrie;Bearbeitung;17;Stahl;pulverbeschichtet;28;28;15;0,051;4;51;51;1,0;4;0;0;136;17
PA2026-2022;2026-07-03;Standard;5;Bestandskunde;Automobilindustrie;Bearbeitung;4;Stahl;pulverbeschichtet;28;28;15;0,012;4;12;12;1,0;4;0;0;32;4
PA2026-2023;2026-07-06;Standard;4;Bestandskunde;Sonstige;Bearbeitung;11;Stahl;pulverbeschichtet;26;26;7;0,022;4;33;33;1,0;4;0;0;77;11
PA2026-2024;2026-07-03;Standard;5;Bestandskunde;Automobilindustrie;Bearbeitung;1;Stahl;pulverbeschichtet;28;28;15;0,003;4;3;3;1,0;4;0;0;8;1
PA2026-2025;2026-07-08;Standard;6;Bestandskunde;Logistiktechnik;Bearbeitung;2;Stahl;pulverbeschichtet;26;26;7;0,004;4;6;6;1,0;4;0;0;14;2
PA2026-2026;2026-07-07;Standard;14;Bestandskunde;Maschinenbau;Bearbeitung;10;Stahl;pulverbeschichtet;26;26;7;0,02;4;30;30;1,0;4;0;0;70;10
PA2026-2027;2026-07-07;Standard;8;Bestandskunde;Logistiktechnik;Bearbeitung;12;Stahl;pulverbeschichtet;28;28;15;0,036;4;36;36;1,0;4;0;0;96;12
PA2026-2028;2026-07-03;Standard;13;Bestandskunde;Logistiktechnik;Bearbeitung;5;Stahl;pulverbeschichtet;28;28;15;0,015;4;15;15;1,0;4;0;0;40;5
PA2026-2029;2026-07-07;Änderung;8;Bestandskunde;Maschinenbau;Bearbeitung;9;Stahl;pulverbeschichtet;28;28;15;0,027;4;27;27;1,0;4;0;0;72;9
PA2026-2030;2026-07-07;Änderung;3;Bestandskunde;Medizintechnik;Bearbeitung;2;Stahl;pulverbeschichtet;26;26;7;0,004;4;6;6;1,0;4;0;0;14;2
PA2026-2031;2026-07-07;Standard;8;Bestandskunde;Sonstige;Bearbeitung;12;Stahl;pulverbeschichtet;28;28;15;0,036;4;36;36;1,0;4;0;0;96;12
PA2026-2032;2026-07-05;Standard;14;Bestandskunde;Logistiktechnik;Bearbeitung;13;Stahl;pulverbeschichtet;26;26;7;0,026;4;39;39;1,0;4;0;0;91;13
PA2026-2033;2026-07-04;Standard;10;Bestandskunde;Logistiktechnik;Bearbeitung;17;Stahl;pulverbeschichtet;28;28;15;0,051;4;51;51;1,0;4;0;0;136;17
PA2026-2034;2026-07-03;Änderung;7;Bestandskunde;Maschinenbau;Bearbeitung;20;Stahl;pulverbeschichtet;26;26;7;0,04;4;60;60;1,0;4;0;0;140;20
PA2026-2035;2026-07-06;Änderung;14;Bestandskunde;Logistiktechnik;Bearbeitung;13;Stahl;pulverbeschichtet;28;28;15;0,039;4;39;39;1,0;4;0;0;104;13
PA2026-2036;2026-07-02;Änderung;13;Bestandskunde;Haushaltsgeräte;Bearbeitung;20;Stahl;pulverbeschichtet;26;26;7;0,04;4;60;60;1,0;4;0;0;140;20
PA2026-2037;2026-07-03;Standard;7;Bestandskunde;Maschinenbau;Bearbeitung;13;Stahl;pulverbeschichtet;28;28;15;0,039;4;39;39;1,0;4;0;0;104;13
PA2026-2038;2026-07-05;Standard;5;Bestandskunde;Haushaltsgeräte;Bearbeitung;6;Stahl;pulverbeschichtet;28;28;15;0,018;4;18;18;1,0;4;0;0;48;6
PA2026-2039;2026-07-07;Änderung;7;Bestandskunde;Automobilindustrie;Bearbeitung;7;Stahl;pulverbeschichtet;28;28;15;0,021;4;21;21;1,0;4;0;0;56;7
PA2026-2040;2026-07-04;Standard;14;Bestandskunde;Logistiktechnik;Bearbeitung;16;Stahl;pulverbeschichtet;26;26;7;0,032;4;48;48;1,0;4;0;0;112;16
PA2026-2041;2026-07-15;Standard;15;Bestandskunde;Maschinenbau;Bearbeitung;4;Stahl;pulverbeschichtet;28;28;15;0,012;4;12;12;1,0;4;0;0;32;4
PA2026-2042;2026-07-09;Standard;3;Bestandskunde;Automobilindustrie;Bearbeitung;11;Stahl;pulverbeschichtet;26;26;7;0,022;4;33;33;1,0;4;0;0;77;11
PA2026-2043;2026-07-11;Standard;8;Bestandskunde;Sonstige;Bearbeitung;10;Stahl;pulverbeschichtet;26;26;7;0,02;4;30;30;1,0;4;0;0;70;10
PA2026-2044;2026-07-13;Änderung;11;Bestandskunde;Automobilindustrie;Bearbeitung;16;Stahl;pulverbeschichtet;26;26;7;0,032;4;48;48;1,0;4;0;0;112;16
PA2026-2045;2026-07-10;Standard;10;Bestandskunde;Sonstige;Bearbeitung;6;Stahl;pulverbeschichtet;28;28;15;0,018;4;18;18;1,0;4;0;0;48;6
PA2026-2046;2026-07-12;Änderung;6;Bestandskunde;Logistiktechnik;Bearbeitung;6;Stahl;pulverbeschichtet;26;26;7;0,012;4;18;18;1,0;4;0;0;42;6
PA2026-2047;2026-07-11;Standard;9;Bestandskunde;Maschinenbau;Bearbeitung;5;Stahl;pulverbeschichtet;28;28;15;0,015;4;15;15;1,0;4;0;0;40;5
PA2026-2048;2026-07-15;Standard;4;Bestandskunde;Sonstige;Bearbeitung;13;Stahl;pulverbeschichtet;28;28;15;0,039;4;39;39;1,0;4;0;0;104;13
PA2026-2049;2026-07-15;Standard;3;Bestandskunde;Haushaltsgeräte;Bearbeitung;12;Stahl;pulverbeschichtet;28;28;15;0,036;4;36;36;1,0;4;0;0;96;12
PA2026-2050;2026-07-13;Änderung;8;Bestandskunde;Maschinenbau;Bearbeitung;16;Stahl;pulverbeschichtet;28;28;15;0,048;4;48;48;1,0;4;0;0;128;16
PA2026-2051;2026-07-09;Standard;11;Bestandskunde;Automobilindustrie;Bearbeitung;10;Stahl;pulverbeschichtet;28;28;15;0,03;4;30;30;1,0;4;0;0;80;10
PA2026-2052;2026-07-09;Änderung;7;Bestandskunde;Automobilindustrie;Bearbeitung;3;Stahl;pulverbeschichtet;28;28;15;0,009;4;9;9;1,0;4;0;0;24;3
PA2026-2053;2026-07-15;Standard;14;Bestandskunde;Medizintechnik;Bearbeitung;14;Stahl;pulverbeschichtet;28;28;15;0,042;4;42;42;1,0;4;0;0;112;14
PA2026-2054;2026-07-15;Standard;9;Bestandskunde;Haushaltsgeräte;Bearbeitung;17;Stahl;pulverbeschichtet;26;26;7;0,034;4;51;51;1,0;4;0;0;119;17
PA2026-2055;2026-07-11;Standard;7;Bestandskunde;Sonstige;Bearbeitung;10;Stahl;pulverbeschichtet;26;26;7;0,02;4;30;30;1,0;4;0;0;70;10
PA2026-2056;2026-07-12;Änderung;11;Neukunde;Logistiktechnik;Bearbeitung;15;Stahl;pulverbeschichtet;28;28;15;0,045;4;45;45;1,0;4;0;0;120;15
PA2026-2057;2026-07-13;Änderung;4;Bestandskunde;Automobilindustrie;Bearbeitung;20;Stahl;pulverbeschichtet;26;26;7;0,04;4;60;60;1,0;4;0;0;140;20
PA2026-2058;2026-07-11;Änderung;12;Bestandskunde;Automobilindustrie;Bearbeitung;13;Stahl;pulverbeschichtet;26;26;7;0,026;4;39;39;1,0;4;0;0;91;13
PA2026-2059;2026-07-14;Änderung;13;Bestandskunde;Automobilindustrie;Bearbeitung;14;Stahl;pulverbeschichtet;26;26;7;0,028;4;42;42;1,0;4;0;0;98;14
PA2026-2060;2026-07-11;Standard;6;Bestandskunde;Automobilindustrie;Bearbeitung;18;Stahl;pulverbeschichtet;28;28;15;0,054;4;54;54;1,0;4;0;0;144;18
PA2026-2061;2026-07-11;Änderung;10;Bestandskunde;Sonstige;Bearbeitung;3;Stahl;pulverbeschichtet;26;26;7;0,006;4;9;9;1,0;4;0;0;21;3
PA2026-2062;2026-07-09;Standard;3;Neukunde;Maschinenbau;Bearbeitung;4;Stahl;pulverbeschichtet;28;28;15;0,012;4;12;12;1,0;4;0;0;32;4
PA2026-2063;2026-07-10;Standard;10;Bestandskunde;Haushaltsgeräte;Bearbeitung;8;Stahl;pulverbeschichtet;26;26;7;0,016;4;24;24;1,0;4;0;0;56;8
PA2026-2064;2026-07-09;Änderung;3;Bestandskunde;Medizintechnik;Bearbeitung;20;Stahl;pulverbeschichtet;26;26;7;0,04;4;60;60;1,0;4;0;0;140;20
PA2026-2065;2026-07-13;Standard;14;Bestandskunde;Medizintechnik;Bearbeitung;4;Stahl;pulverbeschichtet;26;26;7;0,008;4;12;12;1,0;4;0;0;28;4
PA2026-2066;2026-07-14;Standard;7;Bestandskunde;Automobilindustrie;Bearbeitung;3;Stahl;pulverbeschichtet;26;26;7;0,006;4;9;9;1,0;4;0;0;21;3
PA2026-2067;2026-07-14;Standard;5;Bestandskunde;Haushaltsgeräte;Bearbeitung;8;Stahl;pulverbeschichtet;26;26;7;0,016;4;24;24;1,0;4;0;0;56;8
PA2026-2068;2026-07-14;Standard;5;Bestandskunde;Automobilindustrie;Bearbeitung;7;Stahl;pulverbeschichtet;26;26;7;0,014;4;21;21;1,0;4;0;0;49;7
PA2026-2069;2026-07-14;Änderung;14;Bestandskunde;Sonstige;Bearbeitung;10;Stahl;pulverbeschichtet;28;28;15;0,03;4;30;30;1,0;4;0;0;80;10
PA2026-2070;2026-07-10;Änderung;15;Bestandskunde;Maschinenbau;Bearbeitung;7;Stahl;pulverbeschichtet;26;26;7;0,014;4;21;21;1,0;4;0;0;49;7
PA2026-2071;2026-07-13;Änderung;9;Bestandskunde;Sonstige;Bearbeitung;3;Stahl;pulverbeschichtet;28;28;15;0,009;4;9;9;1,0;4;0;0;24;3
PA2026-2072;2026-07-15;Standard;11;Bestandskunde;Automobilindustrie;Bearbeitung;13;Stahl;pulverbeschichtet;26;26;7;0,026;4;39;39;1,0;4;0;0;91;13
PA2026-2073;2026-07-12;Standard;15;Bestandskunde;Sonstige;Bearbeitung;9;Stahl;pulverbeschichtet;28;28;15;0,027;4;27;27;1,0;4;0;0;72;9
PA2026-2074;2026-07-10;Änderung;15;Bestandskunde;Sonstige;Bearbeitung;9;Stahl;pulverbeschichtet;28;28;15;0,027;4;27;27;1,0;4;0;0;72;9
PA2026-2075;2026-07-09;Standard;4;Bestandskunde;Automobilindustrie;Bearbeitung;2;Stahl;pulverbeschichtet;28;28;15;0,006;4;6;6;1,0;4;0;0;16;2
PA2026-2076;2026-07-14;Standard;13;Bestandskunde;Maschinenbau;Bearbeitung;3;Stahl;pulverbeschichtet;28;28;15;0,009;4;9;9;1,0;4;0;0;24;3
PA2026-2077;2026-07-15;Standard;12;Bestandskunde;Medizintechnik;Bearbeitung;3;Stahl;pulverbeschichtet;28;28;15;0,009;4;9;9;1,0;4;0;0;24;3
PA2026-2078;2026-07-15;Standard;11;Bestandskunde;Maschinenbau;Bearbeitung;16;Stahl;pulverbeschichtet;28;28;15;0,048;4;48;48;1,0;4;0;0;128;16
PA2026-2079;2026-07-11;Änderung;15;Bestandskunde;Automobilindustrie;Bearbeitung;7;Stahl;pulverbeschichtet;28;28;15;0,021;4;21;21;1,0;4;0;0;56;7
PA2026-2080;2026-07-09;Standard;11;Bestandskunde;Automobilindustrie;Bearbeitung;11;Stahl;pulverbeschichtet;26;26;7;0,022;4;33;33;1,0;4;0;0;77;11
PA2026-2081;2026-07-15;Standard;13;Bestandskunde;Haushaltsgeräte;Bearbeitung;13;Stahl;pulverbeschichtet;28;28;15;0,039;4;39;39;1,0;4;0;0;104;13
PA2026-2082;2026-07-15;Standard;7;Bestandskunde;Haushaltsgeräte;Bearbeitung;5;Stahl;pulverbeschichtet;28;28;15;0,015;4;15;15;1,0;4;0;0;40;5
PA2026-2083;2026-07-09;Änderung;12;Bestandskunde;Medizintechnik;Bearbeitung;6;Stahl;pulverbeschichtet;28;28;15;0,018;4;18;18;1,0;4;0;0;48;6
PA2026-2084;2026-07-10;Standard;5;Bestandskunde;Maschinenbau;Bearbeitung;9;Stahl;pulverbeschichtet;26;26;7;0,018;4;27;27;1,0;4;0;0;63;9
PA2026-2085;2026-07-09;Standard;14;Bestandskunde;Logistiktechnik;Bearbeitung;18;Stahl;pulverbeschichtet;28;28;15;0,054;4;54;54;1,0;4;0;0;144;18
PA2026-2086;2026-07-10;Standard;14;Bestandskunde;Haushaltsgeräte;Bearbeitung;14;Stahl;pulverbeschichtet;28;28;15;0,042;4;42;42;1,0;4;0;0;112;14
PA2026-2087;2026-07-14;Standard;4;Bestandskunde;Logistiktechnik;Bearbeitung;11;Stahl;pulverbeschichtet;26;26;7;0,022;4;33;33;1,0;4;0;0;77;11
PA2026-2088;2026-07-11;Änderung;6;Bestandskunde;Sonstige;Bearbeitung;7;Stahl;pulverbeschichtet;28;28;15;0,021;4;21;21;1,0;4;0;0;56;7
PA2026-2089;2026-07-09;Änderung;10;Bestandskunde;Maschinenbau;Bearbeitung;10;Stahl;pulverbeschichtet;28;28;15;0,03;4;30;30;1,0;4;0;0;80;10
PA2026-2090;2026-07-09;Standard;6;Bestandskunde;Automobilindustrie;Bearbeitung;12;Stahl;pulverbeschichtet;28;28;15;0,036;4;36;36;1,0;4;0;0;96;12
PA2026-2091;2026-07-13;Standard;14;Bestandskunde;Maschinenbau;Bearbeitung;14;Stahl;pulverbeschichtet;26;26;7;0,028;4;42;42;1,0;4;0;0;98;14
PA2026-2092;2026-07-11;Änderung;9;Neukunde;Logistiktechnik;Bearbeitung;16;Stahl;pulverbeschichtet;26;26;7;0,032;4;48;48;1,0;4;0;0;112;16
PA2026-2093;2026-07-11;Standard;10;Bestandskunde;Medizintechnik;Bearbeitung;11;Stahl;pulverbeschichtet;28;28;15;0,033;4;33;33;1,0;4;0;0;88;11
PA2026-2094;2026-07-15;Änderung;8;Bestandskunde;Haushaltsgeräte;Bearbeitung;1;Stahl;pulverbeschichtet;26;26;7;0,002;4;3;3;1,0;4;0;0;7;1
PA2026-2095;2026-07-09;Änderung;11;Bestandskunde;Sonstige;Bearbeitung;3;Stahl;pulverbeschichtet;28;28;15;0,009;4;9;9;1,0;4;0;0;24;3
PA2026-2096;2026-07-13;Standard;9;Bestandskunde;Logistiktechnik;Bearbeitung;7;Stahl;pulverbeschichtet;28;28;15;0,021;4;21;21;1,0;4;0;0;56;7
PA2026-2097;2026-07-10;Standard;10;Bestandskunde;Automobilindustrie;Bearbeitung;8;Stahl;pulverbeschichtet;28;28;15;0,024;4;24;24;1,0;4;0;0;64;8
PA2026-2098;2026-07-11;Standard;11;Bestandskunde;Medizintechnik;Bearbeitung;5;Stahl;pulverbeschichtet;26;26;7;0,01;4;15;15;1,0;4;0;0;35;5
PA2026-2099;2026-07-12;Änderung;11;Bestandskunde;Maschinenbau;Bearbeitung;7;Stahl;pulverbeschichtet;28;28;15;0,021;4;21;21;1,0;4;0;0;56;7
PA2026-2100;2026-07-14;Standard;4;Bestandskunde;Maschinenbau;Bearbeitung;17;Stahl;pulverbeschichtet;26;26;7;0,034;4;51;51;1,0;4;0;0;119;17
PA2026-2101;2026-07-15;Standard;12;Bestandskunde;Haushaltsgeräte;Bearbeitung;1;Stahl;pulverbeschichtet;28;28;15;0,003;4;3;3;1,0;4;0;0;8;1
PA2026-2102;2026-07-10;Standard;5;Bestandskunde;Maschinenbau;Bearbeitung;14;Stahl;pulverbeschichtet;28;28;15;0,042;4;42;42;1,0;4;0;0;112;14
PA2026-2103;2026-07-12;Standard;7;Bestandskunde;Sonstige;Bearbeitung;6;Stahl;pulverbeschichtet;26;26;7;0,012;4;18;18;1,0;4;0;0;42;6
PA2026-2104;2026-07-09;Standard;9;Bestandskunde;Automobilindustrie;Bearbeitung;20;Stahl;pulverbeschichtet;28;28;15;0,06;4;60;60;1,0;4;0;0;160;20
PA2026-2105;2026-07-10;Änderung;5;Bestandskunde;Medizintechnik;Bearbeitung;2;Stahl;pulverbeschichtet;28;28;15;0,006;4;6;6;1,0;4;0;0;16;2
PA2026-2106;2026-07-12;Änderung;12;Bestandskunde;Automobilindustrie;Bearbeitung;13;Stahl;pulverbeschichtet;28;28;15;0,039;4;39;39;1,0;4;0;0;104;13
PA2026-2107;2026-07-14;Änderung;11;Bestandskunde;Automobilindustrie;Bearbeitung;2;Stahl;pulverbeschichtet;26;26;7;0,004;4;6;6;1,0;4;0;0;14;2
PA2026-2108;2026-07-13;Standard;4;Bestandskunde;Haushaltsgeräte;Bearbeitung;5;Stahl;pulverbeschichtet;28;28;15;0,015;4;15;15;1,0;4;0;0;40;5
PA2026-2109;2026-07-09;Standard;6;Bestandskunde;Logistiktechnik;Bearbeitung;8;Stahl;pulverbeschichtet;28;28;15;0,024;4;24;24;1,0;4;0;0;64;8
PA2026-2110;2026-07-11;Standard;10;Bestandskunde;Logistiktechnik;Bearbeitung;3;Stahl;pulverbeschichtet;26;26;7;0,006;4;9;9;1,0;4;0;0;21;3
PA2026-2111;2026-07-13;Änderung;4;Bestandskunde;Automobilindustrie;Bearbeitung;13;Stahl;pulverbeschichtet;28;28;15;0,039;4;39;39;1,0;4;0;0;104;13
PA2026-2112;2026-07-15;Standard;7;Bestandskunde;Automobilindustrie;Bearbeitung;9;Stahl;pulverbeschichtet;26;26;7;0,018;4;27;27;1,0;4;0;0;63;9
PA2026-2113;2026-07-09;Änderung;3;Bestandskunde;Maschinenbau;Bearbeitung;8;Stahl;pulverbeschichtet;26;26;7;0,016;4;24;24;1,0;4;0;0;56;8
PA2026-2114;2026-07-09;Standard;8;Bestandskunde;Sonstige;Bearbeitung;5;Stahl;pulverbeschichtet;28;28;15;0,015;4;15;15;1,0;4;0;0;40;5
PA2026-2115;2026-07-12;Standard;13;Bestandskunde;Maschinenbau;Bearbeitung;16;Stahl;pulverbeschichtet;28;28;15;0,048;4;48;48;1,0;4;0;0;128;16
PA2026-2116;2026-07-13;Änderung;5;Bestandskunde;Automobilindustrie;Bearbeitung;7;Stahl;pulverbeschichtet;26;26;7;0,014;4;21;21;1,0;4;0;0;49;7
PA2026-2117;2026-07-09;Standard;11;Bestandskunde;Automobilindustrie;Bearbeitung;12;Stahl;pulverbeschichtet;26;26;7;0,024;4;36;36;1,0;4;0;0;84;12
PA2026-2118;2026-07-10;Änderung;5;Bestandskunde;Medizintechnik;Bearbeitung;20;Stahl;pulverbeschichtet;26;26;7;0,04;4;60;60;1,0;4;0;0;140;20
PA2026-2119;2026-07-13;Standard;12;Bestandskunde;Maschinenbau;Bearbeitung;7;Stahl;pulverbeschichtet;28;28;15;0,021;4;21;21;1,0;4;0;0;56;7
PA2026-2120;2026-07-10;Standard;10;Bestandskunde;Automobilindustrie;Bearbeitung;10;Stahl;pulverbeschichtet;28;28;15;0,03;4;30;30;1,0;4;0;0;80;10
PA2026-2121;2026-07-12;Standard;15;Bestandskunde;Automobilindustrie;Bearbeitung;4;Stahl;pulverbeschichtet;28;28;15;0,012;4;12;12;1,0;4;0;0;32;4
PA2026-2122;2026-07-15;Standard;6;Bestandskunde;Maschinenbau;Bearbeitung;7;Stahl;pulverbeschichtet;26;26;7;0,014;4;21;21;1,0;4;0;0;49;7
PA2026-2123;2026-07-14;Standard;8;Bestandskunde;Haushaltsgeräte;Bearbeitung;12;Stahl;pulverbeschichtet;28;28;15;0,036;4;36;36;1,0;4;0;0;96;12
PA2026-2124;2026-07-14;Standard;8;Bestandskunde;Maschinenbau;Bearbeitung;9;Stahl;pulverbeschichtet;28;28;15;0,027;4;27;27;1,0;4;0;0;72;9
PA2026-2125;2026-07-11;Standard;4;Bestandskunde;Haushaltsgeräte;Bearbeitung;11;Stahl;pulverbeschichtet;26;26;7;0,022;4;33;33;1,0;4;0;0;77;11
PA2026-2126;2026-07-14;Standard;13;Bestandskunde;Automobilindustrie;Bearbeitung;13;Stahl;pulverbeschichtet;26;26;7;0,026;4;39;39;1,0;4;0;0;91;13
PA2026-2127;2026-07-12;Standard;10;Bestandskunde;Maschinenbau;Bearbeitung;8;Stahl;pulverbeschichtet;26;26;7;0,016;4;24;24;1,0;4;0;0;56;8
PA2026-2128;2026-07-09;Standard;3;Bestandskunde;Automobilindustrie;Bearbeitung;9;Stahl;pulverbeschichtet;26;26;7;0,018;4;27;27;1,0;4;0;0;63;9
PA2026-2129;2026-07-12;Änderung;13;Bestandskunde;Logistiktechnik;Bearbeitung;4;Stahl;pulverbeschichtet;26;26;7;0,008;4;12;12;1,0;4;0;0;28;4
PA2026-2130;2026-07-10;Standard;7;Bestandskunde;Medizintechnik;Bearbeitung;12;Stahl;pulverbeschichtet;26;26;7;0,024;4;36;36;1,0;4;0;0;84;12
PA2026-2131;2026-07-19;Standard;5;Bestandskunde;Maschinenbau;Bearbeitung;4;Stahl;pulverbeschichtet;26;26;7;0,008;4;12;12;1,0;4;0;0;28;4
PA2026-2132;2026-07-18;Standard;14;Bestandskunde;Automobilindustrie;Bearbeitung;7;Stahl;pulverbeschichtet;28;28;15;0,021;4;21;21;1,0;4;0;0;56;7
PA2026-2133;2026-07-19;Standard;8;Bestandskunde;Logistiktechnik;Bearbeitung;8;Stahl;pulverbeschichtet;26;26;7;0,016;4;24;24;1,0;4;0;0;56;8
PA2026-2134;2026-07-21;Änderung;9;Bestandskunde;Automobilindustrie;Bearbeitung;16;Stahl;pulverbeschichtet;28;28;15;0,048;4;48;48;1,0;4;0;0;128;16
PA2026-2135;2026-07-17;Standard;5;Bestandskunde;Haushaltsgeräte;Bearbeitung;2;Stahl;pulverbeschichtet;26;26;7;0,004;4;6;6;1,0;4;0;0;14;2
PA2026-2136;2026-07-22;Änderung;13;Bestandskunde;Maschinenbau;Bearbeitung;19;Stahl;pulverbeschichtet;28;28;15;0,057;4;57;57;1,0;4;0;0;152;19
PA2026-2137;2026-07-22;Standard;9;Neukunde;Medizintechnik;Bearbeitung;7;Stahl;pulverbeschichtet;26;26;7;0,014;4;21;21;1,0;4;0;0;49;7
PA2026-2138;2026-07-21;Standard;9;Bestandskunde;Maschinenbau;Bearbeitung;15;Stahl;pulverbeschichtet;28;28;15;0,045;4;45;45;1,0;4;0;0;120;15
PA2026-2139;2026-07-22;Änderung;12;Neukunde;Automobilindustrie;Bearbeitung;8;Stahl;pulverbeschichtet;26;26;7;0,016;4;24;24;1,0;4;0;0;56;8
PA2026-2140;2026-07-18;Standard;5;Bestandskunde;Sonstige;Bearbeitung;16;Stahl;pulverbeschichtet;26;26;7;0,032;4;48;48;1,0;4;0;0;112;16
PA2026-2141;2026-07-21;Standard;12;Bestandskunde;Sonstige;Bearbeitung;11;Stahl;pulverbeschichtet;26;26;7;0,022;4;33;33;1,0;4;0;0;77;11
PA2026-2142;2026-07-17;Standard;11;Bestandskunde;Automobilindustrie;Bearbeitung;10;Stahl;pulverbeschichtet;28;28;15;0,03;4;30;30;1,0;4;0;0;80;10
PA2026-2143;2026-07-21;Standard;13;Bestandskunde;Haushaltsgeräte;Bearbeitung;20;Stahl;pulverbeschichtet;26;26;7;0,04;4;60;60;1,0;4;0;0;140;20
PA2026-2144;2026-07-18;Standard;11;Bestandskunde;Maschinenbau;Bearbeitung;18;Stahl;pulverbeschichtet;28;28;15;0,054;4;54;54;1,0;4;0;0;144;18
PA2026-2145;2026-07-18;Änderung;15;Bestandskunde;Medizintechnik;Bearbeitung;5;Stahl;pulverbeschichtet;26;26;7;0,01;4;15;15;1,0;4;0;0;35;5
PA2026-2146;2026-07-21;Änderung;8;Bestandskunde;Automobilindustrie;Bearbeitung;7;Stahl;pulverbeschichtet;28;28;15;0,021;4;21;21;1,0;4;0;0;56;7
PA2026-2147;2026-07-22;Standard;12;Bestandskunde;Medizintechnik;Bearbeitung;18;Stahl;pulverbeschichtet;28;28;15;0,054;4;54;54;1,0;4;0;0;144;18
PA2026-2148;2026-07-20;Standard;4;Bestandskunde;Haushaltsgeräte;Bearbeitung;6;Stahl;pulverbeschichtet;26;26;7;0,012;4;18;18;1,0;4;0;0;42;6
PA2026-2149;2026-07-19;Standard;6;Bestandskunde;Maschinenbau;Bearbeitung;12;Stahl;pulverbeschichtet;26;26;7;0,024;4;36;36;1,0;4;0;0;84;12
PA2026-2150;2026-07-21;Änderung;13;Bestandskunde;Automobilindustrie;Bearbeitung;14;Stahl;pulverbeschichtet;28;28;15;0,042;4;42;42;1,0;4;0;0;112;14
PA2026-2151;2026-07-21;Änderung;13;Bestandskunde;Sonstige;Bearbeitung;7;Stahl;pulverbeschichtet;26;26;7;0,014;4;21;21;1,0;4;0;0;49;7
PA2026-2152;2026-07-19;Änderung;7;Neukunde;Automobilindustrie;Bearbeitung;10;Stahl;pulverbeschichtet;26;26;7;0,02;4;30;30;1,0;4;0;0;70;10
PA2026-2153;2026-07-18;Standard;8;Bestandskunde;Maschinenbau;Bearbeitung;7;Stahl;pulverbeschichtet;26;26;7;0,014;4;21;21;1,0;4;0;0;49;7
PA2026-2154;2026-07-16;Standard;10;Bestandskunde;Logistiktechnik;Bearbeitung;3;Stahl;pulverbeschichtet;26;26;7;0,006;4;9;9;1,0;4;0;0;21;3
PA2026-2155;2026-07-19;Standard;6;Bestandskunde;Maschinenbau;Bearbeitung;13;Stahl;pulverbeschichtet;26;26;7;0,026;4;39;39;1,0;4;0;0;91;13
PA2026-2156;2026-07-18;Standard;12;Bestandskunde;Maschinenbau;Bearbeitung;20;Stahl;pulverbeschichtet;26;26;7;0,04;4;60;60;1,0;4;0;0;140;20
PA2026-2157;2026-07-20;Standard;4;Bestandskunde;Automobilindustrie;Bearbeitung;16;Stahl;pulverbeschichtet;28;28;15;0,048;4;48;48;1,0;4;0;0;128;16
PA2026-2158;2026-07-16;Standard;9;Neukunde;Maschinenbau;Bearbeitung;13;Stahl;pulverbeschichtet;28;28;15;0,039;4;39;39;1,0;4;0;0;104;13
PA2026-2159;2026-07-21;Standard;12;Bestandskunde;Maschinenbau;Bearbeitung;1;Stahl;pulverbeschichtet;26;26;7;0,002;4;3;3;1,0;4;0;0;7;1
PA2026-2160;2026-07-19;Änderung;5;Bestandskunde;Automobilindustrie;Bearbeitung;3;Stahl;pulverbeschichtet;28;28;15;0,009;4;9;9;1,0;4;0;0;24;3
PA2026-2161;2026-07-19;Änderung;13;Bestandskunde;Automobilindustrie;Bearbeitung;16;Stahl;pulverbeschichtet;26;26;7;0,032;4;48;48;1,0;4;0;0;112;16
PA2026-2162;2026-07-18;Änderung;14;Bestandskunde;Sonstige;Bearbeitung;1;Stahl;pulverbeschichtet;26;26;7;0,002;4;3;3;1,0;4;0;0;7;1
PA2026-2163;2026-07-20;Standard;14;Bestandskunde;Maschinenbau;Bearbeitung;9;Stahl;pulverbeschichtet;26;26;7;0,018;4;27;27;1,0;4;0;0;63;9
PA2026-2164;2026-07-21;Änderung;4;Bestandskunde;Automobilindustrie;Bearbeitung;17;Stahl;pulverbeschichtet;28;28;15;0,051;4;51;51;1,0;4;0;0;136;17
PA2026-2165;2026-07-19;Standard;10;Bestandskunde;Maschinenbau;Bearbeitung;20;Stahl;pulverbeschichtet;28;28;15;0,06;4;60;60;1,0;4;0;0;160;20
PA2026-2166;2026-07-16;Änderung;6;Bestandskunde;Maschinenbau;Bearbeitung;16;Stahl;pulverbeschichtet;28;28;15;0,048;4;48;48;1,0;4;0;0;128;16
PA2026-2167;2026-07-16;Standard;11;Neukunde;Sonstige;Bearbeitung;6;Stahl;pulverbeschichtet;28;28;15;0,018;4;18;18;1,0;4;0;0;48;6
PA2026-2168;2026-07-18;Änderung;7;Bestandskunde;Haushaltsgeräte;Bearbeitung;19;Stahl;pulverbeschichtet;28;28;15;0,057;4;57;57;1,0;4;0;0;152;19
PA2026-2169;2026-07-21;Änderung;13;Bestandskunde;Medizintechnik;Bearbeitung;4;Stahl;pulverbeschichtet;28;28;15;0,012;4;12;12;1,0;4;0;0;32;4
PA2026-2170;2026-07-17;Standard;5;Bestandskunde;Automobilindustrie;Bearbeitung;19;Stahl;pulverbeschichtet;26;26;7;0,038;4;57;57;1,0;4;0;0;133;19
PA2026-2171;2026-07-19;Standard;12;Bestandskunde;Sonstige;Bearbeitung;17;Stahl;pulverbeschichtet;26;26;7;0,034;4;51;51;1,0;4;0;0;119;17
PA2026-2172;2026-07-20;Standard;6;Bestandskunde;Automobilindustrie;Bearbeitung;14;Stahl;pulverbeschichtet;28;28;15;0,042;4;42;42;1,0;4;0;0;112;14
PA2026-2173;2026-07-16;Änderung;5;Neukunde;Sonstige;Bearbeitung;12;Stahl;pulverbeschichtet;28;28;15;0,036;4;36;36;1,0;4;0;0;96;12
PA2026-2174;2026-07-20;Änderung;9;Bestandskunde;Maschinenbau;Bearbeitung;4;Stahl;pulverbeschichtet;28;28;15;0,012;4;12;12;1,0;4;0;0;32;4
PA2026-2175;2026-07-16;Änderung;6;Bestandskunde;Automobilindustrie;Bearbeitung;18;Stahl;pulverbeschichtet;26;26;7;0,036;4;54;54;1,0;4;0;0;126;18
PA2026-2176;2026-07-18;Änderung;15;Bestandskunde;Haushaltsgeräte;Bearbeitung;6;Stahl;pulverbeschichtet;28;28;15;0,018;4;18;18;1,0;4;0;0;48;6
PA2026-2177;2026-07-20;Standard;4;Bestandskunde;Logistiktechnik;Bearbeitung;5;Stahl;pulverbeschichtet;28;28;15;0,015;4;15;15;1,0;4;0;0;40;5
PA2026-2178;2026-07-18;Standard;5;Bestandskunde;Maschinenbau;Bearbeitung;17;Stahl;pulverbeschichtet;28;28;15;0,051;4;51;51;1,0;4;0;0;136;17
PA2026-2179;2026-07-20;Standard;4;Neukunde;Sonstige;Bearbeitung;11;Stahl;pulverbeschichtet;28;28;15;0,033;4;33;33;1,0;4;0;0;88;11
PA2026-2180;2026-07-22;Standard;7;Bestandskunde;Logistiktechnik;Bearbeitung;16;Stahl;pulverbeschichtet;26;26;7;0,032;4;48;48;1,0;4;0;0;112;16
PA2026-2181;2026-07-17;Änderung;11;Bestandskunde;Medizintechnik;Bearbeitung;3;Stahl;pulverbeschichtet;26;26;7;0,006;4;9;9;1,0;4;0;0;21;3
PA2026-2182;2026-07-22;Änderung;15;Neukunde;Maschinenbau;Bearbeitung;16;Stahl;pulverbeschichtet;26;26;7;0,032;4;48;48;1,0;4;0;0;112;16
PA2026-2183;2026-07-17;Standard;12;Bestandskunde;Logistiktechnik;Bearbeitung;8;Stahl;pulverbeschichtet;26;26;7;0,016;4;24;24;1,0;4;0;0;56;8
PA2026-2184;2026-07-16;Standard;12;Bestandskunde;Automobilindustrie;Bearbeitung;13;Stahl;pulverbeschichtet;28;28;15;0,039;4;39;39;1,0;4;0;0;104;13
PA2026-2185;2026-07-21;Änderung;12;Bestandskunde;Haushaltsgeräte;Bearbeitung;8;Stahl;pulverbeschichtet;26;26;7;0,016;4;24;24;1,0;4;0;0;56;8
PA2026-2186;2026-07-20;Standard;15;Bestandskunde;Medizintechnik;Bearbeitung;6;Stahl;pulverbeschichtet;26;26;7;0,012;4;18;18;1,0;4;0;0;42;6
PA2026-2187;2026-07-19;Standard;5;Bestandskunde;Maschinenbau;Bearbeitung;3;Stahl;pulverbeschichtet;26;26;7;0,006;4;9;9;1,0;4;0;0;21;3
PA2026-2188;2026-07-22;Änderung;4;Bestandskunde;Medizintechnik;Bearbeitung;15;Stahl;pulverbeschichtet;26;26;7;0,03;4;45;45;1,0;4;0;0;105;15
PA2026-2189;2026-07-22;Standard;11;Bestandskunde;Haushaltsgeräte;Bearbeitung;16;Stahl;pulverbeschichtet;28;28;15;0,048;4;48;48;1,0;4;0;0;128;16
PA2026-2190;2026-07-22;Standard;7;Bestandskunde;Haushaltsgeräte;Bearbeitung;16;Stahl;pulverbeschichtet;28;28;15;0,048;4;48;48;1,0;4;0;0;128;16
PA2026-2191;2026-07-20;Standard;5;Bestandskunde;Automobilindustrie;Bearbeitung;9;Stahl;pulverbeschichtet;28;28;15;0,027;4;27;27;1,0;4;0;0;72;9
PA2026-2192;2026-07-20;Standard;9;Neukunde;Haushaltsgeräte;Bearbeitung;8;Stahl;pulverbeschichtet;28;28;15;0,024;4;24;24;1,0;4;0;0;64;8
PA2026-2193;2026-07-18;Standard;8;Bestandskunde;Maschinenbau;Bearbeitung;14;Stahl;pulverbeschichtet;26;26;7;0,028;4;42;42;1,0;4;0;0;98;14
PA2026-2194;2026-07-20;Standard;14;Bestandskunde;Sonstige;Bearbeitung;20;Stahl;pulverbeschichtet;28;28;15;0,06;4;60;60;1,0;4;0;0;160;20
PA2026-2195;2026-07-17;Standard;10;Bestandskunde;Haushaltsgeräte;Bearbeitung;7;Stahl;pulverbeschichtet;26;26;7;0,014;4;21;21;1,0;4;0;0;49;7
PA2026-2196;2026-07-20;Standard;8;Bestandskunde;Medizintechnik;Bearbeitung;10;Stahl;pulverbeschichtet;28;28;15;0,03;4;30;30;1,0;4;0;0;80;10
PA2026-2197;2026-07-20;Änderung;11;Bestandskunde;Maschinenbau;Bearbeitung;16;Stahl;pulverbeschichtet;26;26;7;0,032;4;48;48;1,0;4;0;0;112;16
PA2026-2198;2026-07-19;Standard;15;Bestandskunde;Medizintechnik;Bearbeitung;15;Stahl;pulverbeschichtet;28;28;15;0,045;4;45;45;1,0;4;0;0;120;15
PA2026-2199;2026-07-18;Änderung;5;Bestandskunde;Sonstige;Bearbeitung;18;Stahl;pulverbeschichtet;28;28;15;0,054;4;54;54;1,0;4;0;0;144;18
PA2026-2200;2026-07-16;Standard;7;Bestandskunde;Maschinenbau;Bearbeitung;16;Stahl;pulverbeschichtet;28;28;15;0,048;4;48;48;1,0;4;0;0;128;16
PA2026-2201;2026-07-20;Standard;9;Bestandskunde;Medizintechnik;Bearbeitung;9;Stahl;pulverbeschichtet;28;28;15;0,027;4;27;27;1,0;4;0;0;72;9
PA2026-2202;2026-07-21;Standard;14;Bestandskunde;Haushaltsgeräte;Bearbeitung;13;Stahl;pulverbeschichtet;26;26;7;0,026;4;39;39;1,0;4;0;0;91;13
PA2026-2203;2026-07-17;Standard;6;Bestandskunde;Automobilindustrie;Bearbeitung;2;Stahl;pulverbeschichtet;28;28;15;0,006;4;6;6;1,0;4;0;0;16;2
PA2026-2204;2026-07-18;Standard;5;Bestandskunde;Automobilindustrie;Bearbeitung;4;Stahl;pulverbeschichtet;26;26;7;0,008;4;12;12;1,0;4;0;0;28;4
PA2026-2205;2026-07-16;Standard;4;Bestandskunde;Maschinenbau;Bearbeitung;20;Stahl;pulverbeschichtet;28;28;15;0,06;4;60;60;1,0;4;0;0;160;20
PA2026-2206;2026-07-19;Änderung;10;Bestandskunde;Maschinenbau;Bearbeitung;19;Stahl;pulverbeschichtet;28;28;15;0,057;4;57;57;1,0;4;0;0;152;19
PA2026-2207;2026-07-18;Änderung;9;Bestandskunde;Maschinenbau;Bearbeitung;11;Stahl;pulverbeschichtet;28;28;15;0,033;4;33;33;1,0;4;0;0;88;11
PA2026-2208;2026-07-22;Standard;12;Bestandskunde;Sonstige;Bearbeitung;6;Stahl;pulverbeschichtet;26;26;7;0,012;4;18;18;1,0;4;0;0;42;6
PA2026-2209;2026-07-22;Änderung;14;Bestandskunde;Maschinenbau;Bearbeitung;14;Stahl;pulverbeschichtet;26;26;7;0,028;4;42;42;1,0;4;0;0;98;14
PA2026-2210;2026-07-19;Standard;8;Neukunde;Maschinenbau;Bearbeitung;9;Stahl;pulverbeschichtet;26;26;7;0,018;4;27;27;1,0;4;0;0;63;9
PA2026-2211;2026-07-17;Standard;10;Bestandskunde;Logistiktechnik;Bearbeitung;13;Stahl;pulverbeschichtet;26;26;7;0,026;4;39;39;1,0;4;0;0;91;13
PA2026-2212;2026-07-17;Standard;5;Bestandskunde;Medizintechnik;Bearbeitung;15;Stahl;pulverbeschichtet;28;28;15;0,045;4;45;45;1,0;4;0;0;120;15
PA2026-2213;2026-07-21;Standard;13;Neukunde;Automobilindustrie;Bearbeitung;1;Stahl;pulverbeschichtet;28;28;15;0,003;4;3;3;1,0;4;0;0;8;1
PA2026-2214;2026-07-21;Änderung;14;Bestandskunde;Sonstige;Bearbeitung;11;Stahl;pulverbeschichtet;28;28;15;0,033;4;33;33;1,0;4;0;0;88;11
PA2026-2215;2026-07-19;Standard;15;Neukunde;Logistiktechnik;Bearbeitung;20;Stahl;pulverbeschichtet;28;28;15;0,06;4;60;60;1,0;4;0;0;160;20
PA2026-2216;2026-07-17;Standard;5;Neukunde;Haushaltsgeräte;Bearbeitung;13;Stahl;pulverbeschichtet;26;26;7;0,026;4;39;39;1,0;4;0;0;91;13
PA2026-2217;2026-07-17;Standard;7;Bestandskunde;Medizintechnik;Bearbeitung;8;Stahl;pulverbeschichtet;26;26;7;0,016;4;24;24;1,0;4;0;0;56;8
PA2026-2218;2026-07-19;Standard;15;Bestandskunde;Medizintechnik;Bearbeitung;19;Stahl;pulverbeschichtet;28;28;15;0,057;4;57;57;1,0;4;0;0;152;19
PA2026-2219;2026-07-19;Standard;5;Bestandskunde;Automobilindustrie;Bearbeitung;13;Stahl;pulverbeschichtet;26;26;7;0,026;4;39;39;1,0;4;0;0;91;13
PA2026-2220;2026-07-19;Standard;15;Bestandskunde;Maschinenbau;Bearbeitung;9;Stahl;pulverbeschichtet;26;26;7;0,018;4;27;27;1,0;4;0;0;63;9
PA2026-2221;2026-07-25;Änderung;11;Bestandskunde;Automobilindustrie;Bearbeitung;6;Stahl;pulverbeschichtet;28;28;15;0,018;4;18;18;1,0;4;0;0;48;6
PA2026-2222;2026-07-29;Standard;15;Bestandskunde;Maschinenbau;Bearbeitung;2;Stahl;pulverbeschichtet;26;26;7;0,004;4;6;6;1,0;4;0;0;14;2
PA2026-2223;2026-07-23;Änderung;8;Neukunde;Logistiktechnik;Bearbeitung;3;Stahl;pulverbeschichtet;28;28;15;0,009;4;9;9;1,0;4;0;0;24;3
PA2026-2224;2026-07-23;Standard;15;Bestandskunde;Medizintechnik;Bearbeitung;10;Stahl;pulverbeschichtet;26;26;7;0,02;4;30;30;1,0;4;0;0;70;10
PA2026-2225;2026-07-25;Standard;7;Bestandskunde;Logistiktechnik;Bearbeitung;17;Stahl;pulverbeschichtet;26;26;7;0,034;4;51;51;1,0;4;0;0;119;17
PA2026-2226;2026-07-29;Standard;5;Bestandskunde;Maschinenbau;Bearbeitung;6;Stahl;pulverbeschichtet;26;26;7;0,012;4;18;18;1,0;4;0;0;42;6
PA2026-2227;2026-07-26;Änderung;14;Bestandskunde;Medizintechnik;Bearbeitung;7;Stahl;pulverbeschichtet;28;28;15;0,021;4;21;21;1,0;4;0;0;56;7
PA2026-2228;2026-07-29;Standard;6;Bestandskunde;Medizintechnik;Bearbeitung;18;Stahl;pulverbeschichtet;26;26;7;0,036;4;54;54;1,0;4;0;0;126;18
PA2026-2229;2026-07-27;Standard;12;Bestandskunde;Logistiktechnik;Bearbeitung;6;Stahl;pulverbeschichtet;26;26;7;0,012;4;18;18;1,0;4;0;0;42;6
PA2026-2230;2026-07-25;Standard;7;Bestandskunde;Maschinenbau;Bearbeitung;1;Stahl;pulverbeschichtet;26;26;7;0,002;4;3;3;1,0;4;0;0;7;1
PA2026-2231;2026-07-24;Standard;6;Bestandskunde;Sonstige;Bearbeitung;5;Stahl;pulverbeschichtet;26;26;7;0,01;4;15;15;1,0;4;0;0;35;5
PA2026-2232;2026-07-27;Standard;9;Bestandskunde;Maschinenbau;Bearbeitung;4;Stahl;pulverbeschichtet;26;26;7;0,008;4;12;12;1,0;4;0;0;28;4
PA2026-2233;2026-07-28;Standard;4;Bestandskunde;Automobilindustrie;Bearbeitung;1;Stahl;pulverbeschichtet;26;26;7;0,002;4;3;3;1,0;4;0;0;7;1
PA2026-2234;2026-07-27;Standard;14;Bestandskunde;Logistiktechnik;Bearbeitung;18;Stahl;pulverbeschichtet;28;28;15;0,054;4;54;54;1,0;4;0;0;144;18
PA2026-2235;2026-07-26;Änderung;15;Bestandskunde;Maschinenbau;Bearbeitung;13;Stahl;pulverbeschichtet;28;28;15;0,039;4;39;39;1,0;4;0;0;104;13
PA2026-2236;2026-07-26;Änderung;8;Bestandskunde;Logistiktechnik;Bearbeitung;2;Stahl;pulverbeschichtet;28;28;15;0,006;4;6;6;1,0;4;0;0;16;2
PA2026-2237;2026-07-27;Standard;12;Bestandskunde;Medizintechnik;Bearbeitung;14;Stahl;pulverbeschichtet;26;26;7;0,028;4;42;42;1,0;4;0;0;98;14
PA2026-2238;2026-07-25;Standard;11;Bestandskunde;Medizintechnik;Bearbeitung;1;Stahl;pulverbeschichtet;28;28;15;0,003;4;3;3;1,0;4;0;0;8;1
PA2026-2239;2026-07-29;Änderung;7;Bestandskunde;Automobilindustrie;Bearbeitung;5;Stahl;pulverbeschichtet;26;26;7;0,01;4;15;15;1,0;4;0;0;35;5
PA2026-2240;2026-07-24;Standard;5;Bestandskunde;Medizintechnik;Bearbeitung;15;Stahl;pulverbeschichtet;28;28;15;0,045;4;45;45;1,0;4;0;0;120;15
PA2026-2241;2026-07-26;Änderung;15;Bestandskunde;Medizintechnik;Bearbeitung;7;Stahl;pulverbeschichtet;28;28;15;0,021;4;21;21;1,0;4;0;0;56;7
PA2026-2242;2026-07-26;Standard;5;Bestandskunde;Maschinenbau;Bearbeitung;4;Stahl;pulverbeschichtet;28;28;15;0,012;4;12;12;1,0;4;0;0;32;4
PA2026-2243;2026-07-23;Änderung;11;Bestandskunde;Sonstige;Bearbeitung;14;Stahl;pulverbeschichtet;28;28;15;0,042;4;42;42;1,0;4;0;0;112;14
PA2026-2244;2026-07-25;Änderung;15;Bestandskunde;Medizintechnik;Bearbeitung;16;Stahl;pulverbeschichtet;26;26;7;0,032;4;48;48;1,0;4;0;0;112;16
PA2026-2245;2026-07-25;Standard;8;Bestandskunde;Medizintechnik;Bearbeitung;1;Stahl;pulverbeschichtet;26;26;7;0,002;4;3;3;1,0;4;0;0;7;1
PA2026-2246;2026-07-28;Standard;9;Bestandskunde;Maschinenbau;Bearbeitung;17;Stahl;pulverbeschichtet;26;26;7;0,034;4;51;51;1,0;4;0;0;119;17
PA2026-2247;2026-07-26;Standard;13;Bestandskunde;Sonstige;Bearbeitung;12;Stahl;pulverbeschichtet;28;28;15;0,036;4;36;36;1,0;4;0;0;96;12
PA2026-2248;2026-07-25;Standard;5;Bestandskunde;Medizintechnik;Bearbeitung;15;Stahl;pulverbeschichtet;28;28;15;0,045;4;45;45;1,0;4;0;0;120;15
PA2026-2249;2026-07-29;Änderung;15;Bestandskunde;Logistiktechnik;Bearbeitung;19;Stahl;pulverbeschichtet;28;28;15;0,057;4;57;57;1,0;4;0;0;152;19
PA2026-2250;2026-07-29;Standard;12;Bestandskunde;Medizintechnik;Bearbeitung;9;Stahl;pulverbeschichtet;26;26;7;0,018;4;27;27;1,0;4;0;0;63;9
PA2026-2251;2026-07-29;Standard;7;Bestandskunde;Maschinenbau;Bearbeitung;13;Stahl;pulverbeschichtet;26;26;7;0,026;4;39;39;1,0;4;0;0;91;13
PA2026-2252;2026-07-23;Standard;10;Bestandskunde;Haushaltsgeräte;Bearbeitung;14;Stahl;pulverbeschichtet;26;26;7;0,028;4;42;42;1,0;4;0;0;98;14
PA2026-2253;2026-07-29;Änderung;7;Bestandskunde;Maschinenbau;Bearbeitung;7;Stahl;pulverbeschichtet;26;26;7;0,014;4;21;21;1,0;4;0;0;49;7
PA2026-2254;2026-07-24;Änderung;4;Bestandskunde;Logistiktechnik;Bearbeitung;3;Stahl;pulverbeschichtet;26;26;7;0,006;4;9;9;1,0;4;0;0;21;3
PA2026-2255;2026-07-24;Standard;14;Bestandskunde;Sonstige;Bearbeitung;11;Stahl;pulverbeschichtet;26;26;7;0,022;4;33;33;1,0;4;0;0;77;11
PA2026-2256;2026-07-25;Standard;10;Bestandskunde;Haushaltsgeräte;Bearbeitung;5;Stahl;pulverbeschichtet;28;28;15;0,015;4;15;15;1,0;4;0;0;40;5
PA2026-2257;2026-07-29;Standard;8;Bestandskunde;Automobilindustrie;Bearbeitung;16;Stahl;pulverbeschichtet;28;28;15;0,048;4;48;48;1,0;4;0;0;128;16
PA2026-2258;2026-07-27;Standard;10;Bestandskunde;Maschinenbau;Bearbeitung;13;Stahl;pulverbeschichtet;28;28;15;0,039;4;39;39;1,0;4;0;0;104;13
PA2026-2259;2026-07-29;Standard;9;Bestandskunde;Maschinenbau;Bearbeitung;8;Stahl;pulverbeschichtet;26;26;7;0,016;4;24;24;1,0;4;0;0;56;8
PA2026-2260;2026-07-26;Standard;7;Bestandskunde;Maschinenbau;Bearbeitung;17;Stahl;pulverbeschichtet;26;26;7;0,034;4;51;51;1,0;4;0;0;119;17
PA2026-2261;2026-07-28;Änderung;13;Bestandskunde;Maschinenbau;Bearbeitung;3;Stahl;pulverbeschichtet;28;28;15;0,009;4;9;9;1,0;4;0;0;24;3
PA2026-2262;2026-07-27;Standard;14;Bestandskunde;Automobilindustrie;Bearbeitung;11;Stahl;pulverbeschichtet;26;26;7;0,022;4;33;33;1,0;4;0;0;77;11
PA2026-2263;2026-07-26;Standard;14;Bestandskunde;Logistiktechnik;Bearbeitung;1;Stahl;pulverbeschichtet;26;26;7;0,002;4;3;3;1,0;4;0;0;7;1
PA2026-2264;2026-07-23;Standard;10;Neukunde;Haushaltsgeräte;Bearbeitung;16;Stahl;pulverbeschichtet;28;28;15;0,048;4;48;48;1,0;4;0;0;128;16
PA2026-2265;2026-07-24;Standard;11;Bestandskunde;Automobilindustrie;Bearbeitung;8;Stahl;pulverbeschichtet;28;28;15;0,024;4;24;24;1,0;4;0;0;64;8
PA2026-2266;2026-07-24;Änderung;10;Bestandskunde;Sonstige;Bearbeitung;4;Stahl;pulverbeschichtet;26;26;7;0,008;4;12;12;1,0;4;0;0;28;4
PA2026-2267;2026-07-29;Standard;3;Bestandskunde;Maschinenbau;Bearbeitung;3;Stahl;pulverbeschichtet;26;26;7;0,006;4;9;9;1,0;4;0;0;21;3
PA2026-2268;2026-07-23;Änderung;14;Bestandskunde;Automobilindustrie;Bearbeitung;12;Stahl;pulverbeschichtet;26;26;7;0,024;4;36;36;1,0;4;0;0;84;12
PA2026-2269;2026-07-27;Änderung;5;Neukunde;Logistiktechnik;Bearbeitung;11;Stahl;pulverbeschichtet;28;28;15;0,033;4;33;33;1,0;4;0;0;88;11
PA2026-2270;2026-07-27;Standard;5;Bestandskunde;Logistiktechnik;Bearbeitung;7;Stahl;pulverbeschichtet;26;26;7;0,014;4;21;21;1,0;4;0;0;49;7
PA2026-2271;2026-07-29;Standard;14;Bestandskunde;Maschinenbau;Bearbeitung;20;Stahl;pulverbeschichtet;26;26;7;0,04;4;60;60;1,0;4;0;0;140;20
PA2026-2272;2026-07-24;Standard;5;Bestandskunde;Haushaltsgeräte;Bearbeitung;6;Stahl;pulverbeschichtet;26;26;7;0,012;4;18;18;1,0;4;0;0;42;6
PA2026-2273;2026-07-27;Standard;9;Bestandskunde;Automobilindustrie;Bearbeitung;11;Stahl;pulverbeschichtet;26;26;7;0,022;4;33;33;1,0;4;0;0;77;11
PA2026-2274;2026-07-29;Standard;13;Bestandskunde;Automobilindustrie;Bearbeitung;10;Stahl;pulverbeschichtet;26;26;7;0,02;4;30;30;1,0;4;0;0;70;10
PA2026-2275;2026-07-29;Änderung;8;Neukunde;Maschinenbau;Bearbeitung;11;Stahl;pulverbeschichtet;28;28;15;0,033;4;33;33;1,0;4;0;0;88;11
PA2026-2276;2026-07-26;Standard;7;Bestandskunde;Maschinenbau;Bearbeitung;2;Stahl;pulverbeschichtet;26;26;7;0,004;4;6;6;1,0;4;0;0;14;2
PA2026-2277;2026-07-23;Standard;13;Bestandskunde;Logistiktechnik;Bearbeitung;10;Stahl;pulverbeschichtet;26;26;7;0,02;4;30;30;1,0;4;0;0;70;10
PA2026-2278;2026-07-25;Standard;9;Bestandskunde;Sonstige;Bearbeitung;4;Stahl;pulverbeschichtet;28;28;15;0,012;4;12;12;1,0;4;0;0;32;4
PA2026-2279;2026-07-24;Änderung;14;Bestandskunde;Haushaltsgeräte;Bearbeitung;13;Stahl;pulverbeschichtet;28;28;15;0,039;4;39;39;1,0;4;0;0;104;13
PA2026-2280;2026-07-23;Änderung;4;Bestandskunde;Sonstige;Bearbeitung;9;Stahl;pulverbeschichtet;26;26;7;0,018;4;27;27;1,0;4;0;0;63;9
PA2026-2281;2026-07-29;Standard;14;Bestandskunde;Automobilindustrie;Bearbeitung;11;Stahl;pulverbeschichtet;28;28;15;0,033;4;33;33;1,0;4;0;0;88;11
PA2026-2282;2026-07-29;Standard;11;Bestandskunde;Medizintechnik;Bearbeitung;11;Stahl;pulverbeschichtet;28;28;15;0,033;4;33;33;1,0;4;0;0;88;11
PA2026-2283;2026-07-29;Standard;7;Bestandskunde;Maschinenbau;Bearbeitung;16;Stahl;pulverbeschichtet;26;26;7;0,032;4;48;48;1,0;4;0;0;112;16
PA2026-2284;2026-07-23;Standard;6;Bestandskunde;Haushaltsgeräte;Bearbeitung;9;Stahl;pulverbeschichtet;28;28;15;0,027;4;27;27;1,0;4;0;0;72;9
PA2026-2285;2026-07-26;Änderung;5;Bestandskunde;Maschinenbau;Bearbeitung;11;Stahl;pulverbeschichtet;26;26;7;0,022;4;33;33;1,0;4;0;0;77;11
PA2026-2286;2026-07-23;Standard;6;Bestandskunde;Maschinenbau;Bearbeitung;17;Stahl;pulverbeschichtet;28;28;15;0,051;4;51;51;1,0;4;0;0;136;17
PA2026-2287;2026-07-24;Standard;10;Bestandskunde;Logistiktechnik;Bearbeitung;17;Stahl;pulverbeschichtet;26;26;7;0,034;4;51;51;1,0;4;0;0;119;17
PA2026-2288;2026-07-26;Standard;15;Bestandskunde;Logistiktechnik;Bearbeitung;20;Stahl;pulverbeschichtet;28;28;15;0,06;4;60;60;1,0;4;0;0;160;20
PA2026-2289;2026-07-29;Standard;4;Bestandskunde;Automobilindustrie;Bearbeitung;18;Stahl;pulverbeschichtet;26;26;7;0,036;4;54;54;1,0;4;0;0;126;18
PA2026-2290;2026-07-29;Änderung;13;Bestandskunde;Automobilindustrie;Bearbeitung;14;Stahl;pulverbeschichtet;28;28;15;0,042;4;42;42;1,0;4;0;0;112;14
PA2026-2291;2026-07-29;Änderung;12;Bestandskunde;Maschinenbau;Bearbeitung;20;Stahl;pulverbeschichtet;26;26;7;0,04;4;60;60;1,0;4;0;0;140;20
PA2026-2292;2026-07-29;Änderung;8;Bestandskunde;Sonstige;Bearbeitung;2;Stahl;pulverbeschichtet;26;26;7;0,004;4;6;6;1,0;4;0;0;14;2
PA2026-2293;2026-07-26;Änderung;10;Bestandskunde;Haushaltsgeräte;Bearbeitung;8;Stahl;pulverbeschichtet;26;26;7;0,016;4;24;24;1,0;4;0;0;56;8
PA2026-2294;2026-07-26;Standard;5;Bestandskunde;Automobilindustrie;Bearbeitung;9;Stahl;pulverbeschichtet;28;28;15;0,027;4;27;27;1,0;4;0;0;72;9
PA2026-2295;2026-07-27;Standard;10;Bestandskunde;Automobilindustrie;Bearbeitung;16;Stahl;pulverbeschichtet;28;28;15;0,048;4;48;48;1,0;4;0;0;128;16
PA2026-2296;2026-07-29;Änderung;6;Bestandskunde;Logistiktechnik;Bearbeitung;13;Stahl;pulverbeschichtet;26;26;7;0,026;4;39;39;1,0;4;0;0;91;13
PA2026-2297;2026-07-27;Standard;9;Bestandskunde;Sonstige;Bearbeitung;11;Stahl;pulverbeschichtet;28;28;15;0,033;4;33;33;1,0;4;0;0;88;11
PA2026-2298;2026-07-23;Standard;6;Bestandskunde;Maschinenbau;Bearbeitung;9;Stahl;pulverbeschichtet;26;26;7;0,018;4;27;27;1,0;4;0;0;63;9
PA2026-2299;2026-07-28;Standard;9;Bestandskunde;Automobilindustrie;Bearbeitung;7;Stahl;pulverbeschichtet;26;26;7;0,014;4;21;21;1,0;4;0;0;49;7
PA2026-2300;2026-07-23;Änderung;10;Bestandskunde;Maschinenbau;Bearbeitung;18;Stahl;pulverbeschichtet;26;26;7;0,036;4;54;54;1,0;4;0;0;126;18
PA2026-2301;2026-07-24;Standard;5;Bestandskunde;Haushaltsgeräte;Bearbeitung;8;Stahl;pulverbeschichtet;26;26;7;0,016;4;24;24;1,0;4;0;0;56;8
PA2026-2302;2026-07-24;Standard;5;Bestandskunde;Automobilindustrie;Bearbeitung;17;Stahl;pulverbeschichtet;26;26;7;0,034;4;51;51;1,0;4;0;0;119;17
PA2026-2303;2026-07-23;Standard;14;Bestandskunde;Automobilindustrie;Bearbeitung;3;Stahl;pulverbeschichtet;28;28;15;0,009;4;9;9;1,0;4;0;0;24;3
PA2026-2304;2026-07-25;Änderung;7;Bestandskunde;Automobilindustrie;Bearbeitung;9;Stahl;pulverbeschichtet;28;28;15;0,027;4;27;27;1,0;4;0;0;72;9
PA2026-2305;2026-07-23;Standard;6;Bestandskunde;Logistiktechnik;Bearbeitung;18;Stahl;pulverbeschichtet;26;26;7;0,036;4;54;54;1,0;4;0;0;126;18
PA2026-2306;2026-07-29;Standard;12;Bestandskunde;Sonstige;Bearbeitung;14;Stahl;pulverbeschichtet;26;26;7;0,028;4;42;42;1,0;4;0;0;98;14
PA2026-2307;2026-07-24;Standard;6;Bestandskunde;Maschinenbau;Bearbeitung;19;Stahl;pulverbeschichtet;26;26;7;0,038;4;57;57;1,0;4;0;0;133;19
PA2026-2308;2026-07-29;Standard;14;Bestandskunde;Haushaltsgeräte;Bearbeitung;11;Stahl;pulverbeschichtet;26;26;7;0,022;4;33;33;1,0;4;0;0;77;11
PA2026-2309;2026-07-23;Standard;4;Bestandskunde;Automobilindustrie;Bearbeitung;12;Stahl;pulverbeschichtet;28;28;15;0,036;4;36;36;1,0;4;0;0;96;12
PA2026-2310;2026-07-28;Standard;11;Bestandskunde;Automobilindustrie;Bearbeitung;11;Stahl;pulverbeschichtet;26;26;7;0,022;4;33;33;1,0;4;0;0;77;11
PA2026-2311;2026-07-31;Änderung;5;Bestandskunde;Automobilindustrie;Bearbeitung;4;Stahl;pulverbeschichtet;28;28;15;0,012;4;12;12;1,0;4;0;0;32;4
PA2026-2312;2026-08-02;Standard;11;Bestandskunde;Automobilindustrie;Bearbeitung;11;Stahl;pulverbeschichtet;26;26;7;0,022;4;33;33;1,0;4;0;0;77;11
PA2026-2313;2026-08-03;Änderung;14;Bestandskunde;Logistiktechnik;Bearbeitung;2;Stahl;pulverbeschichtet;26;26;7;0,004;4;6;6;1,0;4;0;0;14;2
PA2026-2314;2026-07-31;Standard;9;Bestandskunde;Maschinenbau;Bearbeitung;9;Stahl;pulverbeschichtet;28;28;15;0,027;4;27;27;1,0;4;0;0;72;9
PA2026-2315;2026-07-30;Standard;15;Bestandskunde;Automobilindustrie;Bearbeitung;10;Stahl;pulverbeschichtet;28;28;15;0,03;4;30;30;1,0;4;0;0;80;10
PA2026-2316;2026-07-30;Änderung;10;Bestandskunde;Medizintechnik;Bearbeitung;5;Stahl;pulverbeschichtet;28;28;15;0,015;4;15;15;1,0;4;0;0;40;5
PA2026-2317;2026-07-30;Standard;6;Bestandskunde;Sonstige;Bearbeitung;11;Stahl;pulverbeschichtet;26;26;7;0,022;4;33;33;1,0;4;0;0;77;11
PA2026-2318;2026-08-03;Standard;9;Bestandskunde;Haushaltsgeräte;Bearbeitung;2;Stahl;pulverbeschichtet;26;26;7;0,004;4;6;6;1,0;4;0;0;14;2
PA2026-2319;2026-08-05;Änderung;5;Bestandskunde;Haushaltsgeräte;Bearbeitung;19;Stahl;pulverbeschichtet;28;28;15;0,057;4;57;57;1,0;4;0;0;152;19
PA2026-2320;2026-08-04;Änderung;10;Bestandskunde;Automobilindustrie;Bearbeitung;2;Stahl;pulverbeschichtet;28;28;15;0,006;4;6;6;1,0;4;0;0;16;2
PA2026-2321;2026-07-30;Standard;11;Bestandskunde;Sonstige;Bearbeitung;3;Stahl;pulverbeschichtet;28;28;15;0,009;4;9;9;1,0;4;0;0;24;3
PA2026-2322;2026-07-30;Änderung;14;Neukunde;Automobilindustrie;Bearbeitung;13;Stahl;pulverbeschichtet;26;26;7;0,026;4;39;39;1,0;4;0;0;91;13
PA2026-2323;2026-07-31;Standard;8;Bestandskunde;Haushaltsgeräte;Bearbeitung;19;Stahl;pulverbeschichtet;26;26;7;0,038;4;57;57;1,0;4;0;0;133;19
PA2026-2324;2026-08-02;Änderung;9;Bestandskunde;Automobilindustrie;Bearbeitung;17;Stahl;pulverbeschichtet;26;26;7;0,034;4;51;51;1,0;4;0;0;119;17
PA2026-2325;2026-07-30;Änderung;15;Bestandskunde;Maschinenbau;Bearbeitung;7;Stahl;pulverbeschichtet;26;26;7;0,014;4;21;21;1,0;4;0;0;49;7
PA2026-2326;2026-07-31;Standard;4;Bestandskunde;Medizintechnik;Bearbeitung;13;Stahl;pulverbeschichtet;28;28;15;0,039;4;39;39;1,0;4;0;0;104;13
PA2026-2327;2026-08-01;Standard;6;Bestandskunde;Logistiktechnik;Bearbeitung;19;Stahl;pulverbeschichtet;26;26;7;0,038;4;57;57;1,0;4;0;0;133;19
PA2026-2328;2026-07-31;Änderung;5;Bestandskunde;Sonstige;Bearbeitung;20;Stahl;pulverbeschichtet;28;28;15;0,06;4;60;60;1,0;4;0;0;160;20
PA2026-2329;2026-07-30;Änderung;11;Neukunde;Haushaltsgeräte;Bearbeitung;5;Stahl;pulverbeschichtet;28;28;15;0,015;4;15;15;1,0;4;0;0;40;5
PA2026-2330;2026-08-04;Standard;8;Bestandskunde;Logistiktechnik;Bearbeitung;8;Stahl;pulverbeschichtet;26;26;7;0,016;4;24;24;1,0;4;0;0;56;8
PA2026-2331;2026-08-04;Standard;13;Bestandskunde;Sonstige;Bearbeitung;4;Stahl;pulverbeschichtet;26;26;7;0,008;4;12;12;1,0;4;0;0;28;4
PA2026-2332;2026-08-04;Änderung;6;Bestandskunde;Maschinenbau;Bearbeitung;4;Stahl;pulverbeschichtet;26;26;7;0,008;4;12;12;1,0;4;0;0;28;4
PA2026-2333;2026-08-02;Standard;7;Bestandskunde;Logistiktechnik;Bearbeitung;4;Stahl;pulverbeschichtet;28;28;15;0,012;4;12;12;1,0;4;0;0;32;4
PA2026-2334;2026-08-02;Standard;13;Bestandskunde;Medizintechnik;Bearbeitung;15;Stahl;pulverbeschichtet;28;28;15;0,045;4;45;45;1,0;4;0;0;120;15
PA2026-2335;2026-07-31;Standard;11;Neukunde;Haushaltsgeräte;Bearbeitung;8;Stahl;pulverbeschichtet;26;26;7;0,016;4;24;24;1,0;4;0;0;56;8
PA2026-2336;2026-08-01;Änderung;13;Bestandskunde;Maschinenbau;Bearbeitung;15;Stahl;pulverbeschichtet;28;28;15;0,045;4;45;45;1,0;4;0;0;120;15
PA2026-2337;2026-08-05;Änderung;4;Bestandskunde;Automobilindustrie;Bearbeitung;7;Stahl;pulverbeschichtet;26;26;7;0,014;4;21;21;1,0;4;0;0;49;7
PA2026-2338;2026-08-01;Standard;6;Bestandskunde;Medizintechnik;Bearbeitung;1;Stahl;pulverbeschichtet;28;28;15;0,003;4;3;3;1,0;4;0;0;8;1
PA2026-2339;2026-07-30;Änderung;13;Bestandskunde;Automobilindustrie;Bearbeitung;15;Stahl;pulverbeschichtet;28;28;15;0,045;4;45;45;1,0;4;0;0;120;15
PA2026-2340;2026-08-05;Standard;14;Bestandskunde;Medizintechnik;Bearbeitung;16;Stahl;pulverbeschichtet;26;26;7;0,032;4;48;48;1,0;4;0;0;112;16
PA2026-2341;2026-07-31;Standard;3;Bestandskunde;Sonstige;Bearbeitung;13;Stahl;pulverbeschichtet;26;26;7;0,026;4;39;39;1,0;4;0;0;91;13
PA2026-2342;2026-07-30;Standard;9;Bestandskunde;Haushaltsgeräte;Bearbeitung;4;Stahl;pulverbeschichtet;26;26;7;0,008;4;12;12;1,0;4;0;0;28;4
PA2026-2343;2026-08-03;Standard;10;Bestandskunde;Automobilindustrie;Bearbeitung;19;Stahl;pulverbeschichtet;28;28;15;0,057;4;57;57;1,0;4;0;0;152;19
PA2026-2344;2026-08-01;Standard;10;Neukunde;Medizintechnik;Bearbeitung;18;Stahl;pulverbeschichtet;26;26;7;0,036;4;54;54;1,0;4;0;0;126;18
PA2026-2345;2026-08-03;Änderung;4;Bestandskunde;Maschinenbau;Bearbeitung;18;Stahl;pulverbeschichtet;26;26;7;0,036;4;54;54;1,0;4;0;0;126;18
PA2026-2346;2026-08-01;Standard;4;Bestandskunde;Automobilindustrie;Bearbeitung;10;Stahl;pulverbeschichtet;28;28;15;0,03;4;30;30;1,0;4;0;0;80;10
PA2026-2347;2026-08-04;Standard;9;Bestandskunde;Automobilindustrie;Bearbeitung;20;Stahl;pulverbeschichtet;28;28;15;0,06;4;60;60;1,0;4;0;0;160;20
PA2026-2348;2026-08-02;Standard;15;Bestandskunde;Automobilindustrie;Bearbeitung;11;Stahl;pulverbeschichtet;28;28;15;0,033;4;33;33;1,0;4;0;0;88;11
PA2026-2349;2026-08-01;Standard;15;Bestandskunde;Automobilindustrie;Bearbeitung;16;Stahl;pulverbeschichtet;26;26;7;0,032;4;48;48;1,0;4;0;0;112;16
PA2026-2350;2026-08-03;Änderung;4;Bestandskunde;Haushaltsgeräte;Bearbeitung;5;Stahl;pulverbeschichtet;26;26;7;0,01;4;15;15;1,0;4;0;0;35;5
PA2026-2351;2026-08-05;Änderung;4;Bestandskunde;Logistiktechnik;Bearbeitung;3;Stahl;pulverbeschichtet;26;26;7;0,006;4;9;9;1,0;4;0;0;21;3
PA2026-2352;2026-08-04;Änderung;7;Bestandskunde;Sonstige;Bearbeitung;12;Stahl;pulverbeschichtet;26;26;7;0,024;4;36;36;1,0;4;0;0;84;12
PA2026-2353;2026-08-01;Änderung;4;Bestandskunde;Sonstige;Bearbeitung;9;Stahl;pulverbeschichtet;26;26;7;0,018;4;27;27;1,0;4;0;0;63;9
PA2026-2354;2026-07-30;Standard;11;Bestandskunde;Automobilindustrie;Bearbeitung;3;Stahl;pulverbeschichtet;28;28;15;0,009;4;9;9;1,0;4;0;0;24;3
PA2026-2355;2026-08-03;Änderung;9;Bestandskunde;Maschinenbau;Bearbeitung;18;Stahl;pulverbeschichtet;28;28;15;0,054;4;54;54;1,0;4;0;0;144;18
PA2026-2356;2026-08-05;Standard;14;Bestandskunde;Sonstige;Bearbeitung;14;Stahl;pulverbeschichtet;26;26;7;0,028;4;42;42;1,0;4;0;0;98;14
PA2026-2357;2026-07-30;Standard;15;Bestandskunde;Medizintechnik;Bearbeitung;9;Stahl;pulverbeschichtet;28;28;15;0,027;4;27;27;1,0;4;0;0;72;9
PA2026-2358;2026-08-04;Standard;12;Neukunde;Sonstige;Bearbeitung;18;Stahl;pulverbeschichtet;26;26;7;0,036;4;54;54;1,0;4;0;0;126;18
PA2026-2359;2026-08-04;Standard;6;Bestandskunde;Maschinenbau;Bearbeitung;9;Stahl;pulverbeschichtet;26;26;7;0,018;4;27;27;1,0;4;0;0;63;9
PA2026-2360;2026-08-05;Änderung;7;Bestandskunde;Automobilindustrie;Bearbeitung;6;Stahl;pulverbeschichtet;26;26;7;0,012;4;18;18;1,0;4;0;0;42;6
PA2026-2361;2026-07-31;Standard;5;Bestandskunde;Sonstige;Bearbeitung;15;Stahl;pulverbeschichtet;26;26;7;0,03;4;45;45;1,0;4;0;0;105;15
PA2026-2362;2026-07-30;Standard;6;Bestandskunde;Automobilindustrie;Bearbeitung;12;Stahl;pulverbeschichtet;26;26;7;0,024;4;36;36;1,0;4;0;0;84;12
PA2026-2363;2026-08-02;Standard;7;Bestandskunde;Automobilindustrie;Bearbeitung;6;Stahl;pulverbeschichtet;28;28;15;0,018;4;18;18;1,0;4;0;0;48;6
PA2026-2364;2026-07-30;Standard;6;Bestandskunde;Sonstige;Bearbeitung;14;Stahl;pulverbeschichtet;28;28;15;0,042;4;42;42;1,0;4;0;0;112;14
PA2026-2365;2026-08-05;Standard;7;Bestandskunde;Maschinenbau;Bearbeitung;4;Stahl;pulverbeschichtet;26;26;7;0,008;4;12;12;1,0;4;0;0;28;4
PA2026-2366;2026-08-04;Änderung;8;Bestandskunde;Automobilindustrie;Bearbeitung;18;Stahl;pulverbeschichtet;28;28;15;0,054;4;54;54;1,0;4;0;0;144;18
PA2026-2367;2026-07-31;Standard;7;Bestandskunde;Maschinenbau;Bearbeitung;20;Stahl;pulverbeschichtet;28;28;15;0,06;4;60;60;1,0;4;0;0;160;20
PA2026-2368;2026-08-01;Standard;10;Bestandskunde;Logistiktechnik;Bearbeitung;1;Stahl;pulverbeschichtet;28;28;15;0,003;4;3;3;1,0;4;0;0;8;1
PA2026-2369;2026-08-01;Standard;12;Bestandskunde;Maschinenbau;Bearbeitung;3;Stahl;pulverbeschichtet;26;26;7;0,006;4;9;9;1,0;4;0;0;21;3
PA2026-2370;2026-07-30;Standard;8;Bestandskunde;Haushaltsgeräte;Bearbeitung;4;Stahl;pulverbeschichtet;26;26;7;0,008;4;12;12;1,0;4;0;0;28;4
PA2026-2371;2026-08-04;Standard;7;Bestandskunde;Automobilindustrie;Bearbeitung;8;Stahl;pulverbeschichtet;28;28;15;0,024;4;24;24;1,0;4;0;0;64;8
PA2026-2372;2026-07-30;Standard;15;Bestandskunde;Maschinenbau;Bearbeitung;3;Stahl;pulverbeschichtet;26;26;7;0,006;4;9;9;1,0;4;0;0;21;3
PA2026-2373;2026-08-01;Standard;15;Bestandskunde;Logistiktechnik;Bearbeitung;11;Stahl;pulverbeschichtet;26;26;7;0,022;4;33;33;1,0;4;0;0;77;11
PA2026-2374;2026-07-30;Standard;12;Neukunde;Haushaltsgeräte;Bearbeitung;5;Stahl;pulverbeschichtet;26;26;7;0,01;4;15;15;1,0;4;0;0;35;5
PA2026-2375;2026-08-03;Standard;7;Bestandskunde;Maschinenbau;Bearbeitung;18;Stahl;pulverbeschichtet;26;26;7;0,036;4;54;54;1,0;4;0;0;126;18
PA2026-2376;2026-08-02;Standard;8;Neukunde;Automobilindustrie;Bearbeitung;11;Stahl;pulverbeschichtet;26;26;7;0,022;4;33;33;1,0;4;0;0;77;11
PA2026-2377;2026-08-05;Standard;3;Bestandskunde;Automobilindustrie;Bearbeitung;1;Stahl;pulverbeschichtet;26;26;7;0,002;4;3;3;1,0;4;0;0;7;1
PA2026-2378;2026-08-01;Änderung;7;Bestandskunde;Maschinenbau;Bearbeitung;19;Stahl;pulverbeschichtet;26;26;7;0,038;4;57;57;1,0;4;0;0;133;19
PA2026-2379;2026-08-04;Änderung;8;Neukunde;Maschinenbau;Bearbeitung;15;Stahl;pulverbeschichtet;26;26;7;0,03;4;45;45;1,0;4;0;0;105;15
PA2026-2380;2026-08-05;Standard;3;Neukunde;Automobilindustrie;Bearbeitung;11;Stahl;pulverbeschichtet;28;28;15;0,033;4;33;33;1,0;4;0;0;88;11
PA2026-2381;2026-07-30;Änderung;15;Neukunde;Automobilindustrie;Bearbeitung;9;Stahl;pulverbeschichtet;28;28;15;0,027;4;27;27;1,0;4;0;0;72;9
PA2026-2382;2026-08-03;Änderung;7;Bestandskunde;Automobilindustrie;Bearbeitung;16;Stahl;pulverbeschichtet;26;26;7;0,032;4;48;48;1,0;4;0;0;112;16
PA2026-2383;2026-08-03;Standard;5;Bestandskunde;Maschinenbau;Bearbeitung;10;Stahl;pulverbeschichtet;28;28;15;0,03;4;30;30;1,0;4;0;0;80;10
PA2026-2384;2026-08-02;Änderung;15;Bestandskunde;Maschinenbau;Bearbeitung;1;Stahl;pulverbeschichtet;26;26;7;0,002;4;3;3;1,0;4;0;0;7;1
PA2026-2385;2026-07-30;Standard;9;Bestandskunde;Haushaltsgeräte;Bearbeitung;11;Stahl;pulverbeschichtet;26;26;7;0,022;4;33;33;1,0;4;0;0;77;11
PA2026-2386;2026-08-04;Standard;15;Bestandskunde;Logistiktechnik;Bearbeitung;13;Stahl;pulverbeschichtet;26;26;7;0,026;4;39;39;1,0;4;0;0;91;13
PA2026-2387;2026-08-02;Standard;7;Bestandskunde;Logistiktechnik;Bearbeitung;11;Stahl;pulverbeschichtet;26;26;7;0,022;4;33;33;1,0;4;0;0;77;11
PA2026-2388;2026-07-30;Standard;11;Bestandskunde;Haushaltsgeräte;Bearbeitung;19;Stahl;pulverbeschichtet;28;28;15;0,057;4;57;57;1,0;4;0;0;152;19
PA2026-2389;2026-07-30;Standard;4;Bestandskunde;Haushaltsgeräte;Bearbeitung;7;Stahl;pulverbeschichtet;28;28;15;0,021;4;21;21;1,0;4;0;0;56;7
PA2026-2390;2026-08-03;Standard;14;Bestandskunde;Maschinenbau;Bearbeitung;1;Stahl;pulverbeschichtet;26;26;7;0,002;4;3;3;1,0;4;0;0;7;1
PA2026-2391;2026-07-30;Standard;4;Bestandskunde;Automobilindustrie;Bearbeitung;4;Stahl;pulverbeschichtet;26;26;7;0,008;4;12;12;1,0;4;0;0;28;4
PA2026-2392;2026-08-05;Standard;15;Bestandskunde;Sonstige;Bearbeitung;17;Stahl;pulverbeschichtet;28;28;15;0,051;4;51;51;1,0;4;0;0;136;17
PA2026-2393;2026-08-04;Standard;9;Bestandskunde;Maschinenbau;Bearbeitung;18;Stahl;pulverbeschichtet;26;26;7;0,036;4;54;54;1,0;4;0;0;126;18
PA2026-2394;2026-07-31;Änderung;15;Neukunde;Haushaltsgeräte;Bearbeitung;7;Stahl;pulverbeschichtet;28;28;15;0,021;4;21;21;1,0;4;0;0;56;7
PA2026-2395;2026-08-01;Änderung;9;Bestandskunde;Maschinenbau;Bearbeitung;13;Stahl;pulverbeschichtet;26;26;7;0,026;4;39;39;1,0;4;0;0;91;13
PA2026-2396;2026-07-31;Änderung;15;Bestandskunde;Maschinenbau;Bearbeitung;10;Stahl;pulverbeschichtet;28;28;15;0,03;4;30;30;1,0;4;0;0;80;10
PA2026-2397;2026-07-31;Änderung;3;Bestandskunde;Haushaltsgeräte;Bearbeitung;5;Stahl;pulverbeschichtet;28;28;15;0,015;4;15;15;1,0;4;0;0;40;5
PA2026-2398;2026-08-04;Standard;15;Bestandskunde;Haushaltsgeräte;Bearbeitung;9;Stahl;pulverbeschichtet;28;28;15;0,027;4;27;27;1,0;4;0;0;72;9
PA2026-2399;2026-08-05;Standard;4;Bestandskunde;Maschinenbau;Bearbeitung;13;Stahl;pulverbeschichtet;26;26;7;0,026;4;39;39;1,0;4;0;0;91;13
PA2026-2400;2026-08-05;Änderung;12;Bestandskunde;Medizintechnik;Bearbeitung;2;Stahl;pulverbeschichtet;26;26;7;0,004;4;6;6;1,0;4;0;0;14;2
PA2026-2401;2026-08-12;Standard;8;Bestandskunde;Logistiktechnik;Bearbeitung;18;Stahl;pulverbeschichtet;26;26;7;0,036;4;54;54;1,0;4;0;0;126;18
PA2026-2402;2026-08-07;Standard;3;Bestandskunde;Automobilindustrie;Bearbeitung;10;Stahl;pulverbeschichtet;26;26;7;0,02;4;30;30;1,0;4;0;0;70;10
PA2026-2403;2026-08-12;Änderung;10;Neukunde;Sonstige;Bearbeitung;17;Stahl;pulverbeschichtet;28;28;15;0,051;4;51;51;1,0;4;0;0;136;17
PA2026-2404;2026-08-11;Änderung;6;Bestandskunde;Sonstige;Bearbeitung;17;Stahl;pulverbeschichtet;26;26;7;0,034;4;51;51;1,0;4;0;0;119;17
PA2026-2405;2026-08-08;Standard;6;Bestandskunde;Maschinenbau;Bearbeitung;2;Stahl;pulverbeschichtet;26;26;7;0,004;4;6;6;1,0;4;0;0;14;2
PA2026-2406;2026-08-08;Änderung;5;Bestandskunde;Automobilindustrie;Bearbeitung;7;Stahl;pulverbeschichtet;28;28;15;0,021;4;21;21;1,0;4;0;0;56;7
PA2026-2407;2026-08-12;Änderung;12;Bestandskunde;Sonstige;Bearbeitung;19;Stahl;pulverbeschichtet;26;26;7;0,038;4;57;57;1,0;4;0;0;133;19
PA2026-2408;2026-08-06;Standard;11;Bestandskunde;Haushaltsgeräte;Bearbeitung;4;Stahl;pulverbeschichtet;28;28;15;0,012;4;12;12;1,0;4;0;0;32;4
PA2026-2409;2026-08-11;Änderung;13;Bestandskunde;Automobilindustrie;Bearbeitung;4;Stahl;pulverbeschichtet;26;26;7;0,008;4;12;12;1,0;4;0;0;28;4
PA2026-2410;2026-08-07;Änderung;5;Bestandskunde;Maschinenbau;Bearbeitung;7;Stahl;pulverbeschichtet;26;26;7;0,014;4;21;21;1,0;4;0;0;49;7
PA2026-2411;2026-08-11;Standard;11;Bestandskunde;Haushaltsgeräte;Bearbeitung;14;Stahl;pulverbeschichtet;26;26;7;0,028;4;42;42;1,0;4;0;0;98;14
PA2026-2412;2026-08-06;Änderung;15;Bestandskunde;Logistiktechnik;Bearbeitung;13;Stahl;pulverbeschichtet;26;26;7;0,026;4;39;39;1,0;4;0;0;91;13
PA2026-2413;2026-08-10;Standard;14;Bestandskunde;Automobilindustrie;Bearbeitung;17;Stahl;pulverbeschichtet;26;26;7;0,034;4;51;51;1,0;4;0;0;119;17
PA2026-2414;2026-08-07;Standard;7;Bestandskunde;Sonstige;Bearbeitung;1;Stahl;pulverbeschichtet;26;26;7;0,002;4;3;3;1,0;4;0;0;7;1
PA2026-2415;2026-08-12;Standard;12;Bestandskunde;Medizintechnik;Bearbeitung;20;Stahl;pulverbeschichtet;26;26;7;0,04;4;60;60;1,0;4;0;0;140;20
PA2026-2416;2026-08-11;Standard;13;Bestandskunde;Haushaltsgeräte;Bearbeitung;16;Stahl;pulverbeschichtet;26;26;7;0,032;4;48;48;1,0;4;0;0;112;16
PA2026-2417;2026-08-08;Standard;5;Bestandskunde;Logistiktechnik;Bearbeitung;1;Stahl;pulverbeschichtet;28;28;15;0,003;4;3;3;1,0;4;0;0;8;1
PA2026-2418;2026-08-08;Änderung;11;Bestandskunde;Automobilindustrie;Bearbeitung;10;Stahl;pulverbeschichtet;26;26;7;0,02;4;30;30;1,0;4;0;0;70;10
PA2026-2419;2026-08-12;Änderung;15;Bestandskunde;Automobilindustrie;Bearbeitung;4;Stahl;pulverbeschichtet;26;26;7;0,008;4;12;12;1,0;4;0;0;28;4
PA2026-2420;2026-08-07;Änderung;11;Bestandskunde;Maschinenbau;Bearbeitung;1;Stahl;pulverbeschichtet;28;28;15;0,003;4;3;3;1,0;4;0;0;8;1
PA2026-2421;2026-08-07;Standard;6;Bestandskunde;Logistiktechnik;Bearbeitung;7;Stahl;pulverbeschichtet;26;26;7;0,014;4;21;21;1,0;4;0;0;49;7
PA2026-2422;2026-08-07;Standard;13;Bestandskunde;Logistiktechnik;Bearbeitung;3;Stahl;pulverbeschichtet;26;26;7;0,006;4;9;9;1,0;4;0;0;21;3
PA2026-2423;2026-08-06;Standard;10;Bestandskunde;Maschinenbau;Bearbeitung;2;Stahl;pulverbeschichtet;26;26;7;0,004;4;6;6;1,0;4;0;0;14;2
PA2026-2424;2026-08-06;Standard;11;Neukunde;Sonstige;Bearbeitung;14;Stahl;pulverbeschichtet;28;28;15;0,042;4;42;42;1,0;4;0;0;112;14
PA2026-2425;2026-08-06;Änderung;15;Bestandskunde;Sonstige;Bearbeitung;5;Stahl;pulverbeschichtet;28;28;15;0,015;4;15;15;1,0;4;0;0;40;5
PA2026-2426;2026-08-06;Standard;7;Bestandskunde;Maschinenbau;Bearbeitung;7;Stahl;pulverbeschichtet;28;28;15;0,021;4;21;21;1,0;4;0;0;56;7
PA2026-2427;2026-08-09;Standard;5;Bestandskunde;Haushaltsgeräte;Bearbeitung;13;Stahl;pulverbeschichtet;28;28;15;0,039;4;39;39;1,0;4;0;0;104;13
PA2026-2428;2026-08-06;Änderung;11;Bestandskunde;Automobilindustrie;Bearbeitung;6;Stahl;pulverbeschichtet;26;26;7;0,012;4;18;18;1,0;4;0;0;42;6
PA2026-2429;2026-08-08;Standard;11;Bestandskunde;Medizintechnik;Bearbeitung;18;Stahl;pulverbeschichtet;26;26;7;0,036;4;54;54;1,0;4;0;0;126;18
PA2026-2430;2026-08-10;Standard;6;Bestandskunde;Automobilindustrie;Bearbeitung;14;Stahl;pulverbeschichtet;26;26;7;0,028;4;42;42;1,0;4;0;0;98;14
PA2026-2431;2026-08-10;Änderung;9;Bestandskunde;Automobilindustrie;Bearbeitung;4;Stahl;pulverbeschichtet;26;26;7;0,008;4;12;12;1,0;4;0;0;28;4
PA2026-2432;2026-08-10;Änderung;4;Bestandskunde;Automobilindustrie;Bearbeitung;7;Stahl;pulverbeschichtet;26;26;7;0,014;4;21;21;1,0;4;0;0;49;7
PA2026-2433;2026-08-07;Standard;14;Bestandskunde;Haushaltsgeräte;Bearbeitung;17;Stahl;pulverbeschichtet;28;28;15;0,051;4;51;51;1,0;4;0;0;136;17
PA2026-2434;2026-08-06;Standard;7;Bestandskunde;Automobilindustrie;Bearbeitung;4;Stahl;pulverbeschichtet;26;26;7;0,008;4;12;12;1,0;4;0;0;28;4
PA2026-2435;2026-08-11;Änderung;12;Bestandskunde;Sonstige;Bearbeitung;20;Stahl;pulverbeschichtet;26;26;7;0,04;4;60;60;1,0;4;0;0;140;20
PA2026-2436;2026-08-10;Änderung;5;Bestandskunde;Logistiktechnik;Bearbeitung;6;Stahl;pulverbeschichtet;26;26;7;0,012;4;18;18;1,0;4;0;0;42;6
PA2026-2437;2026-08-08;Standard;7;Bestandskunde;Haushaltsgeräte;Bearbeitung;19;Stahl;pulverbeschichtet;26;26;7;0,038;4;57;57;1,0;4;0;0;133;19
PA2026-2438;2026-08-10;Standard;13;Bestandskunde;Automobilindustrie;Bearbeitung;18;Stahl;pulverbeschichtet;28;28;15;0,054;4;54;54;1,0;4;0;0;144;18
PA2026-2439;2026-08-10;Standard;10;Bestandskunde;Sonstige;Bearbeitung;19;Stahl;pulverbeschichtet;28;28;15;0,057;4;57;57;1,0;4;0;0;152;19
PA2026-2440;2026-08-10;Änderung;9;Bestandskunde;Automobilindustrie;Bearbeitung;10;Stahl;pulverbeschichtet;28;28;15;0,03;4;30;30;1,0;4;0;0;80;10
PA2026-2441;2026-08-10;Änderung;9;Bestandskunde;Maschinenbau;Bearbeitung;4;Stahl;pulverbeschichtet;26;26;7;0,008;4;12;12;1,0;4;0;0;28;4
PA2026-2442;2026-08-08;Standard;6;Bestandskunde;Medizintechnik;Bearbeitung;19;Stahl;pulverbeschichtet;26;26;7;0,038;4;57;57;1,0;4;0;0;133;19
PA2026-2443;2026-08-10;Standard;4;Bestandskunde;Sonstige;Bearbeitung;13;Stahl;pulverbeschichtet;26;26;7;0,026;4;39;39;1,0;4;0;0;91;13
PA2026-2444;2026-08-12;Standard;12;Bestandskunde;Haushaltsgeräte;Bearbeitung;15;Stahl;pulverbeschichtet;26;26;7;0,03;4;45;45;1,0;4;0;0;105;15
PA2026-2445;2026-08-08;Änderung;9;Bestandskunde;Automobilindustrie;Bearbeitung;20;Stahl;pulverbeschichtet;26;26;7;0,04;4;60;60;1,0;4;0;0;140;20
PA2026-2446;2026-08-07;Änderung;15;Bestandskunde;Haushaltsgeräte;Bearbeitung;1;Stahl;pulverbeschichtet;28;28;15;0,003;4;3;3;1,0;4;0;0;8;1
PA2026-2447;2026-08-08;Änderung;13;Bestandskunde;Automobilindustrie;Bearbeitung;5;Stahl;pulverbeschichtet;28;28;15;0,015;4;15;15;1,0;4;0;0;40;5
PA2026-2448;2026-08-06;Änderung;6;Bestandskunde;Logistiktechnik;Bearbeitung;18;Stahl;pulverbeschichtet;28;28;15;0,054;4;54;54;1,0;4;0;0;144;18
PA2026-2449;2026-08-11;Änderung;9;Bestandskunde;Medizintechnik;Bearbeitung;19;Stahl;pulverbeschichtet;26;26;7;0,038;4;57;57;1,0;4;0;0;133;19
PA2026-2450;2026-08-09;Änderung;5;Bestandskunde;Haushaltsgeräte;Bearbeitung;18;Stahl;pulverbeschichtet;28;28;15;0,054;4;54;54;1,0;4;0;0;144;18
PA2026-2451;2026-08-06;Änderung;6;Neukunde;Sonstige;Bearbeitung;11;Stahl;pulverbeschichtet;28;28;15;0,033;4;33;33;1,0;4;0;0;88;11
PA2026-2452;2026-08-08;Änderung;8;Bestandskunde;Logistiktechnik;Bearbeitung;5;Stahl;pulverbeschichtet;28;28;15;0,015;4;15;15;1,0;4;0;0;40;5
PA2026-2453;2026-08-12;Standard;15;Bestandskunde;Logistiktechnik;Bearbeitung;1;Stahl;pulverbeschichtet;26;26;7;0,002;4;3;3;1,0;4;0;0;7;1
PA2026-2454;2026-08-12;Standard;8;Bestandskunde;Logistiktechnik;Bearbeitung;17;Stahl;pulverbeschichtet;26;26;7;0,034;4;51;51;1,0;4;0;0;119;17
PA2026-2455;2026-08-09;Standard;13;Bestandskunde;Medizintechnik;Bearbeitung;13;Stahl;pulverbeschichtet;28;28;15;0,039;4;39;39;1,0;4;0;0;104;13
PA2026-2456;2026-08-06;Änderung;7;Bestandskunde;Automobilindustrie;Bearbeitung;1;Stahl;pulverbeschichtet;26;26;7;0,002;4;3;3;1,0;4;0;0;7;1
PA2026-2457;2026-08-09;Änderung;15;Bestandskunde;Automobilindustrie;Bearbeitung;3;Stahl;pulverbeschichtet;26;26;7;0,006;4;9;9;1,0;4;0;0;21;3
PA2026-2458;2026-08-10;Standard;5;Bestandskunde;Automobilindustrie;Bearbeitung;15;Stahl;pulverbeschichtet;28;28;15;0,045;4;45;45;1,0;4;0;0;120;15
PA2026-2459;2026-08-12;Standard;15;Bestandskunde;Maschinenbau;Bearbeitung;15;Stahl;pulverbeschichtet;28;28;15;0,045;4;45;45;1,0;4;0;0;120;15
PA2026-2460;2026-08-07;Standard;4;Bestandskunde;Logistiktechnik;Bearbeitung;9;Stahl;pulverbeschichtet;28;28;15;0,027;4;27;27;1,0;4;0;0;72;9
PA2026-2461;2026-08-09;Änderung;15;Bestandskunde;Sonstige;Bearbeitung;6;Stahl;pulverbeschichtet;28;28;15;0,018;4;18;18;1,0;4;0;0;48;6
PA2026-2462;2026-08-07;Änderung;11;Bestandskunde;Maschinenbau;Bearbeitung;5;Stahl;pulverbeschichtet;26;26;7;0,01;4;15;15;1,0;4;0;0;35;5
PA2026-2463;2026-08-06;Änderung;5;Bestandskunde;Logistiktechnik;Bearbeitung;16;Stahl;pulverbeschichtet;26;26;7;0,032;4;48;48;1,0;4;0;0;112;16
PA2026-2464;2026-08-07;Standard;5;Bestandskunde;Maschinenbau;Bearbeitung;13;Stahl;pulverbeschichtet;28;28;15;0,039;4;39;39;1,0;4;0;0;104;13
PA2026-2465;2026-08-07;Standard;7;Bestandskunde;Sonstige;Bearbeitung;5;Stahl;pulverbeschichtet;28;28;15;0,015;4;15;15;1,0;4;0;0;40;5
PA2026-2466;2026-08-11;Änderung;8;Bestandskunde;Medizintechnik;Bearbeitung;13;Stahl;pulverbeschichtet;28;28;15;0,039;4;39;39;1,0;4;0;0;104;13
PA2026-2467;2026-08-10;Standard;5;Bestandskunde;Logistiktechnik;Bearbeitung;6;Stahl;pulverbeschichtet;26;26;7;0,012;4;18;18;1,0;4;0;0;42;6
PA2026-2468;2026-08-10;Standard;8;Bestandskunde;Sonstige;Bearbeitung;14;Stahl;pulverbeschichtet;26;26;7;0,028;4;42;42;1,0;4;0;0;98;14
PA2026-2469;2026-08-07;Standard;13;Bestandskunde;Haushaltsgeräte;Bearbeitung;12;Stahl;pulverbeschichtet;26;26;7;0,024;4;36;36;1,0;4;0;0;84;12
PA2026-2470;2026-08-07;Standard;7;Neukunde;Haushaltsgeräte;Bearbeitung;18;Stahl;pulverbeschichtet;28;28;15;0,054;4;54;54;1,0;4;0;0;144;18
PA2026-2471;2026-08-08;Änderung;5;Bestandskunde;Maschinenbau;Bearbeitung;19;Stahl;pulverbeschichtet;28;28;15;0,057;4;57;57;1,0;4;0;0;152;19
PA2026-2472;2026-08-07;Änderung;11;Bestandskunde;Maschinenbau;Bearbeitung;4;Stahl;pulverbeschichtet;28;28;15;0,012;4;12;12;1,0;4;0;0;32;4
PA2026-2473;2026-08-08;Standard;5;Bestandskunde;Maschinenbau;Bearbeitung;9;Stahl;pulverbeschichtet;28;28;15;0,027;4;27;27;1,0;4;0;0;72;9
PA2026-2474;2026-08-09;Standard;6;Bestandskunde;Haushaltsgeräte;Bearbeitung;16;Stahl;pulverbeschichtet;26;26;7;0,032;4;48;48;1,0;4;0;0;112;16
PA2026-2475;2026-08-06;Änderung;3;Bestandskunde;Logistiktechnik;Bearbeitung;16;Stahl;pulverbeschichtet;26;26;7;0,032;4;48;48;1,0;4;0;0;112;16
PA2026-2476;2026-08-11;Standard;8;Bestandskunde;Logistiktechnik;Bearbeitung;14;Stahl;pulverbeschichtet;26;26;7;0,028;4;42;42;1,0;4;0;0;98;14
PA2026-2477;2026-08-11;Standard;14;Bestandskunde;Maschinenbau;Bearbeitung;15;Stahl;pulverbeschichtet;26;26;7;0,03;4;45;45;1,0;4;0;0;105;15
PA2026-2478;2026-08-12;Standard;8;Bestandskunde;Automobilindustrie;Bearbeitung;4;Stahl;pulverbeschichtet;26;26;7;0,008;4;12;12;1,0;4;0;0;28;4
PA2026-2479;2026-08-09;Änderung;5;Bestandskunde;Logistiktechnik;Bearbeitung;15;Stahl;pulverbeschichtet;26;26;7;0,03;4;45;45;1,0;4;0;0;105;15
PA2026-2480;2026-08-12;Änderung;12;Bestandskunde;Logistiktechnik;Bearbeitung;4;Stahl;pulverbeschichtet;26;26;7;0,008;4;12;12;1,0;4;0;0;28;4
PA2026-2481;2026-08-11;Änderung;4;Bestandskunde;Automobilindustrie;Bearbeitung;8;Stahl;pulverbeschichtet;28;28;15;0,024;4;24;24;1,0;4;0;0;64;8
PA2026-2482;2026-08-12;Standard;7;Bestandskunde;Automobilindustrie;Bearbeitung;1;Stahl;pulverbeschichtet;28;28;15;0,003;4;3;3;1,0;4;0;0;8;1
PA2026-2483;2026-08-07;Standard;5;Bestandskunde;Haushaltsgeräte;Bearbeitung;8;Stahl;pulverbeschichtet;28;28;15;0,024;4;24;24;1,0;4;0;0;64;8
PA2026-2484;2026-08-11;Standard;8;Bestandskunde;Automobilindustrie;Bearbeitung;12;Stahl;pulverbeschichtet;28;28;15;0,036;4;36;36;1,0;4;0;0;96;12
PA2026-2485;2026-08-10;Änderung;14;Neukunde;Sonstige;Bearbeitung;13;Stahl;pulverbeschichtet;26;26;7;0,026;4;39;39;1,0;4;0;0;91;13
PA2026-2486;2026-08-10;Änderung;8;Bestandskunde;Medizintechnik;Bearbeitung;11;Stahl;pulverbeschichtet;26;26;7;0,022;4;33;33;1,0;4;0;0;77;11
PA2026-2487;2026-08-12;Standard;4;Bestandskunde;Maschinenbau;Bearbeitung;9;Stahl;pulverbeschichtet;28;28;15;0,027;4;27;27;1,0;4;0;0;72;9
PA2026-2488;2026-08-10;Standard;10;Neukunde;Sonstige;Bearbeitung;6;Stahl;pulverbeschichtet;26;26;7;0,012;4;18;18;1,0;4;0;0;42;6
PA2026-2489;2026-08-12;Standard;11;Neukunde;Automobilindustrie;Bearbeitung;8;Stahl;pulverbeschichtet;26;26;7;0,016;4;24;24;1,0;4;0;0;56;8
PA2026-2490;2026-08-10;Standard;9;Bestandskunde;Automobilindustrie;Bearbeitung;5;Stahl;pulverbeschichtet;28;28;15;0,015;4;15;15;1,0;4;0;0;40;5
PA2026-2491;2026-08-15;Änderung;15;Bestandskunde;Maschinenbau;Bearbeitung;3;Stahl;pulverbeschichtet;28;28;15;0,009;4;9;9;1,0;4;0;0;24;3
PA2026-2492;2026-08-16;Änderung;15;Neukunde;Maschinenbau;Bearbeitung;2;Stahl;pulverbeschichtet;28;28;15;0,006;4;6;6;1,0;4;0;0;16;2
PA2026-2493;2026-08-15;Standard;7;Bestandskunde;Maschinenbau;Bearbeitung;15;Stahl;pulverbeschichtet;28;28;15;0,045;4;45;45;1,0;4;0;0;120;15
PA2026-2494;2026-08-14;Änderung;6;Bestandskunde;Automobilindustrie;Bearbeitung;9;Stahl;pulverbeschichtet;28;28;15;0,027;4;27;27;1,0;4;0;0;72;9
PA2026-2495;2026-08-17;Änderung;5;Bestandskunde;Sonstige;Bearbeitung;15;Stahl;pulverbeschichtet;28;28;15;0,045;4;45;45;1,0;4;0;0;120;15
PA2026-2496;2026-08-17;Standard;14;Bestandskunde;Medizintechnik;Bearbeitung;20;Stahl;pulverbeschichtet;28;28;15;0,06;4;60;60;1,0;4;0;0;160;20
PA2026-2497;2026-08-16;Standard;7;Bestandskunde;Automobilindustrie;Bearbeitung;17;Stahl;pulverbeschichtet;28;28;15;0,051;4;51;51;1,0;4;0;0;136;17
PA2026-2498;2026-08-18;Änderung;4;Bestandskunde;Automobilindustrie;Bearbeitung;17;Stahl;pulverbeschichtet;26;26;7;0,034;4;51;51;1,0;4;0;0;119;17
PA2026-2499;2026-08-18;Standard;8;Bestandskunde;Logistiktechnik;Bearbeitung;12;Stahl;pulverbeschichtet;26;26;7;0,024;4;36;36;1,0;4;0;0;84;12
PA2026-2500;2026-08-13;Standard;11;Bestandskunde;Automobilindustrie;Bearbeitung;20;Stahl;pulverbeschichtet;26;26;7;0,04;4;60;60;1,0;4;0;0;140;20
PA2026-2501;2026-08-16;Standard;5;Bestandskunde;Sonstige;Bearbeitung;9;Stahl;pulverbeschichtet;28;28;15;0,027;4;27;27;1,0;4;0;0;72;9
PA2026-2502;2026-08-19;Standard;12;Bestandskunde;Maschinenbau;Bearbeitung;17;Stahl;pulverbeschichtet;26;26;7;0,034;4;51;51;1,0;4;0;0;119;17
PA2026-2503;2026-08-17;Standard;13;Bestandskunde;Sonstige;Bearbeitung;20;Stahl;pulverbeschichtet;28;28;15;0,06;4;60;60;1,0;4;0;0;160;20
PA2026-2504;2026-08-18;Änderung;8;Bestandskunde;Maschinenbau;Bearbeitung;18;Stahl;pulverbeschichtet;28;28;15;0,054;4;54;54;1,0;4;0;0;144;18
PA2026-2505;2026-08-19;Standard;8;Bestandskunde;Automobilindustrie;Bearbeitung;19;Stahl;pulverbeschichtet;28;28;15;0,057;4;57;57;1,0;4;0;0;152;19
PA2026-2506;2026-08-16;Standard;8;Bestandskunde;Maschinenbau;Bearbeitung;11;Stahl;pulverbeschichtet;26;26;7;0,022;4;33;33;1,0;4;0;0;77;11
PA2026-2507;2026-08-18;Standard;14;Bestandskunde;Automobilindustrie;Bearbeitung;13;Stahl;pulverbeschichtet;26;26;7;0,026;4;39;39;1,0;4;0;0;91;13
PA2026-2508;2026-08-16;Standard;10;Bestandskunde;Logistiktechnik;Bearbeitung;17;Stahl;pulverbeschichtet;26;26;7;0,034;4;51;51;1,0;4;0;0;119;17
PA2026-2509;2026-08-14;Standard;15;Bestandskunde;Sonstige;Bearbeitung;12;Stahl;pulverbeschichtet;28;28;15;0,036;4;36;36;1,0;4;0;0;96;12
PA2026-2510;2026-08-18;Änderung;14;Bestandskunde;Automobilindustrie;Bearbeitung;18;Stahl;pulverbeschichtet;28;28;15;0,054;4;54;54;1,0;4;0;0;144;18
PA2026-2511;2026-08-17;Standard;11;Neukunde;Automobilindustrie;Bearbeitung;10;Stahl;pulverbeschichtet;28;28;15;0,03;4;30;30;1,0;4;0;0;80;10
PA2026-2512;2026-08-13;Standard;7;Bestandskunde;Maschinenbau;Bearbeitung;17;Stahl;pulverbeschichtet;28;28;15;0,051;4;51;51;1,0;4;0;0;136;17
PA2026-2513;2026-08-16;Änderung;15;Bestandskunde;Maschinenbau;Bearbeitung;11;Stahl;pulverbeschichtet;26;26;7;0,022;4;33;33;1,0;4;0;0;77;11
PA2026-2514;2026-08-19;Änderung;4;Bestandskunde;Automobilindustrie;Bearbeitung;13;Stahl;pulverbeschichtet;26;26;7;0,026;4;39;39;1,0;4;0;0;91;13
PA2026-2515;2026-08-15;Standard;10;Bestandskunde;Maschinenbau;Bearbeitung;11;Stahl;pulverbeschichtet;28;28;15;0,033;4;33;33;1,0;4;0;0;88;11
PA2026-2516;2026-08-14;Änderung;6;Bestandskunde;Haushaltsgeräte;Bearbeitung;14;Stahl;pulverbeschichtet;26;26;7;0,028;4;42;42;1,0;4;0;0;98;14
PA2026-2517;2026-08-19;Standard;15;Bestandskunde;Logistiktechnik;Bearbeitung;15;Stahl;pulverbeschichtet;28;28;15;0,045;4;45;45;1,0;4;0;0;120;15
PA2026-2518;2026-08-13;Standard;9;Bestandskunde;Sonstige;Bearbeitung;4;Stahl;pulverbeschichtet;28;28;15;0,012;4;12;12;1,0;4;0;0;32;4
PA2026-2519;2026-08-13;Standard;11;Bestandskunde;Maschinenbau;Bearbeitung;17;Stahl;pulverbeschichtet;28;28;15;0,051;4;51;51;1,0;4;0;0;136;17
PA2026-2520;2026-08-17;Standard;4;Bestandskunde;Automobilindustrie;Bearbeitung;16;Stahl;pulverbeschichtet;26;26;7;0,032;4;48;48;1,0;4;0;0;112;16
PA2026-2521;2026-08-15;Standard;6;Bestandskunde;Maschinenbau;Bearbeitung;18;Stahl;pulverbeschichtet;26;26;7;0,036;4;54;54;1,0;4;0;0;126;18
PA2026-2522;2026-08-14;Standard;5;Bestandskunde;Automobilindustrie;Bearbeitung;14;Stahl;pulverbeschichtet;28;28;15;0,042;4;42;42;1,0;4;0;0;112;14
PA2026-2523;2026-08-15;Standard;15;Bestandskunde;Maschinenbau;Bearbeitung;18;Stahl;pulverbeschichtet;28;28;15;0,054;4;54;54;1,0;4;0;0;144;18
PA2026-2524;2026-08-15;Standard;7;Neukunde;Automobilindustrie;Bearbeitung;17;Stahl;pulverbeschichtet;28;28;15;0,051;4;51;51;1,0;4;0;0;136;17
PA2026-2525;2026-08-18;Standard;9;Bestandskunde;Automobilindustrie;Bearbeitung;19;Stahl;pulverbeschichtet;28;28;15;0,057;4;57;57;1,0;4;0;0;152;19
PA2026-2526;2026-08-19;Änderung;11;Bestandskunde;Sonstige;Bearbeitung;10;Stahl;pulverbeschichtet;28;28;15;0,03;4;30;30;1,0;4;0;0;80;10
PA2026-2527;2026-08-15;Standard;5;Bestandskunde;Haushaltsgeräte;Bearbeitung;14;Stahl;pulverbeschichtet;26;26;7;0,028;4;42;42;1,0;4;0;0;98;14
PA2026-2528;2026-08-14;Änderung;3;Bestandskunde;Medizintechnik;Bearbeitung;10;Stahl;pulverbeschichtet;28;28;15;0,03;4;30;30;1,0;4;0;0;80;10
PA2026-2529;2026-08-14;Standard;8;Bestandskunde;Automobilindustrie;Bearbeitung;4;Stahl;pulverbeschichtet;28;28;15;0,012;4;12;12;1,0;4;0;0;32;4
PA2026-2530;2026-08-13;Standard;7;Bestandskunde;Medizintechnik;Bearbeitung;2;Stahl;pulverbeschichtet;28;28;15;0,006;4;6;6;1,0;4;0;0;16;2
PA2026-2531;2026-08-17;Standard;8;Bestandskunde;Automobilindustrie;Bearbeitung;10;Stahl;pulverbeschichtet;26;26;7;0,02;4;30;30;1,0;4;0;0;70;10
PA2026-2532;2026-08-17;Änderung;14;Bestandskunde;Medizintechnik;Bearbeitung;8;Stahl;pulverbeschichtet;28;28;15;0,024;4;24;24;1,0;4;0;0;64;8
PA2026-2533;2026-08-18;Standard;13;Bestandskunde;Medizintechnik;Bearbeitung;14;Stahl;pulverbeschichtet;28;28;15;0,042;4;42;42;1,0;4;0;0;112;14
PA2026-2534;2026-08-14;Änderung;10;Bestandskunde;Maschinenbau;Bearbeitung;6;Stahl;pulverbeschichtet;26;26;7;0,012;4;18;18;1,0;4;0;0;42;6
PA2026-2535;2026-08-14;Änderung;5;Bestandskunde;Maschinenbau;Bearbeitung;6;Stahl;pulverbeschichtet;28;28;15;0,018;4;18;18;1,0;4;0;0;48;6
PA2026-2536;2026-08-14;Änderung;5;Bestandskunde;Logistiktechnik;Bearbeitung;1;Stahl;pulverbeschichtet;26;26;7;0,002;4;3;3;1,0;4;0;0;7;1
PA2026-2537;2026-08-13;Standard;4;Bestandskunde;Sonstige;Bearbeitung;3;Stahl;pulverbeschichtet;28;28;15;0,009;4;9;9;1,0;4;0;0;24;3
PA2026-2538;2026-08-15;Änderung;15;Bestandskunde;Automobilindustrie;Bearbeitung;15;Stahl;pulverbeschichtet;26;26;7;0,03;4;45;45;1,0;4;0;0;105;15
PA2026-2539;2026-08-17;Änderung;8;Bestandskunde;Logistiktechnik;Bearbeitung;3;Stahl;pulverbeschichtet;28;28;15;0,009;4;9;9;1,0;4;0;0;24;3
PA2026-2540;2026-08-19;Änderung;7;Bestandskunde;Maschinenbau;Bearbeitung;11;Stahl;pulverbeschichtet;28;28;15;0,033;4;33;33;1,0;4;0;0;88;11
PA2026-2541;2026-08-15;Standard;10;Bestandskunde;Haushaltsgeräte;Bearbeitung;19;Stahl;pulverbeschichtet;28;28;15;0,057;4;57;57;1,0;4;0;0;152;19
PA2026-2542;2026-08-14;Standard;5;Bestandskunde;Sonstige;Bearbeitung;15;Stahl;pulverbeschichtet;26;26;7;0,03;4;45;45;1,0;4;0;0;105;15
PA2026-2543;2026-08-17;Änderung;9;Bestandskunde;Maschinenbau;Bearbeitung;18;Stahl;pulverbeschichtet;28;28;15;0,054;4;54;54;1,0;4;0;0;144;18
PA2026-2544;2026-08-13;Standard;14;Bestandskunde;Medizintechnik;Bearbeitung;7;Stahl;pulverbeschichtet;26;26;7;0,014;4;21;21;1,0;4;0;0;49;7
PA2026-2545;2026-08-19;Standard;7;Bestandskunde;Logistiktechnik;Bearbeitung;6;Stahl;pulverbeschichtet;26;26;7;0,012;4;18;18;1,0;4;0;0;42;6
PA2026-2546;2026-08-14;Standard;6;Bestandskunde;Maschinenbau;Bearbeitung;20;Stahl;pulverbeschichtet;26;26;7;0,04;4;60;60;1,0;4;0;0;140;20
PA2026-2547;2026-08-14;Standard;5;Bestandskunde;Automobilindustrie;Bearbeitung;19;Stahl;pulverbeschichtet;26;26;7;0,038;4;57;57;1,0;4;0;0;133;19
PA2026-2548;2026-08-14;Standard;5;Bestandskunde;Automobilindustrie;Bearbeitung;12;Stahl;pulverbeschichtet;26;26;7;0,024;4;36;36;1,0;4;0;0;84;12
PA2026-2549;2026-08-15;Standard;10;Bestandskunde;Sonstige;Bearbeitung;15;Stahl;pulverbeschichtet;26;26;7;0,03;4;45;45;1,0;4;0;0;105;15
PA2026-2550;2026-08-14;Standard;11;Bestandskunde;Maschinenbau;Bearbeitung;19;Stahl;pulverbeschichtet;28;28;15;0,057;4;57;57;1,0;4;0;0;152;19
PA2026-2551;2026-08-19;Standard;9;Bestandskunde;Sonstige;Bearbeitung;16;Stahl;pulverbeschichtet;28;28;15;0,048;4;48;48;1,0;4;0;0;128;16
PA2026-2552;2026-08-16;Standard;15;Bestandskunde;Automobilindustrie;Bearbeitung;15;Stahl;pulverbeschichtet;26;26;7;0,03;4;45;45;1,0;4;0;0;105;15
PA2026-2553;2026-08-13;Änderung;11;Bestandskunde;Logistiktechnik;Bearbeitung;15;Stahl;pulverbeschichtet;26;26;7;0,03;4;45;45;1,0;4;0;0;105;15
PA2026-2554;2026-08-13;Standard;7;Bestandskunde;Sonstige;Bearbeitung;11;Stahl;pulverbeschichtet;28;28;15;0,033;4;33;33;1,0;4;0;0;88;11
PA2026-2555;2026-08-14;Änderung;5;Bestandskunde;Maschinenbau;Bearbeitung;4;Stahl;pulverbeschichtet;26;26;7;0,008;4;12;12;1,0;4;0;0;28;4
PA2026-2556;2026-08-16;Änderung;5;Bestandskunde;Haushaltsgeräte;Bearbeitung;2;Stahl;pulverbeschichtet;26;26;7;0,004;4;6;6;1,0;4;0;0;14;2
PA2026-2557;2026-08-16;Standard;15;Bestandskunde;Maschinenbau;Bearbeitung;19;Stahl;pulverbeschichtet;28;28;15;0,057;4;57;57;1,0;4;0;0;152;19
PA2026-2558;2026-08-18;Standard;8;Bestandskunde;Maschinenbau;Bearbeitung;12;Stahl;pulverbeschichtet;28;28;15;0,036;4;36;36;1,0;4;0;0;96;12
PA2026-2559;2026-08-14;Änderung;11;Bestandskunde;Maschinenbau;Bearbeitung;2;Stahl;pulverbeschichtet;28;28;15;0,006;4;6;6;1,0;4;0;0;16;2
PA2026-2560;2026-08-15;Änderung;10;Bestandskunde;Maschinenbau;Bearbeitung;3;Stahl;pulverbeschichtet;26;26;7;0,006;4;9;9;1,0;4;0;0;21;3
PA2026-2561;2026-08-16;Standard;5;Bestandskunde;Automobilindustrie;Bearbeitung;7;Stahl;pulverbeschichtet;28;28;15;0,021;4;21;21;1,0;4;0;0;56;7
PA2026-2562;2026-08-19;Standard;7;Bestandskunde;Sonstige;Bearbeitung;19;Stahl;pulverbeschichtet;26;26;7;0,038;4;57;57;1,0;4;0;0;133;19
PA2026-2563;2026-08-13;Standard;5;Bestandskunde;Maschinenbau;Bearbeitung;17;Stahl;pulverbeschichtet;28;28;15;0,051;4;51;51;1,0;4;0;0;136;17
PA2026-2564;2026-08-17;Standard;9;Bestandskunde;Logistiktechnik;Bearbeitung;16;Stahl;pulverbeschichtet;26;26;7;0,032;4;48;48;1,0;4;0;0;112;16
PA2026-2565;2026-08-18;Änderung;14;Bestandskunde;Maschinenbau;Bearbeitung;5;Stahl;pulverbeschichtet;26;26;7;0,01;4;15;15;1,0;4;0;0;35;5
PA2026-2566;2026-08-18;Standard;7;Bestandskunde;Automobilindustrie;Bearbeitung;6;Stahl;pulverbeschichtet;28;28;15;0,018;4;18;18;1,0;4;0;0;48;6
PA2026-2567;2026-08-16;Standard;15;Bestandskunde;Maschinenbau;Bearbeitung;4;Stahl;pulverbeschichtet;26;26;7;0,008;4;12;12;1,0;4;0;0;28;4
PA2026-2568;2026-08-13;Standard;11;Bestandskunde;Medizintechnik;Bearbeitung;6;Stahl;pulverbeschichtet;26;26;7;0,012;4;18;18;1,0;4;0;0;42;6
PA2026-2569;2026-08-17;Standard;4;Bestandskunde;Maschinenbau;Bearbeitung;17;Stahl;pulverbeschichtet;26;26;7;0,034;4;51;51;1,0;4;0;0;119;17
PA2026-2570;2026-08-14;Standard;7;Bestandskunde;Logistiktechnik;Bearbeitung;14;Stahl;pulverbeschichtet;28;28;15;0,042;4;42;42;1,0;4;0;0;112;14
PA2026-2571;2026-08-14;Standard;3;Bestandskunde;Medizintechnik;Bearbeitung;10;Stahl;pulverbeschichtet;28;28;15;0,03;4;30;30;1,0;4;0;0;80;10
PA2026-2572;2026-08-19;Änderung;10;Bestandskunde;Haushaltsgeräte;Bearbeitung;1;Stahl;pulverbeschichtet;26;26;7;0,002;4;3;3;1,0;4;0;0;7;1
PA2026-2573;2026-08-17;Standard;7;Bestandskunde;Maschinenbau;Bearbeitung;19;Stahl;pulverbeschichtet;28;28;15;0,057;4;57;57;1,0;4;0;0;152;19
PA2026-2574;2026-08-14;Änderung;10;Bestandskunde;Maschinenbau;Bearbeitung;19;Stahl;pulverbeschichtet;28;28;15;0,057;4;57;57;1,0;4;0;0;152;19
PA2026-2575;2026-08-15;Änderung;12;Bestandskunde;Sonstige;Bearbeitung;1;Stahl;pulverbeschichtet;26;26;7;0,002;4;3;3;1,0;4;0;0;7;1
PA2026-2576;2026-08-14;Standard;14;Bestandskunde;Maschinenbau;Bearbeitung;8;Stahl;pulverbeschichtet;26;26;7;0,016;4;24;24;1,0;4;0;0;56;8
PA2026-2577;2026-08-14;Standard;9;Bestandskunde;Maschinenbau;Bearbeitung;18;Stahl;pulverbeschichtet;28;28;15;0,054;4;54;54;1,0;4;0;0;144;18
PA2026-2578;2026-08-15;Änderung;12;Neukunde;Automobilindustrie;Bearbeitung;7;Stahl;pulverbeschichtet;28;28;15;0,021;4;21;21;1,0;4;0;0;56;7
PA2026-2579;2026-08-13;Änderung;6;Bestandskunde;Maschinenbau;Bearbeitung;2;Stahl;pulverbeschichtet;26;26;7;0,004;4;6;6;1,0;4;0;0;14;2
PA2026-2580;2026-08-15;Standard;7;Bestandskunde;Maschinenbau;Bearbeitung;9;Stahl;pulverbeschichtet;28;28;15;0,027;4;27;27;1,0;4;0;0;72;9
PA2026-2581;2026-08-24;Änderung;4;Bestandskunde;Automobilindustrie;Bearbeitung;3;Stahl;pulverbeschichtet;26;26;7;0,006;4;9;9;1,0;4;0;0;21;3
PA2026-2582;2026-08-26;Änderung;3;Bestandskunde;Haushaltsgeräte;Bearbeitung;10;Stahl;pulverbeschichtet;28;28;15;0,03;4;30;30;1,0;4;0;0;80;10
PA2026-2583;2026-08-22;Änderung;10;Bestandskunde;Automobilindustrie;Bearbeitung;1;Stahl;pulverbeschichtet;26;26;7;0,002;4;3;3;1,0;4;0;0;7;1
PA2026-2584;2026-08-20;Änderung;8;Bestandskunde;Logistiktechnik;Bearbeitung;12;Stahl;pulverbeschichtet;26;26;7;0,024;4;36;36;1,0;4;0;0;84;12
PA2026-2585;2026-08-24;Standard;14;Bestandskunde;Logistiktechnik;Bearbeitung;10;Stahl;pulverbeschichtet;28;28;15;0,03;4;30;30;1,0;4;0;0;80;10
PA2026-2586;2026-08-23;Standard;12;Bestandskunde;Maschinenbau;Bearbeitung;6;Stahl;pulverbeschichtet;26;26;7;0,012;4;18;18;1,0;4;0;0;42;6
PA2026-2587;2026-08-23;Standard;6;Neukunde;Logistiktechnik;Bearbeitung;15;Stahl;pulverbeschichtet;26;26;7;0,03;4;45;45;1,0;4;0;0;105;15
PA2026-2588;2026-08-20;Standard;4;Bestandskunde;Automobilindustrie;Bearbeitung;17;Stahl;pulverbeschichtet;28;28;15;0,051;4;51;51;1,0;4;0;0;136;17
PA2026-2589;2026-08-21;Änderung;3;Bestandskunde;Sonstige;Bearbeitung;14;Stahl;pulverbeschichtet;26;26;7;0,028;4;42;42;1,0;4;0;0;98;14
PA2026-2590;2026-08-23;Änderung;13;Neukunde;Maschinenbau;Bearbeitung;16;Stahl;pulverbeschichtet;26;26;7;0,032;4;48;48;1,0;4;0;0;112;16
PA2026-2591;2026-08-24;Standard;4;Bestandskunde;Haushaltsgeräte;Bearbeitung;12;Stahl;pulverbeschichtet;26;26;7;0,024;4;36;36;1,0;4;0;0;84;12
PA2026-2592;2026-08-21;Standard;3;Bestandskunde;Maschinenbau;Bearbeitung;11;Stahl;pulverbeschichtet;28;28;15;0,033;4;33;33;1,0;4;0;0;88;11
PA2026-2593;2026-08-20;Standard;7;Bestandskunde;Automobilindustrie;Bearbeitung;4;Stahl;pulverbeschichtet;26;26;7;0,008;4;12;12;1,0;4;0;0;28;4
PA2026-2594;2026-08-23;Standard;10;Neukunde;Automobilindustrie;Bearbeitung;10;Stahl;pulverbeschichtet;26;26;7;0,02;4;30;30;1,0;4;0;0;70;10
PA2026-2595;2026-08-22;Standard;15;Bestandskunde;Haushaltsgeräte;Bearbeitung;6;Stahl;pulverbeschichtet;28;28;15;0,018;4;18;18;1,0;4;0;0;48;6
PA2026-2596;2026-08-20;Standard;3;Bestandskunde;Haushaltsgeräte;Bearbeitung;18;Stahl;pulverbeschichtet;26;26;7;0,036;4;54;54;1,0;4;0;0;126;18
PA2026-2597;2026-08-23;Standard;14;Bestandskunde;Logistiktechnik;Bearbeitung;7;Stahl;pulverbeschichtet;28;28;15;0,021;4;21;21;1,0;4;0;0;56;7
PA2026-2598;2026-08-22;Änderung;8;Bestandskunde;Maschinenbau;Bearbeitung;7;Stahl;pulverbeschichtet;26;26;7;0,014;4;21;21;1,0;4;0;0;49;7
PA2026-2599;2026-08-26;Standard;13;Bestandskunde;Maschinenbau;Bearbeitung;13;Stahl;pulverbeschichtet;28;28;15;0,039;4;39;39;1,0;4;0;0;104;13
PA2026-2600;2026-08-20;Änderung;11;Bestandskunde;Medizintechnik;Bearbeitung;5;Stahl;pulverbeschichtet;28;28;15;0,015;4;15;15;1,0;4;0;0;40;5
PA2026-2601;2026-08-20;Standard;4;Bestandskunde;Maschinenbau;Bearbeitung;14;Stahl;pulverbeschichtet;28;28;15;0,042;4;42;42;1,0;4;0;0;112;14
PA2026-2602;2026-08-22;Änderung;4;Bestandskunde;Sonstige;Bearbeitung;2;Stahl;pulverbeschichtet;26;26;7;0,004;4;6;6;1,0;4;0;0;14;2
PA2026-2603;2026-08-23;Änderung;15;Bestandskunde;Haushaltsgeräte;Bearbeitung;1;Stahl;pulverbeschichtet;28;28;15;0,003;4;3;3;1,0;4;0;0;8;1
PA2026-2604;2026-08-21;Änderung;5;Bestandskunde;Logistiktechnik;Bearbeitung;9;Stahl;pulverbeschichtet;28;28;15;0,027;4;27;27;1,0;4;0;0;72;9
PA2026-2605;2026-08-21;Änderung;5;Bestandskunde;Maschinenbau;Bearbeitung;9;Stahl;pulverbeschichtet;26;26;7;0,018;4;27;27;1,0;4;0;0;63;9
PA2026-2606;2026-08-25;Änderung;14;Bestandskunde;Automobilindustrie;Bearbeitung;20;Stahl;pulverbeschichtet;26;26;7;0,04;4;60;60;1,0;4;0;0;140;20
PA2026-2607;2026-08-21;Standard;5;Bestandskunde;Automobilindustrie;Bearbeitung;4;Stahl;pulverbeschichtet;28;28;15;0,012;4;12;12;1,0;4;0;0;32;4
PA2026-2608;2026-08-24;Änderung;10;Bestandskunde;Logistiktechnik;Bearbeitung;4;Stahl;pulverbeschichtet;28;28;15;0,012;4;12;12;1,0;4;0;0;32;4
PA2026-2609;2026-08-23;Standard;10;Bestandskunde;Haushaltsgeräte;Bearbeitung;19;Stahl;pulverbeschichtet;26;26;7;0,038;4;57;57;1,0;4;0;0;133;19
PA2026-2610;2026-08-21;Standard;6;Bestandskunde;Medizintechnik;Bearbeitung;7;Stahl;pulverbeschichtet;28;28;15;0,021;4;21;21;1,0;4;0;0;56;7
PA2026-2611;2026-08-24;Standard;6;Bestandskunde;Maschinenbau;Bearbeitung;1;Stahl;pulverbeschichtet;28;28;15;0,003;4;3;3;1,0;4;0;0;8;1
PA2026-2612;2026-08-21;Standard;12;Neukunde;Maschinenbau;Bearbeitung;5;Stahl;pulverbeschichtet;26;26;7;0,01;4;15;15;1,0;4;0;0;35;5
PA2026-2613;2026-08-23;Standard;5;Bestandskunde;Maschinenbau;Bearbeitung;18;Stahl;pulverbeschichtet;26;26;7;0,036;4;54;54;1,0;4;0;0;126;18
PA2026-2614;2026-08-20;Standard;12;Bestandskunde;Automobilindustrie;Bearbeitung;1;Stahl;pulverbeschichtet;26;26;7;0,002;4;3;3;1,0;4;0;0;7;1
PA2026-2615;2026-08-26;Standard;5;Bestandskunde;Logistiktechnik;Bearbeitung;20;Stahl;pulverbeschichtet;28;28;15;0,06;4;60;60;1,0;4;0;0;160;20
PA2026-2616;2026-08-20;Standard;5;Bestandskunde;Logistiktechnik;Bearbeitung;18;Stahl;pulverbeschichtet;28;28;15;0,054;4;54;54;1,0;4;0;0;144;18
PA2026-2617;2026-08-24;Standard;4;Bestandskunde;Sonstige;Bearbeitung;18;Stahl;pulverbeschichtet;28;28;15;0,054;4;54;54;1,0;4;0;0;144;18
PA2026-2618;2026-08-22;Standard;6;Bestandskunde;Medizintechnik;Bearbeitung;12;Stahl;pulverbeschichtet;28;28;15;0,036;4;36;36;1,0;4;0;0;96;12
PA2026-2619;2026-08-24;Standard;12;Bestandskunde;Logistiktechnik;Bearbeitung;6;Stahl;pulverbeschichtet;26;26;7;0,012;4;18;18;1,0;4;0;0;42;6
PA2026-2620;2026-08-22;Standard;5;Bestandskunde;Automobilindustrie;Bearbeitung;3;Stahl;pulverbeschichtet;26;26;7;0,006;4;9;9;1,0;4;0;0;21;3
PA2026-2621;2026-08-23;Änderung;5;Bestandskunde;Sonstige;Bearbeitung;3;Stahl;pulverbeschichtet;26;26;7;0,006;4;9;9;1,0;4;0;0;21;3
PA2026-2622;2026-08-25;Standard;9;Bestandskunde;Logistiktechnik;Bearbeitung;14;Stahl;pulverbeschichtet;26;26;7;0,028;4;42;42;1,0;4;0;0;98;14
PA2026-2623;2026-08-25;Standard;13;Bestandskunde;Logistiktechnik;Bearbeitung;16;Stahl;pulverbeschichtet;26;26;7;0,032;4;48;48;1,0;4;0;0;112;16
PA2026-2624;2026-08-20;Standard;11;Bestandskunde;Maschinenbau;Bearbeitung;3;Stahl;pulverbeschichtet;26;26;7;0,006;4;9;9;1,0;4;0;0;21;3
PA2026-2625;2026-08-22;Standard;13;Bestandskunde;Logistiktechnik;Bearbeitung;8;Stahl;pulverbeschichtet;28;28;15;0,024;4;24;24;1,0;4;0;0;64;8
PA2026-2626;2026-08-22;Standard;9;Bestandskunde;Automobilindustrie;Bearbeitung;4;Stahl;pulverbeschichtet;26;26;7;0,008;4;12;12;1,0;4;0;0;28;4
PA2026-2627;2026-08-26;Änderung;12;Bestandskunde;Haushaltsgeräte;Bearbeitung;20;Stahl;pulverbeschichtet;28;28;15;0,06;4;60;60;1,0;4;0;0;160;20
PA2026-2628;2026-08-25;Standard;10;Bestandskunde;Sonstige;Bearbeitung;18;Stahl;pulverbeschichtet;28;28;15;0,054;4;54;54;1,0;4;0;0;144;18
PA2026-2629;2026-08-24;Standard;14;Bestandskunde;Medizintechnik;Bearbeitung;10;Stahl;pulverbeschichtet;26;26;7;0,02;4;30;30;1,0;4;0;0;70;10
PA2026-2630;2026-08-23;Änderung;5;Bestandskunde;Maschinenbau;Bearbeitung;13;Stahl;pulverbeschichtet;26;26;7;0,026;4;39;39;1,0;4;0;0;91;13
PA2026-2631;2026-08-22;Standard;9;Bestandskunde;Sonstige;Bearbeitung;18;Stahl;pulverbeschichtet;26;26;7;0,036;4;54;54;1,0;4;0;0;126;18
PA2026-2632;2026-08-24;Standard;9;Bestandskunde;Maschinenbau;Bearbeitung;17;Stahl;pulverbeschichtet;26;26;7;0,034;4;51;51;1,0;4;0;0;119;17
PA2026-2633;2026-08-23;Standard;7;Bestandskunde;Haushaltsgeräte;Bearbeitung;5;Stahl;pulverbeschichtet;26;26;7;0,01;4;15;15;1,0;4;0;0;35;5
PA2026-2634;2026-08-24;Standard;5;Bestandskunde;Haushaltsgeräte;Bearbeitung;3;Stahl;pulverbeschichtet;28;28;15;0,009;4;9;9;1,0;4;0;0;24;3
PA2026-2635;2026-08-20;Standard;7;Bestandskunde;Haushaltsgeräte;Bearbeitung;8;Stahl;pulverbeschichtet;26;26;7;0,016;4;24;24;1,0;4;0;0;56;8
PA2026-2636;2026-08-26;Standard;7;Bestandskunde;Automobilindustrie;Bearbeitung;14;Stahl;pulverbeschichtet;28;28;15;0,042;4;42;42;1,0;4;0;0;112;14
PA2026-2637;2026-08-21;Standard;14;Bestandskunde;Medizintechnik;Bearbeitung;11;Stahl;pulverbeschichtet;26;26;7;0,022;4;33;33;1,0;4;0;0;77;11
PA2026-2638;2026-08-20;Standard;9;Bestandskunde;Maschinenbau;Bearbeitung;13;Stahl;pulverbeschichtet;26;26;7;0,026;4;39;39;1,0;4;0;0;91;13
PA2026-2639;2026-08-20;Standard;6;Bestandskunde;Sonstige;Bearbeitung;10;Stahl;pulverbeschichtet;28;28;15;0,03;4;30;30;1,0;4;0;0;80;10
PA2026-2640;2026-08-22;Änderung;5;Bestandskunde;Automobilindustrie;Bearbeitung;2;Stahl;pulverbeschichtet;28;28;15;0,006;4;6;6;1,0;4;0;0;16;2
PA2026-2641;2026-08-22;Standard;4;Bestandskunde;Maschinenbau;Bearbeitung;3;Stahl;pulverbeschichtet;26;26;7;0,006;4;9;9;1,0;4;0;0;21;3
PA2026-2642;2026-08-23;Standard;5;Bestandskunde;Automobilindustrie;Bearbeitung;9;Stahl;pulverbeschichtet;28;28;15;0,027;4;27;27;1,0;4;0;0;72;9
PA2026-2643;2026-08-26;Standard;12;Bestandskunde;Haushaltsgeräte;Bearbeitung;4;Stahl;pulverbeschichtet;26;26;7;0,008;4;12;12;1,0;4;0;0;28;4
PA2026-2644;2026-08-23;Standard;10;Bestandskunde;Haushaltsgeräte;Bearbeitung;4;Stahl;pulverbeschichtet;28;28;15;0,012;4;12;12;1,0;4;0;0;32;4
PA2026-2645;2026-08-24;Änderung;8;Bestandskunde;Automobilindustrie;Bearbeitung;9;Stahl;pulverbeschichtet;26;26;7;0,018;4;27;27;1,0;4;0;0;63;9
PA2026-2646;2026-08-25;Änderung;8;Bestandskunde;Maschinenbau;Bearbeitung;20;Stahl;pulverbeschichtet;28;28;15;0,06;4;60;60;1,0;4;0;0;160;20
PA2026-2647;2026-08-24;Standard;13;Bestandskunde;Logistiktechnik;Bearbeitung;3;Stahl;pulverbeschichtet;28;28;15;0,009;4;9;9;1,0;4;0;0;24;3
PA2026-2648;2026-08-24;Änderung;9;Bestandskunde;Automobilindustrie;Bearbeitung;2;Stahl;pulverbeschichtet;28;28;15;0,006;4;6;6;1,0;4;0;0;16;2
PA2026-2649;2026-08-24;Standard;7;Bestandskunde;Sonstige;Bearbeitung;2;Stahl;pulverbeschichtet;26;26;7;0,004;4;6;6;1,0;4;0;0;14;2
PA2026-2650;2026-08-21;Standard;11;Bestandskunde;Maschinenbau;Bearbeitung;4;Stahl;pulverbeschichtet;28;28;15;0,012;4;12;12;1,0;4;0;0;32;4
PA2026-2651;2026-08-20;Standard;12;Bestandskunde;Maschinenbau;Bearbeitung;20;Stahl;pulverbeschichtet;26;26;7;0,04;4;60;60;1,0;4;0;0;140;20
PA2026-2652;2026-08-23;Standard;11;Bestandskunde;Sonstige;Bearbeitung;5;Stahl;pulverbeschichtet;28;28;15;0,015;4;15;15;1,0;4;0;0;40;5
PA2026-2653;2026-08-22;Standard;11;Bestandskunde;Automobilindustrie;Bearbeitung;1;Stahl;pulverbeschichtet;26;26;7;0,002;4;3;3;1,0;4;0;0;7;1
PA2026-2654;2026-08-24;Standard;10;Bestandskunde;Sonstige;Bearbeitung;19;Stahl;pulverbeschichtet;26;26;7;0,038;4;57;57;1,0;4;0;0;133;19
PA2026-2655;2026-08-20;Änderung;10;Bestandskunde;Logistiktechnik;Bearbeitung;9;Stahl;pulverbeschichtet;28;28;15;0,027;4;27;27;1,0;4;0;0;72;9
PA2026-2656;2026-08-23;Änderung;14;Neukunde;Automobilindustrie;Bearbeitung;9;Stahl;pulverbeschichtet;28;28;15;0,027;4;27;27;1,0;4;0;0;72;9
PA2026-2657;2026-08-26;Standard;10;Bestandskunde;Maschinenbau;Bearbeitung;16;Stahl;pulverbeschichtet;26;26;7;0,032;4;48;48;1,0;4;0;0;112;16
PA2026-2658;2026-08-24;Standard;4;Bestandskunde;Sonstige;Bearbeitung;10;Stahl;pulverbeschichtet;28;28;15;0,03;4;30;30;1,0;4;0;0;80;10
PA2026-2659;2026-08-21;Standard;15;Bestandskunde;Sonstige;Bearbeitung;5;Stahl;pulverbeschichtet;28;28;15;0,015;4;15;15;1,0;4;0;0;40;5
PA2026-2660;2026-08-22;Änderung;12;Bestandskunde;Logistiktechnik;Bearbeitung;6;Stahl;pulverbeschichtet;26;26;7;0,012;4;18;18;1,0;4;0;0;42;6
PA2026-2661;2026-08-25;Änderung;10;Bestandskunde;Logistiktechnik;Bearbeitung;11;Stahl;pulverbeschichtet;28;28;15;0,033;4;33;33;1,0;4;0;0;88;11
PA2026-2662;2026-08-20;Standard;3;Bestandskunde;Maschinenbau;Bearbeitung;6;Stahl;pulverbeschichtet;28;28;15;0,018;4;18;18;1,0;4;0;0;48;6
PA2026-2663;2026-08-21;Änderung;5;Bestandskunde;Maschinenbau;Bearbeitung;15;Stahl;pulverbeschichtet;26;26;7;0,03;4;45;45;1,0;4;0;0;105;15
PA2026-2664;2026-08-25;Standard;14;Bestandskunde;Automobilindustrie;Bearbeitung;11;Stahl;pulverbeschichtet;28;28;15;0,033;4;33;33;1,0;4;0;0;88;11
PA2026-2665;2026-08-20;Standard;6;Bestandskunde;Haushaltsgeräte;Bearbeitung;4;Stahl;pulverbeschichtet;26;26;7;0,008;4;12;12;1,0;4;0;0;28;4
PA2026-2666;2026-08-26;Standard;15;Bestandskunde;Medizintechnik;Bearbeitung;17;Stahl;pulverbeschichtet;26;26;7;0,034;4;51;51;1,0;4;0;0;119;17
PA2026-2667;2026-08-20;Standard;3;Bestandskunde;Automobilindustrie;Bearbeitung;13;Stahl;pulverbeschichtet;28;28;15;0,039;4;39;39;1,0;4;0;0;104;13
PA2026-2668;2026-08-23;Standard;7;Bestandskunde;Sonstige;Bearbeitung;19;Stahl;pulverbeschichtet;28;28;15;0,057;4;57;57;1,0;4;0;0;152;19
PA2026-2669;2026-08-26;Standard;3;Bestandskunde;Logistiktechnik;Bearbeitung;5;Stahl;pulverbeschichtet;28;28;15;0,015;4;15;15;1,0;4;0;0;40;5
PA2026-2670;2026-08-26;Änderung;7;Bestandskunde;Maschinenbau;Bearbeitung;5;Stahl;pulverbeschichtet;28;28;15;0,015;4;15;15;1,0;4;0;0;40;5
PA2026-2671;2026-08-27;Standard;7;Bestandskunde;Maschinenbau;Bearbeitung;16;Stahl;pulverbeschichtet;26;26;7;0,032;4;48;48;1,0;4;0;0;112;16
PA2026-2672;2026-08-30;Standard;12;Bestandskunde;Logistiktechnik;Bearbeitung;18;Stahl;pulverbeschichtet;28;28;15;0,054;4;54;54;1,0;4;0;0;144;18
PA2026-2673;2026-08-31;Standard;12;Bestandskunde;Logistiktechnik;Bearbeitung;12;Stahl;pulverbeschichtet;26;26;7;0,024;4;36;36;1,0;4;0;0;84;12
PA2026-2674;2026-08-28;Standard;10;Bestandskunde;Maschinenbau;Bearbeitung;8;Stahl;pulverbeschichtet;28;28;15;0,024;4;24;24;1,0;4;0;0;64;8
PA2026-2675;2026-08-29;Standard;10;Bestandskunde;Sonstige;Bearbeitung;14;Stahl;pulverbeschichtet;28;28;15;0,042;4;42;42;1,0;4;0;0;112;14
PA2026-2676;2026-09-01;Standard;12;Bestandskunde;Maschinenbau;Bearbeitung;5;Stahl;pulverbeschichtet;28;28;15;0,015;4;15;15;1,0;4;0;0;40;5
PA2026-2677;2026-08-27;Standard;6;Bestandskunde;Medizintechnik;Bearbeitung;15;Stahl;pulverbeschichtet;26;26;7;0,03;4;45;45;1,0;4;0;0;105;15
PA2026-2678;2026-08-31;Änderung;14;Bestandskunde;Automobilindustrie;Bearbeitung;3;Stahl;pulverbeschichtet;28;28;15;0,009;4;9;9;1,0;4;0;0;24;3
PA2026-2679;2026-09-02;Standard;12;Bestandskunde;Automobilindustrie;Bearbeitung;10;Stahl;pulverbeschichtet;28;28;15;0,03;4;30;30;1,0;4;0;0;80;10
PA2026-2680;2026-08-28;Standard;3;Bestandskunde;Logistiktechnik;Bearbeitung;18;Stahl;pulverbeschichtet;26;26;7;0,036;4;54;54;1,0;4;0;0;126;18
PA2026-2681;2026-08-28;Standard;5;Bestandskunde;Maschinenbau;Bearbeitung;1;Stahl;pulverbeschichtet;28;28;15;0,003;4;3;3;1,0;4;0;0;8;1
PA2026-2682;2026-08-31;Standard;13;Bestandskunde;Medizintechnik;Bearbeitung;9;Stahl;pulverbeschichtet;26;26;7;0,018;4;27;27;1,0;4;0;0;63;9
PA2026-2683;2026-09-01;Standard;8;Bestandskunde;Haushaltsgeräte;Bearbeitung;8;Stahl;pulverbeschichtet;28;28;15;0,024;4;24;24;1,0;4;0;0;64;8
PA2026-2684;2026-08-31;Standard;15;Bestandskunde;Sonstige;Bearbeitung;8;Stahl;pulverbeschichtet;28;28;15;0,024;4;24;24;1,0;4;0;0;64;8
PA2026-2685;2026-08-29;Änderung;4;Bestandskunde;Automobilindustrie;Bearbeitung;4;Stahl;pulverbeschichtet;28;28;15;0,012;4;12;12;1,0;4;0;0;32;4
PA2026-2686;2026-08-30;Standard;15;Bestandskunde;Logistiktechnik;Bearbeitung;3;Stahl;pulverbeschichtet;26;26;7;0,006;4;9;9;1,0;4;0;0;21;3
PA2026-2687;2026-08-28;Änderung;9;Neukunde;Maschinenbau;Bearbeitung;12;Stahl;pulverbeschichtet;28;28;15;0,036;4;36;36;1,0;4;0;0;96;12
PA2026-2688;2026-08-30;Änderung;5;Bestandskunde;Sonstige;Bearbeitung;18;Stahl;pulverbeschichtet;28;28;15;0,054;4;54;54;1,0;4;0;0;144;18
PA2026-2689;2026-08-27;Standard;14;Bestandskunde;Sonstige;Bearbeitung;18;Stahl;pulverbeschichtet;28;28;15;0,054;4;54;54;1,0;4;0;0;144;18
PA2026-2690;2026-09-01;Standard;11;Bestandskunde;Maschinenbau;Bearbeitung;5;Stahl;pulverbeschichtet;26;26;7;0,01;4;15;15;1,0;4;0;0;35;5
PA2026-2691;2026-08-31;Standard;9;Neukunde;Haushaltsgeräte;Bearbeitung;20;Stahl;pulverbeschichtet;28;28;15;0,06;4;60;60;1,0;4;0;0;160;20
PA2026-2692;2026-08-31;Standard;15;Bestandskunde;Sonstige;Bearbeitung;20;Stahl;pulverbeschichtet;28;28;15;0,06;4;60;60;1,0;4;0;0;160;20
PA2026-2693;2026-08-29;Standard;15;Bestandskunde;Medizintechnik;Bearbeitung;16;Stahl;pulverbeschichtet;26;26;7;0,032;4;48;48;1,0;4;0;0;112;16
PA2026-2694;2026-09-02;Standard;13;Bestandskunde;Maschinenbau;Bearbeitung;8;Stahl;pulverbeschichtet;26;26;7;0,016;4;24;24;1,0;4;0;0;56;8
PA2026-2695;2026-09-02;Standard;12;Bestandskunde;Sonstige;Bearbeitung;5;Stahl;pulverbeschichtet;26;26;7;0,01;4;15;15;1,0;4;0;0;35;5
PA2026-2696;2026-08-31;Standard;14;Bestandskunde;Logistiktechnik;Bearbeitung;19;Stahl;pulverbeschichtet;26;26;7;0,038;4;57;57;1,0;4;0;0;133;19
PA2026-2697;2026-08-27;Änderung;14;Bestandskunde;Automobilindustrie;Bearbeitung;6;Stahl;pulverbeschichtet;26;26;7;0,012;4;18;18;1,0;4;0;0;42;6
PA2026-2698;2026-08-31;Standard;15;Bestandskunde;Haushaltsgeräte;Bearbeitung;18;Stahl;pulverbeschichtet;26;26;7;0,036;4;54;54;1,0;4;0;0;126;18
PA2026-2699;2026-08-28;Standard;5;Bestandskunde;Sonstige;Bearbeitung;6;Stahl;pulverbeschichtet;26;26;7;0,012;4;18;18;1,0;4;0;0;42;6
PA2026-2700;2026-08-27;Standard;3;Bestandskunde;Automobilindustrie;Bearbeitung;15;Stahl;pulverbeschichtet;26;26;7;0,03;4;45;45;1,0;4;0;0;105;15
PA2026-2701;2026-08-27;Standard;4;Bestandskunde;Medizintechnik;Bearbeitung;20;Stahl;pulverbeschichtet;28;28;15;0,06;4;60;60;1,0;4;0;0;160;20
PA2026-2702;2026-08-30;Änderung;6;Bestandskunde;Medizintechnik;Bearbeitung;10;Stahl;pulverbeschichtet;28;28;15;0,03;4;30;30;1,0;4;0;0;80;10
PA2026-2703;2026-08-30;Standard;5;Bestandskunde;Automobilindustrie;Bearbeitung;8;Stahl;pulverbeschichtet;26;26;7;0,016;4;24;24;1,0;4;0;0;56;8
PA2026-2704;2026-09-01;Änderung;8;Bestandskunde;Medizintechnik;Bearbeitung;17;Stahl;pulverbeschichtet;28;28;15;0,051;4;51;51;1,0;4;0;0;136;17
PA2026-2705;2026-08-29;Standard;13;Neukunde;Automobilindustrie;Bearbeitung;18;Stahl;pulverbeschichtet;26;26;7;0,036;4;54;54;1,0;4;0;0;126;18
PA2026-2706;2026-08-29;Standard;10;Bestandskunde;Automobilindustrie;Bearbeitung;11;Stahl;pulverbeschichtet;26;26;7;0,022;4;33;33;1,0;4;0;0;77;11
PA2026-2707;2026-08-27;Standard;7;Bestandskunde;Logistiktechnik;Bearbeitung;15;Stahl;pulverbeschichtet;26;26;7;0,03;4;45;45;1,0;4;0;0;105;15
PA2026-2708;2026-08-27;Änderung;11;Bestandskunde;Automobilindustrie;Bearbeitung;11;Stahl;pulverbeschichtet;28;28;15;0,033;4;33;33;1,0;4;0;0;88;11
PA2026-2709;2026-09-02;Standard;5;Bestandskunde;Haushaltsgeräte;Bearbeitung;2;Stahl;pulverbeschichtet;28;28;15;0,006;4;6;6;1,0;4;0;0;16;2
PA2026-2710;2026-09-01;Änderung;13;Bestandskunde;Logistiktechnik;Bearbeitung;1;Stahl;pulverbeschichtet;28;28;15;0,003;4;3;3;1,0;4;0;0;8;1
PA2026-2711;2026-08-29;Standard;5;Neukunde;Sonstige;Bearbeitung;8;Stahl;pulverbeschichtet;28;28;15;0,024;4;24;24;1,0;4;0;0;64;8
PA2026-2712;2026-09-02;Standard;13;Bestandskunde;Maschinenbau;Bearbeitung;20;Stahl;pulverbeschichtet;28;28;15;0,06;4;60;60;1,0;4;0;0;160;20
PA2026-2713;2026-08-30;Standard;5;Bestandskunde;Sonstige;Bearbeitung;18;Stahl;pulverbeschichtet;28;28;15;0,054;4;54;54;1,0;4;0;0;144;18
PA2026-2714;2026-08-30;Standard;9;Bestandskunde;Automobilindustrie;Bearbeitung;18;Stahl;pulverbeschichtet;26;26;7;0,036;4;54;54;1,0;4;0;0;126;18
PA2026-2715;2026-08-30;Standard;15;Bestandskunde;Automobilindustrie;Bearbeitung;18;Stahl;pulverbeschichtet;28;28;15;0,054;4;54;54;1,0;4;0;0;144;18
PA2026-2716;2026-08-31;Standard;15;Bestandskunde;Logistiktechnik;Bearbeitung;16;Stahl;pulverbeschichtet;28;28;15;0,048;4;48;48;1,0;4;0;0;128;16
PA2026-2717;2026-08-27;Standard;11;Neukunde;Logistiktechnik;Bearbeitung;14;Stahl;pulverbeschichtet;28;28;15;0,042;4;42;42;1,0;4;0;0;112;14
PA2026-2718;2026-08-30;Standard;5;Neukunde;Sonstige;Bearbeitung;1;Stahl;pulverbeschichtet;26;26;7;0,002;4;3;3;1,0;4;0;0;7;1
PA2026-2719;2026-08-27;Standard;5;Bestandskunde;Automobilindustrie;Bearbeitung;12;Stahl;pulverbeschichtet;26;26;7;0,024;4;36;36;1,0;4;0;0;84;12
PA2026-2720;2026-08-31;Standard;8;Bestandskunde;Maschinenbau;Bearbeitung;3;Stahl;pulverbeschichtet;28;28;15;0,009;4;9;9;1,0;4;0;0;24;3
PA2026-2721;2026-08-28;Änderung;5;Bestandskunde;Automobilindustrie;Bearbeitung;17;Stahl;pulverbeschichtet;26;26;7;0,034;4;51;51;1,0;4;0;0;119;17
PA2026-2722;2026-08-30;Standard;15;Bestandskunde;Sonstige;Bearbeitung;5;Stahl;pulverbeschichtet;28;28;15;0,015;4;15;15;1,0;4;0;0;40;5
PA2026-2723;2026-08-30;Standard;8;Bestandskunde;Logistiktechnik;Bearbeitung;18;Stahl;pulverbeschichtet;28;28;15;0,054;4;54;54;1,0;4;0;0;144;18
PA2026-2724;2026-08-27;Änderung;11;Bestandskunde;Automobilindustrie;Bearbeitung;6;Stahl;pulverbeschichtet;26;26;7;0,012;4;18;18;1,0;4;0;0;42;6
PA2026-2725;2026-08-31;Standard;14;Bestandskunde;Logistiktechnik;Bearbeitung;15;Stahl;pulverbeschichtet;26;26;7;0,03;4;45;45;1,0;4;0;0;105;15
PA2026-2726;2026-09-01;Standard;12;Bestandskunde;Haushaltsgeräte;Bearbeitung;18;Stahl;pulverbeschichtet;26;26;7;0,036;4;54;54;1,0;4;0;0;126;18
PA2026-2727;2026-08-29;Änderung;11;Bestandskunde;Haushaltsgeräte;Bearbeitung;11;Stahl;pulverbeschichtet;28;28;15;0,033;4;33;33;1,0;4;0;0;88;11
PA2026-2728;2026-08-28;Standard;3;Bestandskunde;Haushaltsgeräte;Bearbeitung;12;Stahl;pulverbeschichtet;28;28;15;0,036;4;36;36;1,0;4;0;0;96;12
PA2026-2729;2026-09-01;Standard;3;Bestandskunde;Sonstige;Bearbeitung;13;Stahl;pulverbeschichtet;28;28;15;0,039;4;39;39;1,0;4;0;0;104;13
PA2026-2730;2026-08-30;Änderung;10;Bestandskunde;Maschinenbau;Bearbeitung;7;Stahl;pulverbeschichtet;26;26;7;0,014;4;21;21;1,0;4;0;0;49;7
PA2026-2731;2026-09-02;Standard;14;Bestandskunde;Maschinenbau;Bearbeitung;18;Stahl;pulverbeschichtet;26;26;7;0,036;4;54;54;1,0;4;0;0;126;18
PA2026-2732;2026-09-02;Standard;9;Bestandskunde;Logistiktechnik;Bearbeitung;17;Stahl;pulverbeschichtet;28;28;15;0,051;4;51;51;1,0;4;0;0;136;17
PA2026-2733;2026-09-01;Standard;9;Bestandskunde;Maschinenbau;Bearbeitung;5;Stahl;pulverbeschichtet;26;26;7;0,01;4;15;15;1,0;4;0;0;35;5
PA2026-2734;2026-08-30;Standard;12;Bestandskunde;Logistiktechnik;Bearbeitung;12;Stahl;pulverbeschichtet;28;28;15;0,036;4;36;36;1,0;4;0;0;96;12
PA2026-2735;2026-08-27;Standard;11;Bestandskunde;Maschinenbau;Bearbeitung;15;Stahl;pulverbeschichtet;26;26;7;0,03;4;45;45;1,0;4;0;0;105;15
PA2026-2736;2026-08-29;Standard;7;Bestandskunde;Maschinenbau;Bearbeitung;2;Stahl;pulverbeschichtet;26;26;7;0,004;4;6;6;1,0;4;0;0;14;2
PA2026-2737;2026-09-02;Standard;13;Bestandskunde;Haushaltsgeräte;Bearbeitung;7;Stahl;pulverbeschichtet;28;28;15;0,021;4;21;21;1,0;4;0;0;56;7
PA2026-2738;2026-08-30;Standard;5;Bestandskunde;Logistiktechnik;Bearbeitung;1;Stahl;pulverbeschichtet;26;26;7;0,002;4;3;3;1,0;4;0;0;7;1
PA2026-2739;2026-08-29;Standard;5;Bestandskunde;Automobilindustrie;Bearbeitung;10;Stahl;pulverbeschichtet;26;26;7;0,02;4;30;30;1,0;4;0;0;70;10
PA2026-2740;2026-08-29;Änderung;9;Bestandskunde;Logistiktechnik;Bearbeitung;19;Stahl;pulverbeschichtet;28;28;15;0,057;4;57;57;1,0;4;0;0;152;19
PA2026-2741;2026-08-31;Standard;9;Bestandskunde;Maschinenbau;Bearbeitung;5;Stahl;pulverbeschichtet;28;28;15;0,015;4;15;15;1,0;4;0;0;40;5
PA2026-2742;2026-08-30;Änderung;6;Neukunde;Maschinenbau;Bearbeitung;20;Stahl;pulverbeschichtet;28;28;15;0,06;4;60;60;1,0;4;0;0;160;20
PA2026-2743;2026-08-28;Änderung;10;Bestandskunde;Haushaltsgeräte;Bearbeitung;3;Stahl;pulverbeschichtet;26;26;7;0,006;4;9;9;1,0;4;0;0;21;3
PA2026-2744;2026-08-29;Standard;5;Bestandskunde;Haushaltsgeräte;Bearbeitung;20;Stahl;pulverbeschichtet;26;26;7;0,04;4;60;60;1,0;4;0;0;140;20
PA2026-2745;2026-09-01;Standard;8;Bestandskunde;Sonstige;Bearbeitung;7;Stahl;pulverbeschichtet;28;28;15;0,021;4;21;21;1,0;4;0;0;56;7
PA2026-2746;2026-08-29;Standard;15;Bestandskunde;Logistiktechnik;Bearbeitung;11;Stahl;pulverbeschichtet;28;28;15;0,033;4;33;33;1,0;4;0;0;88;11
PA2026-2747;2026-08-31;Standard;4;Bestandskunde;Haushaltsgeräte;Bearbeitung;18;Stahl;pulverbeschichtet;26;26;7;0,036;4;54;54;1,0;4;0;0;126;18
PA2026-2748;2026-09-01;Standard;13;Bestandskunde;Automobilindustrie;Bearbeitung;8;Stahl;pulverbeschichtet;28;28;15;0,024;4;24;24;1,0;4;0;0;64;8
PA2026-2749;2026-08-31;Standard;15;Bestandskunde;Logistiktechnik;Bearbeitung;6;Stahl;pulverbeschichtet;28;28;15;0,018;4;18;18;1,0;4;0;0;48;6
PA2026-2750;2026-08-30;Änderung;10;Bestandskunde;Medizintechnik;Bearbeitung;2;Stahl;pulverbeschichtet;28;28;15;0,006;4;6;6;1,0;4;0;0;16;2
PA2026-2751;2026-08-27;Standard;13;Bestandskunde;Medizintechnik;Bearbeitung;2;Stahl;pulverbeschichtet;28;28;15;0,006;4;6;6;1,0;4;0;0;16;2
PA2026-2752;2026-08-30;Standard;11;Bestandskunde;Medizintechnik;Bearbeitung;13;Stahl;pulverbeschichtet;28;28;15;0,039;4;39;39;1,0;4;0;0;104;13
PA2026-2753;2026-08-31;Standard;8;Bestandskunde;Automobilindustrie;Bearbeitung;2;Stahl;pulverbeschichtet;26;26;7;0,004;4;6;6;1,0;4;0;0;14;2
PA2026-2754;2026-08-27;Standard;4;Bestandskunde;Maschinenbau;Bearbeitung;1;Stahl;pulverbeschichtet;28;28;15;0,003;4;3;3;1,0;4;0;0;8;1
PA2026-2755;2026-08-27;Standard;5;Bestandskunde;Automobilindustrie;Bearbeitung;17;Stahl;pulverbeschichtet;26;26;7;0,034;4;51;51;1,0;4;0;0;119;17
PA2026-2756;2026-08-31;Änderung;4;Bestandskunde;Logistiktechnik;Bearbeitung;15;Stahl;pulverbeschichtet;28;28;15;0,045;4;45;45;1,0;4;0;0;120;15
PA2026-2757;2026-09-01;Änderung;8;Bestandskunde;Haushaltsgeräte;Bearbeitung;20;Stahl;pulverbeschichtet;28;28;15;0,06;4;60;60;1,0;4;0;0;160;20
PA2026-2758;2026-08-29;Standard;10;Bestandskunde;Haushaltsgeräte;Bearbeitung;6;Stahl;pulverbeschichtet;28;28;15;0,018;4;18;18;1,0;4;0;0;48;6
PA2026-2759;2026-09-01;Standard;7;Neukunde;Logistiktechnik;Bearbeitung;19;Stahl;pulverbeschichtet;26;26;7;0,038;4;57;57;1,0;4;0;0;133;19
PA2026-2760;2026-08-27;Standard;6;Bestandskunde;Logistiktechnik;Bearbeitung;2;Stahl;pulverbeschichtet;28;28;15;0,006;4;6;6;1,0;4;0;0;16;2
PA2026-2761;2026-09-03;Änderung;11;Bestandskunde;Sonstige;Bearbeitung;6;Stahl;pulverbeschichtet;26;26;7;0,012;4;18;18;1,0;4;0;0;42;6
PA2026-2762;2026-09-08;Änderung;9;Bestandskunde;Medizintechnik;Bearbeitung;11;Stahl;pulverbeschichtet;28;28;15;0,033;4;33;33;1,0;4;0;0;88;11
PA2026-2763;2026-09-05;Standard;5;Bestandskunde;Automobilindustrie;Bearbeitung;15;Stahl;pulverbeschichtet;26;26;7;0,03;4;45;45;1,0;4;0;0;105;15
PA2026-2764;2026-09-06;Standard;5;Bestandskunde;Logistiktechnik;Bearbeitung;19;Stahl;pulverbeschichtet;26;26;7;0,038;4;57;57;1,0;4;0;0;133;19
PA2026-2765;2026-09-03;Standard;8;Bestandskunde;Maschinenbau;Bearbeitung;2;Stahl;pulverbeschichtet;28;28;15;0,006;4;6;6;1,0;4;0;0;16;2
PA2026-2766;2026-09-05;Standard;8;Bestandskunde;Automobilindustrie;Bearbeitung;1;Stahl;pulverbeschichtet;26;26;7;0,002;4;3;3;1,0;4;0;0;7;1
PA2026-2767;2026-09-03;Standard;9;Bestandskunde;Sonstige;Bearbeitung;7;Stahl;pulverbeschichtet;26;26;7;0,014;4;21;21;1,0;4;0;0;49;7
PA2026-2768;2026-09-07;Änderung;10;Bestandskunde;Maschinenbau;Bearbeitung;20;Stahl;pulverbeschichtet;28;28;15;0,06;4;60;60;1,0;4;0;0;160;20
PA2026-2769;2026-09-08;Standard;11;Bestandskunde;Sonstige;Bearbeitung;6;Stahl;pulverbeschichtet;26;26;7;0,012;4;18;18;1,0;4;0;0;42;6
PA2026-2770;2026-09-09;Standard;8;Bestandskunde;Automobilindustrie;Bearbeitung;11;Stahl;pulverbeschichtet;28;28;15;0,033;4;33;33;1,0;4;0;0;88;11
PA2026-2771;2026-09-05;Standard;12;Bestandskunde;Logistiktechnik;Bearbeitung;16;Stahl;pulverbeschichtet;26;26;7;0,032;4;48;48;1,0;4;0;0;112;16
PA2026-2772;2026-09-06;Standard;14;Bestandskunde;Maschinenbau;Bearbeitung;18;Stahl;pulverbeschichtet;26;26;7;0,036;4;54;54;1,0;4;0;0;126;18
PA2026-2773;2026-09-07;Standard;13;Bestandskunde;Automobilindustrie;Bearbeitung;2;Stahl;pulverbeschichtet;26;26;7;0,004;4;6;6;1,0;4;0;0;14;2
PA2026-2774;2026-09-07;Änderung;9;Bestandskunde;Maschinenbau;Bearbeitung;7;Stahl;pulverbeschichtet;26;26;7;0,014;4;21;21;1,0;4;0;0;49;7
PA2026-2775;2026-09-05;Standard;11;Bestandskunde;Medizintechnik;Bearbeitung;13;Stahl;pulverbeschichtet;26;26;7;0,026;4;39;39;1,0;4;0;0;91;13
PA2026-2776;2026-09-06;Standard;8;Bestandskunde;Sonstige;Bearbeitung;6;Stahl;pulverbeschichtet;28;28;15;0,018;4;18;18;1,0;4;0;0;48;6
PA2026-2777;2026-09-03;Standard;14;Bestandskunde;Logistiktechnik;Bearbeitung;9;Stahl;pulverbeschichtet;28;28;15;0,027;4;27;27;1,0;4;0;0;72;9
PA2026-2778;2026-09-04;Standard;10;Bestandskunde;Automobilindustrie;Bearbeitung;6;Stahl;pulverbeschichtet;26;26;7;0,012;4;18;18;1,0;4;0;0;42;6
PA2026-2779;2026-09-08;Änderung;7;Bestandskunde;Sonstige;Bearbeitung;11;Stahl;pulverbeschichtet;26;26;7;0,022;4;33;33;1,0;4;0;0;77;11
PA2026-2780;2026-09-03;Standard;4;Bestandskunde;Automobilindustrie;Bearbeitung;14;Stahl;pulverbeschichtet;26;26;7;0,028;4;42;42;1,0;4;0;0;98;14
PA2026-2781;2026-09-04;Änderung;3;Bestandskunde;Automobilindustrie;Bearbeitung;18;Stahl;pulverbeschichtet;26;26;7;0,036;4;54;54;1,0;4;0;0;126;18
PA2026-2782;2026-09-05;Standard;9;Bestandskunde;Maschinenbau;Bearbeitung;4;Stahl;pulverbeschichtet;28;28;15;0,012;4;12;12;1,0;4;0;0;32;4
PA2026-2783;2026-09-06;Standard;15;Bestandskunde;Maschinenbau;Bearbeitung;1;Stahl;pulverbeschichtet;26;26;7;0,002;4;3;3;1,0;4;0;0;7;1
PA2026-2784;2026-09-05;Standard;14;Bestandskunde;Automobilindustrie;Bearbeitung;19;Stahl;pulverbeschichtet;28;28;15;0,057;4;57;57;1,0;4;0;0;152;19
PA2026-2785;2026-09-09;Standard;7;Bestandskunde;Sonstige;Bearbeitung;19;Stahl;pulverbeschichtet;28;28;15;0,057;4;57;57;1,0;4;0;0;152;19
PA2026-2786;2026-09-04;Änderung;11;Bestandskunde;Maschinenbau;Bearbeitung;8;Stahl;pulverbeschichtet;28;28;15;0,024;4;24;24;1,0;4;0;0;64;8
PA2026-2787;2026-09-09;Standard;7;Bestandskunde;Automobilindustrie;Bearbeitung;5;Stahl;pulverbeschichtet;28;28;15;0,015;4;15;15;1,0;4;0;0;40;5
PA2026-2788;2026-09-05;Änderung;15;Bestandskunde;Automobilindustrie;Bearbeitung;15;Stahl;pulverbeschichtet;28;28;15;0,045;4;45;45;1,0;4;0;0;120;15
PA2026-2789;2026-09-03;Standard;13;Bestandskunde;Logistiktechnik;Bearbeitung;6;Stahl;pulverbeschichtet;26;26;7;0,012;4;18;18;1,0;4;0;0;42;6
PA2026-2790;2026-09-04;Standard;7;Bestandskunde;Medizintechnik;Bearbeitung;4;Stahl;pulverbeschichtet;26;26;7;0,008;4;12;12;1,0;4;0;0;28;4
PA2026-2791;2026-09-05;Standard;15;Bestandskunde;Haushaltsgeräte;Bearbeitung;16;Stahl;pulverbeschichtet;26;26;7;0,032;4;48;48;1,0;4;0;0;112;16
PA2026-2792;2026-09-07;Standard;6;Neukunde;Maschinenbau;Bearbeitung;17;Stahl;pulverbeschichtet;26;26;7;0,034;4;51;51;1,0;4;0;0;119;17
PA2026-2793;2026-09-07;Standard;12;Bestandskunde;Logistiktechnik;Bearbeitung;19;Stahl;pulverbeschichtet;28;28;15;0,057;4;57;57;1,0;4;0;0;152;19
PA2026-2794;2026-09-08;Standard;13;Bestandskunde;Automobilindustrie;Bearbeitung;4;Stahl;pulverbeschichtet;28;28;15;0,012;4;12;12;1,0;4;0;0;32;4
PA2026-2795;2026-09-07;Änderung;4;Neukunde;Sonstige;Bearbeitung;11;Stahl;pulverbeschichtet;28;28;15;0,033;4;33;33;1,0;4;0;0;88;11
PA2026-2796;2026-09-07;Standard;9;Bestandskunde;Medizintechnik;Bearbeitung;20;Stahl;pulverbeschichtet;26;26;7;0,04;4;60;60;1,0;4;0;0;140;20
PA2026-2797;2026-09-04;Änderung;15;Bestandskunde;Automobilindustrie;Bearbeitung;10;Stahl;pulverbeschichtet;26;26;7;0,02;4;30;30;1,0;4;0;0;70;10
PA2026-2798;2026-09-07;Standard;7;Neukunde;Medizintechnik;Bearbeitung;6;Stahl;pulverbeschichtet;26;26;7;0,012;4;18;18;1,0;4;0;0;42;6
PA2026-2799;2026-09-04;Standard;7;Bestandskunde;Automobilindustrie;Bearbeitung;8;Stahl;pulverbeschichtet;26;26;7;0,016;4;24;24;1,0;4;0;0;56;8
PA2026-2800;2026-09-03;Standard;9;Bestandskunde;Sonstige;Bearbeitung;9;Stahl;pulverbeschichtet;26;26;7;0,018;4;27;27;1,0;4;0;0;63;9
PA2026-2801;2026-09-08;Standard;15;Bestandskunde;Automobilindustrie;Bearbeitung;12;Stahl;pulverbeschichtet;26;26;7;0,024;4;36;36;1,0;4;0;0;84;12
PA2026-2802;2026-09-08;Änderung;7;Neukunde;Haushaltsgeräte;Bearbeitung;5;Stahl;pulverbeschichtet;26;26;7;0,01;4;15;15;1,0;4;0;0;35;5
PA2026-2803;2026-09-03;Standard;9;Bestandskunde;Haushaltsgeräte;Bearbeitung;8;Stahl;pulverbeschichtet;26;26;7;0,016;4;24;24;1,0;4;0;0;56;8
PA2026-2804;2026-09-08;Änderung;13;Bestandskunde;Maschinenbau;Bearbeitung;5;Stahl;pulverbeschichtet;26;26;7;0,01;4;15;15;1,0;4;0;0;35;5
PA2026-2805;2026-09-05;Standard;8;Neukunde;Maschinenbau;Bearbeitung;5;Stahl;pulverbeschichtet;26;26;7;0,01;4;15;15;1,0;4;0;0;35;5
PA2026-2806;2026-09-05;Standard;5;Bestandskunde;Sonstige;Bearbeitung;1;Stahl;pulverbeschichtet;26;26;7;0,002;4;3;3;1,0;4;0;0;7;1
PA2026-2807;2026-09-08;Standard;8;Bestandskunde;Medizintechnik;Bearbeitung;15;Stahl;pulverbeschichtet;26;26;7;0,03;4;45;45;1,0;4;0;0;105;15
PA2026-2808;2026-09-07;Standard;6;Bestandskunde;Maschinenbau;Bearbeitung;3;Stahl;pulverbeschichtet;28;28;15;0,009;4;9;9;1,0;4;0;0;24;3
PA2026-2809;2026-09-07;Standard;5;Neukunde;Sonstige;Bearbeitung;3;Stahl;pulverbeschichtet;26;26;7;0,006;4;9;9;1,0;4;0;0;21;3
PA2026-2810;2026-09-06;Standard;5;Bestandskunde;Maschinenbau;Bearbeitung;17;Stahl;pulverbeschichtet;28;28;15;0,051;4;51;51;1,0;4;0;0;136;17
PA2026-2811;2026-09-09;Änderung;3;Bestandskunde;Logistiktechnik;Bearbeitung;18;Stahl;pulverbeschichtet;26;26;7;0,036;4;54;54;1,0;4;0;0;126;18
PA2026-2812;2026-09-07;Standard;13;Bestandskunde;Logistiktechnik;Bearbeitung;3;Stahl;pulverbeschichtet;28;28;15;0,009;4;9;9;1,0;4;0;0;24;3
PA2026-2813;2026-09-06;Standard;15;Bestandskunde;Haushaltsgeräte;Bearbeitung;13;Stahl;pulverbeschichtet;26;26;7;0,026;4;39;39;1,0;4;0;0;91;13
PA2026-2814;2026-09-09;Änderung;12;Bestandskunde;Maschinenbau;Bearbeitung;2;Stahl;pulverbeschichtet;28;28;15;0,006;4;6;6;1,0;4;0;0;16;2
PA2026-2815;2026-09-08;Änderung;13;Bestandskunde;Sonstige;Bearbeitung;17;Stahl;pulverbeschichtet;28;28;15;0,051;4;51;51;1,0;4;0;0;136;17
PA2026-2816;2026-09-05;Standard;5;Bestandskunde;Logistiktechnik;Bearbeitung;9;Stahl;pulverbeschichtet;28;28;15;0,027;4;27;27;1,0;4;0;0;72;9
PA2026-2817;2026-09-03;Standard;13;Bestandskunde;Medizintechnik;Bearbeitung;7;Stahl;pulverbeschichtet;28;28;15;0,021;4;21;21;1,0;4;0;0;56;7
PA2026-2818;2026-09-09;Änderung;7;Bestandskunde;Logistiktechnik;Bearbeitung;12;Stahl;pulverbeschichtet;28;28;15;0,036;4;36;36;1,0;4;0;0;96;12
PA2026-2819;2026-09-08;Standard;13;Bestandskunde;Sonstige;Bearbeitung;6;Stahl;pulverbeschichtet;26;26;7;0,012;4;18;18;1,0;4;0;0;42;6
PA2026-2820;2026-09-06;Standard;6;Neukunde;Logistiktechnik;Bearbeitung;9;Stahl;pulverbeschichtet;28;28;15;0,027;4;27;27;1,0;4;0;0;72;9
PA2026-2821;2026-09-08;Standard;7;Bestandskunde;Automobilindustrie;Bearbeitung;18;Stahl;pulverbeschichtet;26;26;7;0,036;4;54;54;1,0;4;0;0;126;18
PA2026-2822;2026-09-08;Standard;7;Bestandskunde;Automobilindustrie;Bearbeitung;17;Stahl;pulverbeschichtet;28;28;15;0,051;4;51;51;1,0;4;0;0;136;17
PA2026-2823;2026-09-07;Standard;6;Bestandskunde;Maschinenbau;Bearbeitung;5;Stahl;pulverbeschichtet;26;26;7;0,01;4;15;15;1,0;4;0;0;35;5
PA2026-2824;2026-09-09;Änderung;5;Bestandskunde;Logistiktechnik;Bearbeitung;13;Stahl;pulverbeschichtet;26;26;7;0,026;4;39;39;1,0;4;0;0;91;13
PA2026-2825;2026-09-04;Standard;10;Bestandskunde;Sonstige;Bearbeitung;10;Stahl;pulverbeschichtet;28;28;15;0,03;4;30;30;1,0;4;0;0;80;10
PA2026-2826;2026-09-05;Änderung;5;Bestandskunde;Maschinenbau;Bearbeitung;8;Stahl;pulverbeschichtet;28;28;15;0,024;4;24;24;1,0;4;0;0;64;8
PA2026-2827;2026-09-09;Änderung;4;Bestandskunde;Automobilindustrie;Bearbeitung;3;Stahl;pulverbeschichtet;28;28;15;0,009;4;9;9;1,0;4;0;0;24;3
PA2026-2828;2026-09-07;Standard;14;Bestandskunde;Automobilindustrie;Bearbeitung;9;Stahl;pulverbeschichtet;28;28;15;0,027;4;27;27;1,0;4;0;0;72;9
PA2026-2829;2026-09-09;Änderung;12;Bestandskunde;Sonstige;Bearbeitung;9;Stahl;pulverbeschichtet;28;28;15;0,027;4;27;27;1,0;4;0;0;72;9
PA2026-2830;2026-09-09;Standard;13;Bestandskunde;Maschinenbau;Bearbeitung;9;Stahl;pulverbeschichtet;28;28;15;0,027;4;27;27;1,0;4;0;0;72;9
PA2026-2831;2026-09-05;Änderung;9;Bestandskunde;Logistiktechnik;Bearbeitung;9;Stahl;pulverbeschichtet;28;28;15;0,027;4;27;27;1,0;4;0;0;72;9
PA2026-2832;2026-09-08;Standard;15;Bestandskunde;Sonstige;Bearbeitung;14;Stahl;pulverbeschichtet;28;28;15;0,042;4;42;42;1,0;4;0;0;112;14
PA2026-2833;2026-09-04;Änderung;5;Bestandskunde;Sonstige;Bearbeitung;1;Stahl;pulverbeschichtet;26;26;7;0,002;4;3;3;1,0;4;0;0;7;1
PA2026-2834;2026-09-09;Standard;10;Bestandskunde;Sonstige;Bearbeitung;6;Stahl;pulverbeschichtet;26;26;7;0,012;4;18;18;1,0;4;0;0;42;6
PA2026-2835;2026-09-04;Standard;10;Bestandskunde;Logistiktechnik;Bearbeitung;13;Stahl;pulverbeschichtet;28;28;15;0,039;4;39;39;1,0;4;0;0;104;13
PA2026-2836;2026-09-09;Standard;13;Bestandskunde;Medizintechnik;Bearbeitung;8;Stahl;pulverbeschichtet;28;28;15;0,024;4;24;24;1,0;4;0;0;64;8
PA2026-2837;2026-09-09;Änderung;9;Bestandskunde;Maschinenbau;Bearbeitung;19;Stahl;pulverbeschichtet;26;26;7;0,038;4;57;57;1,0;4;0;0;133;19
PA2026-2838;2026-09-04;Standard;11;Bestandskunde;Automobilindustrie;Bearbeitung;2;Stahl;pulverbeschichtet;26;26;7;0,004;4;6;6;1,0;4;0;0;14;2
PA2026-2839;2026-09-07;Standard;9;Bestandskunde;Logistiktechnik;Bearbeitung;14;Stahl;pulverbeschichtet;28;28;15;0,042;4;42;42;1,0;4;0;0;112;14
PA2026-2840;2026-09-09;Standard;11;Bestandskunde;Automobilindustrie;Bearbeitung;2;Stahl;pulverbeschichtet;26;26;7;0,004;4;6;6;1,0;4;0;0;14;2
PA2026-2841;2026-09-06;Änderung;10;Bestandskunde;Automobilindustrie;Bearbeitung;4;Stahl;pulverbeschichtet;28;28;15;0,012;4;12;12;1,0;4;0;0;32;4
PA2026-2842;2026-09-07;Standard;6;Bestandskunde;Logistiktechnik;Bearbeitung;12;Stahl;pulverbeschichtet;26;26;7;0,024;4;36;36;1,0;4;0;0;84;12
PA2026-2843;2026-09-03;Standard;5;Bestandskunde;Automobilindustrie;Bearbeitung;3;Stahl;pulverbeschichtet;26;26;7;0,006;4;9;9;1,0;4;0;0;21;3
PA2026-2844;2026-09-04;Standard;7;Bestandskunde;Maschinenbau;Bearbeitung;9;Stahl;pulverbeschichtet;28;28;15;0,027;4;27;27;1,0;4;0;0;72;9
PA2026-2845;2026-09-07;Standard;14;Bestandskunde;Haushaltsgeräte;Bearbeitung;16;Stahl;pulverbeschichtet;26;26;7;0,032;4;48;48;1,0;4;0;0;112;16
PA2026-2846;2026-09-06;Standard;9;Bestandskunde;Sonstige;Bearbeitung;1;Stahl;pulverbeschichtet;26;26;7;0,002;4;3;3;1,0;4;0;0;7;1
PA2026-2847;2026-09-08;Standard;7;Bestandskunde;Medizintechnik;Bearbeitung;15;Stahl;pulverbeschichtet;28;28;15;0,045;4;45;45;1,0;4;0;0;120;15
PA2026-2848;2026-09-06;Änderung;11;Bestandskunde;Maschinenbau;Bearbeitung;1;Stahl;pulverbeschichtet;26;26;7;0,002;4;3;3;1,0;4;0;0;7;1
PA2026-2849;2026-09-03;Standard;4;Bestandskunde;Logistiktechnik;Bearbeitung;12;Stahl;pulverbeschichtet;26;26;7;0,024;4;36;36;1,0;4;0;0;84;12
PA2026-2850;2026-09-07;Standard;5;Neukunde;Logistiktechnik;Bearbeitung;11;Stahl;pulverbeschichtet;26;26;7;0,022;4;33;33;1,0;4;0;0;77;11
PA2026-2851;2026-09-10;Standard;6;Bestandskunde;Automobilindustrie;Bearbeitung;5;Stahl;pulverbeschichtet;26;26;7;0,01;4;15;15;1,0;4;0;0;35;5
PA2026-2852;2026-09-11;Änderung;10;Neukunde;Sonstige;Bearbeitung;7;Stahl;pulverbeschichtet;26;26;7;0,014;4;21;21;1,0;4;0;0;49;7
PA2026-2853;2026-09-10;Standard;10;Bestandskunde;Sonstige;Bearbeitung;4;Stahl;pulverbeschichtet;26;26;7;0,008;4;12;12;1,0;4;0;0;28;4
PA2026-2854;2026-09-14;Standard;5;Bestandskunde;Maschinenbau;Bearbeitung;2;Stahl;pulverbeschichtet;26;26;7;0,004;4;6;6;1,0;4;0;0;14;2
PA2026-2855;2026-09-11;Standard;11;Bestandskunde;Maschinenbau;Bearbeitung;5;Stahl;pulverbeschichtet;26;26;7;0,01;4;15;15;1,0;4;0;0;35;5
PA2026-2856;2026-09-15;Standard;3;Bestandskunde;Sonstige;Bearbeitung;16;Stahl;pulverbeschichtet;28;28;15;0,048;4;48;48;1,0;4;0;0;128;16
PA2026-2857;2026-09-11;Änderung;10;Bestandskunde;Sonstige;Bearbeitung;7;Stahl;pulverbeschichtet;26;26;7;0,014;4;21;21;1,0;4;0;0;49;7
PA2026-2858;2026-09-11;Änderung;5;Neukunde;Automobilindustrie;Bearbeitung;15;Stahl;pulverbeschichtet;26;26;7;0,03;4;45;45;1,0;4;0;0;105;15
PA2026-2859;2026-09-14;Standard;8;Bestandskunde;Logistiktechnik;Bearbeitung;16;Stahl;pulverbeschichtet;26;26;7;0,032;4;48;48;1,0;4;0;0;112;16
PA2026-2860;2026-09-11;Standard;5;Bestandskunde;Medizintechnik;Bearbeitung;17;Stahl;pulverbeschichtet;26;26;7;0,034;4;51;51;1,0;4;0;0;119;17
PA2026-2861;2026-09-13;Standard;13;Bestandskunde;Automobilindustrie;Bearbeitung;15;Stahl;pulverbeschichtet;28;28;15;0,045;4;45;45;1,0;4;0;0;120;15
PA2026-2862;2026-09-13;Änderung;15;Bestandskunde;Automobilindustrie;Bearbeitung;17;Stahl;pulverbeschichtet;26;26;7;0,034;4;51;51;1,0;4;0;0;119;17
PA2026-2863;2026-09-13;Änderung;5;Bestandskunde;Sonstige;Bearbeitung;5;Stahl;pulverbeschichtet;26;26;7;0,01;4;15;15;1,0;4;0;0;35;5
PA2026-2864;2026-09-12;Standard;9;Bestandskunde;Sonstige;Bearbeitung;18;Stahl;pulverbeschichtet;28;28;15;0,054;4;54;54;1,0;4;0;0;144;18
PA2026-2865;2026-09-16;Änderung;14;Bestandskunde;Maschinenbau;Bearbeitung;14;Stahl;pulverbeschichtet;26;26;7;0,028;4;42;42;1,0;4;0;0;98;14
PA2026-2866;2026-09-16;Standard;9;Bestandskunde;Haushaltsgeräte;Bearbeitung;11;Stahl;pulverbeschichtet;28;28;15;0,033;4;33;33;1,0;4;0;0;88;11
PA2026-2867;2026-09-11;Änderung;5;Bestandskunde;Maschinenbau;Bearbeitung;7;Stahl;pulverbeschichtet;28;28;15;0,021;4;21;21;1,0;4;0;0;56;7
PA2026-2868;2026-09-11;Änderung;15;Bestandskunde;Haushaltsgeräte;Bearbeitung;20;Stahl;pulverbeschichtet;26;26;7;0,04;4;60;60;1,0;4;0;0;140;20
PA2026-2869;2026-09-11;Standard;10;Bestandskunde;Haushaltsgeräte;Bearbeitung;19;Stahl;pulverbeschichtet;28;28;15;0,057;4;57;57;1,0;4;0;0;152;19
PA2026-2870;2026-09-11;Standard;10;Bestandskunde;Haushaltsgeräte;Bearbeitung;20;Stahl;pulverbeschichtet;26;26;7;0,04;4;60;60;1,0;4;0;0;140;20
PA2026-2871;2026-09-12;Standard;5;Bestandskunde;Medizintechnik;Bearbeitung;16;Stahl;pulverbeschichtet;28;28;15;0,048;4;48;48;1,0;4;0;0;128;16
PA2026-2872;2026-09-16;Standard;6;Bestandskunde;Medizintechnik;Bearbeitung;16;Stahl;pulverbeschichtet;26;26;7;0,032;4;48;48;1,0;4;0;0;112;16
PA2026-2873;2026-09-16;Änderung;8;Bestandskunde;Automobilindustrie;Bearbeitung;8;Stahl;pulverbeschichtet;28;28;15;0,024;4;24;24;1,0;4;0;0;64;8
PA2026-2874;2026-09-15;Standard;11;Bestandskunde;Automobilindustrie;Bearbeitung;3;Stahl;pulverbeschichtet;28;28;15;0,009;4;9;9;1,0;4;0;0;24;3
PA2026-2875;2026-09-11;Standard;11;Bestandskunde;Maschinenbau;Bearbeitung;10;Stahl;pulverbeschichtet;26;26;7;0,02;4;30;30;1,0;4;0;0;70;10
PA2026-2876;2026-09-14;Standard;14;Bestandskunde;Maschinenbau;Bearbeitung;11;Stahl;pulverbeschichtet;28;28;15;0,033;4;33;33;1,0;4;0;0;88;11
PA2026-2877;2026-09-10;Standard;11;Bestandskunde;Logistiktechnik;Bearbeitung;6;Stahl;pulverbeschichtet;28;28;15;0,018;4;18;18;1,0;4;0;0;48;6
PA2026-2878;2026-09-10;Standard;12;Bestandskunde;Automobilindustrie;Bearbeitung;3;Stahl;pulverbeschichtet;26;26;7;0,006;4;9;9;1,0;4;0;0;21;3
PA2026-2879;2026-09-13;Standard;10;Bestandskunde;Maschinenbau;Bearbeitung;3;Stahl;pulverbeschichtet;28;28;15;0,009;4;9;9;1,0;4;0;0;24;3
PA2026-2880;2026-09-11;Standard;10;Bestandskunde;Logistiktechnik;Bearbeitung;6;Stahl;pulverbeschichtet;28;28;15;0,018;4;18;18;1,0;4;0;0;48;6
PA2026-2881;2026-09-16;Standard;3;Bestandskunde;Maschinenbau;Bearbeitung;6;Stahl;pulverbeschichtet;26;26;7;0,012;4;18;18;1,0;4;0;0;42;6
PA2026-2882;2026-09-15;Änderung;3;Bestandskunde;Medizintechnik;Bearbeitung;16;Stahl;pulverbeschichtet;28;28;15;0,048;4;48;48;1,0;4;0;0;128;16
PA2026-2883;2026-09-15;Standard;5;Bestandskunde;Automobilindustrie;Bearbeitung;7;Stahl;pulverbeschichtet;26;26;7;0,014;4;21;21;1,0;4;0;0;49;7
PA2026-2884;2026-09-14;Standard;13;Bestandskunde;Automobilindustrie;Bearbeitung;15;Stahl;pulverbeschichtet;26;26;7;0,03;4;45;45;1,0;4;0;0;105;15
PA2026-2885;2026-09-14;Änderung;15;Bestandskunde;Sonstige;Bearbeitung;14;Stahl;pulverbeschichtet;28;28;15;0,042;4;42;42;1,0;4;0;0;112;14
PA2026-2886;2026-09-11;Standard;5;Bestandskunde;Sonstige;Bearbeitung;6;Stahl;pulverbeschichtet;28;28;15;0,018;4;18;18;1,0;4;0;0;48;6
PA2026-2887;2026-09-15;Standard;13;Bestandskunde;Sonstige;Bearbeitung;11;Stahl;pulverbeschichtet;26;26;7;0,022;4;33;33;1,0;4;0;0;77;11
PA2026-2888;2026-09-14;Änderung;14;Bestandskunde;Automobilindustrie;Bearbeitung;7;Stahl;pulverbeschichtet;28;28;15;0,021;4;21;21;1,0;4;0;0;56;7
PA2026-2889;2026-09-10;Standard;5;Bestandskunde;Automobilindustrie;Bearbeitung;10;Stahl;pulverbeschichtet;28;28;15;0,03;4;30;30;1,0;4;0;0;80;10
PA2026-2890;2026-09-14;Änderung;11;Bestandskunde;Maschinenbau;Bearbeitung;2;Stahl;pulverbeschichtet;26;26;7;0,004;4;6;6;1,0;4;0;0;14;2
PA2026-2891;2026-09-14;Standard;5;Bestandskunde;Maschinenbau;Bearbeitung;12;Stahl;pulverbeschichtet;26;26;7;0,024;4;36;36;1,0;4;0;0;84;12
PA2026-2892;2026-09-12;Standard;10;Bestandskunde;Maschinenbau;Bearbeitung;10;Stahl;pulverbeschichtet;28;28;15;0,03;4;30;30;1,0;4;0;0;80;10
PA2026-2893;2026-09-15;Änderung;4;Bestandskunde;Logistiktechnik;Bearbeitung;18;Stahl;pulverbeschichtet;28;28;15;0,054;4;54;54;1,0;4;0;0;144;18
PA2026-2894;2026-09-12;Standard;10;Bestandskunde;Haushaltsgeräte;Bearbeitung;16;Stahl;pulverbeschichtet;28;28;15;0,048;4;48;48;1,0;4;0;0;128;16
PA2026-2895;2026-09-14;Standard;14;Bestandskunde;Logistiktechnik;Bearbeitung;3;Stahl;pulverbeschichtet;28;28;15;0,009;4;9;9;1,0;4;0;0;24;3
PA2026-2896;2026-09-13;Standard;12;Neukunde;Automobilindustrie;Bearbeitung;9;Stahl;pulverbeschichtet;28;28;15;0,027;4;27;27;1,0;4;0;0;72;9
PA2026-2897;2026-09-10;Standard;12;Bestandskunde;Automobilindustrie;Bearbeitung;8;Stahl;pulverbeschichtet;28;28;15;0,024;4;24;24;1,0;4;0;0;64;8
PA2026-2898;2026-09-10;Standard;11;Bestandskunde;Automobilindustrie;Bearbeitung;20;Stahl;pulverbeschichtet;28;28;15;0,06;4;60;60;1,0;4;0;0;160;20
PA2026-2899;2026-09-13;Standard;5;Bestandskunde;Sonstige;Bearbeitung;12;Stahl;pulverbeschichtet;26;26;7;0,024;4;36;36;1,0;4;0;0;84;12
PA2026-2900;2026-09-11;Änderung;10;Bestandskunde;Sonstige;Bearbeitung;19;Stahl;pulverbeschichtet;26;26;7;0,038;4;57;57;1,0;4;0;0;133;19
PA2026-2901;2026-09-10;Änderung;6;Bestandskunde;Haushaltsgeräte;Bearbeitung;17;Stahl;pulverbeschichtet;28;28;15;0,051;4;51;51;1,0;4;0;0;136;17
PA2026-2902;2026-09-13;Standard;9;Bestandskunde;Haushaltsgeräte;Bearbeitung;3;Stahl;pulverbeschichtet;26;26;7;0,006;4;9;9;1,0;4;0;0;21;3
PA2026-2903;2026-09-12;Änderung;15;Bestandskunde;Maschinenbau;Bearbeitung;19;Stahl;pulverbeschichtet;28;28;15;0,057;4;57;57;1,0;4;0;0;152;19
PA2026-2904;2026-09-13;Standard;12;Bestandskunde;Sonstige;Bearbeitung;14;Stahl;pulverbeschichtet;28;28;15;0,042;4;42;42;1,0;4;0;0;112;14
PA2026-2905;2026-09-12;Änderung;10;Bestandskunde;Haushaltsgeräte;Bearbeitung;10;Stahl;pulverbeschichtet;26;26;7;0,02;4;30;30;1,0;4;0;0;70;10
PA2026-2906;2026-09-15;Änderung;9;Bestandskunde;Maschinenbau;Bearbeitung;10;Stahl;pulverbeschichtet;26;26;7;0,02;4;30;30;1,0;4;0;0;70;10
PA2026-2907;2026-09-14;Änderung;9;Bestandskunde;Maschinenbau;Bearbeitung;9;Stahl;pulverbeschichtet;26;26;7;0,018;4;27;27;1,0;4;0;0;63;9
PA2026-2908;2026-09-13;Änderung;10;Bestandskunde;Maschinenbau;Bearbeitung;14;Stahl;pulverbeschichtet;28;28;15;0,042;4;42;42;1,0;4;0;0;112;14
PA2026-2909;2026-09-14;Standard;8;Bestandskunde;Sonstige;Bearbeitung;11;Stahl;pulverbeschichtet;28;28;15;0,033;4;33;33;1,0;4;0;0;88;11
PA2026-2910;2026-09-14;Änderung;14;Bestandskunde;Automobilindustrie;Bearbeitung;19;Stahl;pulverbeschichtet;28;28;15;0,057;4;57;57;1,0;4;0;0;152;19
PA2026-2911;2026-09-11;Standard;6;Bestandskunde;Sonstige;Bearbeitung;19;Stahl;pulverbeschichtet;28;28;15;0,057;4;57;57;1,0;4;0;0;152;19
PA2026-2912;2026-09-10;Standard;6;Bestandskunde;Medizintechnik;Bearbeitung;2;Stahl;pulverbeschichtet;28;28;15;0,006;4;6;6;1,0;4;0;0;16;2
PA2026-2913;2026-09-12;Änderung;15;Bestandskunde;Sonstige;Bearbeitung;14;Stahl;pulverbeschichtet;28;28;15;0,042;4;42;42;1,0;4;0;0;112;14
PA2026-2914;2026-09-13;Standard;7;Bestandskunde;Sonstige;Bearbeitung;8;Stahl;pulverbeschichtet;28;28;15;0,024;4;24;24;1,0;4;0;0;64;8
PA2026-2915;2026-09-12;Standard;10;Neukunde;Automobilindustrie;Bearbeitung;13;Stahl;pulverbeschichtet;26;26;7;0,026;4;39;39;1,0;4;0;0;91;13
PA2026-2916;2026-09-15;Standard;8;Bestandskunde;Automobilindustrie;Bearbeitung;5;Stahl;pulverbeschichtet;26;26;7;0,01;4;15;15;1,0;4;0;0;35;5
PA2026-2917;2026-09-11;Standard;5;Bestandskunde;Logistiktechnik;Bearbeitung;11;Stahl;pulverbeschichtet;28;28;15;0,033;4;33;33;1,0;4;0;0;88;11
PA2026-2918;2026-09-14;Standard;13;Bestandskunde;Logistiktechnik;Bearbeitung;16;Stahl;pulverbeschichtet;28;28;15;0,048;4;48;48;1,0;4;0;0;128;16
PA2026-2919;2026-09-16;Änderung;5;Bestandskunde;Automobilindustrie;Bearbeitung;3;Stahl;pulverbeschichtet;26;26;7;0,006;4;9;9;1,0;4;0;0;21;3
PA2026-2920;2026-09-12;Standard;10;Bestandskunde;Sonstige;Bearbeitung;13;Stahl;pulverbeschichtet;28;28;15;0,039;4;39;39;1,0;4;0;0;104;13
PA2026-2921;2026-09-10;Standard;5;Bestandskunde;Automobilindustrie;Bearbeitung;12;Stahl;pulverbeschichtet;28;28;15;0,036;4;36;36;1,0;4;0;0;96;12
PA2026-2922;2026-09-12;Standard;7;Bestandskunde;Sonstige;Bearbeitung;5;Stahl;pulverbeschichtet;26;26;7;0,01;4;15;15;1,0;4;0;0;35;5
PA2026-2923;2026-09-11;Änderung;10;Bestandskunde;Logistiktechnik;Bearbeitung;14;Stahl;pulverbeschichtet;26;26;7;0,028;4;42;42;1,0;4;0;0;98;14
PA2026-2924;2026-09-10;Standard;10;Bestandskunde;Haushaltsgeräte;Bearbeitung;19;Stahl;pulverbeschichtet;26;26;7;0,038;4;57;57;1,0;4;0;0;133;19
PA2026-2925;2026-09-15;Standard;13;Bestandskunde;Haushaltsgeräte;Bearbeitung;1;Stahl;pulverbeschichtet;28;28;15;0,003;4;3;3;1,0;4;0;0;8;1
PA2026-2926;2026-09-15;Standard;7;Bestandskunde;Sonstige;Bearbeitung;19;Stahl;pulverbeschichtet;26;26;7;0,038;4;57;57;1,0;4;0;0;133;19
PA2026-2927;2026-09-16;Änderung;5;Bestandskunde;Sonstige;Bearbeitung;15;Stahl;pulverbeschichtet;26;26;7;0,03;4;45;45;1,0;4;0;0;105;15
PA2026-2928;2026-09-13;Standard;10;Bestandskunde;Automobilindustrie;Bearbeitung;7;Stahl;pulverbeschichtet;28;28;15;0,021;4;21;21;1,0;4;0;0;56;7
PA2026-2929;2026-09-11;Änderung;8;Bestandskunde;Medizintechnik;Bearbeitung;12;Stahl;pulverbeschichtet;28;28;15;0,036;4;36;36;1,0;4;0;0;96;12
PA2026-2930;2026-09-11;Standard;9;Bestandskunde;Logistiktechnik;Bearbeitung;15;Stahl;pulverbeschichtet;26;26;7;0,03;4;45;45;1,0;4;0;0;105;15
PA2026-2931;2026-09-16;Standard;7;Bestandskunde;Medizintechnik;Bearbeitung;5;Stahl;pulverbeschichtet;28;28;15;0,015;4;15;15;1,0;4;0;0;40;5
PA2026-2932;2026-09-11;Standard;3;Bestandskunde;Logistiktechnik;Bearbeitung;4;Stahl;pulverbeschichtet;26;26;7;0,008;4;12;12;1,0;4;0;0;28;4
PA2026-2933;2026-09-10;Standard;8;Bestandskunde;Automobilindustrie;Bearbeitung;14;Stahl;pulverbeschichtet;26;26;7;0,028;4;42;42;1,0;4;0;0;98;14
PA2026-2934;2026-09-10;Änderung;6;Bestandskunde;Automobilindustrie;Bearbeitung;15;Stahl;pulverbeschichtet;28;28;15;0,045;4;45;45;1,0;4;0;0;120;15
PA2026-2935;2026-09-13;Änderung;14;Bestandskunde;Maschinenbau;Bearbeitung;20;Stahl;pulverbeschichtet;28;28;15;0,06;4;60;60;1,0;4;0;0;160;20
PA2026-2936;2026-09-11;Änderung;4;Bestandskunde;Automobilindustrie;Bearbeitung;7;Stahl;pulverbeschichtet;28;28;15;0,021;4;21;21;1,0;4;0;0;56;7
PA2026-2937;2026-09-11;Änderung;8;Bestandskunde;Maschinenbau;Bearbeitung;9;Stahl;pulverbeschichtet;26;26;7;0,018;4;27;27;1,0;4;0;0;63;9
PA2026-2938;2026-09-11;Standard;3;Bestandskunde;Maschinenbau;Bearbeitung;5;Stahl;pulverbeschichtet;28;28;15;0,015;4;15;15;1,0;4;0;0;40;5
PA2026-2939;2026-09-14;Änderung;10;Bestandskunde;Medizintechnik;Bearbeitung;19;Stahl;pulverbeschichtet;26;26;7;0,038;4;57;57;1,0;4;0;0;133;19
PA2026-2940;2026-09-13;Änderung;8;Bestandskunde;Automobilindustrie;Bearbeitung;5;Stahl;pulverbeschichtet;26;26;7;0,01;4;15;15;1,0;4;0;0;35;5
PA2026-2941;2026-09-19;Standard;5;Bestandskunde;Automobilindustrie;Bearbeitung;14;Stahl;pulverbeschichtet;28;28;15;0,042;4;42;42;1,0;4;0;0;112;14
PA2026-2942;2026-09-21;Änderung;14;Bestandskunde;Medizintechnik;Bearbeitung;16;Stahl;pulverbeschichtet;28;28;15;0,048;4;48;48;1,0;4;0;0;128;16
PA2026-2943;2026-09-23;Standard;9;Bestandskunde;Automobilindustrie;Bearbeitung;20;Stahl;pulverbeschichtet;28;28;15;0,06;4;60;60;1,0;4;0;0;160;20
PA2026-2944;2026-09-17;Standard;11;Bestandskunde;Logistiktechnik;Bearbeitung;18;Stahl;pulverbeschichtet;26;26;7;0,036;4;54;54;1,0;4;0;0;126;18
PA2026-2945;2026-09-23;Standard;14;Bestandskunde;Sonstige;Bearbeitung;3;Stahl;pulverbeschichtet;28;28;15;0,009;4;9;9;1,0;4;0;0;24;3
PA2026-2946;2026-09-19;Standard;5;Bestandskunde;Haushaltsgeräte;Bearbeitung;11;Stahl;pulverbeschichtet;26;26;7;0,022;4;33;33;1,0;4;0;0;77;11
PA2026-2947;2026-09-23;Standard;10;Neukunde;Automobilindustrie;Bearbeitung;5;Stahl;pulverbeschichtet;28;28;15;0,015;4;15;15;1,0;4;0;0;40;5
PA2026-2948;2026-09-18;Standard;7;Bestandskunde;Maschinenbau;Bearbeitung;3;Stahl;pulverbeschichtet;26;26;7;0,006;4;9;9;1,0;4;0;0;21;3
PA2026-2949;2026-09-18;Änderung;5;Bestandskunde;Logistiktechnik;Bearbeitung;17;Stahl;pulverbeschichtet;26;26;7;0,034;4;51;51;1,0;4;0;0;119;17
PA2026-2950;2026-09-17;Standard;8;Bestandskunde;Logistiktechnik;Bearbeitung;18;Stahl;pulverbeschichtet;28;28;15;0,054;4;54;54;1,0;4;0;0;144;18
PA2026-2951;2026-09-21;Änderung;4;Neukunde;Sonstige;Bearbeitung;3;Stahl;pulverbeschichtet;28;28;15;0,009;4;9;9;1,0;4;0;0;24;3
PA2026-2952;2026-09-23;Standard;14;Bestandskunde;Automobilindustrie;Bearbeitung;8;Stahl;pulverbeschichtet;28;28;15;0,024;4;24;24;1,0;4;0;0;64;8
PA2026-2953;2026-09-17;Standard;9;Bestandskunde;Medizintechnik;Bearbeitung;11;Stahl;pulverbeschichtet;26;26;7;0,022;4;33;33;1,0;4;0;0;77;11
PA2026-2954;2026-09-17;Standard;6;Bestandskunde;Automobilindustrie;Bearbeitung;13;Stahl;pulverbeschichtet;26;26;7;0,026;4;39;39;1,0;4;0;0;91;13
PA2026-2955;2026-09-18;Änderung;13;Bestandskunde;Haushaltsgeräte;Bearbeitung;10;Stahl;pulverbeschichtet;28;28;15;0,03;4;30;30;1,0;4;0;0;80;10
PA2026-2956;2026-09-17;Standard;11;Bestandskunde;Automobilindustrie;Bearbeitung;9;Stahl;pulverbeschichtet;26;26;7;0,018;4;27;27;1,0;4;0;0;63;9
PA2026-2957;2026-09-18;Änderung;3;Bestandskunde;Sonstige;Bearbeitung;7;Stahl;pulverbeschichtet;28;28;15;0,021;4;21;21;1,0;4;0;0;56;7
PA2026-2958;2026-09-19;Standard;14;Bestandskunde;Maschinenbau;Bearbeitung;10;Stahl;pulverbeschichtet;28;28;15;0,03;4;30;30;1,0;4;0;0;80;10
PA2026-2959;2026-09-21;Änderung;11;Bestandskunde;Maschinenbau;Bearbeitung;6;Stahl;pulverbeschichtet;28;28;15;0,018;4;18;18;1,0;4;0;0;48;6
PA2026-2960;2026-09-21;Standard;13;Bestandskunde;Sonstige;Bearbeitung;3;Stahl;pulverbeschichtet;26;26;7;0,006;4;9;9;1,0;4;0;0;21;3
PA2026-2961;2026-09-23;Standard;13;Bestandskunde;Maschinenbau;Bearbeitung;6;Stahl;pulverbeschichtet;28;28;15;0,018;4;18;18;1,0;4;0;0;48;6
PA2026-2962;2026-09-22;Standard;8;Bestandskunde;Automobilindustrie;Bearbeitung;11;Stahl;pulverbeschichtet;28;28;15;0,033;4;33;33;1,0;4;0;0;88;11
PA2026-2963;2026-09-19;Standard;7;Bestandskunde;Logistiktechnik;Bearbeitung;11;Stahl;pulverbeschichtet;28;28;15;0,033;4;33;33;1,0;4;0;0;88;11
PA2026-2964;2026-09-19;Standard;6;Bestandskunde;Maschinenbau;Bearbeitung;13;Stahl;pulverbeschichtet;26;26;7;0,026;4;39;39;1,0;4;0;0;91;13
PA2026-2965;2026-09-17;Änderung;6;Bestandskunde;Maschinenbau;Bearbeitung;12;Stahl;pulverbeschichtet;28;28;15;0,036;4;36;36;1,0;4;0;0;96;12
PA2026-2966;2026-09-21;Standard;10;Bestandskunde;Haushaltsgeräte;Bearbeitung;14;Stahl;pulverbeschichtet;26;26;7;0,028;4;42;42;1,0;4;0;0;98;14
PA2026-2967;2026-09-18;Änderung;10;Bestandskunde;Logistiktechnik;Bearbeitung;19;Stahl;pulverbeschichtet;26;26;7;0,038;4;57;57;1,0;4;0;0;133;19
PA2026-2968;2026-09-20;Änderung;10;Bestandskunde;Automobilindustrie;Bearbeitung;5;Stahl;pulverbeschichtet;28;28;15;0,015;4;15;15;1,0;4;0;0;40;5
PA2026-2969;2026-09-23;Änderung;10;Bestandskunde;Maschinenbau;Bearbeitung;2;Stahl;pulverbeschichtet;28;28;15;0,006;4;6;6;1,0;4;0;0;16;2
PA2026-2970;2026-09-17;Änderung;11;Bestandskunde;Haushaltsgeräte;Bearbeitung;1;Stahl;pulverbeschichtet;28;28;15;0,003;4;3;3;1,0;4;0;0;8;1
PA2026-2971;2026-09-18;Standard;7;Bestandskunde;Maschinenbau;Bearbeitung;18;Stahl;pulverbeschichtet;28;28;15;0,054;4;54;54;1,0;4;0;0;144;18
PA2026-2972;2026-09-19;Änderung;9;Bestandskunde;Maschinenbau;Bearbeitung;3;Stahl;pulverbeschichtet;26;26;7;0,006;4;9;9;1,0;4;0;0;21;3
PA2026-2973;2026-09-17;Standard;6;Bestandskunde;Sonstige;Bearbeitung;10;Stahl;pulverbeschichtet;26;26;7;0,02;4;30;30;1,0;4;0;0;70;10
PA2026-2974;2026-09-21;Änderung;7;Bestandskunde;Maschinenbau;Bearbeitung;18;Stahl;pulverbeschichtet;26;26;7;0,036;4;54;54;1,0;4;0;0;126;18
PA2026-2975;2026-09-19;Standard;4;Bestandskunde;Sonstige;Bearbeitung;17;Stahl;pulverbeschichtet;28;28;15;0,051;4;51;51;1,0;4;0;0;136;17
PA2026-2976;2026-09-21;Änderung;4;Bestandskunde;Sonstige;Bearbeitung;5;Stahl;pulverbeschichtet;28;28;15;0,015;4;15;15;1,0;4;0;0;40;5
PA2026-2977;2026-09-23;Standard;12;Bestandskunde;Automobilindustrie;Bearbeitung;16;Stahl;pulverbeschichtet;26;26;7;0,032;4;48;48;1,0;4;0;0;112;16
PA2026-2978;2026-09-21;Änderung;14;Bestandskunde;Maschinenbau;Bearbeitung;11;Stahl;pulverbeschichtet;28;28;15;0,033;4;33;33;1,0;4;0;0;88;11
PA2026-2979;2026-09-20;Änderung;10;Bestandskunde;Medizintechnik;Bearbeitung;10;Stahl;pulverbeschichtet;28;28;15;0,03;4;30;30;1,0;4;0;0;80;10
PA2026-2980;2026-09-22;Änderung;7;Bestandskunde;Sonstige;Bearbeitung;4;Stahl;pulverbeschichtet;26;26;7;0,008;4;12;12;1,0;4;0;0;28;4
PA2026-2981;2026-09-23;Standard;7;Bestandskunde;Sonstige;Bearbeitung;1;Stahl;pulverbeschichtet;26;26;7;0,002;4;3;3;1,0;4;0;0;7;1
PA2026-2982;2026-09-17;Änderung;4;Bestandskunde;Maschinenbau;Bearbeitung;18;Stahl;pulverbeschichtet;28;28;15;0,054;4;54;54;1,0;4;0;0;144;18
PA2026-2983;2026-09-19;Standard;15;Bestandskunde;Logistiktechnik;Bearbeitung;19;Stahl;pulverbeschichtet;26;26;7;0,038;4;57;57;1,0;4;0;0;133;19
PA2026-2984;2026-09-20;Standard;15;Bestandskunde;Maschinenbau;Bearbeitung;19;Stahl;pulverbeschichtet;26;26;7;0,038;4;57;57;1,0;4;0;0;133;19
PA2026-2985;2026-09-22;Änderung;15;Bestandskunde;Automobilindustrie;Bearbeitung;7;Stahl;pulverbeschichtet;28;28;15;0,021;4;21;21;1,0;4;0;0;56;7
PA2026-2986;2026-09-17;Änderung;8;Bestandskunde;Medizintechnik;Bearbeitung;1;Stahl;pulverbeschichtet;26;26;7;0,002;4;3;3;1,0;4;0;0;7;1
PA2026-2987;2026-09-17;Standard;3;Bestandskunde;Haushaltsgeräte;Bearbeitung;6;Stahl;pulverbeschichtet;26;26;7;0,012;4;18;18;1,0;4;0;0;42;6
PA2026-2988;2026-09-21;Standard;13;Bestandskunde;Maschinenbau;Bearbeitung;11;Stahl;pulverbeschichtet;28;28;15;0,033;4;33;33;1,0;4;0;0;88;11
PA2026-2989;2026-09-23;Standard;7;Neukunde;Sonstige;Bearbeitung;8;Stahl;pulverbeschichtet;26;26;7;0,016;4;24;24;1,0;4;0;0;56;8
PA2026-2990;2026-09-21;Standard;8;Bestandskunde;Haushaltsgeräte;Bearbeitung;20;Stahl;pulverbeschichtet;26;26;7;0,04;4;60;60;1,0;4;0;0;140;20
PA2026-2991;2026-09-17;Standard;13;Bestandskunde;Logistiktechnik;Bearbeitung;6;Stahl;pulverbeschichtet;26;26;7;0,012;4;18;18;1,0;4;0;0;42;6
PA2026-2992;2026-09-18;Änderung;8;Bestandskunde;Automobilindustrie;Bearbeitung;7;Stahl;pulverbeschichtet;28;28;15;0,021;4;21;21;1,0;4;0;0;56;7
PA2026-2993;2026-09-23;Standard;7;Bestandskunde;Logistiktechnik;Bearbeitung;3;Stahl;pulverbeschichtet;28;28;15;0,009;4;9;9;1,0;4;0;0;24;3
PA2026-2994;2026-09-17;Standard;11;Bestandskunde;Automobilindustrie;Bearbeitung;8;Stahl;pulverbeschichtet;28;28;15;0,024;4;24;24;1,0;4;0;0;64;8
PA2026-2995;2026-09-19;Änderung;5;Bestandskunde;Automobilindustrie;Bearbeitung;5;Stahl;pulverbeschichtet;28;28;15;0,015;4;15;15;1,0;4;0;0;40;5
PA2026-2996;2026-09-18;Standard;5;Bestandskunde;Sonstige;Bearbeitung;17;Stahl;pulverbeschichtet;26;26;7;0,034;4;51;51;1,0;4;0;0;119;17
PA2026-2997;2026-09-18;Standard;13;Bestandskunde;Automobilindustrie;Bearbeitung;3;Stahl;pulverbeschichtet;26;26;7;0,006;4;9;9;1,0;4;0;0;21;3
PA2026-2998;2026-09-22;Standard;3;Bestandskunde;Maschinenbau;Bearbeitung;16;Stahl;pulverbeschichtet;28;28;15;0,048;4;48;48;1,0;4;0;0;128;16
PA2026-2999;2026-09-22;Standard;4;Bestandskunde;Haushaltsgeräte;Bearbeitung;12;Stahl;pulverbeschichtet;28;28;15;0,036;4;36;36;1,0;4;0;0;96;12
PA2026-3000;2026-09-22;Standard;15;Bestandskunde;Sonstige;Bearbeitung;9;Stahl;pulverbeschichtet;26;26;7;0,018;4;27;27;1,0;4;0;0;63;9
PA2026-3001;2026-09-21;Standard;7;Bestandskunde;Automobilindustrie;Bearbeitung;14;Stahl;pulverbeschichtet;26;26;7;0,028;4;42;42;1,0;4;0;0;98;14
PA2026-3002;2026-09-21;Änderung;6;Bestandskunde;Maschinenbau;Bearbeitung;19;Stahl;pulverbeschichtet;26;26;7;0,038;4;57;57;1,0;4;0;0;133;19
PA2026-3003;2026-09-19;Änderung;15;Bestandskunde;Maschinenbau;Bearbeitung;5;Stahl;pulverbeschichtet;26;26;7;0,01;4;15;15;1,0;4;0;0;35;5
PA2026-3004;2026-09-19;Änderung;12;Bestandskunde;Sonstige;Bearbeitung;20;Stahl;pulverbeschichtet;28;28;15;0,06;4;60;60;1,0;4;0;0;160;20
PA2026-3005;2026-09-23;Standard;6;Bestandskunde;Maschinenbau;Bearbeitung;10;Stahl;pulverbeschichtet;28;28;15;0,03;4;30;30;1,0;4;0;0;80;10
PA2026-3006;2026-09-19;Standard;9;Bestandskunde;Logistiktechnik;Bearbeitung;1;Stahl;pulverbeschichtet;26;26;7;0,002;4;3;3;1,0;4;0;0;7;1
PA2026-3007;2026-09-19;Änderung;6;Bestandskunde;Sonstige;Bearbeitung;15;Stahl;pulverbeschichtet;28;28;15;0,045;4;45;45;1,0;4;0;0;120;15
PA2026-3008;2026-09-20;Änderung;7;Bestandskunde;Maschinenbau;Bearbeitung;19;Stahl;pulverbeschichtet;28;28;15;0,057;4;57;57;1,0;4;0;0;152;19
PA2026-3009;2026-09-23;Änderung;13;Bestandskunde;Automobilindustrie;Bearbeitung;1;Stahl;pulverbeschichtet;28;28;15;0,003;4;3;3;1,0;4;0;0;8;1
PA2026-3010;2026-09-19;Standard;15;Bestandskunde;Maschinenbau;Bearbeitung;20;Stahl;pulverbeschichtet;26;26;7;0,04;4;60;60;1,0;4;0;0;140;20
PA2026-3011;2026-09-19;Standard;5;Bestandskunde;Sonstige;Bearbeitung;20;Stahl;pulverbeschichtet;28;28;15;0,06;4;60;60;1,0;4;0;0;160;20
PA2026-3012;2026-09-20;Änderung;15;Neukunde;Haushaltsgeräte;Bearbeitung;17;Stahl;pulverbeschichtet;28;28;15;0,051;4;51;51;1,0;4;0;0;136;17
PA2026-3013;2026-09-20;Standard;6;Bestandskunde;Logistiktechnik;Bearbeitung;19;Stahl;pulverbeschichtet;28;28;15;0,057;4;57;57;1,0;4;0;0;152;19
PA2026-3014;2026-09-19;Änderung;10;Bestandskunde;Logistiktechnik;Bearbeitung;17;Stahl;pulverbeschichtet;26;26;7;0,034;4;51;51;1,0;4;0;0;119;17
PA2026-3015;2026-09-19;Standard;7;Bestandskunde;Automobilindustrie;Bearbeitung;2;Stahl;pulverbeschichtet;28;28;15;0,006;4;6;6;1,0;4;0;0;16;2
PA2026-3016;2026-09-18;Standard;13;Bestandskunde;Maschinenbau;Bearbeitung;18;Stahl;pulverbeschichtet;26;26;7;0,036;4;54;54;1,0;4;0;0;126;18
PA2026-3017;2026-09-23;Änderung;7;Bestandskunde;Maschinenbau;Bearbeitung;12;Stahl;pulverbeschichtet;26;26;7;0,024;4;36;36;1,0;4;0;0;84;12
PA2026-3018;2026-09-17;Standard;7;Neukunde;Logistiktechnik;Bearbeitung;11;Stahl;pulverbeschichtet;26;26;7;0,022;4;33;33;1,0;4;0;0;77;11
PA2026-3019;2026-09-22;Standard;8;Bestandskunde;Sonstige;Bearbeitung;9;Stahl;pulverbeschichtet;28;28;15;0,027;4;27;27;1,0;4;0;0;72;9
PA2026-3020;2026-09-20;Standard;10;Bestandskunde;Logistiktechnik;Bearbeitung;15;Stahl;pulverbeschichtet;26;26;7;0,03;4;45;45;1,0;4;0;0;105;15
PA2026-3021;2026-09-17;Änderung;3;Bestandskunde;Logistiktechnik;Bearbeitung;13;Stahl;pulverbeschichtet;28;28;15;0,039;4;39;39;1,0;4;0;0;104;13
PA2026-3022;2026-09-21;Standard;12;Bestandskunde;Maschinenbau;Bearbeitung;12;Stahl;pulverbeschichtet;28;28;15;0,036;4;36;36;1,0;4;0;0;96;12
PA2026-3023;2026-09-17;Standard;9;Bestandskunde;Maschinenbau;Bearbeitung;15;Stahl;pulverbeschichtet;28;28;15;0,045;4;45;45;1,0;4;0;0;120;15
PA2026-3024;2026-09-20;Standard;5;Bestandskunde;Automobilindustrie;Bearbeitung;1;Stahl;pulverbeschichtet;28;28;15;0,003;4;3;3;1,0;4;0;0;8;1
PA2026-3025;2026-09-18;Standard;12;Bestandskunde;Haushaltsgeräte;Bearbeitung;1;Stahl;pulverbeschichtet;26;26;7;0,002;4;3;3;1,0;4;0;0;7;1
PA2026-3026;2026-09-20;Standard;12;Bestandskunde;Automobilindustrie;Bearbeitung;8;Stahl;pulverbeschichtet;26;26;7;0,016;4;24;24;1,0;4;0;0;56;8
PA2026-3027;2026-09-19;Änderung;10;Bestandskunde;Haushaltsgeräte;Bearbeitung;2;Stahl;pulverbeschichtet;28;28;15;0,006;4;6;6;1,0;4;0;0;16;2
PA2026-3028;2026-09-19;Änderung;10;Bestandskunde;Automobilindustrie;Bearbeitung;13;Stahl;pulverbeschichtet;28;28;15;0,039;4;39;39;1,0;4;0;0;104;13
PA2026-3029;2026-09-19;Änderung;5;Bestandskunde;Logistiktechnik;Bearbeitung;5;Stahl;pulverbeschichtet;28;28;15;0,015;4;15;15;1,0;4;0;0;40;5
PA2026-3030;2026-09-19;Standard;13;Bestandskunde;Logistiktechnik;Bearbeitung;14;Stahl;pulverbeschichtet;26;26;7;0,028;4;42;42;1,0;4;0;0;98;14
PA2026-3031;2026-09-30;Standard;7;Bestandskunde;Sonstige;Bearbeitung;8;Stahl;pulverbeschichtet;26;26;7;0,016;4;24;24;1,0;4;0;0;56;8
PA2026-3032;2026-09-27;Standard;5;Bestandskunde;Maschinenbau;Bearbeitung;13;Stahl;pulverbeschichtet;26;26;7;0,026;4;39;39;1,0;4;0;0;91;13
PA2026-3033;2026-09-26;Standard;10;Bestandskunde;Maschinenbau;Bearbeitung;14;Stahl;pulverbeschichtet;28;28;15;0,042;4;42;42;1,0;4;0;0;112;14
PA2026-3034;2026-09-24;Standard;8;Bestandskunde;Logistiktechnik;Bearbeitung;16;Stahl;pulverbeschichtet;28;28;15;0,048;4;48;48;1,0;4;0;0;128;16
PA2026-3035;2026-09-26;Standard;10;Bestandskunde;Logistiktechnik;Bearbeitung;6;Stahl;pulverbeschichtet;26;26;7;0,012;4;18;18;1,0;4;0;0;42;6
PA2026-3036;2026-09-29;Änderung;8;Bestandskunde;Automobilindustrie;Bearbeitung;3;Stahl;pulverbeschichtet;26;26;7;0,006;4;9;9;1,0;4;0;0;21;3
PA2026-3037;2026-09-25;Standard;5;Bestandskunde;Automobilindustrie;Bearbeitung;6;Stahl;pulverbeschichtet;26;26;7;0,012;4;18;18;1,0;4;0;0;42;6
PA2026-3038;2026-09-28;Änderung;9;Bestandskunde;Maschinenbau;Bearbeitung;11;Stahl;pulverbeschichtet;28;28;15;0,033;4;33;33;1,0;4;0;0;88;11
PA2026-3039;2026-09-25;Standard;10;Bestandskunde;Automobilindustrie;Bearbeitung;5;Stahl;pulverbeschichtet;28;28;15;0,015;4;15;15;1,0;4;0;0;40;5
PA2026-3040;2026-09-27;Änderung;6;Bestandskunde;Haushaltsgeräte;Bearbeitung;12;Stahl;pulverbeschichtet;28;28;15;0,036;4;36;36;1,0;4;0;0;96;12
PA2026-3041;2026-09-24;Standard;4;Bestandskunde;Automobilindustrie;Bearbeitung;2;Stahl;pulverbeschichtet;26;26;7;0,004;4;6;6;1,0;4;0;0;14;2
PA2026-3042;2026-09-28;Änderung;5;Bestandskunde;Automobilindustrie;Bearbeitung;9;Stahl;pulverbeschichtet;28;28;15;0,027;4;27;27;1,0;4;0;0;72;9
PA2026-3043;2026-09-30;Änderung;12;Bestandskunde;Automobilindustrie;Bearbeitung;5;Stahl;pulverbeschichtet;28;28;15;0,015;4;15;15;1,0;4;0;0;40;5
PA2026-3044;2026-09-30;Änderung;15;Bestandskunde;Logistiktechnik;Bearbeitung;10;Stahl;pulverbeschichtet;28;28;15;0,03;4;30;30;1,0;4;0;0;80;10
PA2026-3045;2026-09-24;Standard;11;Bestandskunde;Logistiktechnik;Bearbeitung;19;Stahl;pulverbeschichtet;26;26;7;0,038;4;57;57;1,0;4;0;0;133;19
PA2026-3046;2026-09-26;Standard;10;Bestandskunde;Automobilindustrie;Bearbeitung;2;Stahl;pulverbeschichtet;28;28;15;0,006;4;6;6;1,0;4;0;0;16;2
PA2026-3047;2026-09-27;Standard;15;Bestandskunde;Automobilindustrie;Bearbeitung;4;Stahl;pulverbeschichtet;28;28;15;0,012;4;12;12;1,0;4;0;0;32;4
PA2026-3048;2026-09-24;Standard;5;Bestandskunde;Sonstige;Bearbeitung;17;Stahl;pulverbeschichtet;26;26;7;0,034;4;51;51;1,0;4;0;0;119;17
PA2026-3049;2026-09-24;Standard;15;Bestandskunde;Automobilindustrie;Bearbeitung;6;Stahl;pulverbeschichtet;26;26;7;0,012;4;18;18;1,0;4;0;0;42;6
PA2026-3050;2026-09-30;Änderung;7;Bestandskunde;Automobilindustrie;Bearbeitung;1;Stahl;pulverbeschichtet;26;26;7;0,002;4;3;3;1,0;4;0;0;7;1
PA2026-3051;2026-09-27;Standard;8;Bestandskunde;Automobilindustrie;Bearbeitung;6;Stahl;pulverbeschichtet;28;28;15;0,018;4;18;18;1,0;4;0;0;48;6
PA2026-3052;2026-09-29;Standard;10;Bestandskunde;Logistiktechnik;Bearbeitung;7;Stahl;pulverbeschichtet;26;26;7;0,014;4;21;21;1,0;4;0;0;49;7
PA2026-3053;2026-09-25;Änderung;14;Neukunde;Logistiktechnik;Bearbeitung;2;Stahl;pulverbeschichtet;28;28;15;0,006;4;6;6;1,0;4;0;0;16;2
PA2026-3054;2026-09-26;Standard;13;Bestandskunde;Logistiktechnik;Bearbeitung;9;Stahl;pulverbeschichtet;26;26;7;0,018;4;27;27;1,0;4;0;0;63;9
PA2026-3055;2026-09-24;Änderung;14;Bestandskunde;Automobilindustrie;Bearbeitung;6;Stahl;pulverbeschichtet;28;28;15;0,018;4;18;18;1,0;4;0;0;48;6
PA2026-3056;2026-09-24;Änderung;10;Bestandskunde;Maschinenbau;Bearbeitung;5;Stahl;pulverbeschichtet;28;28;15;0,015;4;15;15;1,0;4;0;0;40;5
PA2026-3057;2026-09-29;Standard;13;Bestandskunde;Automobilindustrie;Bearbeitung;2;Stahl;pulverbeschichtet;28;28;15;0,006;4;6;6;1,0;4;0;0;16;2
PA2026-3058;2026-09-24;Standard;4;Bestandskunde;Automobilindustrie;Bearbeitung;16;Stahl;pulverbeschichtet;26;26;7;0,032;4;48;48;1,0;4;0;0;112;16
PA2026-3059;2026-09-28;Standard;9;Bestandskunde;Logistiktechnik;Bearbeitung;11;Stahl;pulverbeschichtet;26;26;7;0,022;4;33;33;1,0;4;0;0;77;11
PA2026-3060;2026-09-29;Standard;5;Bestandskunde;Logistiktechnik;Bearbeitung;17;Stahl;pulverbeschichtet;26;26;7;0,034;4;51;51;1,0;4;0;0;119;17
PA2026-3061;2026-09-25;Standard;10;Bestandskunde;Medizintechnik;Bearbeitung;17;Stahl;pulverbeschichtet;28;28;15;0,051;4;51;51;1,0;4;0;0;136;17
PA2026-3062;2026-09-30;Standard;13;Bestandskunde;Maschinenbau;Bearbeitung;18;Stahl;pulverbeschichtet;28;28;15;0,054;4;54;54;1,0;4;0;0;144;18
PA2026-3063;2026-09-26;Standard;11;Bestandskunde;Maschinenbau;Bearbeitung;17;Stahl;pulverbeschichtet;28;28;15;0,051;4;51;51;1,0;4;0;0;136;17
PA2026-3064;2026-09-25;Standard;5;Bestandskunde;Medizintechnik;Bearbeitung;15;Stahl;pulverbeschichtet;26;26;7;0,03;4;45;45;1,0;4;0;0;105;15
PA2026-3065;2026-09-26;Änderung;15;Bestandskunde;Automobilindustrie;Bearbeitung;15;Stahl;pulverbeschichtet;26;26;7;0,03;4;45;45;1,0;4;0;0;105;15
PA2026-3066;2026-09-24;Änderung;11;Bestandskunde;Maschinenbau;Bearbeitung;9;Stahl;pulverbeschichtet;26;26;7;0,018;4;27;27;1,0;4;0;0;63;9
PA2026-3067;2026-09-30;Änderung;9;Bestandskunde;Maschinenbau;Bearbeitung;16;Stahl;pulverbeschichtet;28;28;15;0,048;4;48;48;1,0;4;0;0;128;16
PA2026-3068;2026-09-28;Standard;6;Bestandskunde;Maschinenbau;Bearbeitung;1;Stahl;pulverbeschichtet;26;26;7;0,002;4;3;3;1,0;4;0;0;7;1
PA2026-3069;2026-09-30;Änderung;12;Bestandskunde;Automobilindustrie;Bearbeitung;3;Stahl;pulverbeschichtet;26;26;7;0,006;4;9;9;1,0;4;0;0;21;3
PA2026-3070;2026-09-30;Standard;5;Neukunde;Sonstige;Bearbeitung;19;Stahl;pulverbeschichtet;26;26;7;0,038;4;57;57;1,0;4;0;0;133;19
PA2026-3071;2026-09-29;Standard;8;Bestandskunde;Sonstige;Bearbeitung;19;Stahl;pulverbeschichtet;26;26;7;0,038;4;57;57;1,0;4;0;0;133;19
PA2026-3072;2026-09-26;Standard;6;Bestandskunde;Logistiktechnik;Bearbeitung;14;Stahl;pulverbeschichtet;26;26;7;0,028;4;42;42;1,0;4;0;0;98;14
PA2026-3073;2026-09-30;Änderung;12;Bestandskunde;Medizintechnik;Bearbeitung;11;Stahl;pulverbeschichtet;26;26;7;0,022;4;33;33;1,0;4;0;0;77;11
PA2026-3074;2026-09-29;Standard;3;Bestandskunde;Haushaltsgeräte;Bearbeitung;7;Stahl;pulverbeschichtet;26;26;7;0,014;4;21;21;1,0;4;0;0;49;7
PA2026-3075;2026-09-24;Standard;6;Bestandskunde;Sonstige;Bearbeitung;19;Stahl;pulverbeschichtet;26;26;7;0,038;4;57;57;1,0;4;0;0;133;19
PA2026-3076;2026-09-25;Standard;5;Bestandskunde;Maschinenbau;Bearbeitung;10;Stahl;pulverbeschichtet;26;26;7;0,02;4;30;30;1,0;4;0;0;70;10
PA2026-3077;2026-09-26;Standard;5;Bestandskunde;Logistiktechnik;Bearbeitung;19;Stahl;pulverbeschichtet;26;26;7;0,038;4;57;57;1,0;4;0;0;133;19
PA2026-3078;2026-09-30;Änderung;6;Neukunde;Automobilindustrie;Bearbeitung;2;Stahl;pulverbeschichtet;26;26;7;0,004;4;6;6;1,0;4;0;0;14;2
PA2026-3079;2026-09-24;Standard;6;Bestandskunde;Sonstige;Bearbeitung;7;Stahl;pulverbeschichtet;28;28;15;0,021;4;21;21;1,0;4;0;0;56;7
PA2026-3080;2026-09-26;Änderung;15;Bestandskunde;Sonstige;Bearbeitung;13;Stahl;pulverbeschichtet;28;28;15;0,039;4;39;39;1,0;4;0;0;104;13
PA2026-3081;2026-09-24;Standard;7;Bestandskunde;Maschinenbau;Bearbeitung;20;Stahl;pulverbeschichtet;26;26;7;0,04;4;60;60;1,0;4;0;0;140;20
PA2026-3082;2026-09-25;Standard;7;Bestandskunde;Maschinenbau;Bearbeitung;2;Stahl;pulverbeschichtet;28;28;15;0,006;4;6;6;1,0;4;0;0;16;2
PA2026-3083;2026-09-28;Änderung;11;Bestandskunde;Maschinenbau;Bearbeitung;14;Stahl;pulverbeschichtet;26;26;7;0,028;4;42;42;1,0;4;0;0;98;14
PA2026-3084;2026-09-29;Standard;10;Bestandskunde;Maschinenbau;Bearbeitung;11;Stahl;pulverbeschichtet;26;26;7;0,022;4;33;33;1,0;4;0;0;77;11
PA2026-3085;2026-09-25;Standard;14;Bestandskunde;Medizintechnik;Bearbeitung;4;Stahl;pulverbeschichtet;28;28;15;0,012;4;12;12;1,0;4;0;0;32;4
PA2026-3086;2026-09-26;Standard;9;Bestandskunde;Logistiktechnik;Bearbeitung;2;Stahl;pulverbeschichtet;26;26;7;0,004;4;6;6;1,0;4;0;0;14;2
PA2026-3087;2026-09-27;Standard;15;Bestandskunde;Automobilindustrie;Bearbeitung;6;Stahl;pulverbeschichtet;26;26;7;0,012;4;18;18;1,0;4;0;0;42;6
PA2026-3088;2026-09-27;Standard;14;Bestandskunde;Sonstige;Bearbeitung;10;Stahl;pulverbeschichtet;28;28;15;0,03;4;30;30;1,0;4;0;0;80;10
PA2026-3089;2026-09-27;Standard;10;Bestandskunde;Logistiktechnik;Bearbeitung;14;Stahl;pulverbeschichtet;26;26;7;0,028;4;42;42;1,0;4;0;0;98;14
PA2026-3090;2026-09-24;Standard;13;Bestandskunde;Maschinenbau;Bearbeitung;7;Stahl;pulverbeschichtet;26;26;7;0,014;4;21;21;1,0;4;0;0;49;7
PA2026-3091;2026-09-30;Änderung;10;Bestandskunde;Maschinenbau;Bearbeitung;12;Stahl;pulverbeschichtet;28;28;15;0,036;4;36;36;1,0;4;0;0;96;12
PA2026-3092;2026-09-25;Standard;3;Bestandskunde;Haushaltsgeräte;Bearbeitung;1;Stahl;pulverbeschichtet;26;26;7;0,002;4;3;3;1,0;4;0;0;7;1
PA2026-3093;2026-09-27;Änderung;14;Bestandskunde;Medizintechnik;Bearbeitung;17;Stahl;pulverbeschichtet;28;28;15;0,051;4;51;51;1,0;4;0;0;136;17
PA2026-3094;2026-09-29;Standard;9;Bestandskunde;Automobilindustrie;Bearbeitung;17;Stahl;pulverbeschichtet;26;26;7;0,034;4;51;51;1,0;4;0;0;119;17
PA2026-3095;2026-09-30;Standard;7;Bestandskunde;Medizintechnik;Bearbeitung;19;Stahl;pulverbeschichtet;26;26;7;0,038;4;57;57;1,0;4;0;0;133;19
PA2026-3096;2026-09-27;Standard;13;Bestandskunde;Sonstige;Bearbeitung;20;Stahl;pulverbeschichtet;26;26;7;0,04;4;60;60;1,0;4;0;0;140;20
PA2026-3097;2026-09-25;Änderung;15;Bestandskunde;Medizintechnik;Bearbeitung;20;Stahl;pulverbeschichtet;26;26;7;0,04;4;60;60;1,0;4;0;0;140;20
PA2026-3098;2026-09-30;Standard;11;Bestandskunde;Sonstige;Bearbeitung;8;Stahl;pulverbeschichtet;28;28;15;0,024;4;24;24;1,0;4;0;0;64;8
PA2026-3099;2026-09-29;Standard;13;Bestandskunde;Automobilindustrie;Bearbeitung;15;Stahl;pulverbeschichtet;28;28;15;0,045;4;45;45;1,0;4;0;0;120;15
PA2026-3100;2026-09-24;Standard;12;Bestandskunde;Maschinenbau;Bearbeitung;4;Stahl;pulverbeschichtet;28;28;15;0,012;4;12;12;1,0;4;0;0;32;4
PA2026-3101;2026-09-30;Standard;9;Bestandskunde;Automobilindustrie;Bearbeitung;2;Stahl;pulverbeschichtet;26;26;7;0,004;4;6;6;1,0;4;0;0;14;2
PA2026-3102;2026-09-25;Standard;15;Neukunde;Haushaltsgeräte;Bearbeitung;17;Stahl;pulverbeschichtet;26;26;7;0,034;4;51;51;1,0;4;0;0;119;17
PA2026-3103;2026-09-28;Standard;14;Neukunde;Haushaltsgeräte;Bearbeitung;17;Stahl;pulverbeschichtet;28;28;15;0,051;4;51;51;1,0;4;0;0;136;17
PA2026-3104;2026-09-25;Standard;11;Bestandskunde;Haushaltsgeräte;Bearbeitung;1;Stahl;pulverbeschichtet;26;26;7;0,002;4;3;3;1,0;4;0;0;7;1
PA2026-3105;2026-09-25;Standard;3;Bestandskunde;Sonstige;Bearbeitung;4;Stahl;pulverbeschichtet;28;28;15;0,012;4;12;12;1,0;4;0;0;32;4
PA2026-3106;2026-09-28;Standard;14;Bestandskunde;Logistiktechnik;Bearbeitung;5;Stahl;pulverbeschichtet;28;28;15;0,015;4;15;15;1,0;4;0;0;40;5
PA2026-3107;2026-09-26;Änderung;10;Neukunde;Sonstige;Bearbeitung;9;Stahl;pulverbeschichtet;28;28;15;0,027;4;27;27;1,0;4;0;0;72;9
PA2026-3108;2026-09-30;Standard;8;Bestandskunde;Logistiktechnik;Bearbeitung;12;Stahl;pulverbeschichtet;26;26;7;0,024;4;36;36;1,0;4;0;0;84;12
PA2026-3109;2026-09-25;Standard;3;Bestandskunde;Logistiktechnik;Bearbeitung;1;Stahl;pulverbeschichtet;28;28;15;0,003;4;3;3;1,0;4;0;0;8;1
PA2026-3110;2026-09-29;Standard;9;Bestandskunde;Medizintechnik;Bearbeitung;9;Stahl;pulverbeschichtet;26;26;7;0,018;4;27;27;1,0;4;0;0;63;9
PA2026-3111;2026-09-30;Standard;5;Bestandskunde;Automobilindustrie;Bearbeitung;20;Stahl;pulverbeschichtet;28;28;15;0,06;4;60;60;1,0;4;0;0;160;20
PA2026-3112;2026-09-29;Standard;7;Bestandskunde;Automobilindustrie;Bearbeitung;15;Stahl;pulverbeschichtet;28;28;15;0,045;4;45;45;1,0;4;0;0;120;15
PA2026-3113;2026-09-25;Standard;11;Bestandskunde;Maschinenbau;Bearbeitung;19;Stahl;pulverbeschichtet;26;26;7;0,038;4;57;57;1,0;4;0;0;133;19
PA2026-3114;2026-09-25;Standard;6;Bestandskunde;Maschinenbau;Bearbeitung;10;Stahl;pulverbeschichtet;28;28;15;0,03;4;30;30;1,0;4;0;0;80;10
PA2026-3115;2026-09-26;Änderung;4;Bestandskunde;Medizintechnik;Bearbeitung;7;Stahl;pulverbeschichtet;26;26;7;0,014;4;21;21;1,0;4;0;0;49;7
PA2026-3116;2026-09-24;Änderung;6;Bestandskunde;Logistiktechnik;Bearbeitung;2;Stahl;pulverbeschichtet;26;26;7;0,004;4;6;6;1,0;4;0;0;14;2
PA2026-3117;2026-09-27;Standard;15;Bestandskunde;Automobilindustrie;Bearbeitung;7;Stahl;pulverbeschichtet;26;26;7;0,014;4;21;21;1,0;4;0;0;49;7
PA2026-3118;2026-09-24;Standard;6;Bestandskunde;Medizintechnik;Bearbeitung;6;Stahl;pulverbeschichtet;26;26;7;0,012;4;18;18;1,0;4;0;0;42;6
PA2026-3119;2026-09-30;Standard;4;Bestandskunde;Sonstige;Bearbeitung;8;Stahl;pulverbeschichtet;26;26;7;0,016;4;24;24;1,0;4;0;0;56;8
PA2026-3120;2026-09-29;Änderung;7;Bestandskunde;Maschinenbau;Bearbeitung;14;Stahl;pulverbeschichtet;28;28;15;0,042;4;42;42;1,0;4;0;0;112;14
PA2026-3121;2026-10-03;Änderung;14;Bestandskunde;Haushaltsgeräte;Bearbeitung;2;Stahl;pulverbeschichtet;26;26;7;0,004;4;6;6;1,0;4;0;0;14;2
PA2026-3122;2026-10-02;Standard;5;Bestandskunde;Maschinenbau;Bearbeitung;1;Stahl;pulverbeschichtet;26;26;7;0,002;4;3;3;1,0;4;0;0;7;1
PA2026-3123;2026-10-02;Standard;13;Bestandskunde;Haushaltsgeräte;Bearbeitung;2;Stahl;pulverbeschichtet;26;26;7;0,004;4;6;6;1,0;4;0;0;14;2
PA2026-3124;2026-10-02;Änderung;5;Bestandskunde;Maschinenbau;Bearbeitung;13;Stahl;pulverbeschichtet;28;28;15;0,039;4;39;39;1,0;4;0;0;104;13
PA2026-3125;2026-10-01;Standard;11;Bestandskunde;Medizintechnik;Bearbeitung;1;Stahl;pulverbeschichtet;26;26;7;0,002;4;3;3;1,0;4;0;0;7;1
PA2026-3126;2026-10-07;Standard;9;Bestandskunde;Automobilindustrie;Bearbeitung;16;Stahl;pulverbeschichtet;28;28;15;0,048;4;48;48;1,0;4;0;0;128;16
PA2026-3127;2026-10-05;Standard;5;Bestandskunde;Haushaltsgeräte;Bearbeitung;9;Stahl;pulverbeschichtet;26;26;7;0,018;4;27;27;1,0;4;0;0;63;9
PA2026-3128;2026-10-04;Änderung;5;Bestandskunde;Automobilindustrie;Bearbeitung;8;Stahl;pulverbeschichtet;28;28;15;0,024;4;24;24;1,0;4;0;0;64;8
PA2026-3129;2026-10-07;Standard;7;Bestandskunde;Medizintechnik;Bearbeitung;13;Stahl;pulverbeschichtet;28;28;15;0,039;4;39;39;1,0;4;0;0;104;13
PA2026-3130;2026-10-03;Änderung;7;Bestandskunde;Logistiktechnik;Bearbeitung;3;Stahl;pulverbeschichtet;26;26;7;0,006;4;9;9;1,0;4;0;0;21;3
PA2026-3131;2026-10-05;Standard;9;Neukunde;Sonstige;Bearbeitung;16;Stahl;pulverbeschichtet;26;26;7;0,032;4;48;48;1,0;4;0;0;112;16
PA2026-3132;2026-10-05;Standard;4;Bestandskunde;Maschinenbau;Bearbeitung;12;Stahl;pulverbeschichtet;26;26;7;0,024;4;36;36;1,0;4;0;0;84;12
PA2026-3133;2026-10-02;Standard;5;Bestandskunde;Logistiktechnik;Bearbeitung;15;Stahl;pulverbeschichtet;28;28;15;0,045;4;45;45;1,0;4;0;0;120;15
PA2026-3134;2026-10-05;Standard;4;Bestandskunde;Haushaltsgeräte;Bearbeitung;9;Stahl;pulverbeschichtet;28;28;15;0,027;4;27;27;1,0;4;0;0;72;9
PA2026-3135;2026-10-03;Standard;11;Bestandskunde;Maschinenbau;Bearbeitung;4;Stahl;pulverbeschichtet;28;28;15;0,012;4;12;12;1,0;4;0;0;32;4
PA2026-3136;2026-10-03;Standard;5;Bestandskunde;Maschinenbau;Bearbeitung;13;Stahl;pulverbeschichtet;26;26;7;0,026;4;39;39;1,0;4;0;0;91;13
PA2026-3137;2026-10-05;Standard;14;Bestandskunde;Maschinenbau;Bearbeitung;17;Stahl;pulverbeschichtet;28;28;15;0,051;4;51;51;1,0;4;0;0;136;17
PA2026-3138;2026-10-02;Änderung;13;Bestandskunde;Sonstige;Bearbeitung;1;Stahl;pulverbeschichtet;28;28;15;0,003;4;3;3;1,0;4;0;0;8;1
PA2026-3139;2026-10-04;Standard;10;Bestandskunde;Maschinenbau;Bearbeitung;15;Stahl;pulverbeschichtet;28;28;15;0,045;4;45;45;1,0;4;0;0;120;15
PA2026-3140;2026-10-05;Standard;4;Bestandskunde;Medizintechnik;Bearbeitung;19;Stahl;pulverbeschichtet;26;26;7;0,038;4;57;57;1,0;4;0;0;133;19
PA2026-3141;2026-10-04;Änderung;10;Bestandskunde;Logistiktechnik;Bearbeitung;17;Stahl;pulverbeschichtet;26;26;7;0,034;4;51;51;1,0;4;0;0;119;17
PA2026-3142;2026-10-05;Änderung;7;Bestandskunde;Sonstige;Bearbeitung;8;Stahl;pulverbeschichtet;26;26;7;0,016;4;24;24;1,0;4;0;0;56;8
PA2026-3143;2026-10-03;Änderung;15;Bestandskunde;Logistiktechnik;Bearbeitung;2;Stahl;pulverbeschichtet;28;28;15;0,006;4;6;6;1,0;4;0;0;16;2
PA2026-3144;2026-10-02;Standard;15;Bestandskunde;Sonstige;Bearbeitung;6;Stahl;pulverbeschichtet;26;26;7;0,012;4;18;18;1,0;4;0;0;42;6
PA2026-3145;2026-10-02;Standard;5;Bestandskunde;Maschinenbau;Bearbeitung;16;Stahl;pulverbeschichtet;26;26;7;0,032;4;48;48;1,0;4;0;0;112;16
PA2026-3146;2026-10-03;Standard;10;Bestandskunde;Automobilindustrie;Bearbeitung;7;Stahl;pulverbeschichtet;26;26;7;0,014;4;21;21;1,0;4;0;0;49;7
PA2026-3147;2026-10-01;Änderung;3;Bestandskunde;Sonstige;Bearbeitung;10;Stahl;pulverbeschichtet;26;26;7;0,02;4;30;30;1,0;4;0;0;70;10
PA2026-3148;2026-10-02;Standard;5;Bestandskunde;Automobilindustrie;Bearbeitung;17;Stahl;pulverbeschichtet;28;28;15;0,051;4;51;51;1,0;4;0;0;136;17
PA2026-3149;2026-10-03;Änderung;5;Bestandskunde;Medizintechnik;Bearbeitung;19;Stahl;pulverbeschichtet;26;26;7;0,038;4;57;57;1,0;4;0;0;133;19
PA2026-3150;2026-10-05;Standard;7;Bestandskunde;Haushaltsgeräte;Bearbeitung;16;Stahl;pulverbeschichtet;26;26;7;0,032;4;48;48;1,0;4;0;0;112;16
PA2026-3151;2026-10-06;Standard;13;Bestandskunde;Haushaltsgeräte;Bearbeitung;13;Stahl;pulverbeschichtet;26;26;7;0,026;4;39;39;1,0;4;0;0;91;13
PA2026-3152;2026-10-03;Änderung;5;Bestandskunde;Medizintechnik;Bearbeitung;18;Stahl;pulverbeschichtet;26;26;7;0,036;4;54;54;1,0;4;0;0;126;18
PA2026-3153;2026-10-03;Standard;12;Bestandskunde;Medizintechnik;Bearbeitung;20;Stahl;pulverbeschichtet;28;28;15;0,06;4;60;60;1,0;4;0;0;160;20
PA2026-3154;2026-10-02;Standard;8;Bestandskunde;Maschinenbau;Bearbeitung;8;Stahl;pulverbeschichtet;28;28;15;0,024;4;24;24;1,0;4;0;0;64;8
PA2026-3155;2026-10-01;Standard;15;Bestandskunde;Sonstige;Bearbeitung;20;Stahl;pulverbeschichtet;28;28;15;0,06;4;60;60;1,0;4;0;0;160;20
PA2026-3156;2026-10-03;Standard;10;Bestandskunde;Haushaltsgeräte;Bearbeitung;10;Stahl;pulverbeschichtet;28;28;15;0,03;4;30;30;1,0;4;0;0;80;10
PA2026-3157;2026-10-02;Standard;9;Bestandskunde;Automobilindustrie;Bearbeitung;3;Stahl;pulverbeschichtet;26;26;7;0,006;4;9;9;1,0;4;0;0;21;3
PA2026-3158;2026-10-03;Änderung;9;Bestandskunde;Sonstige;Bearbeitung;15;Stahl;pulverbeschichtet;28;28;15;0,045;4;45;45;1,0;4;0;0;120;15
PA2026-3159;2026-10-05;Standard;9;Bestandskunde;Automobilindustrie;Bearbeitung;9;Stahl;pulverbeschichtet;28;28;15;0,027;4;27;27;1,0;4;0;0;72;9
PA2026-3160;2026-10-04;Standard;7;Bestandskunde;Logistiktechnik;Bearbeitung;18;Stahl;pulverbeschichtet;28;28;15;0,054;4;54;54;1,0;4;0;0;144;18
PA2026-3161;2026-10-06;Standard;3;Bestandskunde;Medizintechnik;Bearbeitung;18;Stahl;pulverbeschichtet;26;26;7;0,036;4;54;54;1,0;4;0;0;126;18
PA2026-3162;2026-10-02;Änderung;8;Bestandskunde;Logistiktechnik;Bearbeitung;10;Stahl;pulverbeschichtet;26;26;7;0,02;4;30;30;1,0;4;0;0;70;10
PA2026-3163;2026-10-04;Änderung;7;Bestandskunde;Automobilindustrie;Bearbeitung;3;Stahl;pulverbeschichtet;26;26;7;0,006;4;9;9;1,0;4;0;0;21;3
PA2026-3164;2026-10-06;Änderung;11;Bestandskunde;Logistiktechnik;Bearbeitung;12;Stahl;pulverbeschichtet;28;28;15;0,036;4;36;36;1,0;4;0;0;96;12
PA2026-3165;2026-10-03;Standard;7;Bestandskunde;Maschinenbau;Bearbeitung;15;Stahl;pulverbeschichtet;26;26;7;0,03;4;45;45;1,0;4;0;0;105;15
PA2026-3166;2026-10-03;Standard;5;Bestandskunde;Maschinenbau;Bearbeitung;18;Stahl;pulverbeschichtet;26;26;7;0,036;4;54;54;1,0;4;0;0;126;18
PA2026-3167;2026-10-01;Standard;6;Bestandskunde;Automobilindustrie;Bearbeitung;6;Stahl;pulverbeschichtet;26;26;7;0,012;4;18;18;1,0;4;0;0;42;6
PA2026-3168;2026-10-05;Standard;4;Bestandskunde;Automobilindustrie;Bearbeitung;13;Stahl;pulverbeschichtet;28;28;15;0,039;4;39;39;1,0;4;0;0;104;13
PA2026-3169;2026-10-01;Standard;13;Bestandskunde;Sonstige;Bearbeitung;9;Stahl;pulverbeschichtet;26;26;7;0,018;4;27;27;1,0;4;0;0;63;9
PA2026-3170;2026-10-01;Standard;4;Bestandskunde;Maschinenbau;Bearbeitung;17;Stahl;pulverbeschichtet;28;28;15;0,051;4;51;51;1,0;4;0;0;136;17
PA2026-3171;2026-10-01;Standard;3;Bestandskunde;Sonstige;Bearbeitung;6;Stahl;pulverbeschichtet;26;26;7;0,012;4;18;18;1,0;4;0;0;42;6
PA2026-3172;2026-10-05;Standard;14;Bestandskunde;Automobilindustrie;Bearbeitung;1;Stahl;pulverbeschichtet;26;26;7;0,002;4;3;3;1,0;4;0;0;7;1
PA2026-3173;2026-10-06;Standard;12;Bestandskunde;Maschinenbau;Bearbeitung;14;Stahl;pulverbeschichtet;28;28;15;0,042;4;42;42;1,0;4;0;0;112;14
PA2026-3174;2026-10-07;Standard;9;Bestandskunde;Automobilindustrie;Bearbeitung;10;Stahl;pulverbeschichtet;28;28;15;0,03;4;30;30;1,0;4;0;0;80;10
PA2026-3175;2026-10-04;Standard;14;Neukunde;Automobilindustrie;Bearbeitung;10;Stahl;pulverbeschichtet;26;26;7;0,02;4;30;30;1,0;4;0;0;70;10
PA2026-3176;2026-10-01;Standard;5;Bestandskunde;Maschinenbau;Bearbeitung;16;Stahl;pulverbeschichtet;28;28;15;0,048;4;48;48;1,0;4;0;0;128;16
PA2026-3177;2026-10-04;Standard;7;Bestandskunde;Maschinenbau;Bearbeitung;14;Stahl;pulverbeschichtet;26;26;7;0,028;4;42;42;1,0;4;0;0;98;14
PA2026-3178;2026-10-04;Änderung;8;Bestandskunde;Sonstige;Bearbeitung;4;Stahl;pulverbeschichtet;26;26;7;0,008;4;12;12;1,0;4;0;0;28;4
PA2026-3179;2026-10-06;Standard;8;Bestandskunde;Maschinenbau;Bearbeitung;17;Stahl;pulverbeschichtet;26;26;7;0,034;4;51;51;1,0;4;0;0;119;17
PA2026-3180;2026-10-06;Standard;13;Bestandskunde;Maschinenbau;Bearbeitung;13;Stahl;pulverbeschichtet;28;28;15;0,039;4;39;39;1,0;4;0;0;104;13
PA2026-3181;2026-10-03;Standard;5;Bestandskunde;Automobilindustrie;Bearbeitung;15;Stahl;pulverbeschichtet;26;26;7;0,03;4;45;45;1,0;4;0;0;105;15
PA2026-3182;2026-10-04;Standard;15;Bestandskunde;Automobilindustrie;Bearbeitung;20;Stahl;pulverbeschichtet;28;28;15;0,06;4;60;60;1,0;4;0;0;160;20
PA2026-3183;2026-10-04;Standard;5;Bestandskunde;Maschinenbau;Bearbeitung;7;Stahl;pulverbeschichtet;28;28;15;0,021;4;21;21;1,0;4;0;0;56;7
PA2026-3184;2026-10-01;Standard;12;Bestandskunde;Medizintechnik;Bearbeitung;17;Stahl;pulverbeschichtet;28;28;15;0,051;4;51;51;1,0;4;0;0;136;17
PA2026-3185;2026-10-05;Standard;14;Bestandskunde;Haushaltsgeräte;Bearbeitung;5;Stahl;pulverbeschichtet;28;28;15;0,015;4;15;15;1,0;4;0;0;40;5
PA2026-3186;2026-10-07;Standard;9;Bestandskunde;Maschinenbau;Bearbeitung;10;Stahl;pulverbeschichtet;26;26;7;0,02;4;30;30;1,0;4;0;0;70;10
PA2026-3187;2026-10-07;Standard;12;Bestandskunde;Medizintechnik;Bearbeitung;5;Stahl;pulverbeschichtet;28;28;15;0,015;4;15;15;1,0;4;0;0;40;5
PA2026-3188;2026-10-07;Standard;12;Bestandskunde;Haushaltsgeräte;Bearbeitung;12;Stahl;pulverbeschichtet;26;26;7;0,024;4;36;36;1,0;4;0;0;84;12
PA2026-3189;2026-10-03;Standard;7;Bestandskunde;Sonstige;Bearbeitung;9;Stahl;pulverbeschichtet;26;26;7;0,018;4;27;27;1,0;4;0;0;63;9
PA2026-3190;2026-10-07;Standard;5;Bestandskunde;Logistiktechnik;Bearbeitung;20;Stahl;pulverbeschichtet;28;28;15;0,06;4;60;60;1,0;4;0;0;160;20
PA2026-3191;2026-10-05;Standard;5;Bestandskunde;Logistiktechnik;Bearbeitung;1;Stahl;pulverbeschichtet;28;28;15;0,003;4;3;3;1,0;4;0;0;8;1
PA2026-3192;2026-10-03;Standard;9;Bestandskunde;Automobilindustrie;Bearbeitung;10;Stahl;pulverbeschichtet;28;28;15;0,03;4;30;30;1,0;4;0;0;80;10
PA2026-3193;2026-10-05;Standard;15;Bestandskunde;Sonstige;Bearbeitung;18;Stahl;pulverbeschichtet;26;26;7;0,036;4;54;54;1,0;4;0;0;126;18
PA2026-3194;2026-10-04;Standard;10;Bestandskunde;Automobilindustrie;Bearbeitung;4;Stahl;pulverbeschichtet;26;26;7;0,008;4;12;12;1,0;4;0;0;28;4
PA2026-3195;2026-10-02;Standard;5;Bestandskunde;Maschinenbau;Bearbeitung;10;Stahl;pulverbeschichtet;26;26;7;0,02;4;30;30;1,0;4;0;0;70;10
PA2026-3196;2026-10-01;Standard;6;Bestandskunde;Haushaltsgeräte;Bearbeitung;13;Stahl;pulverbeschichtet;26;26;7;0,026;4;39;39;1,0;4;0;0;91;13
PA2026-3197;2026-10-05;Standard;15;Bestandskunde;Sonstige;Bearbeitung;8;Stahl;pulverbeschichtet;26;26;7;0,016;4;24;24;1,0;4;0;0;56;8
PA2026-3198;2026-10-01;Änderung;15;Bestandskunde;Automobilindustrie;Bearbeitung;7;Stahl;pulverbeschichtet;28;28;15;0,021;4;21;21;1,0;4;0;0;56;7
PA2026-3199;2026-10-06;Standard;8;Bestandskunde;Automobilindustrie;Bearbeitung;19;Stahl;pulverbeschichtet;26;26;7;0,038;4;57;57;1,0;4;0;0;133;19
PA2026-3200;2026-10-01;Standard;9;Bestandskunde;Sonstige;Bearbeitung;10;Stahl;pulverbeschichtet;26;26;7;0,02;4;30;30;1,0;4;0;0;70;10
PA2026-3201;2026-10-02;Standard;5;Bestandskunde;Medizintechnik;Bearbeitung;4;Stahl;pulverbeschichtet;28;28;15;0,012;4;12;12;1,0;4;0;0;32;4
PA2026-3202;2026-10-05;Standard;14;Bestandskunde;Maschinenbau;Bearbeitung;13;Stahl;pulverbeschichtet;28;28;15;0,039;4;39;39;1,0;4;0;0;104;13
PA2026-3203;2026-10-06;Standard;4;Bestandskunde;Maschinenbau;Bearbeitung;19;Stahl;pulverbeschichtet;26;26;7;0,038;4;57;57;1,0;4;0;0;133;19
PA2026-3204;2026-10-04;Änderung;15;Bestandskunde;Haushaltsgeräte;Bearbeitung;1;Stahl;pulverbeschichtet;28;28;15;0,003;4;3;3;1,0;4;0;0;8;1
PA2026-3205;2026-10-02;Standard;13;Bestandskunde;Medizintechnik;Bearbeitung;6;Stahl;pulverbeschichtet;26;26;7;0,012;4;18;18;1,0;4;0;0;42;6
PA2026-3206;2026-10-04;Standard;8;Bestandskunde;Maschinenbau;Bearbeitung;15;Stahl;pulverbeschichtet;26;26;7;0,03;4;45;45;1,0;4;0;0;105;15
PA2026-3207;2026-10-02;Standard;13;Bestandskunde;Sonstige;Bearbeitung;8;Stahl;pulverbeschichtet;26;26;7;0,016;4;24;24;1,0;4;0;0;56;8
PA2026-3208;2026-10-04;Standard;6;Bestandskunde;Logistiktechnik;Bearbeitung;17;Stahl;pulverbeschichtet;28;28;15;0,051;4;51;51;1,0;4;0;0;136;17
PA2026-3209;2026-10-07;Standard;7;Bestandskunde;Maschinenbau;Bearbeitung;20;Stahl;pulverbeschichtet;26;26;7;0,04;4;60;60;1,0;4;0;0;140;20
PA2026-3210;2026-10-04;Standard;15;Bestandskunde;Logistiktechnik;Bearbeitung;16;Stahl;pulverbeschichtet;28;28;15;0,048;4;48;48;1,0;4;0;0;128;16
PA2026-3211;2026-10-08;Änderung;13;Bestandskunde;Automobilindustrie;Bearbeitung;4;Stahl;pulverbeschichtet;28;28;15;0,012;4;12;12;1,0;4;0;0;32;4
PA2026-3212;2026-10-14;Standard;10;Bestandskunde;Logistiktechnik;Bearbeitung;18;Stahl;pulverbeschichtet;26;26;7;0,036;4;54;54;1,0;4;0;0;126;18
PA2026-3213;2026-10-11;Standard;15;Bestandskunde;Automobilindustrie;Bearbeitung;9;Stahl;pulverbeschichtet;28;28;15;0,027;4;27;27;1,0;4;0;0;72;9
PA2026-3214;2026-10-14;Änderung;7;Bestandskunde;Logistiktechnik;Bearbeitung;6;Stahl;pulverbeschichtet;28;28;15;0,018;4;18;18;1,0;4;0;0;48;6
PA2026-3215;2026-10-11;Standard;5;Bestandskunde;Haushaltsgeräte;Bearbeitung;13;Stahl;pulverbeschichtet;26;26;7;0,026;4;39;39;1,0;4;0;0;91;13
PA2026-3216;2026-10-10;Änderung;12;Bestandskunde;Automobilindustrie;Bearbeitung;15;Stahl;pulverbeschichtet;28;28;15;0,045;4;45;45;1,0;4;0;0;120;15
PA2026-3217;2026-10-11;Standard;6;Bestandskunde;Sonstige;Bearbeitung;12;Stahl;pulverbeschichtet;28;28;15;0,036;4;36;36;1,0;4;0;0;96;12
PA2026-3218;2026-10-10;Änderung;5;Bestandskunde;Maschinenbau;Bearbeitung;10;Stahl;pulverbeschichtet;26;26;7;0,02;4;30;30;1,0;4;0;0;70;10
PA2026-3219;2026-10-08;Standard;3;Bestandskunde;Haushaltsgeräte;Bearbeitung;7;Stahl;pulverbeschichtet;26;26;7;0,014;4;21;21;1,0;4;0;0;49;7
PA2026-3220;2026-10-14;Standard;15;Bestandskunde;Sonstige;Bearbeitung;6;Stahl;pulverbeschichtet;28;28;15;0,018;4;18;18;1,0;4;0;0;48;6
PA2026-3221;2026-10-13;Änderung;6;Bestandskunde;Haushaltsgeräte;Bearbeitung;19;Stahl;pulverbeschichtet;28;28;15;0,057;4;57;57;1,0;4;0;0;152;19
PA2026-3222;2026-10-12;Standard;10;Bestandskunde;Maschinenbau;Bearbeitung;1;Stahl;pulverbeschichtet;26;26;7;0,002;4;3;3;1,0;4;0;0;7;1
PA2026-3223;2026-10-13;Standard;13;Bestandskunde;Maschinenbau;Bearbeitung;1;Stahl;pulverbeschichtet;28;28;15;0,003;4;3;3;1,0;4;0;0;8;1
PA2026-3224;2026-10-08;Standard;6;Bestandskunde;Automobilindustrie;Bearbeitung;13;Stahl;pulverbeschichtet;28;28;15;0,039;4;39;39;1,0;4;0;0;104;13
PA2026-3225;2026-10-10;Standard;12;Bestandskunde;Automobilindustrie;Bearbeitung;8;Stahl;pulverbeschichtet;28;28;15;0,024;4;24;24;1,0;4;0;0;64;8
PA2026-3226;2026-10-09;Standard;10;Bestandskunde;Sonstige;Bearbeitung;11;Stahl;pulverbeschichtet;26;26;7;0,022;4;33;33;1,0;4;0;0;77;11
PA2026-3227;2026-10-14;Änderung;9;Bestandskunde;Automobilindustrie;Bearbeitung;5;Stahl;pulverbeschichtet;26;26;7;0,01;4;15;15;1,0;4;0;0;35;5
PA2026-3228;2026-10-14;Standard;12;Bestandskunde;Automobilindustrie;Bearbeitung;16;Stahl;pulverbeschichtet;28;28;15;0,048;4;48;48;1,0;4;0;0;128;16
PA2026-3229;2026-10-10;Standard;5;Neukunde;Automobilindustrie;Bearbeitung;15;Stahl;pulverbeschichtet;26;26;7;0,03;4;45;45;1,0;4;0;0;105;15
PA2026-3230;2026-10-14;Standard;6;Bestandskunde;Sonstige;Bearbeitung;19;Stahl;pulverbeschichtet;28;28;15;0,057;4;57;57;1,0;4;0;0;152;19
PA2026-3231;2026-10-08;Standard;11;Bestandskunde;Medizintechnik;Bearbeitung;2;Stahl;pulverbeschichtet;28;28;15;0,006;4;6;6;1,0;4;0;0;16;2
PA2026-3232;2026-10-09;Änderung;11;Bestandskunde;Automobilindustrie;Bearbeitung;10;Stahl;pulverbeschichtet;28;28;15;0,03;4;30;30;1,0;4;0;0;80;10
PA2026-3233;2026-10-14;Standard;12;Bestandskunde;Maschinenbau;Bearbeitung;15;Stahl;pulverbeschichtet;28;28;15;0,045;4;45;45;1,0;4;0;0;120;15
PA2026-3234;2026-10-08;Änderung;11;Bestandskunde;Maschinenbau;Bearbeitung;15;Stahl;pulverbeschichtet;28;28;15;0,045;4;45;45;1,0;4;0;0;120;15
PA2026-3235;2026-10-14;Standard;15;Bestandskunde;Logistiktechnik;Bearbeitung;9;Stahl;pulverbeschichtet;26;26;7;0,018;4;27;27;1,0;4;0;0;63;9
PA2026-3236;2026-10-13;Standard;8;Bestandskunde;Medizintechnik;Bearbeitung;7;Stahl;pulverbeschichtet;28;28;15;0,021;4;21;21;1,0;4;0;0;56;7
PA2026-3237;2026-10-10;Standard;10;Bestandskunde;Logistiktechnik;Bearbeitung;6;Stahl;pulverbeschichtet;26;26;7;0,012;4;18;18;1,0;4;0;0;42;6
PA2026-3238;2026-10-14;Standard;5;Bestandskunde;Maschinenbau;Bearbeitung;11;Stahl;pulverbeschichtet;28;28;15;0,033;4;33;33;1,0;4;0;0;88;11
PA2026-3239;2026-10-09;Standard;11;Bestandskunde;Maschinenbau;Bearbeitung;11;Stahl;pulverbeschichtet;28;28;15;0,033;4;33;33;1,0;4;0;0;88;11
PA2026-3240;2026-10-13;Standard;15;Bestandskunde;Maschinenbau;Bearbeitung;15;Stahl;pulverbeschichtet;28;28;15;0,045;4;45;45;1,0;4;0;0;120;15
PA2026-3241;2026-10-08;Standard;13;Bestandskunde;Maschinenbau;Bearbeitung;1;Stahl;pulverbeschichtet;26;26;7;0,002;4;3;3;1,0;4;0;0;7;1
PA2026-3242;2026-10-11;Standard;9;Neukunde;Sonstige;Bearbeitung;7;Stahl;pulverbeschichtet;28;28;15;0,021;4;21;21;1,0;4;0;0;56;7
PA2026-3243;2026-10-13;Standard;13;Bestandskunde;Automobilindustrie;Bearbeitung;12;Stahl;pulverbeschichtet;28;28;15;0,036;4;36;36;1,0;4;0;0;96;12
PA2026-3244;2026-10-12;Standard;14;Bestandskunde;Maschinenbau;Bearbeitung;20;Stahl;pulverbeschichtet;26;26;7;0,04;4;60;60;1,0;4;0;0;140;20
PA2026-3245;2026-10-13;Standard;3;Bestandskunde;Automobilindustrie;Bearbeitung;17;Stahl;pulverbeschichtet;26;26;7;0,034;4;51;51;1,0;4;0;0;119;17
PA2026-3246;2026-10-13;Standard;8;Bestandskunde;Logistiktechnik;Bearbeitung;12;Stahl;pulverbeschichtet;28;28;15;0,036;4;36;36;1,0;4;0;0;96;12
PA2026-3247;2026-10-08;Standard;11;Neukunde;Automobilindustrie;Bearbeitung;20;Stahl;pulverbeschichtet;26;26;7;0,04;4;60;60;1,0;4;0;0;140;20
PA2026-3248;2026-10-09;Standard;12;Bestandskunde;Automobilindustrie;Bearbeitung;11;Stahl;pulverbeschichtet;26;26;7;0,022;4;33;33;1,0;4;0;0;77;11
PA2026-3249;2026-10-10;Standard;4;Bestandskunde;Maschinenbau;Bearbeitung;11;Stahl;pulverbeschichtet;28;28;15;0,033;4;33;33;1,0;4;0;0;88;11
PA2026-3250;2026-10-08;Standard;14;Neukunde;Maschinenbau;Bearbeitung;16;Stahl;pulverbeschichtet;28;28;15;0,048;4;48;48;1,0;4;0;0;128;16
PA2026-3251;2026-10-10;Standard;7;Bestandskunde;Logistiktechnik;Bearbeitung;1;Stahl;pulverbeschichtet;28;28;15;0,003;4;3;3;1,0;4;0;0;8;1
PA2026-3252;2026-10-09;Standard;6;Neukunde;Automobilindustrie;Bearbeitung;5;Stahl;pulverbeschichtet;26;26;7;0,01;4;15;15;1,0;4;0;0;35;5
PA2026-3253;2026-10-09;Standard;6;Bestandskunde;Automobilindustrie;Bearbeitung;5;Stahl;pulverbeschichtet;28;28;15;0,015;4;15;15;1,0;4;0;0;40;5
PA2026-3254;2026-10-08;Standard;5;Neukunde;Sonstige;Bearbeitung;16;Stahl;pulverbeschichtet;28;28;15;0,048;4;48;48;1,0;4;0;0;128;16
PA2026-3255;2026-10-08;Standard;14;Bestandskunde;Automobilindustrie;Bearbeitung;10;Stahl;pulverbeschichtet;28;28;15;0,03;4;30;30;1,0;4;0;0;80;10
PA2026-3256;2026-10-08;Standard;10;Bestandskunde;Automobilindustrie;Bearbeitung;19;Stahl;pulverbeschichtet;26;26;7;0,038;4;57;57;1,0;4;0;0;133;19
PA2026-3257;2026-10-10;Standard;7;Neukunde;Logistiktechnik;Bearbeitung;19;Stahl;pulverbeschichtet;26;26;7;0,038;4;57;57;1,0;4;0;0;133;19
PA2026-3258;2026-10-12;Standard;8;Bestandskunde;Sonstige;Bearbeitung;14;Stahl;pulverbeschichtet;26;26;7;0,028;4;42;42;1,0;4;0;0;98;14
PA2026-3259;2026-10-10;Standard;7;Bestandskunde;Sonstige;Bearbeitung;3;Stahl;pulverbeschichtet;26;26;7;0,006;4;9;9;1,0;4;0;0;21;3
PA2026-3260;2026-10-12;Änderung;4;Bestandskunde;Sonstige;Bearbeitung;1;Stahl;pulverbeschichtet;26;26;7;0,002;4;3;3;1,0;4;0;0;7;1
PA2026-3261;2026-10-11;Änderung;9;Bestandskunde;Sonstige;Bearbeitung;11;Stahl;pulverbeschichtet;26;26;7;0,022;4;33;33;1,0;4;0;0;77;11
PA2026-3262;2026-10-10;Änderung;8;Bestandskunde;Sonstige;Bearbeitung;15;Stahl;pulverbeschichtet;26;26;7;0,03;4;45;45;1,0;4;0;0;105;15
PA2026-3263;2026-10-10;Standard;12;Bestandskunde;Automobilindustrie;Bearbeitung;15;Stahl;pulverbeschichtet;26;26;7;0,03;4;45;45;1,0;4;0;0;105;15
PA2026-3264;2026-10-14;Standard;13;Bestandskunde;Sonstige;Bearbeitung;18;Stahl;pulverbeschichtet;26;26;7;0,036;4;54;54;1,0;4;0;0;126;18
PA2026-3265;2026-10-12;Änderung;4;Neukunde;Automobilindustrie;Bearbeitung;11;Stahl;pulverbeschichtet;26;26;7;0,022;4;33;33;1,0;4;0;0;77;11
PA2026-3266;2026-10-09;Standard;10;Bestandskunde;Automobilindustrie;Bearbeitung;18;Stahl;pulverbeschichtet;28;28;15;0,054;4;54;54;1,0;4;0;0;144;18
PA2026-3267;2026-10-13;Standard;8;Bestandskunde;Automobilindustrie;Bearbeitung;15;Stahl;pulverbeschichtet;28;28;15;0,045;4;45;45;1,0;4;0;0;120;15
PA2026-3268;2026-10-09;Standard;5;Bestandskunde;Automobilindustrie;Bearbeitung;13;Stahl;pulverbeschichtet;26;26;7;0,026;4;39;39;1,0;4;0;0;91;13
PA2026-3269;2026-10-13;Standard;4;Bestandskunde;Haushaltsgeräte;Bearbeitung;14;Stahl;pulverbeschichtet;26;26;7;0,028;4;42;42;1,0;4;0;0;98;14
PA2026-3270;2026-10-14;Standard;12;Bestandskunde;Haushaltsgeräte;Bearbeitung;11;Stahl;pulverbeschichtet;26;26;7;0,022;4;33;33;1,0;4;0;0;77;11
PA2026-3271;2026-10-21;Standard;7;Bestandskunde;Automobilindustrie;Bearbeitung;7;Stahl;pulverbeschichtet;26;26;7;0,014;4;21;21;1,0;4;0;0;49;7
PA2026-3272;2026-10-19;Standard;12;Bestandskunde;Maschinenbau;Bearbeitung;17;Stahl;pulverbeschichtet;28;28;15;0,051;4;51;51;1,0;4;0;0;136;17
PA2026-3273;2026-10-21;Standard;3;Bestandskunde;Medizintechnik;Bearbeitung;12;Stahl;pulverbeschichtet;28;28;15;0,036;4;36;36;1,0;4;0;0;96;12
PA2026-3274;2026-10-16;Standard;4;Bestandskunde;Medizintechnik;Bearbeitung;4;Stahl;pulverbeschichtet;28;28;15;0,012;4;12;12;1,0;4;0;0;32;4
PA2026-3275;2026-10-16;Änderung;6;Bestandskunde;Maschinenbau;Bearbeitung;10;Stahl;pulverbeschichtet;26;26;7;0,02;4;30;30;1,0;4;0;0;70;10
PA2026-3276;2026-10-17;Änderung;10;Bestandskunde;Automobilindustrie;Bearbeitung;19;Stahl;pulverbeschichtet;26;26;7;0,038;4;57;57;1,0;4;0;0;133;19
PA2026-3277;2026-10-16;Standard;10;Bestandskunde;Maschinenbau;Bearbeitung;6;Stahl;pulverbeschichtet;26;26;7;0,012;4;18;18;1,0;4;0;0;42;6
PA2026-3278;2026-10-16;Standard;10;Bestandskunde;Maschinenbau;Bearbeitung;12;Stahl;pulverbeschichtet;26;26;7;0,024;4;36;36;1,0;4;0;0;84;12
PA2026-3279;2026-10-21;Standard;4;Bestandskunde;Automobilindustrie;Bearbeitung;8;Stahl;pulverbeschichtet;28;28;15;0,024;4;24;24;1,0;4;0;0;64;8
PA2026-3280;2026-10-17;Standard;5;Bestandskunde;Sonstige;Bearbeitung;17;Stahl;pulverbeschichtet;28;28;15;0,051;4;51;51;1,0;4;0;0;136;17
PA2026-3281;2026-10-21;Änderung;7;Bestandskunde;Maschinenbau;Bearbeitung;8;Stahl;pulverbeschichtet;28;28;15;0,024;4;24;24;1,0;4;0;0;64;8
PA2026-3282;2026-10-17;Änderung;9;Bestandskunde;Logistiktechnik;Bearbeitung;14;Stahl;pulverbeschichtet;26;26;7;0,028;4;42;42;1,0;4;0;0;98;14
PA2026-3283;2026-10-21;Standard;3;Bestandskunde;Automobilindustrie;Bearbeitung;18;Stahl;pulverbeschichtet;26;26;7;0,036;4;54;54;1,0;4;0;0;126;18
PA2026-3284;2026-10-16;Standard;9;Bestandskunde;Automobilindustrie;Bearbeitung;19;Stahl;pulverbeschichtet;26;26;7;0,038;4;57;57;1,0;4;0;0;133;19
PA2026-3285;2026-10-21;Änderung;11;Bestandskunde;Automobilindustrie;Bearbeitung;20;Stahl;pulverbeschichtet;26;26;7;0,04;4;60;60;1,0;4;0;0;140;20
PA2026-3286;2026-10-15;Änderung;6;Bestandskunde;Maschinenbau;Bearbeitung;7;Stahl;pulverbeschichtet;26;26;7;0,014;4;21;21;1,0;4;0;0;49;7
PA2026-3287;2026-10-18;Änderung;10;Bestandskunde;Logistiktechnik;Bearbeitung;3;Stahl;pulverbeschichtet;26;26;7;0,006;4;9;9;1,0;4;0;0;21;3
PA2026-3288;2026-10-16;Standard;9;Bestandskunde;Medizintechnik;Bearbeitung;15;Stahl;pulverbeschichtet;26;26;7;0,03;4;45;45;1,0;4;0;0;105;15
PA2026-3289;2026-10-21;Standard;6;Bestandskunde;Haushaltsgeräte;Bearbeitung;15;Stahl;pulverbeschichtet;28;28;15;0,045;4;45;45;1,0;4;0;0;120;15
PA2026-3290;2026-10-15;Änderung;14;Bestandskunde;Automobilindustrie;Bearbeitung;5;Stahl;pulverbeschichtet;26;26;7;0,01;4;15;15;1,0;4;0;0;35;5
PA2026-3291;2026-10-18;Standard;11;Bestandskunde;Haushaltsgeräte;Bearbeitung;13;Stahl;pulverbeschichtet;28;28;15;0,039;4;39;39;1,0;4;0;0;104;13
PA2026-3292;2026-10-15;Standard;6;Bestandskunde;Haushaltsgeräte;Bearbeitung;14;Stahl;pulverbeschichtet;28;28;15;0,042;4;42;42;1,0;4;0;0;112;14
PA2026-3293;2026-10-21;Änderung;8;Bestandskunde;Maschinenbau;Bearbeitung;6;Stahl;pulverbeschichtet;26;26;7;0,012;4;18;18;1,0;4;0;0;42;6
PA2026-3294;2026-10-21;Änderung;7;Bestandskunde;Automobilindustrie;Bearbeitung;4;Stahl;pulverbeschichtet;28;28;15;0,012;4;12;12;1,0;4;0;0;32;4
PA2026-3295;2026-10-20;Änderung;8;Bestandskunde;Sonstige;Bearbeitung;11;Stahl;pulverbeschichtet;26;26;7;0,022;4;33;33;1,0;4;0;0;77;11
PA2026-3296;2026-10-16;Standard;5;Bestandskunde;Sonstige;Bearbeitung;10;Stahl;pulverbeschichtet;26;26;7;0,02;4;30;30;1,0;4;0;0;70;10
PA2026-3297;2026-10-19;Änderung;14;Bestandskunde;Automobilindustrie;Bearbeitung;5;Stahl;pulverbeschichtet;26;26;7;0,01;4;15;15;1,0;4;0;0;35;5
PA2026-3298;2026-10-19;Standard;7;Bestandskunde;Maschinenbau;Bearbeitung;5;Stahl;pulverbeschichtet;28;28;15;0,015;4;15;15;1,0;4;0;0;40;5
PA2026-3299;2026-10-19;Standard;9;Bestandskunde;Maschinenbau;Bearbeitung;11;Stahl;pulverbeschichtet;26;26;7;0,022;4;33;33;1,0;4;0;0;77;11
PA2026-3300;2026-10-20;Änderung;3;Bestandskunde;Maschinenbau;Bearbeitung;16;Stahl;pulverbeschichtet;26;26;7;0,032;4;48;48;1,0;4;0;0;112;16
PA2026-3301;2026-10-18;Änderung;13;Bestandskunde;Sonstige;Bearbeitung;7;Stahl;pulverbeschichtet;26;26;7;0,014;4;21;21;1,0;4;0;0;49;7
PA2026-3302;2026-10-19;Änderung;14;Bestandskunde;Maschinenbau;Bearbeitung;20;Stahl;pulverbeschichtet;26;26;7;0,04;4;60;60;1,0;4;0;0;140;20
PA2026-3303;2026-10-17;Standard;14;Bestandskunde;Maschinenbau;Bearbeitung;14;Stahl;pulverbeschichtet;26;26;7;0,028;4;42;42;1,0;4;0;0;98;14
PA2026-3304;2026-10-19;Standard;11;Bestandskunde;Logistiktechnik;Bearbeitung;12;Stahl;pulverbeschichtet;28;28;15;0,036;4;36;36;1,0;4;0;0;96;12
PA2026-3305;2026-10-21;Standard;11;Bestandskunde;Maschinenbau;Bearbeitung;16;Stahl;pulverbeschichtet;26;26;7;0,032;4;48;48;1,0;4;0;0;112;16
PA2026-3306;2026-10-21;Änderung;7;Bestandskunde;Maschinenbau;Bearbeitung;13;Stahl;pulverbeschichtet;26;26;7;0,026;4;39;39;1,0;4;0;0;91;13
PA2026-3307;2026-10-20;Standard;8;Bestandskunde;Automobilindustrie;Bearbeitung;11;Stahl;pulverbeschichtet;28;28;15;0,033;4;33;33;1,0;4;0;0;88;11
PA2026-3308;2026-10-21;Änderung;12;Bestandskunde;Automobilindustrie;Bearbeitung;6;Stahl;pulverbeschichtet;28;28;15;0,018;4;18;18;1,0;4;0;0;48;6
PA2026-3309;2026-10-21;Standard;6;Bestandskunde;Haushaltsgeräte;Bearbeitung;13;Stahl;pulverbeschichtet;28;28;15;0,039;4;39;39;1,0;4;0;0;104;13
PA2026-3310;2026-10-18;Änderung;8;Bestandskunde;Medizintechnik;Bearbeitung;9;Stahl;pulverbeschichtet;26;26;7;0,018;4;27;27;1,0;4;0;0;63;9
PA2026-3311;2026-10-15;Standard;6;Bestandskunde;Automobilindustrie;Bearbeitung;9;Stahl;pulverbeschichtet;26;26;7;0,018;4;27;27;1,0;4;0;0;63;9
PA2026-3312;2026-10-19;Änderung;8;Bestandskunde;Automobilindustrie;Bearbeitung;20;Stahl;pulverbeschichtet;26;26;7;0,04;4;60;60;1,0;4;0;0;140;20
PA2026-3313;2026-10-16;Standard;13;Bestandskunde;Haushaltsgeräte;Bearbeitung;1;Stahl;pulverbeschichtet;28;28;15;0,003;4;3;3;1,0;4;0;0;8;1
PA2026-3314;2026-10-21;Änderung;4;Bestandskunde;Medizintechnik;Bearbeitung;7;Stahl;pulverbeschichtet;28;28;15;0,021;4;21;21;1,0;4;0;0;56;7
PA2026-3315;2026-10-18;Standard;10;Bestandskunde;Maschinenbau;Bearbeitung;8;Stahl;pulverbeschichtet;26;26;7;0,016;4;24;24;1,0;4;0;0;56;8
PA2026-3316;2026-10-20;Standard;5;Bestandskunde;Logistiktechnik;Bearbeitung;7;Stahl;pulverbeschichtet;26;26;7;0,014;4;21;21;1,0;4;0;0;49;7
PA2026-3317;2026-10-16;Standard;10;Bestandskunde;Maschinenbau;Bearbeitung;19;Stahl;pulverbeschichtet;26;26;7;0,038;4;57;57;1,0;4;0;0;133;19
PA2026-3318;2026-10-21;Standard;3;Bestandskunde;Automobilindustrie;Bearbeitung;1;Stahl;pulverbeschichtet;26;26;7;0,002;4;3;3;1,0;4;0;0;7;1
PA2026-3319;2026-10-18;Standard;5;Bestandskunde;Maschinenbau;Bearbeitung;4;Stahl;pulverbeschichtet;26;26;7;0,008;4;12;12;1,0;4;0;0;28;4
PA2026-3320;2026-10-18;Änderung;14;Bestandskunde;Haushaltsgeräte;Bearbeitung;7;Stahl;pulverbeschichtet;28;28;15;0,021;4;21;21;1,0;4;0;0;56;7
PA2026-3321;2026-10-15;Standard;11;Bestandskunde;Haushaltsgeräte;Bearbeitung;9;Stahl;pulverbeschichtet;28;28;15;0,027;4;27;27;1,0;4;0;0;72;9
PA2026-3322;2026-10-18;Standard;14;Neukunde;Maschinenbau;Bearbeitung;4;Stahl;pulverbeschichtet;28;28;15;0,012;4;12;12;1,0;4;0;0;32;4
PA2026-3323;2026-10-21;Standard;12;Bestandskunde;Logistiktechnik;Bearbeitung;20;Stahl;pulverbeschichtet;26;26;7;0,04;4;60;60;1,0;4;0;0;140;20
PA2026-3324;2026-10-20;Standard;5;Bestandskunde;Maschinenbau;Bearbeitung;7;Stahl;pulverbeschichtet;28;28;15;0,021;4;21;21;1,0;4;0;0;56;7
PA2026-3325;2026-10-17;Änderung;10;Bestandskunde;Logistiktechnik;Bearbeitung;7;Stahl;pulverbeschichtet;26;26;7;0,014;4;21;21;1,0;4;0;0;49;7
PA2026-3326;2026-10-18;Änderung;15;Bestandskunde;Automobilindustrie;Bearbeitung;12;Stahl;pulverbeschichtet;28;28;15;0,036;4;36;36;1,0;4;0;0;96;12
PA2026-3327;2026-10-21;Änderung;4;Bestandskunde;Maschinenbau;Bearbeitung;9;Stahl;pulverbeschichtet;28;28;15;0,027;4;27;27;1,0;4;0;0;72;9
PA2026-3328;2026-10-19;Änderung;4;Bestandskunde;Logistiktechnik;Bearbeitung;3;Stahl;pulverbeschichtet;28;28;15;0,009;4;9;9;1,0;4;0;0;24;3
PA2026-3329;2026-10-21;Änderung;11;Bestandskunde;Sonstige;Bearbeitung;1;Stahl;pulverbeschichtet;28;28;15;0,003;4;3;3;1,0;4;0;0;8;1
PA2026-3330;2026-10-19;Standard;9;Neukunde;Automobilindustrie;Bearbeitung;2;Stahl;pulverbeschichtet;26;26;7;0,004;4;6;6;1,0;4;0;0;14;2
PA2026-3331;2026-10-26;Änderung;9;Bestandskunde;Logistiktechnik;Bearbeitung;9;Stahl;pulverbeschichtet;26;26;7;0,018;4;27;27;1,0;4;0;0;63;9
PA2026-3332;2026-10-23;Standard;8;Bestandskunde;Automobilindustrie;Bearbeitung;11;Stahl;pulverbeschichtet;26;26;7;0,022;4;33;33;1,0;4;0;0;77;11
PA2026-3333;2026-10-26;Standard;9;Bestandskunde;Sonstige;Bearbeitung;1;Stahl;pulverbeschichtet;26;26;7;0,002;4;3;3;1,0;4;0;0;7;1
PA2026-3334;2026-10-28;Änderung;10;Bestandskunde;Maschinenbau;Bearbeitung;8;Stahl;pulverbeschichtet;26;26;7;0,016;4;24;24;1,0;4;0;0;56;8
PA2026-3335;2026-10-25;Standard;5;Bestandskunde;Medizintechnik;Bearbeitung;7;Stahl;pulverbeschichtet;28;28;15;0,021;4;21;21;1,0;4;0;0;56;7
PA2026-3336;2026-10-27;Standard;9;Bestandskunde;Sonstige;Bearbeitung;1;Stahl;pulverbeschichtet;28;28;15;0,003;4;3;3;1,0;4;0;0;8;1
PA2026-3337;2026-10-26;Standard;11;Bestandskunde;Automobilindustrie;Bearbeitung;9;Stahl;pulverbeschichtet;28;28;15;0,027;4;27;27;1,0;4;0;0;72;9
PA2026-3338;2026-10-25;Änderung;10;Bestandskunde;Maschinenbau;Bearbeitung;20;Stahl;pulverbeschichtet;26;26;7;0,04;4;60;60;1,0;4;0;0;140;20
PA2026-3339;2026-10-26;Standard;9;Bestandskunde;Haushaltsgeräte;Bearbeitung;14;Stahl;pulverbeschichtet;26;26;7;0,028;4;42;42;1,0;4;0;0;98;14
PA2026-3340;2026-10-25;Standard;14;Bestandskunde;Haushaltsgeräte;Bearbeitung;15;Stahl;pulverbeschichtet;26;26;7;0,03;4;45;45;1,0;4;0;0;105;15
PA2026-3341;2026-10-23;Standard;13;Bestandskunde;Maschinenbau;Bearbeitung;3;Stahl;pulverbeschichtet;28;28;15;0,009;4;9;9;1,0;4;0;0;24;3
PA2026-3342;2026-10-28;Standard;12;Bestandskunde;Sonstige;Bearbeitung;14;Stahl;pulverbeschichtet;28;28;15;0,042;4;42;42;1,0;4;0;0;112;14
PA2026-3343;2026-10-27;Änderung;13;Bestandskunde;Automobilindustrie;Bearbeitung;3;Stahl;pulverbeschichtet;28;28;15;0,009;4;9;9;1,0;4;0;0;24;3
PA2026-3344;2026-10-24;Standard;5;Bestandskunde;Automobilindustrie;Bearbeitung;20;Stahl;pulverbeschichtet;28;28;15;0,06;4;60;60;1,0;4;0;0;160;20
PA2026-3345;2026-10-23;Standard;13;Bestandskunde;Logistiktechnik;Bearbeitung;19;Stahl;pulverbeschichtet;26;26;7;0,038;4;57;57;1,0;4;0;0;133;19
PA2026-3346;2026-10-28;Änderung;15;Bestandskunde;Maschinenbau;Bearbeitung;15;Stahl;pulverbeschichtet;26;26;7;0,03;4;45;45;1,0;4;0;0;105;15
PA2026-3347;2026-10-24;Standard;9;Bestandskunde;Logistiktechnik;Bearbeitung;14;Stahl;pulverbeschichtet;28;28;15;0,042;4;42;42;1,0;4;0;0;112;14
PA2026-3348;2026-10-22;Änderung;8;Bestandskunde;Automobilindustrie;Bearbeitung;14;Stahl;pulverbeschichtet;26;26;7;0,028;4;42;42;1,0;4;0;0;98;14
PA2026-3349;2026-10-22;Standard;11;Bestandskunde;Sonstige;Bearbeitung;7;Stahl;pulverbeschichtet;26;26;7;0,014;4;21;21;1,0;4;0;0;49;7
PA2026-3350;2026-10-25;Änderung;6;Bestandskunde;Automobilindustrie;Bearbeitung;6;Stahl;pulverbeschichtet;26;26;7;0,012;4;18;18;1,0;4;0;0;42;6
PA2026-3351;2026-10-28;Änderung;14;Bestandskunde;Maschinenbau;Bearbeitung;3;Stahl;pulverbeschichtet;28;28;15;0,009;4;9;9;1,0;4;0;0;24;3
PA2026-3352;2026-10-26;Standard;15;Bestandskunde;Maschinenbau;Bearbeitung;11;Stahl;pulverbeschichtet;26;26;7;0,022;4;33;33;1,0;4;0;0;77;11
PA2026-3353;2026-10-25;Standard;9;Bestandskunde;Maschinenbau;Bearbeitung;6;Stahl;pulverbeschichtet;26;26;7;0,012;4;18;18;1,0;4;0;0;42;6
PA2026-3354;2026-10-22;Standard;11;Bestandskunde;Sonstige;Bearbeitung;1;Stahl;pulverbeschichtet;28;28;15;0,003;4;3;3;1,0;4;0;0;8;1
PA2026-3355;2026-10-23;Änderung;5;Neukunde;Medizintechnik;Bearbeitung;2;Stahl;pulverbeschichtet;28;28;15;0,006;4;6;6;1,0;4;0;0;16;2
PA2026-3356;2026-10-28;Standard;12;Bestandskunde;Maschinenbau;Bearbeitung;18;Stahl;pulverbeschichtet;28;28;15;0,054;4;54;54;1,0;4;0;0;144;18
PA2026-3357;2026-10-27;Änderung;13;Bestandskunde;Sonstige;Bearbeitung;6;Stahl;pulverbeschichtet;28;28;15;0,018;4;18;18;1,0;4;0;0;48;6
PA2026-3358;2026-10-25;Standard;8;Bestandskunde;Logistiktechnik;Bearbeitung;1;Stahl;pulverbeschichtet;26;26;7;0,002;4;3;3;1,0;4;0;0;7;1
PA2026-3359;2026-10-28;Änderung;7;Bestandskunde;Maschinenbau;Bearbeitung;20;Stahl;pulverbeschichtet;28;28;15;0,06;4;60;60;1,0;4;0;0;160;20
PA2026-3360;2026-10-25;Standard;6;Bestandskunde;Maschinenbau;Bearbeitung;11;Stahl;pulverbeschichtet;26;26;7;0,022;4;33;33;1,0;4;0;0;77;11
PA2026-3361;2026-10-25;Standard;5;Neukunde;Logistiktechnik;Bearbeitung;1;Stahl;pulverbeschichtet;26;26;7;0,002;4;3;3;1,0;4;0;0;7;1
PA2026-3362;2026-10-26;Standard;9;Bestandskunde;Logistiktechnik;Bearbeitung;6;Stahl;pulverbeschichtet;28;28;15;0,018;4;18;18;1,0;4;0;0;48;6
PA2026-3363;2026-10-27;Standard;8;Bestandskunde;Haushaltsgeräte;Bearbeitung;8;Stahl;pulverbeschichtet;26;26;7;0,016;4;24;24;1,0;4;0;0;56;8
PA2026-3364;2026-10-27;Standard;3;Bestandskunde;Automobilindustrie;Bearbeitung;19;Stahl;pulverbeschichtet;28;28;15;0,057;4;57;57;1,0;4;0;0;152;19
PA2026-3365;2026-10-22;Standard;11;Bestandskunde;Maschinenbau;Bearbeitung;11;Stahl;pulverbeschichtet;28;28;15;0,033;4;33;33;1,0;4;0;0;88;11
PA2026-3366;2026-10-22;Standard;11;Bestandskunde;Logistiktechnik;Bearbeitung;6;Stahl;pulverbeschichtet;28;28;15;0,018;4;18;18;1,0;4;0;0;48;6
PA2026-3367;2026-10-26;Standard;15;Bestandskunde;Automobilindustrie;Bearbeitung;8;Stahl;pulverbeschichtet;28;28;15;0,024;4;24;24;1,0;4;0;0;64;8
PA2026-3368;2026-10-28;Änderung;5;Bestandskunde;Maschinenbau;Bearbeitung;14;Stahl;pulverbeschichtet;26;26;7;0,028;4;42;42;1,0;4;0;0;98;14
PA2026-3369;2026-10-28;Standard;3;Bestandskunde;Haushaltsgeräte;Bearbeitung;9;Stahl;pulverbeschichtet;28;28;15;0,027;4;27;27;1,0;4;0;0;72;9
PA2026-3370;2026-10-24;Änderung;15;Bestandskunde;Automobilindustrie;Bearbeitung;2;Stahl;pulverbeschichtet;26;26;7;0,004;4;6;6;1,0;4;0;0;14;2
PA2026-3371;2026-10-27;Standard;9;Bestandskunde;Automobilindustrie;Bearbeitung;5;Stahl;pulverbeschichtet;26;26;7;0,01;4;15;15;1,0;4;0;0;35;5
PA2026-3372;2026-10-22;Änderung;7;Bestandskunde;Maschinenbau;Bearbeitung;4;Stahl;pulverbeschichtet;26;26;7;0,008;4;12;12;1,0;4;0;0;28;4
PA2026-3373;2026-10-26;Standard;7;Bestandskunde;Maschinenbau;Bearbeitung;15;Stahl;pulverbeschichtet;28;28;15;0,045;4;45;45;1,0;4;0;0;120;15
PA2026-3374;2026-10-22;Standard;15;Bestandskunde;Automobilindustrie;Bearbeitung;3;Stahl;pulverbeschichtet;26;26;7;0,006;4;9;9;1,0;4;0;0;21;3
PA2026-3375;2026-10-25;Standard;7;Bestandskunde;Logistiktechnik;Bearbeitung;14;Stahl;pulverbeschichtet;28;28;15;0,042;4;42;42;1,0;4;0;0;112;14
PA2026-3376;2026-10-28;Standard;10;Bestandskunde;Automobilindustrie;Bearbeitung;1;Stahl;pulverbeschichtet;26;26;7;0,002;4;3;3;1,0;4;0;0;7;1
PA2026-3377;2026-10-23;Standard;15;Bestandskunde;Haushaltsgeräte;Bearbeitung;11;Stahl;pulverbeschichtet;26;26;7;0,022;4;33;33;1,0;4;0;0;77;11
PA2026-3378;2026-10-27;Änderung;9;Bestandskunde;Medizintechnik;Bearbeitung;1;Stahl;pulverbeschichtet;26;26;7;0,002;4;3;3;1,0;4;0;0;7;1
PA2026-3379;2026-10-27;Standard;6;Bestandskunde;Maschinenbau;Bearbeitung;13;Stahl;pulverbeschichtet;28;28;15;0,039;4;39;39;1,0;4;0;0;104;13
PA2026-3380;2026-10-28;Standard;14;Bestandskunde;Maschinenbau;Bearbeitung;18;Stahl;pulverbeschichtet;26;26;7;0,036;4;54;54;1,0;4;0;0;126;18
PA2026-3381;2026-10-28;Standard;3;Bestandskunde;Automobilindustrie;Bearbeitung;2;Stahl;pulverbeschichtet;26;26;7;0,004;4;6;6;1,0;4;0;0;14;2
PA2026-3382;2026-10-23;Änderung;9;Bestandskunde;Automobilindustrie;Bearbeitung;20;Stahl;pulverbeschichtet;26;26;7;0,04;4;60;60;1,0;4;0;0;140;20
PA2026-3383;2026-10-27;Standard;8;Bestandskunde;Automobilindustrie;Bearbeitung;17;Stahl;pulverbeschichtet;28;28;15;0,051;4;51;51;1,0;4;0;0;136;17
PA2026-3384;2026-10-22;Änderung;6;Bestandskunde;Sonstige;Bearbeitung;5;Stahl;pulverbeschichtet;28;28;15;0,015;4;15;15;1,0;4;0;0;40;5
PA2026-3385;2026-10-27;Standard;12;Bestandskunde;Automobilindustrie;Bearbeitung;19;Stahl;pulverbeschichtet;28;28;15;0,057;4;57;57;1,0;4;0;0;152;19
PA2026-3386;2026-10-23;Standard;13;Bestandskunde;Maschinenbau;Bearbeitung;18;Stahl;pulverbeschichtet;26;26;7;0,036;4;54;54;1,0;4;0;0;126;18
PA2026-3387;2026-10-25;Änderung;13;Bestandskunde;Haushaltsgeräte;Bearbeitung;2;Stahl;pulverbeschichtet;28;28;15;0,006;4;6;6;1,0;4;0;0;16;2
PA2026-3388;2026-10-27;Änderung;13;Bestandskunde;Maschinenbau;Bearbeitung;10;Stahl;pulverbeschichtet;26;26;7;0,02;4;30;30;1,0;4;0;0;70;10
PA2026-3389;2026-10-24;Standard;6;Bestandskunde;Logistiktechnik;Bearbeitung;10;Stahl;pulverbeschichtet;26;26;7;0,02;4;30;30;1,0;4;0;0;70;10
PA2026-3390;2026-10-24;Änderung;9;Bestandskunde;Sonstige;Bearbeitung;17;Stahl;pulverbeschichtet;26;26;7;0,034;4;51;51;1,0;4;0;0;119;17
PA2026-3391;2026-11-04;Standard;12;Bestandskunde;Automobilindustrie;Bearbeitung;1;Stahl;pulverbeschichtet;26;26;7;0,002;4;3;3;1,0;4;0;0;7;1
PA2026-3392;2026-11-04;Standard;9;Bestandskunde;Automobilindustrie;Bearbeitung;18;Stahl;pulverbeschichtet;26;26;7;0,036;4;54;54;1,0;4;0;0;126;18
PA2026-3393;2026-10-31;Standard;14;Bestandskunde;Sonstige;Bearbeitung;12;Stahl;pulverbeschichtet;26;26;7;0,024;4;36;36;1,0;4;0;0;84;12
PA2026-3394;2026-11-01;Standard;14;Bestandskunde;Sonstige;Bearbeitung;5;Stahl;pulverbeschichtet;28;28;15;0,015;4;15;15;1,0;4;0;0;40;5
PA2026-3395;2026-10-29;Standard;11;Bestandskunde;Automobilindustrie;Bearbeitung;20;Stahl;pulverbeschichtet;26;26;7;0,04;4;60;60;1,0;4;0;0;140;20
PA2026-3396;2026-11-02;Standard;5;Bestandskunde;Sonstige;Bearbeitung;19;Stahl;pulverbeschichtet;28;28;15;0,057;4;57;57;1,0;4;0;0;152;19
PA2026-3397;2026-10-30;Standard;5;Bestandskunde;Sonstige;Bearbeitung;6;Stahl;pulverbeschichtet;28;28;15;0,018;4;18;18;1,0;4;0;0;48;6
PA2026-3398;2026-10-30;Änderung;12;Bestandskunde;Maschinenbau;Bearbeitung;13;Stahl;pulverbeschichtet;28;28;15;0,039;4;39;39;1,0;4;0;0;104;13
PA2026-3399;2026-10-29;Standard;13;Bestandskunde;Haushaltsgeräte;Bearbeitung;14;Stahl;pulverbeschichtet;28;28;15;0,042;4;42;42;1,0;4;0;0;112;14
PA2026-3400;2026-10-31;Änderung;12;Bestandskunde;Maschinenbau;Bearbeitung;20;Stahl;pulverbeschichtet;26;26;7;0,04;4;60;60;1,0;4;0;0;140;20
PA2026-3401;2026-10-30;Änderung;10;Neukunde;Maschinenbau;Bearbeitung;13;Stahl;pulverbeschichtet;26;26;7;0,026;4;39;39;1,0;4;0;0;91;13
PA2026-3402;2026-11-01;Standard;15;Bestandskunde;Automobilindustrie;Bearbeitung;14;Stahl;pulverbeschichtet;28;28;15;0,042;4;42;42;1,0;4;0;0;112;14
PA2026-3403;2026-10-29;Standard;8;Bestandskunde;Maschinenbau;Bearbeitung;17;Stahl;pulverbeschichtet;26;26;7;0,034;4;51;51;1,0;4;0;0;119;17
PA2026-3404;2026-11-04;Standard;8;Bestandskunde;Sonstige;Bearbeitung;17;Stahl;pulverbeschichtet;28;28;15;0,051;4;51;51;1,0;4;0;0;136;17
PA2026-3405;2026-10-30;Standard;5;Bestandskunde;Haushaltsgeräte;Bearbeitung;3;Stahl;pulverbeschichtet;26;26;7;0,006;4;9;9;1,0;4;0;0;21;3
PA2026-3406;2026-10-29;Standard;13;Bestandskunde;Logistiktechnik;Bearbeitung;20;Stahl;pulverbeschichtet;28;28;15;0,06;4;60;60;1,0;4;0;0;160;20
PA2026-3407;2026-11-03;Standard;8;Bestandskunde;Logistiktechnik;Bearbeitung;19;Stahl;pulverbeschichtet;26;26;7;0,038;4;57;57;1,0;4;0;0;133;19
PA2026-3408;2026-10-31;Standard;5;Bestandskunde;Automobilindustrie;Bearbeitung;19;Stahl;pulverbeschichtet;26;26;7;0,038;4;57;57;1,0;4;0;0;133;19
PA2026-3409;2026-10-30;Standard;14;Bestandskunde;Automobilindustrie;Bearbeitung;18;Stahl;pulverbeschichtet;28;28;15;0,054;4;54;54;1,0;4;0;0;144;18
PA2026-3410;2026-10-31;Standard;12;Bestandskunde;Maschinenbau;Bearbeitung;5;Stahl;pulverbeschichtet;28;28;15;0,015;4;15;15;1,0;4;0;0;40;5
PA2026-3411;2026-10-31;Standard;6;Bestandskunde;Medizintechnik;Bearbeitung;11;Stahl;pulverbeschichtet;28;28;15;0,033;4;33;33;1,0;4;0;0;88;11
PA2026-3412;2026-11-02;Änderung;14;Bestandskunde;Maschinenbau;Bearbeitung;4;Stahl;pulverbeschichtet;26;26;7;0,008;4;12;12;1,0;4;0;0;28;4
PA2026-3413;2026-11-02;Standard;13;Bestandskunde;Haushaltsgeräte;Bearbeitung;18;Stahl;pulverbeschichtet;28;28;15;0,054;4;54;54;1,0;4;0;0;144;18
PA2026-3414;2026-11-01;Änderung;7;Bestandskunde;Maschinenbau;Bearbeitung;12;Stahl;pulverbeschichtet;26;26;7;0,024;4;36;36;1,0;4;0;0;84;12
PA2026-3415;2026-11-01;Änderung;14;Neukunde;Maschinenbau;Bearbeitung;14;Stahl;pulverbeschichtet;26;26;7;0,028;4;42;42;1,0;4;0;0;98;14
PA2026-3416;2026-10-30;Änderung;10;Bestandskunde;Sonstige;Bearbeitung;8;Stahl;pulverbeschichtet;28;28;15;0,024;4;24;24;1,0;4;0;0;64;8
PA2026-3417;2026-10-31;Standard;5;Bestandskunde;Medizintechnik;Bearbeitung;3;Stahl;pulverbeschichtet;28;28;15;0,009;4;9;9;1,0;4;0;0;24;3
PA2026-3418;2026-11-03;Änderung;11;Bestandskunde;Automobilindustrie;Bearbeitung;2;Stahl;pulverbeschichtet;26;26;7;0,004;4;6;6;1,0;4;0;0;14;2
PA2026-3419;2026-11-01;Standard;9;Bestandskunde;Automobilindustrie;Bearbeitung;12;Stahl;pulverbeschichtet;28;28;15;0,036;4;36;36;1,0;4;0;0;96;12
PA2026-3420;2026-11-01;Standard;5;Bestandskunde;Haushaltsgeräte;Bearbeitung;6;Stahl;pulverbeschichtet;26;26;7;0,012;4;18;18;1,0;4;0;0;42;6
PA2026-3421;2026-11-03;Standard;11;Bestandskunde;Maschinenbau;Bearbeitung;19;Stahl;pulverbeschichtet;26;26;7;0,038;4;57;57;1,0;4;0;0;133;19
PA2026-3422;2026-11-02;Standard;14;Bestandskunde;Maschinenbau;Bearbeitung;7;Stahl;pulverbeschichtet;26;26;7;0,014;4;21;21;1,0;4;0;0;49;7
PA2026-3423;2026-10-30;Standard;10;Bestandskunde;Automobilindustrie;Bearbeitung;15;Stahl;pulverbeschichtet;28;28;15;0,045;4;45;45;1,0;4;0;0;120;15
PA2026-3424;2026-11-02;Standard;4;Bestandskunde;Medizintechnik;Bearbeitung;1;Stahl;pulverbeschichtet;28;28;15;0,003;4;3;3;1,0;4;0;0;8;1
PA2026-3425;2026-11-02;Standard;14;Neukunde;Maschinenbau;Bearbeitung;11;Stahl;pulverbeschichtet;28;28;15;0,033;4;33;33;1,0;4;0;0;88;11
PA2026-3426;2026-11-03;Standard;14;Bestandskunde;Logistiktechnik;Bearbeitung;20;Stahl;pulverbeschichtet;26;26;7;0,04;4;60;60;1,0;4;0;0;140;20
PA2026-3427;2026-11-03;Änderung;4;Bestandskunde;Maschinenbau;Bearbeitung;12;Stahl;pulverbeschichtet;26;26;7;0,024;4;36;36;1,0;4;0;0;84;12
PA2026-3428;2026-11-03;Änderung;8;Bestandskunde;Sonstige;Bearbeitung;18;Stahl;pulverbeschichtet;26;26;7;0,036;4;54;54;1,0;4;0;0;126;18
PA2026-3429;2026-10-31;Standard;11;Bestandskunde;Sonstige;Bearbeitung;2;Stahl;pulverbeschichtet;28;28;15;0,006;4;6;6;1,0;4;0;0;16;2
PA2026-3430;2026-11-02;Änderung;4;Bestandskunde;Maschinenbau;Bearbeitung;3;Stahl;pulverbeschichtet;26;26;7;0,006;4;9;9;1,0;4;0;0;21;3
PA2026-3431;2026-11-04;Standard;13;Bestandskunde;Automobilindustrie;Bearbeitung;20;Stahl;pulverbeschichtet;26;26;7;0,04;4;60;60;1,0;4;0;0;140;20
PA2026-3432;2026-10-31;Standard;9;Bestandskunde;Maschinenbau;Bearbeitung;13;Stahl;pulverbeschichtet;28;28;15;0,039;4;39;39;1,0;4;0;0;104;13
PA2026-3433;2026-11-04;Änderung;14;Bestandskunde;Sonstige;Bearbeitung;19;Stahl;pulverbeschichtet;26;26;7;0,038;4;57;57;1,0;4;0;0;133;19
PA2026-3434;2026-11-03;Standard;10;Bestandskunde;Automobilindustrie;Bearbeitung;18;Stahl;pulverbeschichtet;26;26;7;0,036;4;54;54;1,0;4;0;0;126;18
PA2026-3435;2026-11-04;Standard;8;Bestandskunde;Logistiktechnik;Bearbeitung;18;Stahl;pulverbeschichtet;28;28;15;0,054;4;54;54;1,0;4;0;0;144;18
PA2026-3436;2026-10-29;Standard;3;Bestandskunde;Haushaltsgeräte;Bearbeitung;13;Stahl;pulverbeschichtet;26;26;7;0,026;4;39;39;1,0;4;0;0;91;13
PA2026-3437;2026-10-30;Standard;15;Bestandskunde;Maschinenbau;Bearbeitung;18;Stahl;pulverbeschichtet;26;26;7;0,036;4;54;54;1,0;4;0;0;126;18
PA2026-3438;2026-10-31;Änderung;4;Bestandskunde;Automobilindustrie;Bearbeitung;1;Stahl;pulverbeschichtet;28;28;15;0,003;4;3;3;1,0;4;0;0;8;1
PA2026-3439;2026-10-31;Änderung;7;Bestandskunde;Automobilindustrie;Bearbeitung;13;Stahl;pulverbeschichtet;26;26;7;0,026;4;39;39;1,0;4;0;0;91;13
PA2026-3440;2026-11-01;Standard;9;Bestandskunde;Medizintechnik;Bearbeitung;11;Stahl;pulverbeschichtet;28;28;15;0,033;4;33;33;1,0;4;0;0;88;11
PA2026-3441;2026-10-30;Änderung;4;Bestandskunde;Automobilindustrie;Bearbeitung;15;Stahl;pulverbeschichtet;28;28;15;0,045;4;45;45;1,0;4;0;0;120;15
PA2026-3442;2026-11-04;Änderung;3;Bestandskunde;Automobilindustrie;Bearbeitung;2;Stahl;pulverbeschichtet;28;28;15;0,006;4;6;6;1,0;4;0;0;16;2
PA2026-3443;2026-10-29;Änderung;15;Bestandskunde;Automobilindustrie;Bearbeitung;16;Stahl;pulverbeschichtet;28;28;15;0,048;4;48;48;1,0;4;0;0;128;16
PA2026-3444;2026-10-29;Standard;6;Bestandskunde;Medizintechnik;Bearbeitung;18;Stahl;pulverbeschichtet;26;26;7;0,036;4;54;54;1,0;4;0;0;126;18
PA2026-3445;2026-10-29;Standard;5;Bestandskunde;Automobilindustrie;Bearbeitung;5;Stahl;pulverbeschichtet;28;28;15;0,015;4;15;15;1,0;4;0;0;40;5
PA2026-3446;2026-10-29;Standard;6;Bestandskunde;Logistiktechnik;Bearbeitung;11;Stahl;pulverbeschichtet;28;28;15;0,033;4;33;33;1,0;4;0;0;88;11
PA2026-3447;2026-10-30;Änderung;11;Bestandskunde;Automobilindustrie;Bearbeitung;4;Stahl;pulverbeschichtet;26;26;7;0,008;4;12;12;1,0;4;0;0;28;4
PA2026-3448;2026-10-31;Änderung;14;Bestandskunde;Logistiktechnik;Bearbeitung;6;Stahl;pulverbeschichtet;28;28;15;0,018;4;18;18;1,0;4;0;0;48;6
PA2026-3449;2026-10-31;Änderung;9;Bestandskunde;Sonstige;Bearbeitung;1;Stahl;pulverbeschichtet;26;26;7;0,002;4;3;3;1,0;4;0;0;7;1
PA2026-3450;2026-10-31;Standard;11;Bestandskunde;Sonstige;Bearbeitung;2;Stahl;pulverbeschichtet;28;28;15;0,006;4;6;6;1,0;4;0;0;16;2
PA2026-3451;2026-11-05;Standard;13;Bestandskunde;Maschinenbau;Bearbeitung;3;Stahl;pulverbeschichtet;26;26;7;0,006;4;9;9;1,0;4;0;0;21;3
PA2026-3452;2026-11-06;Änderung;9;Bestandskunde;Medizintechnik;Bearbeitung;13;Stahl;pulverbeschichtet;28;28;15;0,039;4;39;39;1,0;4;0;0;104;13
PA2026-3453;2026-11-11;Standard;12;Bestandskunde;Automobilindustrie;Bearbeitung;19;Stahl;pulverbeschichtet;28;28;15;0,057;4;57;57;1,0;4;0;0;152;19
PA2026-3454;2026-11-07;Änderung;9;Bestandskunde;Medizintechnik;Bearbeitung;13;Stahl;pulverbeschichtet;28;28;15;0,039;4;39;39;1,0;4;0;0;104;13
PA2026-3455;2026-11-05;Standard;6;Bestandskunde;Automobilindustrie;Bearbeitung;15;Stahl;pulverbeschichtet;26;26;7;0,03;4;45;45;1,0;4;0;0;105;15
PA2026-3456;2026-11-08;Standard;15;Bestandskunde;Logistiktechnik;Bearbeitung;2;Stahl;pulverbeschichtet;26;26;7;0,004;4;6;6;1,0;4;0;0;14;2
PA2026-3457;2026-11-05;Standard;11;Bestandskunde;Medizintechnik;Bearbeitung;1;Stahl;pulverbeschichtet;28;28;15;0,003;4;3;3;1,0;4;0;0;8;1
PA2026-3458;2026-11-06;Standard;15;Bestandskunde;Sonstige;Bearbeitung;14;Stahl;pulverbeschichtet;28;28;15;0,042;4;42;42;1,0;4;0;0;112;14
PA2026-3459;2026-11-09;Standard;6;Bestandskunde;Sonstige;Bearbeitung;2;Stahl;pulverbeschichtet;28;28;15;0,006;4;6;6;1,0;4;0;0;16;2
PA2026-3460;2026-11-05;Änderung;8;Bestandskunde;Medizintechnik;Bearbeitung;5;Stahl;pulverbeschichtet;26;26;7;0,01;4;15;15;1,0;4;0;0;35;5
PA2026-3461;2026-11-07;Standard;7;Bestandskunde;Automobilindustrie;Bearbeitung;15;Stahl;pulverbeschichtet;26;26;7;0,03;4;45;45;1,0;4;0;0;105;15
PA2026-3462;2026-11-08;Änderung;12;Bestandskunde;Maschinenbau;Bearbeitung;6;Stahl;pulverbeschichtet;28;28;15;0,018;4;18;18;1,0;4;0;0;48;6
PA2026-3463;2026-11-05;Standard;12;Neukunde;Maschinenbau;Bearbeitung;15;Stahl;pulverbeschichtet;28;28;15;0,045;4;45;45;1,0;4;0;0;120;15
PA2026-3464;2026-11-07;Änderung;10;Bestandskunde;Haushaltsgeräte;Bearbeitung;19;Stahl;pulverbeschichtet;28;28;15;0,057;4;57;57;1,0;4;0;0;152;19
PA2026-3465;2026-11-07;Standard;10;Bestandskunde;Automobilindustrie;Bearbeitung;10;Stahl;pulverbeschichtet;26;26;7;0,02;4;30;30;1,0;4;0;0;70;10
PA2026-3466;2026-11-06;Standard;15;Bestandskunde;Sonstige;Bearbeitung;18;Stahl;pulverbeschichtet;28;28;15;0,054;4;54;54;1,0;4;0;0;144;18
PA2026-3467;2026-11-07;Standard;11;Bestandskunde;Sonstige;Bearbeitung;10;Stahl;pulverbeschichtet;26;26;7;0,02;4;30;30;1,0;4;0;0;70;10
PA2026-3468;2026-11-08;Standard;8;Bestandskunde;Medizintechnik;Bearbeitung;12;Stahl;pulverbeschichtet;28;28;15;0,036;4;36;36;1,0;4;0;0;96;12
PA2026-3469;2026-11-08;Standard;15;Bestandskunde;Maschinenbau;Bearbeitung;13;Stahl;pulverbeschichtet;26;26;7;0,026;4;39;39;1,0;4;0;0;91;13
PA2026-3470;2026-11-11;Standard;12;Bestandskunde;Automobilindustrie;Bearbeitung;5;Stahl;pulverbeschichtet;26;26;7;0,01;4;15;15;1,0;4;0;0;35;5
PA2026-3471;2026-11-08;Änderung;5;Bestandskunde;Maschinenbau;Bearbeitung;5;Stahl;pulverbeschichtet;28;28;15;0,015;4;15;15;1,0;4;0;0;40;5
PA2026-3472;2026-11-05;Standard;6;Bestandskunde;Sonstige;Bearbeitung;3;Stahl;pulverbeschichtet;28;28;15;0,009;4;9;9;1,0;4;0;0;24;3
PA2026-3473;2026-11-07;Standard;4;Bestandskunde;Haushaltsgeräte;Bearbeitung;1;Stahl;pulverbeschichtet;28;28;15;0,003;4;3;3;1,0;4;0;0;8;1
PA2026-3474;2026-11-06;Standard;5;Bestandskunde;Automobilindustrie;Bearbeitung;11;Stahl;pulverbeschichtet;26;26;7;0,022;4;33;33;1,0;4;0;0;77;11
PA2026-3475;2026-11-07;Änderung;15;Bestandskunde;Medizintechnik;Bearbeitung;5;Stahl;pulverbeschichtet;28;28;15;0,015;4;15;15;1,0;4;0;0;40;5
PA2026-3476;2026-11-07;Standard;5;Bestandskunde;Logistiktechnik;Bearbeitung;10;Stahl;pulverbeschichtet;26;26;7;0,02;4;30;30;1,0;4;0;0;70;10
PA2026-3477;2026-11-07;Standard;5;Bestandskunde;Logistiktechnik;Bearbeitung;12;Stahl;pulverbeschichtet;28;28;15;0,036;4;36;36;1,0;4;0;0;96;12
PA2026-3478;2026-11-10;Standard;11;Bestandskunde;Haushaltsgeräte;Bearbeitung;15;Stahl;pulverbeschichtet;26;26;7;0,03;4;45;45;1,0;4;0;0;105;15
PA2026-3479;2026-11-10;Änderung;13;Bestandskunde;Sonstige;Bearbeitung;3;Stahl;pulverbeschichtet;26;26;7;0,006;4;9;9;1,0;4;0;0;21;3
PA2026-3480;2026-11-10;Standard;10;Bestandskunde;Medizintechnik;Bearbeitung;7;Stahl;pulverbeschichtet;28;28;15;0,021;4;21;21;1,0;4;0;0;56;7
PA2026-3481;2026-11-08;Standard;6;Bestandskunde;Sonstige;Bearbeitung;11;Stahl;pulverbeschichtet;28;28;15;0,033;4;33;33;1,0;4;0;0;88;11
PA2026-3482;2026-11-10;Änderung;13;Bestandskunde;Logistiktechnik;Bearbeitung;12;Stahl;pulverbeschichtet;28;28;15;0,036;4;36;36;1,0;4;0;0;96;12
PA2026-3483;2026-11-11;Standard;7;Bestandskunde;Maschinenbau;Bearbeitung;16;Stahl;pulverbeschichtet;28;28;15;0,048;4;48;48;1,0;4;0;0;128;16
PA2026-3484;2026-11-05;Standard;9;Bestandskunde;Maschinenbau;Bearbeitung;4;Stahl;pulverbeschichtet;28;28;15;0,012;4;12;12;1,0;4;0;0;32;4
PA2026-3485;2026-11-05;Standard;11;Bestandskunde;Logistiktechnik;Bearbeitung;7;Stahl;pulverbeschichtet;26;26;7;0,014;4;21;21;1,0;4;0;0;49;7
PA2026-3486;2026-11-06;Standard;5;Bestandskunde;Haushaltsgeräte;Bearbeitung;13;Stahl;pulverbeschichtet;26;26;7;0,026;4;39;39;1,0;4;0;0;91;13
PA2026-3487;2026-11-05;Standard;6;Bestandskunde;Haushaltsgeräte;Bearbeitung;11;Stahl;pulverbeschichtet;28;28;15;0,033;4;33;33;1,0;4;0;0;88;11
PA2026-3488;2026-11-11;Standard;12;Neukunde;Maschinenbau;Bearbeitung;15;Stahl;pulverbeschichtet;26;26;7;0,03;4;45;45;1,0;4;0;0;105;15
PA2026-3489;2026-11-11;Standard;7;Bestandskunde;Logistiktechnik;Bearbeitung;8;Stahl;pulverbeschichtet;28;28;15;0,024;4;24;24;1,0;4;0;0;64;8
PA2026-3490;2026-11-10;Standard;11;Bestandskunde;Sonstige;Bearbeitung;8;Stahl;pulverbeschichtet;26;26;7;0,016;4;24;24;1,0;4;0;0;56;8
PA2026-3491;2026-11-09;Änderung;6;Bestandskunde;Logistiktechnik;Bearbeitung;3;Stahl;pulverbeschichtet;26;26;7;0,006;4;9;9;1,0;4;0;0;21;3
PA2026-3492;2026-11-06;Standard;8;Bestandskunde;Automobilindustrie;Bearbeitung;9;Stahl;pulverbeschichtet;28;28;15;0,027;4;27;27;1,0;4;0;0;72;9
PA2026-3493;2026-11-06;Standard;10;Bestandskunde;Automobilindustrie;Bearbeitung;19;Stahl;pulverbeschichtet;28;28;15;0,057;4;57;57;1,0;4;0;0;152;19
PA2026-3494;2026-11-11;Standard;14;Bestandskunde;Maschinenbau;Bearbeitung;3;Stahl;pulverbeschichtet;26;26;7;0,006;4;9;9;1,0;4;0;0;21;3
PA2026-3495;2026-11-10;Änderung;11;Bestandskunde;Sonstige;Bearbeitung;15;Stahl;pulverbeschichtet;28;28;15;0,045;4;45;45;1,0;4;0;0;120;15
PA2026-3496;2026-11-09;Standard;5;Bestandskunde;Sonstige;Bearbeitung;4;Stahl;pulverbeschichtet;28;28;15;0,012;4;12;12;1,0;4;0;0;32;4
PA2026-3497;2026-11-10;Standard;13;Bestandskunde;Maschinenbau;Bearbeitung;7;Stahl;pulverbeschichtet;26;26;7;0,014;4;21;21;1,0;4;0;0;49;7
PA2026-3498;2026-11-11;Standard;12;Bestandskunde;Automobilindustrie;Bearbeitung;5;Stahl;pulverbeschichtet;26;26;7;0,01;4;15;15;1,0;4;0;0;35;5
PA2026-3499;2026-11-08;Standard;15;Bestandskunde;Automobilindustrie;Bearbeitung;3;Stahl;pulverbeschichtet;26;26;7;0,006;4;9;9;1,0;4;0;0;21;3
PA2026-3500;2026-11-09;Standard;4;Bestandskunde;Sonstige;Bearbeitung;10;Stahl;pulverbeschichtet;28;28;15;0,03;4;30;30;1,0;4;0;0;80;10
PA2026-3501;2026-11-11;Änderung;13;Bestandskunde;Sonstige;Bearbeitung;2;Stahl;pulverbeschichtet;28;28;15;0,006;4;6;6;1,0;4;0;0;16;2
PA2026-3502;2026-11-11;Änderung;4;Bestandskunde;Maschinenbau;Bearbeitung;20;Stahl;pulverbeschichtet;26;26;7;0,04;4;60;60;1,0;4;0;0;140;20
PA2026-3503;2026-11-10;Standard;10;Bestandskunde;Automobilindustrie;Bearbeitung;16;Stahl;pulverbeschichtet;28;28;15;0,048;4;48;48;1,0;4;0;0;128;16
PA2026-3504;2026-11-05;Standard;6;Bestandskunde;Maschinenbau;Bearbeitung;14;Stahl;pulverbeschichtet;28;28;15;0,042;4;42;42;1,0;4;0;0;112;14
PA2026-3505;2026-11-09;Standard;8;Bestandskunde;Maschinenbau;Bearbeitung;12;Stahl;pulverbeschichtet;28;28;15;0,036;4;36;36;1,0;4;0;0;96;12
PA2026-3506;2026-11-11;Standard;7;Bestandskunde;Sonstige;Bearbeitung;13;Stahl;pulverbeschichtet;26;26;7;0,026;4;39;39;1,0;4;0;0;91;13
PA2026-3507;2026-11-10;Standard;13;Bestandskunde;Automobilindustrie;Bearbeitung;14;Stahl;pulverbeschichtet;26;26;7;0,028;4;42;42;1,0;4;0;0;98;14
PA2026-3508;2026-11-09;Standard;14;Bestandskunde;Maschinenbau;Bearbeitung;19;Stahl;pulverbeschichtet;26;26;7;0,038;4;57;57;1,0;4;0;0;133;19
PA2026-3509;2026-11-09;Standard;9;Bestandskunde;Logistiktechnik;Bearbeitung;19;Stahl;pulverbeschichtet;26;26;7;0,038;4;57;57;1,0;4;0;0;133;19
PA2026-3510;2026-11-09;Änderung;9;Bestandskunde;Maschinenbau;Bearbeitung;3;Stahl;pulverbeschichtet;28;28;15;0,009;4;9;9;1,0;4;0;0;24;3
PA2026-3511;2026-11-17;Standard;15;Bestandskunde;Maschinenbau;Bearbeitung;20;Stahl;pulverbeschichtet;28;28;15;0,06;4;60;60;1,0;4;0;0;160;20
PA2026-3512;2026-11-12;Standard;10;Bestandskunde;Automobilindustrie;Bearbeitung;7;Stahl;pulverbeschichtet;28;28;15;0,021;4;21;21;1,0;4;0;0;56;7
PA2026-3513;2026-11-18;Standard;12;Bestandskunde;Logistiktechnik;Bearbeitung;8;Stahl;pulverbeschichtet;26;26;7;0,016;4;24;24;1,0;4;0;0;56;8
PA2026-3514;2026-11-12;Standard;6;Bestandskunde;Sonstige;Bearbeitung;19;Stahl;pulverbeschichtet;28;28;15;0,057;4;57;57;1,0;4;0;0;152;19
PA2026-3515;2026-11-14;Änderung;10;Bestandskunde;Logistiktechnik;Bearbeitung;9;Stahl;pulverbeschichtet;26;26;7;0,018;4;27;27;1,0;4;0;0;63;9
PA2026-3516;2026-11-17;Änderung;5;Bestandskunde;Maschinenbau;Bearbeitung;6;Stahl;pulverbeschichtet;26;26;7;0,012;4;18;18;1,0;4;0;0;42;6
PA2026-3517;2026-11-18;Standard;15;Bestandskunde;Maschinenbau;Bearbeitung;16;Stahl;pulverbeschichtet;26;26;7;0,032;4;48;48;1,0;4;0;0;112;16
PA2026-3518;2026-11-18;Änderung;7;Bestandskunde;Automobilindustrie;Bearbeitung;17;Stahl;pulverbeschichtet;28;28;15;0,051;4;51;51;1,0;4;0;0;136;17
PA2026-3519;2026-11-18;Standard;15;Bestandskunde;Medizintechnik;Bearbeitung;5;Stahl;pulverbeschichtet;28;28;15;0,015;4;15;15;1,0;4;0;0;40;5
PA2026-3520;2026-11-16;Standard;14;Bestandskunde;Maschinenbau;Bearbeitung;10;Stahl;pulverbeschichtet;26;26;7;0,02;4;30;30;1,0;4;0;0;70;10
PA2026-3521;2026-11-16;Standard;4;Bestandskunde;Logistiktechnik;Bearbeitung;7;Stahl;pulverbeschichtet;26;26;7;0,014;4;21;21;1,0;4;0;0;49;7
PA2026-3522;2026-11-17;Standard;12;Bestandskunde;Automobilindustrie;Bearbeitung;19;Stahl;pulverbeschichtet;28;28;15;0,057;4;57;57;1,0;4;0;0;152;19
PA2026-3523;2026-11-12;Standard;11;Bestandskunde;Automobilindustrie;Bearbeitung;20;Stahl;pulverbeschichtet;28;28;15;0,06;4;60;60;1,0;4;0;0;160;20
PA2026-3524;2026-11-18;Änderung;12;Bestandskunde;Sonstige;Bearbeitung;8;Stahl;pulverbeschichtet;28;28;15;0,024;4;24;24;1,0;4;0;0;64;8
PA2026-3525;2026-11-13;Standard;7;Bestandskunde;Maschinenbau;Bearbeitung;18;Stahl;pulverbeschichtet;26;26;7;0,036;4;54;54;1,0;4;0;0;126;18
PA2026-3526;2026-11-15;Standard;5;Bestandskunde;Automobilindustrie;Bearbeitung;4;Stahl;pulverbeschichtet;26;26;7;0,008;4;12;12;1,0;4;0;0;28;4
PA2026-3527;2026-11-14;Änderung;10;Neukunde;Sonstige;Bearbeitung;14;Stahl;pulverbeschichtet;28;28;15;0,042;4;42;42;1,0;4;0;0;112;14
PA2026-3528;2026-11-15;Änderung;15;Bestandskunde;Medizintechnik;Bearbeitung;12;Stahl;pulverbeschichtet;28;28;15;0,036;4;36;36;1,0;4;0;0;96;12
PA2026-3529;2026-11-12;Standard;6;Bestandskunde;Automobilindustrie;Bearbeitung;1;Stahl;pulverbeschichtet;28;28;15;0,003;4;3;3;1,0;4;0;0;8;1
PA2026-3530;2026-11-15;Standard;15;Bestandskunde;Maschinenbau;Bearbeitung;14;Stahl;pulverbeschichtet;26;26;7;0,028;4;42;42;1,0;4;0;0;98;14
PA2026-3531;2026-11-17;Änderung;4;Bestandskunde;Maschinenbau;Bearbeitung;12;Stahl;pulverbeschichtet;26;26;7;0,024;4;36;36;1,0;4;0;0;84;12
PA2026-3532;2026-11-12;Standard;6;Bestandskunde;Haushaltsgeräte;Bearbeitung;10;Stahl;pulverbeschichtet;28;28;15;0,03;4;30;30;1,0;4;0;0;80;10
PA2026-3533;2026-11-18;Standard;15;Bestandskunde;Maschinenbau;Bearbeitung;10;Stahl;pulverbeschichtet;28;28;15;0,03;4;30;30;1,0;4;0;0;80;10
PA2026-3534;2026-11-18;Standard;7;Bestandskunde;Automobilindustrie;Bearbeitung;18;Stahl;pulverbeschichtet;26;26;7;0,036;4;54;54;1,0;4;0;0;126;18
PA2026-3535;2026-11-16;Standard;9;Bestandskunde;Haushaltsgeräte;Bearbeitung;2;Stahl;pulverbeschichtet;28;28;15;0,006;4;6;6;1,0;4;0;0;16;2
PA2026-3536;2026-11-12;Standard;8;Bestandskunde;Maschinenbau;Bearbeitung;20;Stahl;pulverbeschichtet;26;26;7;0,04;4;60;60;1,0;4;0;0;140;20
PA2026-3537;2026-11-13;Standard;7;Bestandskunde;Maschinenbau;Bearbeitung;6;Stahl;pulverbeschichtet;28;28;15;0,018;4;18;18;1,0;4;0;0;48;6
PA2026-3538;2026-11-17;Standard;4;Neukunde;Medizintechnik;Bearbeitung;8;Stahl;pulverbeschichtet;26;26;7;0,016;4;24;24;1,0;4;0;0;56;8
PA2026-3539;2026-11-17;Änderung;5;Bestandskunde;Haushaltsgeräte;Bearbeitung;1;Stahl;pulverbeschichtet;26;26;7;0,002;4;3;3;1,0;4;0;0;7;1
PA2026-3540;2026-11-12;Standard;14;Neukunde;Maschinenbau;Bearbeitung;19;Stahl;pulverbeschichtet;28;28;15;0,057;4;57;57;1,0;4;0;0;152;19
PA2026-3541;2026-11-18;Standard;9;Bestandskunde;Logistiktechnik;Bearbeitung;9;Stahl;pulverbeschichtet;28;28;15;0,027;4;27;27;1,0;4;0;0;72;9
PA2026-3542;2026-11-14;Standard;12;Bestandskunde;Maschinenbau;Bearbeitung;10;Stahl;pulverbeschichtet;26;26;7;0,02;4;30;30;1,0;4;0;0;70;10
PA2026-3543;2026-11-15;Standard;9;Bestandskunde;Maschinenbau;Bearbeitung;16;Stahl;pulverbeschichtet;28;28;15;0,048;4;48;48;1,0;4;0;0;128;16
PA2026-3544;2026-11-12;Standard;11;Bestandskunde;Maschinenbau;Bearbeitung;8;Stahl;pulverbeschichtet;28;28;15;0,024;4;24;24;1,0;4;0;0;64;8
PA2026-3545;2026-11-12;Standard;11;Bestandskunde;Sonstige;Bearbeitung;18;Stahl;pulverbeschichtet;28;28;15;0,054;4;54;54;1,0;4;0;0;144;18
PA2026-3546;2026-11-17;Standard;13;Bestandskunde;Sonstige;Bearbeitung;9;Stahl;pulverbeschichtet;26;26;7;0,018;4;27;27;1,0;4;0;0;63;9
PA2026-3547;2026-11-17;Änderung;4;Bestandskunde;Automobilindustrie;Bearbeitung;12;Stahl;pulverbeschichtet;28;28;15;0,036;4;36;36;1,0;4;0;0;96;12
PA2026-3548;2026-11-16;Standard;9;Bestandskunde;Maschinenbau;Bearbeitung;15;Stahl;pulverbeschichtet;26;26;7;0,03;4;45;45;1,0;4;0;0;105;15
PA2026-3549;2026-11-13;Standard;4;Bestandskunde;Logistiktechnik;Bearbeitung;15;Stahl;pulverbeschichtet;26;26;7;0,03;4;45;45;1,0;4;0;0;105;15
PA2026-3550;2026-11-14;Standard;13;Bestandskunde;Maschinenbau;Bearbeitung;4;Stahl;pulverbeschichtet;28;28;15;0,012;4;12;12;1,0;4;0;0;32;4
PA2026-3551;2026-11-16;Standard;14;Bestandskunde;Logistiktechnik;Bearbeitung;17;Stahl;pulverbeschichtet;28;28;15;0,051;4;51;51;1,0;4;0;0;136;17
PA2026-3552;2026-11-12;Standard;15;Bestandskunde;Maschinenbau;Bearbeitung;20;Stahl;pulverbeschichtet;26;26;7;0,04;4;60;60;1,0;4;0;0;140;20
PA2026-3553;2026-11-16;Standard;13;Bestandskunde;Logistiktechnik;Bearbeitung;9;Stahl;pulverbeschichtet;28;28;15;0,027;4;27;27;1,0;4;0;0;72;9
PA2026-3554;2026-11-13;Änderung;8;Bestandskunde;Sonstige;Bearbeitung;14;Stahl;pulverbeschichtet;26;26;7;0,028;4;42;42;1,0;4;0;0;98;14
PA2026-3555;2026-11-17;Standard;13;Bestandskunde;Logistiktechnik;Bearbeitung;6;Stahl;pulverbeschichtet;26;26;7;0,012;4;18;18;1,0;4;0;0;42;6
PA2026-3556;2026-11-18;Änderung;14;Bestandskunde;Maschinenbau;Bearbeitung;4;Stahl;pulverbeschichtet;28;28;15;0,012;4;12;12;1,0;4;0;0;32;4
PA2026-3557;2026-11-17;Standard;3;Bestandskunde;Automobilindustrie;Bearbeitung;19;Stahl;pulverbeschichtet;28;28;15;0,057;4;57;57;1,0;4;0;0;152;19
PA2026-3558;2026-11-14;Standard;5;Bestandskunde;Automobilindustrie;Bearbeitung;3;Stahl;pulverbeschichtet;26;26;7;0,006;4;9;9;1,0;4;0;0;21;3
PA2026-3559;2026-11-16;Änderung;7;Bestandskunde;Haushaltsgeräte;Bearbeitung;13;Stahl;pulverbeschichtet;28;28;15;0,039;4;39;39;1,0;4;0;0;104;13
PA2026-3560;2026-11-16;Standard;10;Bestandskunde;Logistiktechnik;Bearbeitung;1;Stahl;pulverbeschichtet;28;28;15;0,003;4;3;3;1,0;4;0;0;8;1
PA2026-3561;2026-11-13;Änderung;5;Bestandskunde;Haushaltsgeräte;Bearbeitung;16;Stahl;pulverbeschichtet;28;28;15;0,048;4;48;48;1,0;4;0;0;128;16
PA2026-3562;2026-11-16;Standard;15;Bestandskunde;Maschinenbau;Bearbeitung;5;Stahl;pulverbeschichtet;26;26;7;0,01;4;15;15;1,0;4;0;0;35;5
PA2026-3563;2026-11-15;Änderung;5;Neukunde;Logistiktechnik;Bearbeitung;14;Stahl;pulverbeschichtet;26;26;7;0,028;4;42;42;1,0;4;0;0;98;14
PA2026-3564;2026-11-18;Standard;13;Bestandskunde;Automobilindustrie;Bearbeitung;9;Stahl;pulverbeschichtet;28;28;15;0,027;4;27;27;1,0;4;0;0;72;9
PA2026-3565;2026-11-16;Standard;11;Bestandskunde;Medizintechnik;Bearbeitung;15;Stahl;pulverbeschichtet;28;28;15;0,045;4;45;45;1,0;4;0;0;120;15
PA2026-3566;2026-11-14;Standard;10;Bestandskunde;Maschinenbau;Bearbeitung;18;Stahl;pulverbeschichtet;28;28;15;0,054;4;54;54;1,0;4;0;0;144;18
PA2026-3567;2026-11-17;Standard;8;Bestandskunde;Automobilindustrie;Bearbeitung;19;Stahl;pulverbeschichtet;26;26;7;0,038;4;57;57;1,0;4;0;0;133;19
PA2026-3568;2026-11-15;Änderung;5;Bestandskunde;Haushaltsgeräte;Bearbeitung;17;Stahl;pulverbeschichtet;26;26;7;0,034;4;51;51;1,0;4;0;0;119;17
PA2026-3569;2026-11-15;Standard;9;Bestandskunde;Sonstige;Bearbeitung;15;Stahl;pulverbeschichtet;28;28;15;0,045;4;45;45;1,0;4;0;0;120;15
PA2026-3570;2026-11-16;Standard;4;Bestandskunde;Sonstige;Bearbeitung;16;Stahl;pulverbeschichtet;28;28;15;0,048;4;48;48;1,0;4;0;0;128;16
PA2026-3571;2026-11-20;Standard;8;Bestandskunde;Medizintechnik;Bearbeitung;6;Stahl;pulverbeschichtet;28;28;15;0,018;4;18;18;1,0;4;0;0;48;6
PA2026-3572;2026-11-24;Standard;11;Bestandskunde;Maschinenbau;Bearbeitung;18;Stahl;pulverbeschichtet;26;26;7;0,036;4;54;54;1,0;4;0;0;126;18
PA2026-3573;2026-11-23;Standard;15;Bestandskunde;Sonstige;Bearbeitung;4;Stahl;pulverbeschichtet;26;26;7;0,008;4;12;12;1,0;4;0;0;28;4
PA2026-3574;2026-11-24;Standard;14;Bestandskunde;Automobilindustrie;Bearbeitung;20;Stahl;pulverbeschichtet;26;26;7;0,04;4;60;60;1,0;4;0;0;140;20
PA2026-3575;2026-11-19;Standard;13;Bestandskunde;Automobilindustrie;Bearbeitung;5;Stahl;pulverbeschichtet;26;26;7;0,01;4;15;15;1,0;4;0;0;35;5
PA2026-3576;2026-11-23;Standard;9;Bestandskunde;Automobilindustrie;Bearbeitung;17;Stahl;pulverbeschichtet;26;26;7;0,034;4;51;51;1,0;4;0;0;119;17
PA2026-3577;2026-11-21;Änderung;14;Bestandskunde;Automobilindustrie;Bearbeitung;11;Stahl;pulverbeschichtet;28;28;15;0,033;4;33;33;1,0;4;0;0;88;11
PA2026-3578;2026-11-22;Standard;11;Bestandskunde;Sonstige;Bearbeitung;17;Stahl;pulverbeschichtet;26;26;7;0,034;4;51;51;1,0;4;0;0;119;17
PA2026-3579;2026-11-21;Änderung;11;Bestandskunde;Maschinenbau;Bearbeitung;16;Stahl;pulverbeschichtet;26;26;7;0,032;4;48;48;1,0;4;0;0;112;16
PA2026-3580;2026-11-24;Standard;6;Neukunde;Sonstige;Bearbeitung;7;Stahl;pulverbeschichtet;28;28;15;0,021;4;21;21;1,0;4;0;0;56;7
PA2026-3581;2026-11-21;Standard;10;Neukunde;Sonstige;Bearbeitung;11;Stahl;pulverbeschichtet;26;26;7;0,022;4;33;33;1,0;4;0;0;77;11
PA2026-3582;2026-11-19;Änderung;11;Bestandskunde;Haushaltsgeräte;Bearbeitung;16;Stahl;pulverbeschichtet;28;28;15;0,048;4;48;48;1,0;4;0;0;128;16
PA2026-3583;2026-11-24;Änderung;9;Bestandskunde;Haushaltsgeräte;Bearbeitung;17;Stahl;pulverbeschichtet;26;26;7;0,034;4;51;51;1,0;4;0;0;119;17
PA2026-3584;2026-11-19;Änderung;10;Neukunde;Maschinenbau;Bearbeitung;2;Stahl;pulverbeschichtet;26;26;7;0,004;4;6;6;1,0;4;0;0;14;2
PA2026-3585;2026-11-20;Standard;10;Bestandskunde;Sonstige;Bearbeitung;18;Stahl;pulverbeschichtet;26;26;7;0,036;4;54;54;1,0;4;0;0;126;18
PA2026-3586;2026-11-21;Standard;12;Bestandskunde;Maschinenbau;Bearbeitung;20;Stahl;pulverbeschichtet;28;28;15;0,06;4;60;60;1,0;4;0;0;160;20
PA2026-3587;2026-11-23;Standard;14;Bestandskunde;Haushaltsgeräte;Bearbeitung;15;Stahl;pulverbeschichtet;26;26;7;0,03;4;45;45;1,0;4;0;0;105;15
PA2026-3588;2026-11-20;Standard;10;Bestandskunde;Logistiktechnik;Bearbeitung;12;Stahl;pulverbeschichtet;26;26;7;0,024;4;36;36;1,0;4;0;0;84;12
PA2026-3589;2026-11-21;Standard;10;Bestandskunde;Maschinenbau;Bearbeitung;10;Stahl;pulverbeschichtet;28;28;15;0,03;4;30;30;1,0;4;0;0;80;10
PA2026-3590;2026-11-25;Änderung;12;Bestandskunde;Automobilindustrie;Bearbeitung;10;Stahl;pulverbeschichtet;26;26;7;0,02;4;30;30;1,0;4;0;0;70;10
PA2026-3591;2026-11-22;Standard;9;Bestandskunde;Medizintechnik;Bearbeitung;16;Stahl;pulverbeschichtet;26;26;7;0,032;4;48;48;1,0;4;0;0;112;16
PA2026-3592;2026-11-23;Standard;9;Bestandskunde;Sonstige;Bearbeitung;16;Stahl;pulverbeschichtet;26;26;7;0,032;4;48;48;1,0;4;0;0;112;16
PA2026-3593;2026-11-24;Standard;8;Bestandskunde;Maschinenbau;Bearbeitung;5;Stahl;pulverbeschichtet;28;28;15;0,015;4;15;15;1,0;4;0;0;40;5
PA2026-3594;2026-11-19;Standard;15;Bestandskunde;Maschinenbau;Bearbeitung;7;Stahl;pulverbeschichtet;28;28;15;0,021;4;21;21;1,0;4;0;0;56;7
PA2026-3595;2026-11-23;Änderung;5;Bestandskunde;Maschinenbau;Bearbeitung;10;Stahl;pulverbeschichtet;26;26;7;0,02;4;30;30;1,0;4;0;0;70;10
PA2026-3596;2026-11-20;Änderung;6;Bestandskunde;Medizintechnik;Bearbeitung;12;Stahl;pulverbeschichtet;26;26;7;0,024;4;36;36;1,0;4;0;0;84;12
PA2026-3597;2026-11-24;Standard;9;Bestandskunde;Medizintechnik;Bearbeitung;13;Stahl;pulverbeschichtet;26;26;7;0,026;4;39;39;1,0;4;0;0;91;13
PA2026-3598;2026-11-20;Standard;10;Bestandskunde;Automobilindustrie;Bearbeitung;16;Stahl;pulverbeschichtet;26;26;7;0,032;4;48;48;1,0;4;0;0;112;16
PA2026-3599;2026-11-20;Änderung;5;Bestandskunde;Sonstige;Bearbeitung;12;Stahl;pulverbeschichtet;28;28;15;0,036;4;36;36;1,0;4;0;0;96;12
PA2026-3600;2026-11-19;Standard;14;Bestandskunde;Maschinenbau;Bearbeitung;20;Stahl;pulverbeschichtet;28;28;15;0,06;4;60;60;1,0;4;0;0;160;20
PA2026-3601;2026-11-19;Standard;13;Bestandskunde;Sonstige;Bearbeitung;6;Stahl;pulverbeschichtet;26;26;7;0,012;4;18;18;1,0;4;0;0;42;6
PA2026-3602;2026-11-23;Standard;6;Bestandskunde;Haushaltsgeräte;Bearbeitung;10;Stahl;pulverbeschichtet;26;26;7;0,02;4;30;30;1,0;4;0;0;70;10
PA2026-3603;2026-11-25;Standard;10;Bestandskunde;Haushaltsgeräte;Bearbeitung;13;Stahl;pulverbeschichtet;26;26;7;0,026;4;39;39;1,0;4;0;0;91;13
PA2026-3604;2026-11-25;Änderung;7;Bestandskunde;Logistiktechnik;Bearbeitung;10;Stahl;pulverbeschichtet;26;26;7;0,02;4;30;30;1,0;4;0;0;70;10
PA2026-3605;2026-11-23;Änderung;7;Bestandskunde;Sonstige;Bearbeitung;8;Stahl;pulverbeschichtet;26;26;7;0,016;4;24;24;1,0;4;0;0;56;8
PA2026-3606;2026-11-25;Standard;7;Bestandskunde;Medizintechnik;Bearbeitung;12;Stahl;pulverbeschichtet;26;26;7;0,024;4;36;36;1,0;4;0;0;84;12
PA2026-3607;2026-11-24;Änderung;8;Neukunde;Maschinenbau;Bearbeitung;14;Stahl;pulverbeschichtet;26;26;7;0,028;4;42;42;1,0;4;0;0;98;14
PA2026-3608;2026-11-22;Standard;6;Bestandskunde;Medizintechnik;Bearbeitung;14;Stahl;pulverbeschichtet;28;28;15;0,042;4;42;42;1,0;4;0;0;112;14
PA2026-3609;2026-11-19;Standard;3;Bestandskunde;Medizintechnik;Bearbeitung;13;Stahl;pulverbeschichtet;28;28;15;0,039;4;39;39;1,0;4;0;0;104;13
PA2026-3610;2026-11-20;Änderung;4;Bestandskunde;Sonstige;Bearbeitung;5;Stahl;pulverbeschichtet;26;26;7;0,01;4;15;15;1,0;4;0;0;35;5
PA2026-3611;2026-11-21;Standard;5;Neukunde;Maschinenbau;Bearbeitung;15;Stahl;pulverbeschichtet;26;26;7;0,03;4;45;45;1,0;4;0;0;105;15
PA2026-3612;2026-11-20;Standard;12;Bestandskunde;Automobilindustrie;Bearbeitung;1;Stahl;pulverbeschichtet;28;28;15;0,003;4;3;3;1,0;4;0;0;8;1
PA2026-3613;2026-11-25;Standard;13;Bestandskunde;Haushaltsgeräte;Bearbeitung;10;Stahl;pulverbeschichtet;26;26;7;0,02;4;30;30;1,0;4;0;0;70;10
PA2026-3614;2026-11-19;Standard;9;Bestandskunde;Logistiktechnik;Bearbeitung;7;Stahl;pulverbeschichtet;28;28;15;0,021;4;21;21;1,0;4;0;0;56;7
PA2026-3615;2026-11-19;Änderung;13;Bestandskunde;Logistiktechnik;Bearbeitung;12;Stahl;pulverbeschichtet;26;26;7;0,024;4;36;36;1,0;4;0;0;84;12
PA2026-3616;2026-11-20;Änderung;11;Bestandskunde;Haushaltsgeräte;Bearbeitung;13;Stahl;pulverbeschichtet;28;28;15;0,039;4;39;39;1,0;4;0;0;104;13
PA2026-3617;2026-11-25;Standard;7;Bestandskunde;Automobilindustrie;Bearbeitung;19;Stahl;pulverbeschichtet;26;26;7;0,038;4;57;57;1,0;4;0;0;133;19
PA2026-3618;2026-11-24;Standard;13;Bestandskunde;Automobilindustrie;Bearbeitung;12;Stahl;pulverbeschichtet;28;28;15;0,036;4;36;36;1,0;4;0;0;96;12
PA2026-3619;2026-11-22;Standard;15;Bestandskunde;Medizintechnik;Bearbeitung;3;Stahl;pulverbeschichtet;26;26;7;0,006;4;9;9;1,0;4;0;0;21;3
PA2026-3620;2026-11-19;Standard;3;Neukunde;Medizintechnik;Bearbeitung;18;Stahl;pulverbeschichtet;28;28;15;0,054;4;54;54;1,0;4;0;0;144;18
PA2026-3621;2026-11-20;Standard;10;Bestandskunde;Logistiktechnik;Bearbeitung;7;Stahl;pulverbeschichtet;28;28;15;0,021;4;21;21;1,0;4;0;0;56;7
PA2026-3622;2026-11-24;Standard;9;Bestandskunde;Maschinenbau;Bearbeitung;5;Stahl;pulverbeschichtet;28;28;15;0,015;4;15;15;1,0;4;0;0;40;5
PA2026-3623;2026-11-23;Änderung;4;Bestandskunde;Logistiktechnik;Bearbeitung;8;Stahl;pulverbeschichtet;26;26;7;0,016;4;24;24;1,0;4;0;0;56;8
PA2026-3624;2026-11-21;Standard;10;Bestandskunde;Automobilindustrie;Bearbeitung;3;Stahl;pulverbeschichtet;26;26;7;0,006;4;9;9;1,0;4;0;0;21;3
PA2026-3625;2026-11-22;Standard;10;Bestandskunde;Sonstige;Bearbeitung;12;Stahl;pulverbeschichtet;28;28;15;0,036;4;36;36;1,0;4;0;0;96;12
PA2026-3626;2026-11-21;Standard;14;Bestandskunde;Maschinenbau;Bearbeitung;11;Stahl;pulverbeschichtet;26;26;7;0,022;4;33;33;1,0;4;0;0;77;11
PA2026-3627;2026-11-20;Standard;3;Bestandskunde;Maschinenbau;Bearbeitung;10;Stahl;pulverbeschichtet;26;26;7;0,02;4;30;30;1,0;4;0;0;70;10
PA2026-3628;2026-11-22;Standard;14;Bestandskunde;Logistiktechnik;Bearbeitung;2;Stahl;pulverbeschichtet;26;26;7;0,004;4;6;6;1,0;4;0;0;14;2
PA2026-3629;2026-11-19;Standard;4;Bestandskunde;Logistiktechnik;Bearbeitung;16;Stahl;pulverbeschichtet;28;28;15;0,048;4;48;48;1,0;4;0;0;128;16
PA2026-3630;2026-11-21;Standard;8;Bestandskunde;Automobilindustrie;Bearbeitung;3;Stahl;pulverbeschichtet;26;26;7;0,006;4;9;9;1,0;4;0;0;21;3
PA2026-3631;2026-11-29;Standard;15;Bestandskunde;Sonstige;Bearbeitung;4;Stahl;pulverbeschichtet;28;28;15;0,012;4;12;12;1,0;4;0;0;32;4
PA2026-3632;2026-12-02;Standard;5;Bestandskunde;Sonstige;Bearbeitung;20;Stahl;pulverbeschichtet;26;26;7;0,04;4;60;60;1,0;4;0;0;140;20
PA2026-3633;2026-11-30;Standard;11;Bestandskunde;Logistiktechnik;Bearbeitung;15;Stahl;pulverbeschichtet;28;28;15;0,045;4;45;45;1,0;4;0;0;120;15
PA2026-3634;2026-12-01;Änderung;3;Bestandskunde;Automobilindustrie;Bearbeitung;19;Stahl;pulverbeschichtet;26;26;7;0,038;4;57;57;1,0;4;0;0;133;19
PA2026-3635;2026-12-02;Standard;5;Bestandskunde;Haushaltsgeräte;Bearbeitung;7;Stahl;pulverbeschichtet;26;26;7;0,014;4;21;21;1,0;4;0;0;49;7
PA2026-3636;2026-11-26;Änderung;4;Bestandskunde;Automobilindustrie;Bearbeitung;17;Stahl;pulverbeschichtet;26;26;7;0,034;4;51;51;1,0;4;0;0;119;17
PA2026-3637;2026-12-01;Änderung;11;Bestandskunde;Maschinenbau;Bearbeitung;11;Stahl;pulverbeschichtet;28;28;15;0,033;4;33;33;1,0;4;0;0;88;11
PA2026-3638;2026-11-28;Standard;5;Bestandskunde;Maschinenbau;Bearbeitung;1;Stahl;pulverbeschichtet;26;26;7;0,002;4;3;3;1,0;4;0;0;7;1
PA2026-3639;2026-11-29;Standard;5;Bestandskunde;Logistiktechnik;Bearbeitung;11;Stahl;pulverbeschichtet;28;28;15;0,033;4;33;33;1,0;4;0;0;88;11
PA2026-3640;2026-11-26;Standard;11;Bestandskunde;Maschinenbau;Bearbeitung;17;Stahl;pulverbeschichtet;26;26;7;0,034;4;51;51;1,0;4;0;0;119;17
PA2026-3641;2026-11-27;Änderung;5;Bestandskunde;Automobilindustrie;Bearbeitung;11;Stahl;pulverbeschichtet;26;26;7;0,022;4;33;33;1,0;4;0;0;77;11
PA2026-3642;2026-11-27;Standard;6;Bestandskunde;Automobilindustrie;Bearbeitung;1;Stahl;pulverbeschichtet;26;26;7;0,002;4;3;3;1,0;4;0;0;7;1
PA2026-3643;2026-12-02;Änderung;5;Bestandskunde;Logistiktechnik;Bearbeitung;18;Stahl;pulverbeschichtet;26;26;7;0,036;4;54;54;1,0;4;0;0;126;18
PA2026-3644;2026-11-27;Änderung;5;Bestandskunde;Medizintechnik;Bearbeitung;12;Stahl;pulverbeschichtet;28;28;15;0,036;4;36;36;1,0;4;0;0;96;12
PA2026-3645;2026-11-26;Änderung;7;Bestandskunde;Maschinenbau;Bearbeitung;9;Stahl;pulverbeschichtet;26;26;7;0,018;4;27;27;1,0;4;0;0;63;9
PA2026-3646;2026-12-01;Standard;10;Bestandskunde;Medizintechnik;Bearbeitung;6;Stahl;pulverbeschichtet;28;28;15;0,018;4;18;18;1,0;4;0;0;48;6
PA2026-3647;2026-12-02;Standard;10;Bestandskunde;Medizintechnik;Bearbeitung;1;Stahl;pulverbeschichtet;28;28;15;0,003;4;3;3;1,0;4;0;0;8;1
PA2026-3648;2026-11-30;Standard;15;Bestandskunde;Haushaltsgeräte;Bearbeitung;6;Stahl;pulverbeschichtet;26;26;7;0,012;4;18;18;1,0;4;0;0;42;6
PA2026-3649;2026-11-27;Änderung;12;Bestandskunde;Automobilindustrie;Bearbeitung;16;Stahl;pulverbeschichtet;26;26;7;0,032;4;48;48;1,0;4;0;0;112;16
PA2026-3650;2026-12-01;Standard;12;Bestandskunde;Automobilindustrie;Bearbeitung;8;Stahl;pulverbeschichtet;26;26;7;0,016;4;24;24;1,0;4;0;0;56;8
PA2026-3651;2026-12-02;Standard;5;Bestandskunde;Automobilindustrie;Bearbeitung;13;Stahl;pulverbeschichtet;28;28;15;0,039;4;39;39;1,0;4;0;0;104;13
PA2026-3652;2026-12-02;Standard;11;Bestandskunde;Maschinenbau;Bearbeitung;16;Stahl;pulverbeschichtet;28;28;15;0,048;4;48;48;1,0;4;0;0;128;16
PA2026-3653;2026-11-28;Standard;9;Bestandskunde;Automobilindustrie;Bearbeitung;20;Stahl;pulverbeschichtet;28;28;15;0,06;4;60;60;1,0;4;0;0;160;20
PA2026-3654;2026-11-28;Standard;5;Bestandskunde;Logistiktechnik;Bearbeitung;12;Stahl;pulverbeschichtet;28;28;15;0,036;4;36;36;1,0;4;0;0;96;12
PA2026-3655;2026-11-29;Änderung;12;Bestandskunde;Automobilindustrie;Bearbeitung;9;Stahl;pulverbeschichtet;26;26;7;0,018;4;27;27;1,0;4;0;0;63;9
PA2026-3656;2026-12-01;Standard;11;Bestandskunde;Sonstige;Bearbeitung;18;Stahl;pulverbeschichtet;28;28;15;0,054;4;54;54;1,0;4;0;0;144;18
PA2026-3657;2026-12-02;Standard;11;Bestandskunde;Logistiktechnik;Bearbeitung;7;Stahl;pulverbeschichtet;28;28;15;0,021;4;21;21;1,0;4;0;0;56;7
PA2026-3658;2026-11-30;Standard;7;Bestandskunde;Sonstige;Bearbeitung;3;Stahl;pulverbeschichtet;28;28;15;0,009;4;9;9;1,0;4;0;0;24;3
PA2026-3659;2026-12-02;Standard;12;Bestandskunde;Haushaltsgeräte;Bearbeitung;18;Stahl;pulverbeschichtet;26;26;7;0,036;4;54;54;1,0;4;0;0;126;18
PA2026-3660;2026-11-28;Standard;8;Bestandskunde;Logistiktechnik;Bearbeitung;18;Stahl;pulverbeschichtet;26;26;7;0,036;4;54;54;1,0;4;0;0;126;18
PA2026-3661;2026-12-01;Standard;13;Bestandskunde;Sonstige;Bearbeitung;14;Stahl;pulverbeschichtet;28;28;15;0,042;4;42;42;1,0;4;0;0;112;14
PA2026-3662;2026-12-01;Standard;7;Bestandskunde;Automobilindustrie;Bearbeitung;8;Stahl;pulverbeschichtet;26;26;7;0,016;4;24;24;1,0;4;0;0;56;8
PA2026-3663;2026-11-26;Standard;11;Bestandskunde;Haushaltsgeräte;Bearbeitung;17;Stahl;pulverbeschichtet;26;26;7;0,034;4;51;51;1,0;4;0;0;119;17
PA2026-3664;2026-11-29;Standard;15;Bestandskunde;Medizintechnik;Bearbeitung;3;Stahl;pulverbeschichtet;26;26;7;0,006;4;9;9;1,0;4;0;0;21;3
PA2026-3665;2026-11-26;Standard;14;Bestandskunde;Sonstige;Bearbeitung;13;Stahl;pulverbeschichtet;26;26;7;0,026;4;39;39;1,0;4;0;0;91;13
PA2026-3666;2026-12-01;Standard;8;Bestandskunde;Logistiktechnik;Bearbeitung;4;Stahl;pulverbeschichtet;26;26;7;0,008;4;12;12;1,0;4;0;0;28;4
PA2026-3667;2026-11-30;Änderung;14;Bestandskunde;Sonstige;Bearbeitung;1;Stahl;pulverbeschichtet;28;28;15;0,003;4;3;3;1,0;4;0;0;8;1
PA2026-3668;2026-12-01;Standard;9;Bestandskunde;Sonstige;Bearbeitung;4;Stahl;pulverbeschichtet;26;26;7;0,008;4;12;12;1,0;4;0;0;28;4
PA2026-3669;2026-12-02;Standard;7;Bestandskunde;Maschinenbau;Bearbeitung;15;Stahl;pulverbeschichtet;28;28;15;0,045;4;45;45;1,0;4;0;0;120;15
PA2026-3670;2026-11-28;Standard;10;Bestandskunde;Automobilindustrie;Bearbeitung;6;Stahl;pulverbeschichtet;28;28;15;0,018;4;18;18;1,0;4;0;0;48;6
PA2026-3671;2026-11-28;Standard;11;Bestandskunde;Automobilindustrie;Bearbeitung;7;Stahl;pulverbeschichtet;28;28;15;0,021;4;21;21;1,0;4;0;0;56;7
PA2026-3672;2026-11-27;Standard;10;Bestandskunde;Haushaltsgeräte;Bearbeitung;19;Stahl;pulverbeschichtet;26;26;7;0,038;4;57;57;1,0;4;0;0;133;19
PA2026-3673;2026-12-02;Standard;5;Bestandskunde;Automobilindustrie;Bearbeitung;14;Stahl;pulverbeschichtet;28;28;15;0,042;4;42;42;1,0;4;0;0;112;14
PA2026-3674;2026-11-28;Änderung;14;Bestandskunde;Automobilindustrie;Bearbeitung;1;Stahl;pulverbeschichtet;28;28;15;0,003;4;3;3;1,0;4;0;0;8;1
PA2026-3675;2026-11-30;Standard;9;Bestandskunde;Sonstige;Bearbeitung;4;Stahl;pulverbeschichtet;28;28;15;0,012;4;12;12;1,0;4;0;0;32;4
PA2026-3676;2026-11-29;Änderung;6;Bestandskunde;Sonstige;Bearbeitung;19;Stahl;pulverbeschichtet;26;26;7;0,038;4;57;57;1,0;4;0;0;133;19
PA2026-3677;2026-11-29;Standard;10;Bestandskunde;Maschinenbau;Bearbeitung;19;Stahl;pulverbeschichtet;26;26;7;0,038;4;57;57;1,0;4;0;0;133;19
PA2026-3678;2026-11-27;Standard;8;Neukunde;Automobilindustrie;Bearbeitung;7;Stahl;pulverbeschichtet;26;26;7;0,014;4;21;21;1,0;4;0;0;49;7
PA2026-3679;2026-11-29;Standard;15;Bestandskunde;Logistiktechnik;Bearbeitung;9;Stahl;pulverbeschichtet;28;28;15;0,027;4;27;27;1,0;4;0;0;72;9
PA2026-3680;2026-11-26;Standard;9;Bestandskunde;Maschinenbau;Bearbeitung;3;Stahl;pulverbeschichtet;26;26;7;0,006;4;9;9;1,0;4;0;0;21;3
PA2026-3681;2026-11-30;Standard;9;Bestandskunde;Medizintechnik;Bearbeitung;18;Stahl;pulverbeschichtet;28;28;15;0,054;4;54;54;1,0;4;0;0;144;18
PA2026-3682;2026-11-29;Standard;5;Bestandskunde;Logistiktechnik;Bearbeitung;19;Stahl;pulverbeschichtet;26;26;7;0,038;4;57;57;1,0;4;0;0;133;19
PA2026-3683;2026-11-26;Änderung;10;Bestandskunde;Automobilindustrie;Bearbeitung;2;Stahl;pulverbeschichtet;26;26;7;0,004;4;6;6;1,0;4;0;0;14;2
PA2026-3684;2026-12-02;Standard;12;Bestandskunde;Automobilindustrie;Bearbeitung;18;Stahl;pulverbeschichtet;26;26;7;0,036;4;54;54;1,0;4;0;0;126;18
PA2026-3685;2026-11-30;Änderung;4;Bestandskunde;Maschinenbau;Bearbeitung;7;Stahl;pulverbeschichtet;26;26;7;0,014;4;21;21;1,0;4;0;0;49;7
PA2026-3686;2026-12-01;Änderung;11;Bestandskunde;Sonstige;Bearbeitung;5;Stahl;pulverbeschichtet;28;28;15;0,015;4;15;15;1,0;4;0;0;40;5
PA2026-3687;2026-11-28;Standard;8;Bestandskunde;Logistiktechnik;Bearbeitung;16;Stahl;pulverbeschichtet;26;26;7;0,032;4;48;48;1,0;4;0;0;112;16
PA2026-3688;2026-12-02;Standard;6;Bestandskunde;Maschinenbau;Bearbeitung;2;Stahl;pulverbeschichtet;26;26;7;0,004;4;6;6;1,0;4;0;0;14;2
PA2026-3689;2026-12-02;Standard;14;Bestandskunde;Maschinenbau;Bearbeitung;3;Stahl;pulverbeschichtet;26;26;7;0,006;4;9;9;1,0;4;0;0;21;3
PA2026-3690;2026-11-27;Änderung;5;Bestandskunde;Logistiktechnik;Bearbeitung;10;Stahl;pulverbeschichtet;28;28;15;0,03;4;30;30;1,0;4;0;0;80;10
PA2026-3691;2026-12-05;Standard;14;Bestandskunde;Medizintechnik;Bearbeitung;17;Stahl;pulverbeschichtet;26;26;7;0,034;4;51;51;1,0;4;0;0;119;17
PA2026-3692;2026-12-03;Standard;6;Bestandskunde;Logistiktechnik;Bearbeitung;10;Stahl;pulverbeschichtet;26;26;7;0,02;4;30;30;1,0;4;0;0;70;10
PA2026-3693;2026-12-06;Standard;5;Bestandskunde;Logistiktechnik;Bearbeitung;14;Stahl;pulverbeschichtet;28;28;15;0,042;4;42;42;1,0;4;0;0;112;14
PA2026-3694;2026-12-05;Änderung;15;Bestandskunde;Maschinenbau;Bearbeitung;7;Stahl;pulverbeschichtet;28;28;15;0,021;4;21;21;1,0;4;0;0;56;7
PA2026-3695;2026-12-07;Änderung;5;Bestandskunde;Automobilindustrie;Bearbeitung;10;Stahl;pulverbeschichtet;26;26;7;0,02;4;30;30;1,0;4;0;0;70;10
PA2026-3696;2026-12-03;Standard;10;Bestandskunde;Automobilindustrie;Bearbeitung;4;Stahl;pulverbeschichtet;26;26;7;0,008;4;12;12;1,0;4;0;0;28;4
PA2026-3697;2026-12-03;Standard;5;Bestandskunde;Sonstige;Bearbeitung;11;Stahl;pulverbeschichtet;28;28;15;0,033;4;33;33;1,0;4;0;0;88;11
PA2026-3698;2026-12-03;Änderung;12;Bestandskunde;Automobilindustrie;Bearbeitung;6;Stahl;pulverbeschichtet;26;26;7;0,012;4;18;18;1,0;4;0;0;42;6
PA2026-3699;2026-12-06;Änderung;10;Bestandskunde;Logistiktechnik;Bearbeitung;11;Stahl;pulverbeschichtet;28;28;15;0,033;4;33;33;1,0;4;0;0;88;11
PA2026-3700;2026-12-08;Standard;10;Bestandskunde;Sonstige;Bearbeitung;12;Stahl;pulverbeschichtet;26;26;7;0,024;4;36;36;1,0;4;0;0;84;12
PA2026-3701;2026-12-08;Änderung;5;Bestandskunde;Medizintechnik;Bearbeitung;18;Stahl;pulverbeschichtet;28;28;15;0,054;4;54;54;1,0;4;0;0;144;18
PA2026-3702;2026-12-07;Standard;12;Bestandskunde;Automobilindustrie;Bearbeitung;17;Stahl;pulverbeschichtet;28;28;15;0,051;4;51;51;1,0;4;0;0;136;17
PA2026-3703;2026-12-03;Standard;11;Bestandskunde;Logistiktechnik;Bearbeitung;11;Stahl;pulverbeschichtet;26;26;7;0,022;4;33;33;1,0;4;0;0;77;11
PA2026-3704;2026-12-05;Änderung;12;Bestandskunde;Medizintechnik;Bearbeitung;17;Stahl;pulverbeschichtet;28;28;15;0,051;4;51;51;1,0;4;0;0;136;17
PA2026-3705;2026-12-09;Standard;7;Bestandskunde;Logistiktechnik;Bearbeitung;15;Stahl;pulverbeschichtet;28;28;15;0,045;4;45;45;1,0;4;0;0;120;15
PA2026-3706;2026-12-06;Änderung;7;Bestandskunde;Maschinenbau;Bearbeitung;12;Stahl;pulverbeschichtet;26;26;7;0,024;4;36;36;1,0;4;0;0;84;12
PA2026-3707;2026-12-06;Standard;5;Bestandskunde;Haushaltsgeräte;Bearbeitung;3;Stahl;pulverbeschichtet;26;26;7;0,006;4;9;9;1,0;4;0;0;21;3
PA2026-3708;2026-12-05;Standard;5;Bestandskunde;Maschinenbau;Bearbeitung;13;Stahl;pulverbeschichtet;28;28;15;0,039;4;39;39;1,0;4;0;0;104;13
PA2026-3709;2026-12-05;Standard;5;Bestandskunde;Logistiktechnik;Bearbeitung;4;Stahl;pulverbeschichtet;28;28;15;0,012;4;12;12;1,0;4;0;0;32;4
PA2026-3710;2026-12-08;Standard;13;Bestandskunde;Automobilindustrie;Bearbeitung;9;Stahl;pulverbeschichtet;26;26;7;0,018;4;27;27;1,0;4;0;0;63;9
PA2026-3711;2026-12-04;Standard;5;Bestandskunde;Automobilindustrie;Bearbeitung;7;Stahl;pulverbeschichtet;26;26;7;0,014;4;21;21;1,0;4;0;0;49;7
PA2026-3712;2026-12-05;Standard;7;Bestandskunde;Logistiktechnik;Bearbeitung;5;Stahl;pulverbeschichtet;26;26;7;0,01;4;15;15;1,0;4;0;0;35;5
PA2026-3713;2026-12-07;Änderung;7;Bestandskunde;Automobilindustrie;Bearbeitung;16;Stahl;pulverbeschichtet;26;26;7;0,032;4;48;48;1,0;4;0;0;112;16
PA2026-3714;2026-12-07;Standard;9;Bestandskunde;Sonstige;Bearbeitung;20;Stahl;pulverbeschichtet;28;28;15;0,06;4;60;60;1,0;4;0;0;160;20
PA2026-3715;2026-12-03;Standard;9;Bestandskunde;Maschinenbau;Bearbeitung;18;Stahl;pulverbeschichtet;28;28;15;0,054;4;54;54;1,0;4;0;0;144;18
PA2026-3716;2026-12-07;Standard;6;Bestandskunde;Sonstige;Bearbeitung;4;Stahl;pulverbeschichtet;28;28;15;0,012;4;12;12;1,0;4;0;0;32;4
PA2026-3717;2026-12-05;Standard;4;Bestandskunde;Automobilindustrie;Bearbeitung;11;Stahl;pulverbeschichtet;26;26;7;0,022;4;33;33;1,0;4;0;0;77;11
PA2026-3718;2026-12-09;Standard;13;Bestandskunde;Haushaltsgeräte;Bearbeitung;17;Stahl;pulverbeschichtet;26;26;7;0,034;4;51;51;1,0;4;0;0;119;17
PA2026-3719;2026-12-09;Standard;12;Bestandskunde;Sonstige;Bearbeitung;12;Stahl;pulverbeschichtet;26;26;7;0,024;4;36;36;1,0;4;0;0;84;12
PA2026-3720;2026-12-03;Standard;13;Bestandskunde;Maschinenbau;Bearbeitung;18;Stahl;pulverbeschichtet;28;28;15;0,054;4;54;54;1,0;4;0;0;144;18
PA2026-3721;2026-12-03;Änderung;10;Bestandskunde;Haushaltsgeräte;Bearbeitung;11;Stahl;pulverbeschichtet;26;26;7;0,022;4;33;33;1,0;4;0;0;77;11
PA2026-3722;2026-12-03;Standard;11;Bestandskunde;Maschinenbau;Bearbeitung;17;Stahl;pulverbeschichtet;26;26;7;0,034;4;51;51;1,0;4;0;0;119;17
PA2026-3723;2026-12-05;Standard;15;Bestandskunde;Automobilindustrie;Bearbeitung;10;Stahl;pulverbeschichtet;26;26;7;0,02;4;30;30;1,0;4;0;0;70;10
PA2026-3724;2026-12-04;Änderung;5;Bestandskunde;Automobilindustrie;Bearbeitung;20;Stahl;pulverbeschichtet;26;26;7;0,04;4;60;60;1,0;4;0;0;140;20
PA2026-3725;2026-12-06;Standard;10;Bestandskunde;Maschinenbau;Bearbeitung;18;Stahl;pulverbeschichtet;26;26;7;0,036;4;54;54;1,0;4;0;0;126;18
PA2026-3726;2026-12-06;Änderung;6;Bestandskunde;Sonstige;Bearbeitung;20;Stahl;pulverbeschichtet;26;26;7;0,04;4;60;60;1,0;4;0;0;140;20
PA2026-3727;2026-12-04;Standard;11;Bestandskunde;Maschinenbau;Bearbeitung;11;Stahl;pulverbeschichtet;28;28;15;0,033;4;33;33;1,0;4;0;0;88;11
PA2026-3728;2026-12-06;Standard;12;Bestandskunde;Sonstige;Bearbeitung;1;Stahl;pulverbeschichtet;28;28;15;0,003;4;3;3;1,0;4;0;0;8;1
PA2026-3729;2026-12-07;Änderung;4;Bestandskunde;Sonstige;Bearbeitung;14;Stahl;pulverbeschichtet;28;28;15;0,042;4;42;42;1,0;4;0;0;112;14
PA2026-3730;2026-12-05;Änderung;6;Bestandskunde;Haushaltsgeräte;Bearbeitung;14;Stahl;pulverbeschichtet;26;26;7;0,028;4;42;42;1,0;4;0;0;98;14
PA2026-3731;2026-12-03;Standard;4;Bestandskunde;Maschinenbau;Bearbeitung;8;Stahl;pulverbeschichtet;26;26;7;0,016;4;24;24;1,0;4;0;0;56;8
PA2026-3732;2026-12-09;Standard;9;Bestandskunde;Logistiktechnik;Bearbeitung;3;Stahl;pulverbeschichtet;26;26;7;0,006;4;9;9;1,0;4;0;0;21;3
PA2026-3733;2026-12-04;Standard;13;Bestandskunde;Haushaltsgeräte;Bearbeitung;14;Stahl;pulverbeschichtet;28;28;15;0,042;4;42;42;1,0;4;0;0;112;14
PA2026-3734;2026-12-07;Änderung;4;Bestandskunde;Logistiktechnik;Bearbeitung;1;Stahl;pulverbeschichtet;26;26;7;0,002;4;3;3;1,0;4;0;0;7;1
PA2026-3735;2026-12-06;Änderung;13;Bestandskunde;Haushaltsgeräte;Bearbeitung;20;Stahl;pulverbeschichtet;28;28;15;0,06;4;60;60;1,0;4;0;0;160;20
PA2026-3736;2026-12-05;Standard;10;Bestandskunde;Medizintechnik;Bearbeitung;6;Stahl;pulverbeschichtet;28;28;15;0,018;4;18;18;1,0;4;0;0;48;6
PA2026-3737;2026-12-07;Standard;10;Bestandskunde;Maschinenbau;Bearbeitung;5;Stahl;pulverbeschichtet;28;28;15;0,015;4;15;15;1,0;4;0;0;40;5
PA2026-3738;2026-12-04;Änderung;10;Bestandskunde;Maschinenbau;Bearbeitung;9;Stahl;pulverbeschichtet;28;28;15;0,027;4;27;27;1,0;4;0;0;72;9
PA2026-3739;2026-12-08;Standard;7;Bestandskunde;Sonstige;Bearbeitung;11;Stahl;pulverbeschichtet;26;26;7;0,022;4;33;33;1,0;4;0;0;77;11
PA2026-3740;2026-12-07;Standard;6;Bestandskunde;Logistiktechnik;Bearbeitung;15;Stahl;pulverbeschichtet;26;26;7;0,03;4;45;45;1,0;4;0;0;105;15
PA2026-3741;2026-12-03;Standard;11;Bestandskunde;Sonstige;Bearbeitung;13;Stahl;pulverbeschichtet;28;28;15;0,039;4;39;39;1,0;4;0;0;104;13
PA2026-3742;2026-12-05;Änderung;7;Bestandskunde;Logistiktechnik;Bearbeitung;7;Stahl;pulverbeschichtet;26;26;7;0,014;4;21;21;1,0;4;0;0;49;7
PA2026-3743;2026-12-07;Standard;11;Bestandskunde;Maschinenbau;Bearbeitung;6;Stahl;pulverbeschichtet;26;26;7;0,012;4;18;18;1,0;4;0;0;42;6
PA2026-3744;2026-12-05;Standard;6;Bestandskunde;Automobilindustrie;Bearbeitung;9;Stahl;pulverbeschichtet;26;26;7;0,018;4;27;27;1,0;4;0;0;63;9
PA2026-3745;2026-12-07;Standard;14;Bestandskunde;Medizintechnik;Bearbeitung;20;Stahl;pulverbeschichtet;26;26;7;0,04;4;60;60;1,0;4;0;0;140;20
PA2026-3746;2026-12-04;Änderung;5;Bestandskunde;Automobilindustrie;Bearbeitung;20;Stahl;pulverbeschichtet;26;26;7;0,04;4;60;60;1,0;4;0;0;140;20
PA2026-3747;2026-12-03;Standard;10;Bestandskunde;Automobilindustrie;Bearbeitung;6;Stahl;pulverbeschichtet;26;26;7;0,012;4;18;18;1,0;4;0;0;42;6
PA2026-3748;2026-12-08;Standard;8;Bestandskunde;Maschinenbau;Bearbeitung;13;Stahl;pulverbeschichtet;26;26;7;0,026;4;39;39;1,0;4;0;0;91;13
PA2026-3749;2026-12-09;Standard;3;Bestandskunde;Sonstige;Bearbeitung;12;Stahl;pulverbeschichtet;26;26;7;0,024;4;36;36;1,0;4;0;0;84;12
PA2026-3750;2026-12-03;Standard;8;Bestandskunde;Automobilindustrie;Bearbeitung;10;Stahl;pulverbeschichtet;26;26;7;0,02;4;30;30;1,0;4;0;0;70;10
PA2026-3751;2026-12-11;Standard;5;Bestandskunde;Maschinenbau;Bearbeitung;19;Stahl;pulverbeschichtet;28;28;15;0,057;4;57;57;1,0;4;0;0;152;19
PA2026-3752;2026-12-14;Änderung;9;Bestandskunde;Logistiktechnik;Bearbeitung;20;Stahl;pulverbeschichtet;26;26;7;0,04;4;60;60;1,0;4;0;0;140;20
PA2026-3753;2026-12-14;Standard;14;Bestandskunde;Automobilindustrie;Bearbeitung;2;Stahl;pulverbeschichtet;26;26;7;0,004;4;6;6;1,0;4;0;0;14;2
PA2026-3754;2026-12-15;Standard;11;Bestandskunde;Sonstige;Bearbeitung;6;Stahl;pulverbeschichtet;26;26;7;0,012;4;18;18;1,0;4;0;0;42;6
PA2026-3755;2026-12-15;Standard;9;Bestandskunde;Sonstige;Bearbeitung;12;Stahl;pulverbeschichtet;28;28;15;0,036;4;36;36;1,0;4;0;0;96;12
PA2026-3756;2026-12-12;Standard;4;Bestandskunde;Logistiktechnik;Bearbeitung;20;Stahl;pulverbeschichtet;28;28;15;0,06;4;60;60;1,0;4;0;0;160;20
PA2026-3757;2026-12-10;Standard;10;Bestandskunde;Sonstige;Bearbeitung;7;Stahl;pulverbeschichtet;26;26;7;0,014;4;21;21;1,0;4;0;0;49;7
PA2026-3758;2026-12-10;Standard;11;Bestandskunde;Maschinenbau;Bearbeitung;18;Stahl;pulverbeschichtet;26;26;7;0,036;4;54;54;1,0;4;0;0;126;18
PA2026-3759;2026-12-12;Standard;12;Bestandskunde;Sonstige;Bearbeitung;8;Stahl;pulverbeschichtet;26;26;7;0,016;4;24;24;1,0;4;0;0;56;8
PA2026-3760;2026-12-16;Standard;6;Neukunde;Automobilindustrie;Bearbeitung;12;Stahl;pulverbeschichtet;28;28;15;0,036;4;36;36;1,0;4;0;0;96;12
PA2026-3761;2026-12-10;Standard;13;Bestandskunde;Logistiktechnik;Bearbeitung;14;Stahl;pulverbeschichtet;26;26;7;0,028;4;42;42;1,0;4;0;0;98;14
PA2026-3762;2026-12-10;Standard;11;Bestandskunde;Medizintechnik;Bearbeitung;14;Stahl;pulverbeschichtet;28;28;15;0,042;4;42;42;1,0;4;0;0;112;14
PA2026-3763;2026-12-10;Änderung;6;Neukunde;Automobilindustrie;Bearbeitung;11;Stahl;pulverbeschichtet;26;26;7;0,022;4;33;33;1,0;4;0;0;77;11
PA2026-3764;2026-12-10;Standard;12;Bestandskunde;Automobilindustrie;Bearbeitung;20;Stahl;pulverbeschichtet;28;28;15;0,06;4;60;60;1,0;4;0;0;160;20
PA2026-3765;2026-12-11;Standard;8;Bestandskunde;Sonstige;Bearbeitung;16;Stahl;pulverbeschichtet;26;26;7;0,032;4;48;48;1,0;4;0;0;112;16
PA2026-3766;2026-12-13;Standard;15;Bestandskunde;Medizintechnik;Bearbeitung;8;Stahl;pulverbeschichtet;28;28;15;0,024;4;24;24;1,0;4;0;0;64;8
PA2026-3767;2026-12-11;Standard;14;Bestandskunde;Automobilindustrie;Bearbeitung;5;Stahl;pulverbeschichtet;26;26;7;0,01;4;15;15;1,0;4;0;0;35;5
PA2026-3768;2026-12-13;Standard;15;Bestandskunde;Maschinenbau;Bearbeitung;12;Stahl;pulverbeschichtet;26;26;7;0,024;4;36;36;1,0;4;0;0;84;12
PA2026-3769;2026-12-13;Änderung;5;Bestandskunde;Sonstige;Bearbeitung;20;Stahl;pulverbeschichtet;28;28;15;0,06;4;60;60;1,0;4;0;0;160;20
PA2026-3770;2026-12-10;Standard;4;Bestandskunde;Automobilindustrie;Bearbeitung;15;Stahl;pulverbeschichtet;28;28;15;0,045;4;45;45;1,0;4;0;0;120;15
PA2026-3771;2026-12-14;Standard;7;Bestandskunde;Sonstige;Bearbeitung;3;Stahl;pulverbeschichtet;28;28;15;0,009;4;9;9;1,0;4;0;0;24;3
PA2026-3772;2026-12-12;Änderung;13;Bestandskunde;Logistiktechnik;Bearbeitung;17;Stahl;pulverbeschichtet;26;26;7;0,034;4;51;51;1,0;4;0;0;119;17
PA2026-3773;2026-12-14;Änderung;9;Bestandskunde;Medizintechnik;Bearbeitung;18;Stahl;pulverbeschichtet;28;28;15;0,054;4;54;54;1,0;4;0;0;144;18
PA2026-3774;2026-12-13;Änderung;9;Bestandskunde;Maschinenbau;Bearbeitung;11;Stahl;pulverbeschichtet;28;28;15;0,033;4;33;33;1,0;4;0;0;88;11
PA2026-3775;2026-12-11;Änderung;15;Bestandskunde;Maschinenbau;Bearbeitung;9;Stahl;pulverbeschichtet;26;26;7;0,018;4;27;27;1,0;4;0;0;63;9
PA2026-3776;2026-12-16;Standard;12;Bestandskunde;Sonstige;Bearbeitung;10;Stahl;pulverbeschichtet;26;26;7;0,02;4;30;30;1,0;4;0;0;70;10
PA2026-3777;2026-12-13;Änderung;10;Bestandskunde;Maschinenbau;Bearbeitung;5;Stahl;pulverbeschichtet;26;26;7;0,01;4;15;15;1,0;4;0;0;35;5
PA2026-3778;2026-12-12;Änderung;10;Bestandskunde;Haushaltsgeräte;Bearbeitung;8;Stahl;pulverbeschichtet;28;28;15;0,024;4;24;24;1,0;4;0;0;64;8
PA2026-3779;2026-12-15;Standard;13;Bestandskunde;Medizintechnik;Bearbeitung;20;Stahl;pulverbeschichtet;28;28;15;0,06;4;60;60;1,0;4;0;0;160;20
PA2026-3780;2026-12-12;Standard;15;Bestandskunde;Automobilindustrie;Bearbeitung;14;Stahl;pulverbeschichtet;28;28;15;0,042;4;42;42;1,0;4;0;0;112;14
PA2026-3781;2026-12-12;Standard;10;Bestandskunde;Sonstige;Bearbeitung;1;Stahl;pulverbeschichtet;26;26;7;0,002;4;3;3;1,0;4;0;0;7;1
PA2026-3782;2026-12-15;Standard;7;Bestandskunde;Maschinenbau;Bearbeitung;19;Stahl;pulverbeschichtet;28;28;15;0,057;4;57;57;1,0;4;0;0;152;19
PA2026-3783;2026-12-12;Standard;12;Bestandskunde;Maschinenbau;Bearbeitung;4;Stahl;pulverbeschichtet;26;26;7;0,008;4;12;12;1,0;4;0;0;28;4
PA2026-3784;2026-12-16;Standard;12;Bestandskunde;Logistiktechnik;Bearbeitung;14;Stahl;pulverbeschichtet;26;26;7;0,028;4;42;42;1,0;4;0;0;98;14
PA2026-3785;2026-12-14;Standard;9;Bestandskunde;Sonstige;Bearbeitung;20;Stahl;pulverbeschichtet;28;28;15;0,06;4;60;60;1,0;4;0;0;160;20
PA2026-3786;2026-12-16;Standard;7;Bestandskunde;Maschinenbau;Bearbeitung;5;Stahl;pulverbeschichtet;28;28;15;0,015;4;15;15;1,0;4;0;0;40;5
PA2026-3787;2026-12-14;Standard;6;Bestandskunde;Automobilindustrie;Bearbeitung;12;Stahl;pulverbeschichtet;26;26;7;0,024;4;36;36;1,0;4;0;0;84;12
PA2026-3788;2026-12-11;Standard;7;Bestandskunde;Logistiktechnik;Bearbeitung;18;Stahl;pulverbeschichtet;26;26;7;0,036;4;54;54;1,0;4;0;0;126;18
PA2026-3789;2026-12-12;Standard;15;Bestandskunde;Sonstige;Bearbeitung;5;Stahl;pulverbeschichtet;26;26;7;0,01;4;15;15;1,0;4;0;0;35;5
PA2026-3790;2026-12-16;Standard;15;Bestandskunde;Maschinenbau;Bearbeitung;15;Stahl;pulverbeschichtet;28;28;15;0,045;4;45;45;1,0;4;0;0;120;15
PA2026-3791;2026-12-11;Standard;15;Bestandskunde;Maschinenbau;Bearbeitung;18;Stahl;pulverbeschichtet;26;26;7;0,036;4;54;54;1,0;4;0;0;126;18
PA2026-3792;2026-12-11;Standard;13;Bestandskunde;Automobilindustrie;Bearbeitung;2;Stahl;pulverbeschichtet;26;26;7;0,004;4;6;6;1,0;4;0;0;14;2
PA2026-3793;2026-12-10;Änderung;11;Bestandskunde;Medizintechnik;Bearbeitung;15;Stahl;pulverbeschichtet;28;28;15;0,045;4;45;45;1,0;4;0;0;120;15
PA2026-3794;2026-12-11;Standard;12;Bestandskunde;Logistiktechnik;Bearbeitung;17;Stahl;pulverbeschichtet;26;26;7;0,034;4;51;51;1,0;4;0;0;119;17
PA2026-3795;2026-12-10;Standard;6;Bestandskunde;Sonstige;Bearbeitung;5;Stahl;pulverbeschichtet;28;28;15;0,015;4;15;15;1,0;4;0;0;40;5
PA2026-3796;2026-12-15;Standard;15;Bestandskunde;Sonstige;Bearbeitung;5;Stahl;pulverbeschichtet;26;26;7;0,01;4;15;15;1,0;4;0;0;35;5
PA2026-3797;2026-12-16;Standard;7;Neukunde;Sonstige;Bearbeitung;14;Stahl;pulverbeschichtet;28;28;15;0,042;4;42;42;1,0;4;0;0;112;14
PA2026-3798;2026-12-14;Änderung;13;Bestandskunde;Logistiktechnik;Bearbeitung;6;Stahl;pulverbeschichtet;28;28;15;0,018;4;18;18;1,0;4;0;0;48;6
PA2026-3799;2026-12-15;Änderung;5;Bestandskunde;Automobilindustrie;Bearbeitung;11;Stahl;pulverbeschichtet;28;28;15;0,033;4;33;33;1,0;4;0;0;88;11
PA2026-3800;2026-12-12;Standard;13;Bestandskunde;Logistiktechnik;Bearbeitung;1;Stahl;pulverbeschichtet;28;28;15;0,003;4;3;3;1,0;4;0;0;8;1
PA2026-3801;2026-12-12;Standard;5;Bestandskunde;Haushaltsgeräte;Bearbeitung;9;Stahl;pulverbeschichtet;28;28;15;0,027;4;27;27;1,0;4;0;0;72;9
PA2026-3802;2026-12-14;Änderung;9;Bestandskunde;Logistiktechnik;Bearbeitung;1;Stahl;pulverbeschichtet;28;28;15;0,003;4;3;3;1,0;4;0;0;8;1
PA2026-3803;2026-12-12;Standard;10;Bestandskunde;Automobilindustrie;Bearbeitung;17;Stahl;pulverbeschichtet;26;26;7;0,034;4;51;51;1,0;4;0;0;119;17
PA2026-3804;2026-12-11;Standard;15;Bestandskunde;Sonstige;Bearbeitung;2;Stahl;pulverbeschichtet;26;26;7;0,004;4;6;6;1,0;4;0;0;14;2
PA2026-3805;2026-12-15;Standard;5;Bestandskunde;Maschinenbau;Bearbeitung;8;Stahl;pulverbeschichtet;28;28;15;0,024;4;24;24;1,0;4;0;0;64;8
PA2026-3806;2026-12-13;Standard;13;Bestandskunde;Logistiktechnik;Bearbeitung;7;Stahl;pulverbeschichtet;26;26;7;0,014;4;21;21;1,0;4;0;0;49;7
PA2026-3807;2026-12-14;Standard;6;Bestandskunde;Haushaltsgeräte;Bearbeitung;16;Stahl;pulverbeschichtet;28;28;15;0,048;4;48;48;1,0;4;0;0;128;16
PA2026-3808;2026-12-12;Änderung;11;Bestandskunde;Haushaltsgeräte;Bearbeitung;20;Stahl;pulverbeschichtet;28;28;15;0,06;4;60;60;1,0;4;0;0;160;20
PA2026-3809;2026-12-13;Standard;15;Bestandskunde;Automobilindustrie;Bearbeitung;15;Stahl;pulverbeschichtet;26;26;7;0,03;4;45;45;1,0;4;0;0;105;15
PA2026-3810;2026-12-16;Standard;13;Bestandskunde;Medizintechnik;Bearbeitung;20;Stahl;pulverbeschichtet;26;26;7;0,04;4;60;60;1,0;4;0;0;140;20
PA2026-3811;2026-12-20;Änderung;6;Bestandskunde;Automobilindustrie;Bearbeitung;18;Stahl;pulverbeschichtet;26;26;7;0,036;4;54;54;1,0;4;0;0;126;18
PA2026-3812;2026-12-22;Standard;6;Bestandskunde;Maschinenbau;Bearbeitung;17;Stahl;pulverbeschichtet;26;26;7;0,034;4;51;51;1,0;4;0;0;119;17
PA2026-3813;2026-12-23;Standard;15;Bestandskunde;Medizintechnik;Bearbeitung;19;Stahl;pulverbeschichtet;28;28;15;0,057;4;57;57;1,0;4;0;0;152;19
PA2026-3814;2026-12-20;Änderung;12;Bestandskunde;Haushaltsgeräte;Bearbeitung;7;Stahl;pulverbeschichtet;28;28;15;0,021;4;21;21;1,0;4;0;0;56;7
PA2026-3815;2026-12-20;Standard;5;Bestandskunde;Sonstige;Bearbeitung;11;Stahl;pulverbeschichtet;26;26;7;0,022;4;33;33;1,0;4;0;0;77;11
PA2026-3816;2026-12-21;Änderung;9;Bestandskunde;Automobilindustrie;Bearbeitung;18;Stahl;pulverbeschichtet;26;26;7;0,036;4;54;54;1,0;4;0;0;126;18
PA2026-3817;2026-12-20;Standard;11;Bestandskunde;Sonstige;Bearbeitung;12;Stahl;pulverbeschichtet;26;26;7;0,024;4;36;36;1,0;4;0;0;84;12
PA2026-3818;2026-12-18;Änderung;8;Bestandskunde;Haushaltsgeräte;Bearbeitung;17;Stahl;pulverbeschichtet;26;26;7;0,034;4;51;51;1,0;4;0;0;119;17
PA2026-3819;2026-12-18;Standard;11;Bestandskunde;Logistiktechnik;Bearbeitung;15;Stahl;pulverbeschichtet;26;26;7;0,03;4;45;45;1,0;4;0;0;105;15
PA2026-3820;2026-12-21;Änderung;4;Bestandskunde;Logistiktechnik;Bearbeitung;9;Stahl;pulverbeschichtet;28;28;15;0,027;4;27;27;1,0;4;0;0;72;9
PA2026-3821;2026-12-21;Standard;14;Bestandskunde;Automobilindustrie;Bearbeitung;7;Stahl;pulverbeschichtet;28;28;15;0,021;4;21;21;1,0;4;0;0;56;7
PA2026-3822;2026-12-23;Standard;15;Bestandskunde;Maschinenbau;Bearbeitung;15;Stahl;pulverbeschichtet;26;26;7;0,03;4;45;45;1,0;4;0;0;105;15
PA2026-3823;2026-12-23;Standard;12;Bestandskunde;Automobilindustrie;Bearbeitung;8;Stahl;pulverbeschichtet;26;26;7;0,016;4;24;24;1,0;4;0;0;56;8
PA2026-3824;2026-12-17;Standard;11;Bestandskunde;Maschinenbau;Bearbeitung;6;Stahl;pulverbeschichtet;28;28;15;0,018;4;18;18;1,0;4;0;0;48;6
PA2026-3825;2026-12-23;Standard;15;Bestandskunde;Automobilindustrie;Bearbeitung;4;Stahl;pulverbeschichtet;28;28;15;0,012;4;12;12;1,0;4;0;0;32;4
PA2026-3826;2026-12-23;Änderung;13;Neukunde;Maschinenbau;Bearbeitung;1;Stahl;pulverbeschichtet;26;26;7;0,002;4;3;3;1,0;4;0;0;7;1
PA2026-3827;2026-12-22;Standard;3;Bestandskunde;Maschinenbau;Bearbeitung;8;Stahl;pulverbeschichtet;28;28;15;0,024;4;24;24;1,0;4;0;0;64;8
PA2026-3828;2026-12-23;Standard;14;Bestandskunde;Logistiktechnik;Bearbeitung;4;Stahl;pulverbeschichtet;26;26;7;0,008;4;12;12;1,0;4;0;0;28;4
PA2026-3829;2026-12-18;Standard;10;Neukunde;Automobilindustrie;Bearbeitung;17;Stahl;pulverbeschichtet;26;26;7;0,034;4;51;51;1,0;4;0;0;119;17
PA2026-3830;2026-12-17;Standard;4;Bestandskunde;Automobilindustrie;Bearbeitung;5;Stahl;pulverbeschichtet;28;28;15;0,015;4;15;15;1,0;4;0;0;40;5
PA2026-3831;2026-12-23;Änderung;7;Bestandskunde;Sonstige;Bearbeitung;7;Stahl;pulverbeschichtet;26;26;7;0,014;4;21;21;1,0;4;0;0;49;7
PA2026-3832;2026-12-19;Standard;15;Bestandskunde;Maschinenbau;Bearbeitung;2;Stahl;pulverbeschichtet;28;28;15;0,006;4;6;6;1,0;4;0;0;16;2
PA2026-3833;2026-12-22;Standard;14;Neukunde;Logistiktechnik;Bearbeitung;15;Stahl;pulverbeschichtet;28;28;15;0,045;4;45;45;1,0;4;0;0;120;15
PA2026-3834;2026-12-23;Standard;12;Bestandskunde;Sonstige;Bearbeitung;19;Stahl;pulverbeschichtet;28;28;15;0,057;4;57;57;1,0;4;0;0;152;19
PA2026-3835;2026-12-20;Standard;12;Bestandskunde;Logistiktechnik;Bearbeitung;13;Stahl;pulverbeschichtet;28;28;15;0,039;4;39;39;1,0;4;0;0;104;13
PA2026-3836;2026-12-20;Standard;10;Bestandskunde;Maschinenbau;Bearbeitung;13;Stahl;pulverbeschichtet;28;28;15;0,039;4;39;39;1,0;4;0;0;104;13
PA2026-3837;2026-12-19;Änderung;10;Bestandskunde;Haushaltsgeräte;Bearbeitung;12;Stahl;pulverbeschichtet;26;26;7;0,024;4;36;36;1,0;4;0;0;84;12
PA2026-3838;2026-12-23;Standard;10;Neukunde;Medizintechnik;Bearbeitung;13;Stahl;pulverbeschichtet;26;26;7;0,026;4;39;39;1,0;4;0;0;91;13
PA2026-3839;2026-12-23;Standard;13;Bestandskunde;Maschinenbau;Bearbeitung;6;Stahl;pulverbeschichtet;28;28;15;0,018;4;18;18;1,0;4;0;0;48;6
PA2026-3840;2026-12-21;Standard;5;Bestandskunde;Logistiktechnik;Bearbeitung;20;Stahl;pulverbeschichtet;26;26;7;0,04;4;60;60;1,0;4;0;0;140;20
PA2026-3841;2026-12-17;Änderung;11;Bestandskunde;Automobilindustrie;Bearbeitung;8;Stahl;pulverbeschichtet;26;26;7;0,016;4;24;24;1,0;4;0;0;56;8
PA2026-3842;2026-12-23;Standard;6;Bestandskunde;Sonstige;Bearbeitung;19;Stahl;pulverbeschichtet;28;28;15;0,057;4;57;57;1,0;4;0;0;152;19
PA2026-3843;2026-12-19;Standard;5;Bestandskunde;Maschinenbau;Bearbeitung;3;Stahl;pulverbeschichtet;26;26;7;0,006;4;9;9;1,0;4;0;0;21;3
PA2026-3844;2026-12-23;Standard;7;Bestandskunde;Medizintechnik;Bearbeitung;2;Stahl;pulverbeschichtet;28;28;15;0,006;4;6;6;1,0;4;0;0;16;2
PA2026-3845;2026-12-19;Standard;8;Bestandskunde;Sonstige;Bearbeitung;11;Stahl;pulverbeschichtet;26;26;7;0,022;4;33;33;1,0;4;0;0;77;11
PA2026-3846;2026-12-23;Standard;7;Bestandskunde;Maschinenbau;Bearbeitung;17;Stahl;pulverbeschichtet;28;28;15;0,051;4;51;51;1,0;4;0;0;136;17
PA2026-3847;2026-12-20;Änderung;5;Bestandskunde;Automobilindustrie;Bearbeitung;19;Stahl;pulverbeschichtet;26;26;7;0,038;4;57;57;1,0;4;0;0;133;19
PA2026-3848;2026-12-21;Änderung;5;Bestandskunde;Maschinenbau;Bearbeitung;17;Stahl;pulverbeschichtet;28;28;15;0,051;4;51;51;1,0;4;0;0;136;17
PA2026-3849;2026-12-20;Standard;10;Bestandskunde;Sonstige;Bearbeitung;5;Stahl;pulverbeschichtet;28;28;15;0,015;4;15;15;1,0;4;0;0;40;5
PA2026-3850;2026-12-17;Standard;14;Bestandskunde;Automobilindustrie;Bearbeitung;14;Stahl;pulverbeschichtet;26;26;7;0,028;4;42;42;1,0;4;0;0;98;14
PA2026-3851;2026-12-18;Standard;15;Bestandskunde;Sonstige;Bearbeitung;11;Stahl;pulverbeschichtet;28;28;15;0,033;4;33;33;1,0;4;0;0;88;11
PA2026-3852;2026-12-18;Änderung;14;Bestandskunde;Automobilindustrie;Bearbeitung;2;Stahl;pulverbeschichtet;28;28;15;0,006;4;6;6;1,0;4;0;0;16;2
PA2026-3853;2026-12-17;Änderung;11;Bestandskunde;Haushaltsgeräte;Bearbeitung;13;Stahl;pulverbeschichtet;26;26;7;0,026;4;39;39;1,0;4;0;0;91;13
PA2026-3854;2026-12-17;Standard;3;Bestandskunde;Automobilindustrie;Bearbeitung;7;Stahl;pulverbeschichtet;26;26;7;0,014;4;21;21;1,0;4;0;0;49;7
PA2026-3855;2026-12-17;Standard;11;Bestandskunde;Maschinenbau;Bearbeitung;2;Stahl;pulverbeschichtet;26;26;7;0,004;4;6;6;1,0;4;0;0;14;2
PA2026-3856;2026-12-19;Änderung;13;Bestandskunde;Automobilindustrie;Bearbeitung;13;Stahl;pulverbeschichtet;26;26;7;0,026;4;39;39;1,0;4;0;0;91;13
PA2026-3857;2026-12-17;Standard;4;Bestandskunde;Automobilindustrie;Bearbeitung;2;Stahl;pulverbeschichtet;26;26;7;0,004;4;6;6;1,0;4;0;0;14;2
PA2026-3858;2026-12-21;Standard;14;Bestandskunde;Maschinenbau;Bearbeitung;10;Stahl;pulverbeschichtet;26;26;7;0,02;4;30;30;1,0;4;0;0;70;10
PA2026-3859;2026-12-21;Standard;9;Bestandskunde;Maschinenbau;Bearbeitung;3;Stahl;pulverbeschichtet;26;26;7;0,006;4;9;9;1,0;4;0;0;21;3
PA2026-3860;2026-12-21;Standard;8;Bestandskunde;Sonstige;Bearbeitung;8;Stahl;pulverbeschichtet;28;28;15;0,024;4;24;24;1,0;4;0;0;64;8
PA2026-3861;2026-12-22;Standard;8;Bestandskunde;Sonstige;Bearbeitung;3;Stahl;pulverbeschichtet;26;26;7;0,006;4;9;9;1,0;4;0;0;21;3
PA2026-3862;2026-12-20;Standard;8;Bestandskunde;Maschinenbau;Bearbeitung;17;Stahl;pulverbeschichtet;26;26;7;0,034;4;51;51;1,0;4;0;0;119;17
PA2026-3863;2026-12-18;Änderung;12;Bestandskunde;Automobilindustrie;Bearbeitung;19;Stahl;pulverbeschichtet;26;26;7;0,038;4;57;57;1,0;4;0;0;133;19
PA2026-3864;2026-12-22;Änderung;9;Bestandskunde;Maschinenbau;Bearbeitung;12;Stahl;pulverbeschichtet;28;28;15;0,036;4;36;36;1,0;4;0;0;96;12
PA2026-3865;2026-12-23;Standard;5;Bestandskunde;Logistiktechnik;Bearbeitung;18;Stahl;pulverbeschichtet;26;26;7;0,036;4;54;54;1,0;4;0;0;126;18
PA2026-3866;2026-12-17;Standard;12;Bestandskunde;Automobilindustrie;Bearbeitung;15;Stahl;pulverbeschichtet;26;26;7;0,03;4;45;45;1,0;4;0;0;105;15
PA2026-3867;2026-12-17;Änderung;6;Bestandskunde;Maschinenbau;Bearbeitung;14;Stahl;pulverbeschichtet;28;28;15;0,042;4;42;42;1,0;4;0;0;112;14
PA2026-3868;2026-12-20;Änderung;12;Bestandskunde;Sonstige;Bearbeitung;4;Stahl;pulverbeschichtet;26;26;7;0,008;4;12;12;1,0;4;0;0;28;4
PA2026-3869;2026-12-20;Standard;15;Bestandskunde;Automobilindustrie;Bearbeitung;16;Stahl;pulverbeschichtet;28;28;15;0,048;4;48;48;1,0;4;0;0;128;16
PA2026-3870;2026-12-23;Änderung;7;Bestandskunde;Automobilindustrie;Bearbeitung;7;Stahl;pulverbeschichtet;28;28;15;0,021;4;21;21;1,0;4;0;0;56;7
PA2026-3871;2026-12-27;Änderung;15;Bestandskunde;Maschinenbau;Bearbeitung;1;Stahl;pulverbeschichtet;28;28;15;0,003;4;3;3;1,0;4;0;0;8;1
PA2026-3872;2026-12-30;Standard;7;Bestandskunde;Automobilindustrie;Bearbeitung;19;Stahl;pulverbeschichtet;26;26;7;0,038;4;57;57;1,0;4;0;0;133;19
PA2026-3873;2026-12-27;Änderung;14;Bestandskunde;Logistiktechnik;Bearbeitung;17;Stahl;pulverbeschichtet;26;26;7;0,034;4;51;51;1,0;4;0;0;119;17
PA2026-3874;2026-12-27;Standard;13;Bestandskunde;Maschinenbau;Bearbeitung;11;Stahl;pulverbeschichtet;26;26;7;0,022;4;33;33;1,0;4;0;0;77;11
PA2026-3875;2026-12-28;Änderung;4;Bestandskunde;Maschinenbau;Bearbeitung;8;Stahl;pulverbeschichtet;26;26;7;0,016;4;24;24;1,0;4;0;0;56;8
PA2026-3876;2026-12-28;Standard;6;Bestandskunde;Automobilindustrie;Bearbeitung;16;Stahl;pulverbeschichtet;28;28;15;0,048;4;48;48;1,0;4;0;0;128;16
PA2026-3877;2026-12-25;Standard;12;Bestandskunde;Maschinenbau;Bearbeitung;16;Stahl;pulverbeschichtet;28;28;15;0,048;4;48;48;1,0;4;0;0;128;16
PA2026-3878;2026-12-24;Standard;7;Bestandskunde;Sonstige;Bearbeitung;18;Stahl;pulverbeschichtet;28;28;15;0,054;4;54;54;1,0;4;0;0;144;18
PA2026-3879;2026-12-24;Standard;5;Bestandskunde;Haushaltsgeräte;Bearbeitung;10;Stahl;pulverbeschichtet;26;26;7;0,02;4;30;30;1,0;4;0;0;70;10
PA2026-3880;2026-12-24;Standard;11;Bestandskunde;Logistiktechnik;Bearbeitung;7;Stahl;pulverbeschichtet;26;26;7;0,014;4;21;21;1,0;4;0;0;49;7
PA2026-3881;2026-12-28;Änderung;12;Bestandskunde;Sonstige;Bearbeitung;3;Stahl;pulverbeschichtet;26;26;7;0,006;4;9;9;1,0;4;0;0;21;3
PA2026-3882;2026-12-29;Standard;6;Bestandskunde;Automobilindustrie;Bearbeitung;14;Stahl;pulverbeschichtet;28;28;15;0,042;4;42;42;1,0;4;0;0;112;14
PA2026-3883;2026-12-30;Standard;12;Bestandskunde;Haushaltsgeräte;Bearbeitung;20;Stahl;pulverbeschichtet;26;26;7;0,04;4;60;60;1,0;4;0;0;140;20
PA2026-3884;2026-12-26;Standard;7;Bestandskunde;Logistiktechnik;Bearbeitung;16;Stahl;pulverbeschichtet;26;26;7;0,032;4;48;48;1,0;4;0;0;112;16
PA2026-3885;2026-12-27;Standard;5;Bestandskunde;Logistiktechnik;Bearbeitung;5;Stahl;pulverbeschichtet;28;28;15;0,015;4;15;15;1,0;4;0;0;40;5
PA2026-3886;2026-12-24;Standard;6;Bestandskunde;Sonstige;Bearbeitung;1;Stahl;pulverbeschichtet;26;26;7;0,002;4;3;3;1,0;4;0;0;7;1
PA2026-3887;2026-12-30;Änderung;4;Bestandskunde;Medizintechnik;Bearbeitung;1;Stahl;pulverbeschichtet;26;26;7;0,002;4;3;3;1,0;4;0;0;7;1
PA2026-3888;2026-12-29;Standard;12;Bestandskunde;Logistiktechnik;Bearbeitung;8;Stahl;pulverbeschichtet;28;28;15;0,024;4;24;24;1,0;4;0;0;64;8
PA2026-3889;2026-12-28;Standard;9;Bestandskunde;Automobilindustrie;Bearbeitung;1;Stahl;pulverbeschichtet;26;26;7;0,002;4;3;3;1,0;4;0;0;7;1
PA2026-3890;2026-12-24;Änderung;3;Bestandskunde;Maschinenbau;Bearbeitung;7;Stahl;pulverbeschichtet;28;28;15;0,021;4;21;21;1,0;4;0;0;56;7
PA2026-3891;2026-12-30;Standard;9;Neukunde;Medizintechnik;Bearbeitung;14;Stahl;pulverbeschichtet;26;26;7;0,028;4;42;42;1,0;4;0;0;98;14
PA2026-3892;2026-12-29;Änderung;13;Bestandskunde;Automobilindustrie;Bearbeitung;10;Stahl;pulverbeschichtet;26;26;7;0,02;4;30;30;1,0;4;0;0;70;10
PA2026-3893;2026-12-27;Standard;5;Bestandskunde;Logistiktechnik;Bearbeitung;10;Stahl;pulverbeschichtet;26;26;7;0,02;4;30;30;1,0;4;0;0;70;10
PA2026-3894;2026-12-28;Standard;12;Bestandskunde;Logistiktechnik;Bearbeitung;16;Stahl;pulverbeschichtet;28;28;15;0,048;4;48;48;1,0;4;0;0;128;16
PA2026-3895;2026-12-29;Standard;13;Bestandskunde;Automobilindustrie;Bearbeitung;7;Stahl;pulverbeschichtet;28;28;15;0,021;4;21;21;1,0;4;0;0;56;7
PA2026-3896;2026-12-26;Standard;10;Bestandskunde;Maschinenbau;Bearbeitung;11;Stahl;pulverbeschichtet;28;28;15;0,033;4;33;33;1,0;4;0;0;88;11
PA2026-3897;2026-12-27;Änderung;14;Bestandskunde;Haushaltsgeräte;Bearbeitung;14;Stahl;pulverbeschichtet;26;26;7;0,028;4;42;42;1,0;4;0;0;98;14
PA2026-3898;2026-12-25;Änderung;9;Bestandskunde;Medizintechnik;Bearbeitung;18;Stahl;pulverbeschichtet;28;28;15;0,054;4;54;54;1,0;4;0;0;144;18
PA2026-3899;2026-12-29;Standard;13;Bestandskunde;Logistiktechnik;Bearbeitung;16;Stahl;pulverbeschichtet;26;26;7;0,032;4;48;48;1,0;4;0;0;112;16
PA2026-3900;2026-12-27;Standard;10;Bestandskunde;Logistiktechnik;Bearbeitung;1;Stahl;pulverbeschichtet;26;26;7;0,002;4;3;3;1,0;4;0;0;7;1
PA2026-3901;2026-12-26;Standard;15;Bestandskunde;Haushaltsgeräte;Bearbeitung;20;Stahl;pulverbeschichtet;28;28;15;0,06;4;60;60;1,0;4;0;0;160;20
PA2026-3902;2026-12-25;Standard;12;Bestandskunde;Automobilindustrie;Bearbeitung;7;Stahl;pulverbeschichtet;28;28;15;0,021;4;21;21;1,0;4;0;0;56;7
PA2026-3903;2026-12-25;Standard;12;Bestandskunde;Automobilindustrie;Bearbeitung;18;Stahl;pulverbeschichtet;28;28;15;0,054;4;54;54;1,0;4;0;0;144;18
PA2026-3904;2026-12-24;Änderung;10;Bestandskunde;Automobilindustrie;Bearbeitung;2;Stahl;pulverbeschichtet;26;26;7;0,004;4;6;6;1,0;4;0;0;14;2
PA2026-3905;2026-12-27;Standard;15;Bestandskunde;Maschinenbau;Bearbeitung;2;Stahl;pulverbeschichtet;26;26;7;0,004;4;6;6;1,0;4;0;0;14;2
PA2026-3906;2026-12-26;Änderung;7;Bestandskunde;Sonstige;Bearbeitung;7;Stahl;pulverbeschichtet;28;28;15;0,021;4;21;21;1,0;4;0;0;56;7
PA2026-3907;2026-12-27;Standard;10;Bestandskunde;Maschinenbau;Bearbeitung;5;Stahl;pulverbeschichtet;26;26;7;0,01;4;15;15;1,0;4;0;0;35;5
PA2026-3908;2026-12-29;Standard;12;Bestandskunde;Haushaltsgeräte;Bearbeitung;1;Stahl;pulverbeschichtet;28;28;15;0,003;4;3;3;1,0;4;0;0;8;1
PA2026-3909;2026-12-24;Standard;12;Bestandskunde;Logistiktechnik;Bearbeitung;12;Stahl;pulverbeschichtet;26;26;7;0,024;4;36;36;1,0;4;0;0;84;12
PA2026-3910;2026-12-24;Änderung;6;Bestandskunde;Automobilindustrie;Bearbeitung;10;Stahl;pulverbeschichtet;26;26;7;0,02;4;30;30;1,0;4;0;0;70;10
PA2026-3911;2026-12-29;Standard;8;Bestandskunde;Logistiktechnik;Bearbeitung;7;Stahl;pulverbeschichtet;28;28;15;0,021;4;21;21;1,0;4;0;0;56;7
PA2026-3912;2026-12-24;Standard;6;Bestandskunde;Logistiktechnik;Bearbeitung;8;Stahl;pulverbeschichtet;28;28;15;0,024;4;24;24;1,0;4;0;0;64;8
PA2026-3913;2026-12-28;Standard;11;Bestandskunde;Automobilindustrie;Bearbeitung;4;Stahl;pulverbeschichtet;26;26;7;0,008;4;12;12;1,0;4;0;0;28;4
PA2026-3914;2026-12-25;Standard;10;Bestandskunde;Automobilindustrie;Bearbeitung;6;Stahl;pulverbeschichtet;26;26;7;0,012;4;18;18;1,0;4;0;0;42;6
PA2026-3915;2026-12-25;Standard;13;Bestandskunde;Sonstige;Bearbeitung;14;Stahl;pulverbeschichtet;28;28;15;0,042;4;42;42;1,0;4;0;0;112;14
PA2026-3916;2026-12-30;Standard;12;Bestandskunde;Sonstige;Bearbeitung;12;Stahl;pulverbeschichtet;28;28;15;0,036;4;36;36;1,0;4;0;0;96;12
PA2026-3917;2026-12-28;Änderung;9;Bestandskunde;Medizintechnik;Bearbeitung;12;Stahl;pulverbeschichtet;28;28;15;0,036;4;36;36;1,0;4;0;0;96;12
PA2026-3918;2026-12-24;Änderung;9;Bestandskunde;Automobilindustrie;Bearbeitung;2;Stahl;pulverbeschichtet;28;28;15;0,006;4;6;6;1,0;4;0;0;16;2
PA2026-3919;2026-12-26;Änderung;5;Bestandskunde;Automobilindustrie;Bearbeitung;10;Stahl;pulverbeschichtet;26;26;7;0,02;4;30;30;1,0;4;0;0;70;10
PA2026-3920;2026-12-26;Standard;9;Neukunde;Sonstige;Bearbeitung;14;Stahl;pulverbeschichtet;28;28;15;0,042;4;42;42;1,0;4;0;0;112;14
PA2026-3921;2026-12-25;Standard;5;Bestandskunde;Logistiktechnik;Bearbeitung;15;Stahl;pulverbeschichtet;26;26;7;0,03;4;45;45;1,0;4;0;0;105;15
PA2026-3922;2026-12-24;Änderung;6;Bestandskunde;Automobilindustrie;Bearbeitung;16;Stahl;pulverbeschichtet;28;28;15;0,048;4;48;48;1,0;4;0;0;128;16
PA2026-3923;2026-12-29;Standard;8;Bestandskunde;Logistiktechnik;Bearbeitung;4;Stahl;pulverbeschichtet;28;28;15;0,012;4;12;12;1,0;4;0;0;32;4
PA2026-3924;2026-12-24;Standard;15;Bestandskunde;Sonstige;Bearbeitung;15;Stahl;pulverbeschichtet;26;26;7;0,03;4;45;45;1,0;4;0;0;105;15
PA2026-3925;2026-12-24;Standard;4;Bestandskunde;Maschinenbau;Bearbeitung;20;Stahl;pulverbeschichtet;28;28;15;0,06;4;60;60;1,0;4;0;0;160;20
PA2026-3926;2026-12-24;Änderung;8;Bestandskunde;Logistiktechnik;Bearbeitung;3;Stahl;pulverbeschichtet;28;28;15;0,009;4;9;9;1,0;4;0;0;24;3
PA2026-3927;2026-12-27;Standard;5;Bestandskunde;Maschinenbau;Bearbeitung;11;Stahl;pulverbeschichtet;28;28;15;0,033;4;33;33;1,0;4;0;0;88;11
PA2026-3928;2026-12-29;Standard;13;Bestandskunde;Medizintechnik;Bearbeitung;4;Stahl;pulverbeschichtet;26;26;7;0,008;4;12;12;1,0;4;0;0;28;4
PA2026-3929;2026-12-26;Änderung;9;Bestandskunde;Sonstige;Bearbeitung;18;Stahl;pulverbeschichtet;26;26;7;0,036;4;54;54;1,0;4;0;0;126;18
PA2026-3930;2026-12-28;Änderung;12;Bestandskunde;Automobilindustrie;Bearbeitung;10;Stahl;pulverbeschichtet;26;26;7;0,02;4;30;30;1,0;4;0;0;70;10
PA2027-3931;2027-01-01;Änderung;10;Bestandskunde;Sonstige;Bearbeitung;10;Stahl;pulverbeschichtet;26;26;7;0,02;4;30;30;1,0;4;0;0;70;10
PA2027-3932;2027-01-06;Standard;7;Bestandskunde;Sonstige;Bearbeitung;8;Stahl;pulverbeschichtet;28;28;15;0,024;4;24;24;1,0;4;0;0;64;8
PA2027-3933;2027-01-02;Standard;6;Neukunde;Maschinenbau;Bearbeitung;15;Stahl;pulverbeschichtet;26;26;7;0,03;4;45;45;1,0;4;0;0;105;15
PA2027-3934;2027-01-01;Standard;5;Bestandskunde;Medizintechnik;Bearbeitung;19;Stahl;pulverbeschichtet;28;28;15;0,057;4;57;57;1,0;4;0;0;152;19
PA2027-3935;2027-01-05;Standard;9;Bestandskunde;Maschinenbau;Bearbeitung;7;Stahl;pulverbeschichtet;26;26;7;0,014;4;21;21;1,0;4;0;0;49;7
PA2027-3936;2027-01-03;Änderung;12;Bestandskunde;Haushaltsgeräte;Bearbeitung;2;Stahl;pulverbeschichtet;28;28;15;0,006;4;6;6;1,0;4;0;0;16;2
PA2027-3937;2027-01-03;Standard;6;Bestandskunde;Logistiktechnik;Bearbeitung;1;Stahl;pulverbeschichtet;26;26;7;0,002;4;3;3;1,0;4;0;0;7;1
PA2027-3938;2027-01-05;Standard;6;Bestandskunde;Automobilindustrie;Bearbeitung;20;Stahl;pulverbeschichtet;28;28;15;0,06;4;60;60;1,0;4;0;0;160;20
PA2027-3939;2027-01-06;Standard;11;Bestandskunde;Maschinenbau;Bearbeitung;7;Stahl;pulverbeschichtet;26;26;7;0,014;4;21;21;1,0;4;0;0;49;7
PA2027-3940;2027-01-06;Standard;12;Bestandskunde;Haushaltsgeräte;Bearbeitung;2;Stahl;pulverbeschichtet;26;26;7;0,004;4;6;6;1,0;4;0;0;14;2
PA2027-3941;2027-01-06;Standard;7;Bestandskunde;Haushaltsgeräte;Bearbeitung;8;Stahl;pulverbeschichtet;28;28;15;0,024;4;24;24;1,0;4;0;0;64;8
PA2026-3942;2026-12-31;Standard;11;Bestandskunde;Medizintechnik;Bearbeitung;14;Stahl;pulverbeschichtet;28;28;15;0,042;4;42;42;1,0;4;0;0;112;14
PA2027-3943;2027-01-06;Standard;3;Bestandskunde;Sonstige;Bearbeitung;15;Stahl;pulverbeschichtet;28;28;15;0,045;4;45;45;1,0;4;0;0;120;15
PA2027-3944;2027-01-03;Standard;10;Bestandskunde;Maschinenbau;Bearbeitung;20;Stahl;pulverbeschichtet;28;28;15;0,06;4;60;60;1,0;4;0;0;160;20
PA2027-3945;2027-01-06;Standard;7;Bestandskunde;Maschinenbau;Bearbeitung;2;Stahl;pulverbeschichtet;26;26;7;0,004;4;6;6;1,0;4;0;0;14;2
PA2026-3946;2026-12-31;Standard;6;Bestandskunde;Maschinenbau;Bearbeitung;17;Stahl;pulverbeschichtet;26;26;7;0,034;4;51;51;1,0;4;0;0;119;17
PA2027-3947;2027-01-04;Standard;4;Bestandskunde;Automobilindustrie;Bearbeitung;10;Stahl;pulverbeschichtet;26;26;7;0,02;4;30;30;1,0;4;0;0;70;10
PA2027-3948;2027-01-01;Standard;10;Bestandskunde;Sonstige;Bearbeitung;13;Stahl;pulverbeschichtet;28;28;15;0,039;4;39;39;1,0;4;0;0;104;13
PA2027-3949;2027-01-05;Standard;4;Bestandskunde;Maschinenbau;Bearbeitung;7;Stahl;pulverbeschichtet;26;26;7;0,014;4;21;21;1,0;4;0;0;49;7
PA2027-3950;2027-01-05;Änderung;13;Bestandskunde;Logistiktechnik;Bearbeitung;3;Stahl;pulverbeschichtet;28;28;15;0,009;4;9;9;1,0;4;0;0;24;3
PA2027-3951;2027-01-06;Standard;12;Bestandskunde;Automobilindustrie;Bearbeitung;3;Stahl;pulverbeschichtet;26;26;7;0,006;4;9;9;1,0;4;0;0;21;3
PA2027-3952;2027-01-03;Standard;8;Bestandskunde;Medizintechnik;Bearbeitung;11;Stahl;pulverbeschichtet;26;26;7;0,022;4;33;33;1,0;4;0;0;77;11
PA2027-3953;2027-01-01;Standard;9;Bestandskunde;Automobilindustrie;Bearbeitung;10;Stahl;pulverbeschichtet;26;26;7;0,02;4;30;30;1,0;4;0;0;70;10
PA2026-3954;2026-12-31;Änderung;6;Bestandskunde;Medizintechnik;Bearbeitung;6;Stahl;pulverbeschichtet;26;26;7;0,012;4;18;18;1,0;4;0;0;42;6
PA2027-3955;2027-01-01;Änderung;4;Bestandskunde;Medizintechnik;Bearbeitung;3;Stahl;pulverbeschichtet;28;28;15;0,009;4;9;9;1,0;4;0;0;24;3
PA2026-3956;2026-12-31;Standard;12;Bestandskunde;Maschinenbau;Bearbeitung;8;Stahl;pulverbeschichtet;28;28;15;0,024;4;24;24;1,0;4;0;0;64;8
PA2027-3957;2027-01-01;Standard;11;Bestandskunde;Maschinenbau;Bearbeitung;17;Stahl;pulverbeschichtet;26;26;7;0,034;4;51;51;1,0;4;0;0;119;17
PA2027-3958;2027-01-03;Änderung;14;Bestandskunde;Medizintechnik;Bearbeitung;1;Stahl;pulverbeschichtet;28;28;15;0,003;4;3;3;1,0;4;0;0;8;1
PA2026-3959;2026-12-31;Änderung;9;Bestandskunde;Automobilindustrie;Bearbeitung;2;Stahl;pulverbeschichtet;28;28;15;0,006;4;6;6;1,0;4;0;0;16;2
PA2027-3960;2027-01-03;Standard;6;Bestandskunde;Maschinenbau;Bearbeitung;12;Stahl;pulverbeschichtet;28;28;15;0,036;4;36;36;1,0;4;0;0;96;12
PA2026-3961;2026-12-31;Standard;6;Bestandskunde;Automobilindustrie;Bearbeitung;12;Stahl;pulverbeschichtet;26;26;7;0,024;4;36;36;1,0;4;0;0;84;12
PA2027-3962;2027-01-06;Änderung;5;Bestandskunde;Sonstige;Bearbeitung;10;Stahl;pulverbeschichtet;26;26;7;0,02;4;30;30;1,0;4;0;0;70;10
PA2027-3963;2027-01-02;Standard;13;Bestandskunde;Maschinenbau;Bearbeitung;13;Stahl;pulverbeschichtet;28;28;15;0,039;4;39;39;1,0;4;0;0;104;13
PA2027-3964;2027-01-03;Standard;6;Bestandskunde;Logistiktechnik;Bearbeitung;16;Stahl;pulverbeschichtet;28;28;15;0,048;4;48;48;1,0;4;0;0;128;16
PA2027-3965;2027-01-03;Standard;15;Neukunde;Automobilindustrie;Bearbeitung;17;Stahl;pulverbeschichtet;26;26;7;0,034;4;51;51;1,0;4;0;0;119;17
PA2027-3966;2027-01-06;Standard;12;Bestandskunde;Haushaltsgeräte;Bearbeitung;4;Stahl;pulverbeschichtet;28;28;15;0,012;4;12;12;1,0;4;0;0;32;4
PA2027-3967;2027-01-06;Standard;12;Bestandskunde;Haushaltsgeräte;Bearbeitung;8;Stahl;pulverbeschichtet;26;26;7;0,016;4;24;24;1,0;4;0;0;56;8
PA2027-3968;2027-01-02;Standard;15;Bestandskunde;Maschinenbau;Bearbeitung;18;Stahl;pulverbeschichtet;26;26;7;0,036;4;54;54;1,0;4;0;0;126;18
PA2027-3969;2027-01-02;Änderung;5;Bestandskunde;Logistiktechnik;Bearbeitung;10;Stahl;pulverbeschichtet;28;28;15;0,03;4;30;30;1,0;4;0;0;80;10
PA2027-3970;2027-01-02;Standard;10;Bestandskunde;Automobilindustrie;Bearbeitung;6;Stahl;pulverbeschichtet;28;28;15;0,018;4;18;18;1,0;4;0;0;48;6
PA2027-3971;2027-01-01;Änderung;7;Bestandskunde;Automobilindustrie;Bearbeitung;4;Stahl;pulverbeschichtet;28;28;15;0,012;4;12;12;1,0;4;0;0;32;4
PA2027-3972;2027-01-03;Standard;6;Bestandskunde;Sonstige;Bearbeitung;4;Stahl;pulverbeschichtet;26;26;7;0,008;4;12;12;1,0;4;0;0;28;4
PA2027-3973;2027-01-02;Änderung;15;Bestandskunde;Logistiktechnik;Bearbeitung;18;Stahl;pulverbeschichtet;28;28;15;0,054;4;54;54;1,0;4;0;0;144;18
PA2027-3974;2027-01-03;Standard;10;Bestandskunde;Maschinenbau;Bearbeitung;13;Stahl;pulverbeschichtet;28;28;15;0,039;4;39;39;1,0;4;0;0;104;13
PA2027-3975;2027-01-04;Standard;13;Bestandskunde;Medizintechnik;Bearbeitung;1;Stahl;pulverbeschichtet;28;28;15;0,003;4;3;3;1,0;4;0;0;8;1
PA2027-3976;2027-01-04;Standard;9;Bestandskunde;Haushaltsgeräte;Bearbeitung;8;Stahl;pulverbeschichtet;26;26;7;0,016;4;24;24;1,0;4;0;0;56;8
PA2027-3977;2027-01-04;Standard;9;Bestandskunde;Maschinenbau;Bearbeitung;3;Stahl;pulverbeschichtet;28;28;15;0,009;4;9;9;1,0;4;0;0;24;3
PA2027-3978;2027-01-01;Änderung;5;Neukunde;Logistiktechnik;Bearbeitung;20;Stahl;pulverbeschichtet;28;28;15;0,06;4;60;60;1,0;4;0;0;160;20
PA2027-3979;2027-01-03;Änderung;5;Bestandskunde;Maschinenbau;Bearbeitung;9;Stahl;pulverbeschichtet;26;26;7;0,018;4;27;27;1,0;4;0;0;63;9
PA2027-3980;2027-01-02;Änderung;5;Bestandskunde;Maschinenbau;Bearbeitung;5;Stahl;pulverbeschichtet;26;26;7;0,01;4;15;15;1,0;4;0;0;35;5
PA2027-3981;2027-01-04;Standard;14;Bestandskunde;Logistiktechnik;Bearbeitung;9;Stahl;pulverbeschichtet;26;26;7;0,018;4;27;27;1,0;4;0;0;63;9
PA2027-3982;2027-01-04;Standard;9;Bestandskunde;Automobilindustrie;Bearbeitung;15;Stahl;pulverbeschichtet;28;28;15;0,045;4;45;45;1,0;4;0;0;120;15
PA2026-3983;2026-12-31;Standard;14;Bestandskunde;Automobilindustrie;Bearbeitung;20;Stahl;pulverbeschichtet;28;28;15;0,06;4;60;60;1,0;4;0;0;160;20
PA2027-3984;2027-01-03;Änderung;10;Bestandskunde;Medizintechnik;Bearbeitung;20;Stahl;pulverbeschichtet;28;28;15;0,06;4;60;60;1,0;4;0;0;160;20
PA2027-3985;2027-01-01;Änderung;5;Bestandskunde;Maschinenbau;Bearbeitung;9;Stahl;pulverbeschichtet;26;26;7;0,018;4;27;27;1,0;4;0;0;63;9
PA2027-3986;2027-01-03;Standard;12;Bestandskunde;Sonstige;Bearbeitung;20;Stahl;pulverbeschichtet;28;28;15;0,06;4;60;60;1,0;4;0;0;160;20
PA2027-3987;2027-01-03;Standard;5;Bestandskunde;Automobilindustrie;Bearbeitung;11;Stahl;pulverbeschichtet;26;26;7;0,022;4;33;33;1,0;4;0;0;77;11
PA2026-3988;2026-12-31;Standard;12;Bestandskunde;Automobilindustrie;Bearbeitung;20;Stahl;pulverbeschichtet;28;28;15;0,06;4;60;60;1,0;4;0;0;160;20
PA2027-3989;2027-01-06;Änderung;12;Bestandskunde;Logistiktechnik;Bearbeitung;14;Stahl;pulverbeschichtet;28;28;15;0,042;4;42;42;1,0;4;0;0;112;14
PA2027-3990;2027-01-04;Standard;10;Bestandskunde;Sonstige;Bearbeitung;18;Stahl;pulverbeschichtet;26;26;7;0,036;4;54;54;1,0;4;0;0;126;18
