produktionsauftrag_id;erstellungsdatum;auftragsart;durchlaufzeit_bkt;kundenstatus;kundenbranche;anwendungstyp;anzahl_werkstuecktraeger;material;oberflaechenbehandlung;laenge_mm;breite_mm;hoehe_mm;traglast_kg;anzahl_aufnahmepunkte;anzahl_einzelteile;anzahl_zukaufteile;anteil_lagerhaltiger_einzelteile;anzahl_arbeitsgaenge;vorgabezeit_saegen_min;vorgabezeit_drehen_min;vorgabezeit_fraesen_min;vorgabezeit_montage_min
PA2025-0001;2025-01-06;Änderung;9;Bestandskunde;Sonstige;Bearbeitung;4;Stahl;pulverbeschichtet;26;26;7;0,008;4;12;12;1,0;4;0;0;28;4
PA2025-0002;2025-01-01;Änderung;3;Bestandskunde;Maschinenbau;Bearbeitung;20;Stahl;pulverbeschichtet;26;26;7;0,04;4;60;60;1,0;4;0;0;140;20
PA2025-0003;2025-01-06;Standard;14;Bestandskunde;Automobilindustrie;Bearbeitung;1;Stahl;pulverbeschichtet;26;26;7;0,002;4;3;3;1,0;4;0;0;7;1
PA2025-0004;2025-01-03;Standard;9;Bestandskunde;Logistiktechnik;Bearbeitung;11;Stahl;pulverbeschichtet;26;26;7;0,022;4;33;33;1,0;4;0;0;77;11
PA2025-0005;2025-01-04;Änderung;5;Bestandskunde;Logistiktechnik;Bearbeitung;9;Stahl;pulverbeschichtet;26;26;7;0,018;4;27;27;1,0;4;0;0;63;9
PA2025-0006;2025-01-05;Standard;6;Bestandskunde;Haushaltsgeräte;Bearbeitung;18;Stahl;pulverbeschichtet;26;26;7;0,036;4;54;54;1,0;4;0;0;126;18
PA2025-0007;2025-01-05;Standard;12;Bestandskunde;Automobilindustrie;Bearbeitung;2;Stahl;pulverbeschichtet;28;28;15;0,006;4;6;6;1,0;4;0;0;16;2
PA2025-0008;2025-01-01;Änderung;8;Bestandskunde;Maschinenbau;Bearbeitung;15;Stahl;pulverbeschichtet;26;26;7;0,03;4;45;45;1,0;4;0;0;105;15
PA2025-0009;2025-01-03;Standard;10;Bestandskunde;Maschinenbau;Bearbeitung;3;Stahl;pulverbeschichtet;28;28;15;0,009;4;9;9;1,0;4;0;0;24;3
PA2025-0010;2025-01-02;Änderung;13;Bestandskunde;Maschinenbau;Bearbeitung;18;Stahl;pulverbeschichtet;26;26;7;0,036;4;54;54;1,0;4;0;0;126;18
PA2025-0011;2025-01-07;Standard;4;Bestandskunde;Maschinenbau;Bearbeitung;11;Stahl;pulverbeschichtet;26;26;7;0,022;4;33;33;1,0;4;0;0;77;11
PA2025-0012;2025-01-01;Änderung;7;Bestandskunde;Logistiktechnik;Bearbeitung;11;Stahl;pulverbeschichtet;28;28;15;0,033;4;33;33;1,0;4;0;0;88;11
PA2025-0013;2025-01-04;Standard;14;Bestandskunde;Sonstige;Bearbeitung;18;Stahl;pulverbeschichtet;26;26;7;0,036;4;54;54;1,0;4;0;0;126;18
PA2025-0014;2025-01-05;Änderung;14;Bestandskunde;Maschinenbau;Bearbeitung;8;Stahl;pulverbeschichtet;28;28;15;0,024;4;24;24;1,0;4;0;0;64;8
PA2025-0015;2025-01-01;Standard;4;Bestandskunde;Sonstige;Bearbeitung;6;Stahl;pulverbeschichtet;26;26;7;0,012;4;18;18;1,0;4;0;0;42;6
PA2025-0016;2025-01-01;Änderung;12;Neukunde;Maschinenbau;Bearbeitung;17;Stahl;pulverbeschichtet;28;28;15;0,051;4;51;51;1,0;4;0;0;136;17
PA2025-0017;2025-01-07;Standard;3;Bestandskunde;Haushaltsgeräte;Bearbeitung;18;Stahl;pulverbeschichtet;28;28;15;0,054;4;54;54;1,0;4;0;0;144;18
PA2025-0018;2025-01-03;Änderung;5;Bestandskunde;Logistiktechnik;Bearbeitung;1;Stahl;pulverbeschichtet;28;28;15;0,003;4;3;3;1,0;4;0;0;8;1
PA2025-0019;2025-01-07;Standard;8;Bestandskunde;Automobilindustrie;Bearbeitung;10;Stahl;pulverbeschichtet;28;28;15;0,03;4;30;30;1,0;4;0;0;80;10
PA2025-0020;2025-01-03;Standard;6;Bestandskunde;Medizintechnik;Bearbeitung;17;Stahl;pulverbeschichtet;26;26;7;0,034;4;51;51;1,0;4;0;0;119;17
PA2025-0021;2025-01-04;Standard;4;Bestandskunde;Automobilindustrie;Bearbeitung;10;Stahl;pulverbeschichtet;26;26;7;0,02;4;30;30;1,0;4;0;0;70;10
PA2025-0022;2025-01-02;Standard;5;Bestandskunde;Maschinenbau;Bearbeitung;3;Stahl;pulverbeschichtet;26;26;7;0,006;4;9;9;1,0;4;0;0;21;3
PA2025-0023;2025-01-06;Änderung;14;Bestandskunde;Maschinenbau;Bearbeitung;17;Stahl;pulverbeschichtet;26;26;7;0,034;4;51;51;1,0;4;0;0;119;17
PA2025-0024;2025-01-05;Änderung;9;Bestandskunde;Haushaltsgeräte;Bearbeitung;12;Stahl;pulverbeschichtet;28;28;15;0,036;4;36;36;1,0;4;0;0;96;12
PA2025-0025;2025-01-04;Änderung;5;Bestandskunde;Sonstige;Bearbeitung;1;Stahl;pulverbeschichtet;28;28;15;0,003;4;3;3;1,0;4;0;0;8;1
PA2025-0026;2025-01-01;Änderung;5;Bestandskunde;Haushaltsgeräte;Bearbeitung;3;Stahl;pulverbeschichtet;26;26;7;0,006;4;9;9;1,0;4;0;0;21;3
PA2025-0027;2025-01-01;Standard;15;Bestandskunde;Logistiktechnik;Bearbeitung;7;Stahl;pulverbeschichtet;26;26;7;0,014;4;21;21;1,0;4;0;0;49;7
PA2025-0028;2025-01-02;Änderung;14;Bestandskunde;Sonstige;Bearbeitung;4;Stahl;pulverbeschichtet;26;26;7;0,008;4;12;12;1,0;4;0;0;28;4
PA2025-0029;2025-01-04;Standard;13;Neukunde;Automobilindustrie;Bearbeitung;4;Stahl;pulverbeschichtet;28;28;15;0,012;4;12;12;1,0;4;0;0;32;4
PA2025-0030;2025-01-06;Standard;11;Bestandskunde;Sonstige;Bearbeitung;7;Stahl;pulverbeschichtet;26;26;7;0,014;4;21;21;1,0;4;0;0;49;7
PA2025-0031;2025-01-02;Standard;12;Bestandskunde;Haushaltsgeräte;Bearbeitung;3;Stahl;pulverbeschichtet;26;26;7;0,006;4;9;9;1,0;4;0;0;21;3
PA2025-0032;2025-01-01;Standard;4;Bestandskunde;Sonstige;Bearbeitung;1;Stahl;pulverbeschichtet;28;28;15;0,003;4;3;3;1,0;4;0;0;8;1
PA2025-0033;2025-01-02;Standard;12;Bestandskunde;Haushaltsgeräte;Bearbeitung;13;Stahl;pulverbeschichtet;26;26;7;0,026;4;39;39;1,0;4;0;0;91;13
PA2025-0034;2025-01-04;Änderung;4;Bestandskunde;Sonstige;Bearbeitung;15;Stahl;pulverbeschichtet;26;26;7;0,03;4;45;45;1,0;4;0;0;105;15
PA2025-0035;2025-01-06;Standard;14;Bestandskunde;Logistiktechnik;Bearbeitung;2;Stahl;pulverbeschichtet;28;28;15;0,006;4;6;6;1,0;4;0;0;16;2
PA2025-0036;2025-01-01;Änderung;4;Bestandskunde;Maschinenbau;Bearbeitung;17;Stahl;pulverbeschichtet;26;26;7;0,034;4;51;51;1,0;4;0;0;119;17
PA2025-0037;2025-01-05;Standard;5;Bestandskunde;Maschinenbau;Bearbeitung;3;Stahl;pulverbeschichtet;26;26;7;0,006;4;9;9;1,0;4;0;0;21;3
PA2025-0038;2025-01-01;Standard;8;Bestandskunde;Automobilindustrie;Bearbeitung;3;Stahl;pulverbeschichtet;26;26;7;0,006;4;9;9;1,0;4;0;0;21;3
PA2025-0039;2025-01-05;Änderung;15;Bestandskunde;Maschinenbau;Bearbeitung;11;Stahl;pulverbeschichtet;28;28;15;0,033;4;33;33;1,0;4;0;0;88;11
PA2025-0040;2025-01-04;Änderung;6;Bestandskunde;Maschinenbau;Bearbeitung;11;Stahl;pulverbeschichtet;26;26;7;0,022;4;33;33;1,0;4;0;0;77;11
PA2025-0041;2025-01-04;Standard;5;Bestandskunde;Maschinenbau;Bearbeitung;9;Stahl;pulverbeschichtet;26;26;7;0,018;4;27;27;1,0;4;0;0;63;9
PA2025-0042;2025-01-01;Änderung;8;Bestandskunde;Automobilindustrie;Bearbeitung;18;Stahl;pulverbeschichtet;26;26;7;0,036;4;54;54;1,0;4;0;0;126;18
PA2025-0043;2025-01-07;Standard;15;Bestandskunde;Automobilindustrie;Bearbeitung;10;Stahl;pulverbeschichtet;28;28;15;0,03;4;30;30;1,0;4;0;0;80;10
PA2025-0044;2025-01-03;Änderung;5;Bestandskunde;Maschinenbau;Bearbeitung;5;Stahl;pulverbeschichtet;26;26;7;0,01;4;15;15;1,0;4;0;0;35;5
PA2025-0045;2025-01-05;Änderung;9;Bestandskunde;Automobilindustrie;Bearbeitung;9;Stahl;pulverbeschichtet;28;28;15;0,027;4;27;27;1,0;4;0;0;72;9
PA2025-0046;2025-01-07;Standard;4;Bestandskunde;Medizintechnik;Bearbeitung;9;Stahl;pulverbeschichtet;28;28;15;0,027;4;27;27;1,0;4;0;0;72;9
PA2025-0047;2025-01-03;Standard;5;Bestandskunde;Logistiktechnik;Bearbeitung;15;Stahl;pulverbeschichtet;26;26;7;0,03;4;45;45;1,0;4;0;0;105;15
PA2025-0048;2025-01-01;Standard;6;Bestandskunde;Maschinenbau;Bearbeitung;5;Stahl;pulverbeschichtet;28;28;15;0,015;4;15;15;1,0;4;0;0;40;5
PA2025-0049;2025-01-05;Änderung;7;Bestandskunde;Logistiktechnik;Bearbeitung;12;Stahl;pulverbeschichtet;26;26;7;0,024;4;36;36;1,0;4;0;0;84;12
PA2025-0050;2025-01-02;Standard;8;Bestandskunde;Maschinenbau;Bearbeitung;18;Stahl;pulverbeschichtet;26;26;7;0,036;4;54;54;1,0;4;0;0;126;18
PA2025-0051;2025-01-06;Änderung;7;Bestandskunde;Automobilindustrie;Bearbeitung;6;Stahl;pulverbeschichtet;28;28;15;0,018;4;18;18;1,0;4;0;0;48;6
PA2025-0052;2025-01-01;Standard;7;Bestandskunde;Medizintechnik;Bearbeitung;14;Stahl;pulverbeschichtet;26;26;7;0,028;4;42;42;1,0;4;0;0;98;14
PA2025-0053;2025-01-02;Änderung;6;Bestandskunde;Sonstige;Bearbeitung;16;Stahl;pulverbeschichtet;26;26;7;0,032;4;48;48;1,0;4;0;0;112;16
PA2025-0054;2025-01-07;Standard;13;Bestandskunde;Logistiktechnik;Bearbeitung;8;Stahl;pulverbeschichtet;26;26;7;0,016;4;24;24;1,0;4;0;0;56;8
PA2025-0055;2025-01-06;Standard;9;Bestandskunde;Haushaltsgeräte;Bearbeitung;3;Stahl;pulverbeschichtet;26;26;7;0,006;4;9;9;1,0;4;0;0;21;3
PA2025-0056;2025-01-06;Standard;15;Bestandskunde;Maschinenbau;Bearbeitung;18;Stahl;pulverbeschichtet;28;28;15;0,054;4;54;54;1,0;4;0;0;144;18
PA2025-0057;2025-01-01;Änderung;9;Bestandskunde;Automobilindustrie;Bearbeitung;9;Stahl;pulverbeschichtet;28;28;15;0,027;4;27;27;1,0;4;0;0;72;9
PA2025-0058;2025-01-05;Standard;14;Bestandskunde;Maschinenbau;Bearbeitung;14;Stahl;pulverbeschichtet;26;26;7;0,028;4;42;42;1,0;4;0;0;98;14
PA2025-0059;2025-01-05;Standard;9;Neukunde;Haushaltsgeräte;Bearbeitung;1;Stahl;pulverbeschichtet;26;26;7;0,002;4;3;3;1,0;4;0;0;7;1
PA2025-0060;2025-01-04;Standard;5;Bestandskunde;Logistiktechnik;Bearbeitung;20;Stahl;pulverbeschichtet;26;26;7;0,04;4;60;60;1,0;4;0;0;140;20
PA2025-0061;2025-01-14;Änderung;6;Bestandskunde;Automobilindustrie;Bearbeitung;10;Stahl;pulverbeschichtet;28;28;15;0,03;4;30;30;1,0;4;0;0;80;10
PA2025-0062;2025-01-11;Standard;10;Bestandskunde;Medizintechnik;Bearbeitung;13;Stahl;pulverbeschichtet;28;28;15;0,039;4;39;39;1,0;4;0;0;104;13
PA2025-0063;2025-01-11;Standard;4;Bestandskunde;Automobilindustrie;Bearbeitung;19;Stahl;pulverbeschichtet;26;26;7;0,038;4;57;57;1,0;4;0;0;133;19
PA2025-0064;2025-01-11;Änderung;14;Bestandskunde;Automobilindustrie;Bearbeitung;6;Stahl;pulverbeschichtet;28;28;15;0,018;4;18;18;1,0;4;0;0;48;6
PA2025-0065;2025-01-12;Standard;11;Bestandskunde;Sonstige;Bearbeitung;8;Stahl;pulverbeschichtet;26;26;7;0,016;4;24;24;1,0;4;0;0;56;8
PA2025-0066;2025-01-14;Standard;8;Bestandskunde;Automobilindustrie;Bearbeitung;16;Stahl;pulverbeschichtet;28;28;15;0,048;4;48;48;1,0;4;0;0;128;16
PA2025-0067;2025-01-11;Änderung;8;Bestandskunde;Sonstige;Bearbeitung;13;Stahl;pulverbeschichtet;26;26;7;0,026;4;39;39;1,0;4;0;0;91;13
PA2025-0068;2025-01-13;Standard;4;Neukunde;Automobilindustrie;Bearbeitung;4;Stahl;pulverbeschichtet;26;26;7;0,008;4;12;12;1,0;4;0;0;28;4
PA2025-0069;2025-01-09;Änderung;15;Bestandskunde;Maschinenbau;Bearbeitung;4;Stahl;pulverbeschichtet;28;28;15;0,012;4;12;12;1,0;4;0;0;32;4
PA2025-0070;2025-01-14;Änderung;13;Neukunde;Sonstige;Bearbeitung;20;Stahl;pulverbeschichtet;28;28;15;0,06;4;60;60;1,0;4;0;0;160;20
PA2025-0071;2025-01-12;Standard;15;Bestandskunde;Maschinenbau;Bearbeitung;15;Stahl;pulverbeschichtet;28;28;15;0,045;4;45;45;1,0;4;0;0;120;15
PA2025-0072;2025-01-11;Standard;10;Bestandskunde;Sonstige;Bearbeitung;9;Stahl;pulverbeschichtet;26;26;7;0,018;4;27;27;1,0;4;0;0;63;9
PA2025-0073;2025-01-09;Standard;9;Bestandskunde;Automobilindustrie;Bearbeitung;8;Stahl;pulverbeschichtet;28;28;15;0,024;4;24;24;1,0;4;0;0;64;8
PA2025-0074;2025-01-10;Änderung;5;Bestandskunde;Maschinenbau;Bearbeitung;5;Stahl;pulverbeschichtet;28;28;15;0,015;4;15;15;1,0;4;0;0;40;5
PA2025-0075;2025-01-11;Änderung;13;Bestandskunde;Automobilindustrie;Bearbeitung;2;Stahl;pulverbeschichtet;26;26;7;0,004;4;6;6;1,0;4;0;0;14;2
PA2025-0076;2025-01-11;Änderung;4;Neukunde;Sonstige;Bearbeitung;13;Stahl;pulverbeschichtet;26;26;7;0,026;4;39;39;1,0;4;0;0;91;13
PA2025-0077;2025-01-10;Änderung;10;Neukunde;Haushaltsgeräte;Bearbeitung;14;Stahl;pulverbeschichtet;28;28;15;0,042;4;42;42;1,0;4;0;0;112;14
PA2025-0078;2025-01-09;Standard;9;Bestandskunde;Maschinenbau;Bearbeitung;11;Stahl;pulverbeschichtet;26;26;7;0,022;4;33;33;1,0;4;0;0;77;11
PA2025-0079;2025-01-09;Änderung;13;Bestandskunde;Logistiktechnik;Bearbeitung;18;Stahl;pulverbeschichtet;28;28;15;0,054;4;54;54;1,0;4;0;0;144;18
PA2025-0080;2025-01-12;Standard;5;Bestandskunde;Sonstige;Bearbeitung;15;Stahl;pulverbeschichtet;26;26;7;0,03;4;45;45;1,0;4;0;0;105;15
PA2025-0081;2025-01-10;Änderung;11;Bestandskunde;Automobilindustrie;Bearbeitung;11;Stahl;pulverbeschichtet;26;26;7;0,022;4;33;33;1,0;4;0;0;77;11
PA2025-0082;2025-01-14;Standard;13;Bestandskunde;Sonstige;Bearbeitung;1;Stahl;pulverbeschichtet;28;28;15;0,003;4;3;3;1,0;4;0;0;8;1
PA2025-0083;2025-01-09;Änderung;5;Bestandskunde;Maschinenbau;Bearbeitung;1;Stahl;pulverbeschichtet;26;26;7;0,002;4;3;3;1,0;4;0;0;7;1
PA2025-0084;2025-01-14;Standard;3;Bestandskunde;Automobilindustrie;Bearbeitung;16;Stahl;pulverbeschichtet;26;26;7;0,032;4;48;48;1,0;4;0;0;112;16
PA2025-0085;2025-01-11;Änderung;10;Bestandskunde;Automobilindustrie;Bearbeitung;20;Stahl;pulverbeschichtet;26;26;7;0,04;4;60;60;1,0;4;0;0;140;20
PA2025-0086;2025-01-10;Standard;5;Neukunde;Haushaltsgeräte;Bearbeitung;19;Stahl;pulverbeschichtet;26;26;7;0,038;4;57;57;1,0;4;0;0;133;19
PA2025-0087;2025-01-13;Standard;9;Bestandskunde;Sonstige;Bearbeitung;8;Stahl;pulverbeschichtet;28;28;15;0,024;4;24;24;1,0;4;0;0;64;8
PA2025-0088;2025-01-14;Standard;6;Bestandskunde;Maschinenbau;Bearbeitung;2;Stahl;pulverbeschichtet;26;26;7;0,004;4;6;6;1,0;4;0;0;14;2
PA2025-0089;2025-01-11;Änderung;11;Bestandskunde;Medizintechnik;Bearbeitung;1;Stahl;pulverbeschichtet;28;28;15;0,003;4;3;3;1,0;4;0;0;8;1
PA2025-0090;2025-01-08;Standard;12;Bestandskunde;Haushaltsgeräte;Bearbeitung;15;Stahl;pulverbeschichtet;28;28;15;0,045;4;45;45;1,0;4;0;0;120;15
PA2025-0091;2025-01-09;Änderung;15;Bestandskunde;Automobilindustrie;Bearbeitung;18;Stahl;pulverbeschichtet;26;26;7;0,036;4;54;54;1,0;4;0;0;126;18
PA2025-0092;2025-01-11;Änderung;10;Bestandskunde;Sonstige;Bearbeitung;3;Stahl;pulverbeschichtet;28;28;15;0,009;4;9;9;1,0;4;0;0;24;3
PA2025-0093;2025-01-09;Änderung;13;Bestandskunde;Sonstige;Bearbeitung;11;Stahl;pulverbeschichtet;28;28;15;0,033;4;33;33;1,0;4;0;0;88;11
PA2025-0094;2025-01-14;Standard;11;Bestandskunde;Maschinenbau;Bearbeitung;9;Stahl;pulverbeschichtet;26;26;7;0,018;4;27;27;1,0;4;0;0;63;9
PA2025-0095;2025-01-12;Standard;10;Bestandskunde;Logistiktechnik;Bearbeitung;7;Stahl;pulverbeschichtet;28;28;15;0,021;4;21;21;1,0;4;0;0;56;7
PA2025-0096;2025-01-13;Änderung;14;Bestandskunde;Logistiktechnik;Bearbeitung;16;Stahl;pulverbeschichtet;26;26;7;0,032;4;48;48;1,0;4;0;0;112;16
PA2025-0097;2025-01-14;Standard;3;Bestandskunde;Sonstige;Bearbeitung;8;Stahl;pulverbeschichtet;28;28;15;0,024;4;24;24;1,0;4;0;0;64;8
PA2025-0098;2025-01-12;Änderung;12;Bestandskunde;Maschinenbau;Bearbeitung;14;Stahl;pulverbeschichtet;28;28;15;0,042;4;42;42;1,0;4;0;0;112;14
PA2025-0099;2025-01-13;Standard;14;Bestandskunde;Automobilindustrie;Bearbeitung;4;Stahl;pulverbeschichtet;28;28;15;0,012;4;12;12;1,0;4;0;0;32;4
PA2025-0100;2025-01-08;Standard;7;Bestandskunde;Medizintechnik;Bearbeitung;9;Stahl;pulverbeschichtet;26;26;7;0,018;4;27;27;1,0;4;0;0;63;9
PA2025-0101;2025-01-14;Standard;8;Bestandskunde;Haushaltsgeräte;Bearbeitung;10;Stahl;pulverbeschichtet;28;28;15;0,03;4;30;30;1,0;4;0;0;80;10
PA2025-0102;2025-01-10;Standard;4;Bestandskunde;Haushaltsgeräte;Bearbeitung;5;Stahl;pulverbeschichtet;26;26;7;0,01;4;15;15;1,0;4;0;0;35;5
PA2025-0103;2025-01-14;Standard;3;Bestandskunde;Automobilindustrie;Bearbeitung;15;Stahl;pulverbeschichtet;28;28;15;0,045;4;45;45;1,0;4;0;0;120;15
PA2025-0104;2025-01-08;Standard;9;Bestandskunde;Maschinenbau;Bearbeitung;3;Stahl;pulverbeschichtet;28;28;15;0,009;4;9;9;1,0;4;0;0;24;3
PA2025-0105;2025-01-08;Standard;4;Neukunde;Medizintechnik;Bearbeitung;10;Stahl;pulverbeschichtet;28;28;15;0,03;4;30;30;1,0;4;0;0;80;10
PA2025-0106;2025-01-08;Standard;12;Bestandskunde;Automobilindustrie;Bearbeitung;8;Stahl;pulverbeschichtet;26;26;7;0,016;4;24;24;1,0;4;0;0;56;8
PA2025-0107;2025-01-11;Änderung;10;Bestandskunde;Logistiktechnik;Bearbeitung;10;Stahl;pulverbeschichtet;28;28;15;0,03;4;30;30;1,0;4;0;0;80;10
PA2025-0108;2025-01-14;Standard;8;Bestandskunde;Logistiktechnik;Bearbeitung;3;Stahl;pulverbeschichtet;26;26;7;0,006;4;9;9;1,0;4;0;0;21;3
PA2025-0109;2025-01-09;Änderung;5;Bestandskunde;Maschinenbau;Bearbeitung;20;Stahl;pulverbeschichtet;26;26;7;0,04;4;60;60;1,0;4;0;0;140;20
PA2025-0110;2025-01-08;Änderung;8;Bestandskunde;Automobilindustrie;Bearbeitung;15;Stahl;pulverbeschichtet;28;28;15;0,045;4;45;45;1,0;4;0;0;120;15
PA2025-0111;2025-01-10;Standard;7;Bestandskunde;Sonstige;Bearbeitung;5;Stahl;pulverbeschichtet;26;26;7;0,01;4;15;15;1,0;4;0;0;35;5
PA2025-0112;2025-01-08;Standard;4;Bestandskunde;Automobilindustrie;Bearbeitung;19;Stahl;pulverbeschichtet;28;28;15;0,057;4;57;57;1,0;4;0;0;152;19
PA2025-0113;2025-01-08;Standard;13;Neukunde;Automobilindustrie;Bearbeitung;9;Stahl;pulverbeschichtet;28;28;15;0,027;4;27;27;1,0;4;0;0;72;9
PA2025-0114;2025-01-08;Standard;4;Bestandskunde;Sonstige;Bearbeitung;20;Stahl;pulverbeschichtet;28;28;15;0,06;4;60;60;1,0;4;0;0;160;20
PA2025-0115;2025-01-08;Standard;8;Bestandskunde;Maschinenbau;Bearbeitung;19;Stahl;pulverbeschichtet;28;28;15;0,057;4;57;57;1,0;4;0;0;152;19
PA2025-0116;2025-01-12;Änderung;5;Bestandskunde;Automobilindustrie;Bearbeitung;17;Stahl;pulverbeschichtet;26;26;7;0,034;4;51;51;1,0;4;0;0;119;17
PA2025-0117;2025-01-09;Standard;12;Bestandskunde;Medizintechnik;Bearbeitung;3;Stahl;pulverbeschichtet;28;28;15;0,009;4;9;9;1,0;4;0;0;24;3
PA2025-0118;2025-01-11;Änderung;10;Bestandskunde;Logistiktechnik;Bearbeitung;6;Stahl;pulverbeschichtet;28;28;15;0,018;4;18;18;1,0;4;0;0;48;6
PA2025-0119;2025-01-13;Standard;14;Bestandskunde;Sonstige;Bearbeitung;18;Stahl;pulverbeschichtet;28;28;15;0,054;4;54;54;1,0;4;0;0;144;18
PA2025-0120;2025-01-08;Änderung;11;Bestandskunde;Maschinenbau;Bearbeitung;13;Stahl;pulverbeschichtet;26;26;7;0,026;4;39;39;1,0;4;0;0;91;13
PA2025-0121;2025-01-18;Standard;5;Bestandskunde;Maschinenbau;Bearbeitung;16;Stahl;pulverbeschichtet;26;26;7;0,032;4;48;48;1,0;4;0;0;112;16
PA2025-0122;2025-01-16;Standard;9;Bestandskunde;Sonstige;Bearbeitung;15;Stahl;pulverbeschichtet;28;28;15;0,045;4;45;45;1,0;4;0;0;120;15
PA2025-0123;2025-01-15;Änderung;8;Bestandskunde;Maschinenbau;Bearbeitung;1;Stahl;pulverbeschichtet;28;28;15;0,003;4;3;3;1,0;4;0;0;8;1
PA2025-0124;2025-01-16;Standard;6;Bestandskunde;Maschinenbau;Bearbeitung;5;Stahl;pulverbeschichtet;28;28;15;0,015;4;15;15;1,0;4;0;0;40;5
PA2025-0125;2025-01-17;Standard;15;Bestandskunde;Maschinenbau;Bearbeitung;16;Stahl;pulverbeschichtet;28;28;15;0,048;4;48;48;1,0;4;0;0;128;16
PA2025-0126;2025-01-18;Standard;6;Bestandskunde;Maschinenbau;Bearbeitung;17;Stahl;pulverbeschichtet;28;28;15;0,051;4;51;51;1,0;4;0;0;136;17
PA2025-0127;2025-01-17;Änderung;12;Neukunde;Haushaltsgeräte;Bearbeitung;9;Stahl;pulverbeschichtet;26;26;7;0,018;4;27;27;1,0;4;0;0;63;9
PA2025-0128;2025-01-20;Standard;10;Bestandskunde;Maschinenbau;Bearbeitung;16;Stahl;pulverbeschichtet;26;26;7;0,032;4;48;48;1,0;4;0;0;112;16
PA2025-0129;2025-01-19;Änderung;15;Bestandskunde;Maschinenbau;Bearbeitung;18;Stahl;pulverbeschichtet;26;26;7;0,036;4;54;54;1,0;4;0;0;126;18
PA2025-0130;2025-01-17;Änderung;7;Bestandskunde;Logistiktechnik;Bearbeitung;13;Stahl;pulverbeschichtet;28;28;15;0,039;4;39;39;1,0;4;0;0;104;13
PA2025-0131;2025-01-15;Standard;11;Bestandskunde;Maschinenbau;Bearbeitung;13;Stahl;pulverbeschichtet;26;26;7;0,026;4;39;39;1,0;4;0;0;91;13
PA2025-0132;2025-01-21;Standard;7;Bestandskunde;Medizintechnik;Bearbeitung;17;Stahl;pulverbeschichtet;28;28;15;0,051;4;51;51;1,0;4;0;0;136;17
PA2025-0133;2025-01-21;Standard;13;Bestandskunde;Automobilindustrie;Bearbeitung;1;Stahl;pulverbeschichtet;28;28;15;0,003;4;3;3;1,0;4;0;0;8;1
PA2025-0134;2025-01-21;Änderung;7;Bestandskunde;Haushaltsgeräte;Bearbeitung;9;Stahl;pulverbeschichtet;26;26;7;0,018;4;27;27;1,0;4;0;0;63;9
PA2025-0135;2025-01-20;Standard;13;Bestandskunde;Maschinenbau;Bearbeitung;18;Stahl;pulverbeschichtet;28;28;15;0,054;4;54;54;1,0;4;0;0;144;18
PA2025-0136;2025-01-20;Änderung;14;Bestandskunde;Automobilindustrie;Bearbeitung;3;Stahl;pulverbeschichtet;28;28;15;0,009;4;9;9;1,0;4;0;0;24;3
PA2025-0137;2025-01-16;Standard;5;Bestandskunde;Automobilindustrie;Bearbeitung;4;Stahl;pulverbeschichtet;26;26;7;0,008;4;12;12;1,0;4;0;0;28;4
PA2025-0138;2025-01-20;Standard;10;Bestandskunde;Automobilindustrie;Bearbeitung;2;Stahl;pulverbeschichtet;28;28;15;0,006;4;6;6;1,0;4;0;0;16;2
PA2025-0139;2025-01-17;Standard;12;Bestandskunde;Logistiktechnik;Bearbeitung;19;Stahl;pulverbeschichtet;28;28;15;0,057;4;57;57;1,0;4;0;0;152;19
PA2025-0140;2025-01-16;Standard;5;Bestandskunde;Logistiktechnik;Bearbeitung;8;Stahl;pulverbeschichtet;26;26;7;0,016;4;24;24;1,0;4;0;0;56;8
PA2025-0141;2025-01-16;Standard;8;Bestandskunde;Medizintechnik;Bearbeitung;9;Stahl;pulverbeschichtet;28;28;15;0,027;4;27;27;1,0;4;0;0;72;9
PA2025-0142;2025-01-17;Standard;6;Bestandskunde;Automobilindustrie;Bearbeitung;19;Stahl;pulverbeschichtet;26;26;7;0,038;4;57;57;1,0;4;0;0;133;19
PA2025-0143;2025-01-18;Standard;10;Bestandskunde;Automobilindustrie;Bearbeitung;13;Stahl;pulverbeschichtet;28;28;15;0,039;4;39;39;1,0;4;0;0;104;13
PA2025-0144;2025-01-16;Standard;11;Bestandskunde;Haushaltsgeräte;Bearbeitung;10;Stahl;pulverbeschichtet;28;28;15;0,03;4;30;30;1,0;4;0;0;80;10
PA2025-0145;2025-01-17;Änderung;3;Bestandskunde;Maschinenbau;Bearbeitung;2;Stahl;pulverbeschichtet;26;26;7;0,004;4;6;6;1,0;4;0;0;14;2
PA2025-0146;2025-01-21;Änderung;8;Bestandskunde;Automobilindustrie;Bearbeitung;7;Stahl;pulverbeschichtet;28;28;15;0,021;4;21;21;1,0;4;0;0;56;7
PA2025-0147;2025-01-21;Standard;7;Bestandskunde;Automobilindustrie;Bearbeitung;2;Stahl;pulverbeschichtet;28;28;15;0,006;4;6;6;1,0;4;0;0;16;2
PA2025-0148;2025-01-15;Änderung;12;Bestandskunde;Maschinenbau;Bearbeitung;10;Stahl;pulverbeschichtet;28;28;15;0,03;4;30;30;1,0;4;0;0;80;10
PA2025-0149;2025-01-18;Standard;7;Neukunde;Automobilindustrie;Bearbeitung;12;Stahl;pulverbeschichtet;28;28;15;0,036;4;36;36;1,0;4;0;0;96;12
PA2025-0150;2025-01-17;Standard;14;Bestandskunde;Haushaltsgeräte;Bearbeitung;11;Stahl;pulverbeschichtet;28;28;15;0,033;4;33;33;1,0;4;0;0;88;11
PA2025-0151;2025-01-15;Standard;7;Bestandskunde;Sonstige;Bearbeitung;13;Stahl;pulverbeschichtet;26;26;7;0,026;4;39;39;1,0;4;0;0;91;13
PA2025-0152;2025-01-21;Standard;13;Bestandskunde;Maschinenbau;Bearbeitung;15;Stahl;pulverbeschichtet;28;28;15;0,045;4;45;45;1,0;4;0;0;120;15
PA2025-0153;2025-01-20;Standard;9;Neukunde;Haushaltsgeräte;Bearbeitung;12;Stahl;pulverbeschichtet;28;28;15;0,036;4;36;36;1,0;4;0;0;96;12
PA2025-0154;2025-01-18;Änderung;4;Neukunde;Medizintechnik;Bearbeitung;11;Stahl;pulverbeschichtet;26;26;7;0,022;4;33;33;1,0;4;0;0;77;11
PA2025-0155;2025-01-20;Standard;14;Bestandskunde;Haushaltsgeräte;Bearbeitung;14;Stahl;pulverbeschichtet;26;26;7;0,028;4;42;42;1,0;4;0;0;98;14
PA2025-0156;2025-01-15;Änderung;4;Bestandskunde;Maschinenbau;Bearbeitung;4;Stahl;pulverbeschichtet;26;26;7;0,008;4;12;12;1,0;4;0;0;28;4
PA2025-0157;2025-01-18;Standard;14;Bestandskunde;Maschinenbau;Bearbeitung;18;Stahl;pulverbeschichtet;26;26;7;0,036;4;54;54;1,0;4;0;0;126;18
PA2025-0158;2025-01-20;Änderung;7;Bestandskunde;Automobilindustrie;Bearbeitung;16;Stahl;pulverbeschichtet;28;28;15;0,048;4;48;48;1,0;4;0;0;128;16
PA2025-0159;2025-01-15;Standard;12;Bestandskunde;Maschinenbau;Bearbeitung;8;Stahl;pulverbeschichtet;28;28;15;0,024;4;24;24;1,0;4;0;0;64;8
PA2025-0160;2025-01-20;Standard;12;Bestandskunde;Medizintechnik;Bearbeitung;12;Stahl;pulverbeschichtet;28;28;15;0,036;4;36;36;1,0;4;0;0;96;12
PA2025-0161;2025-01-17;Standard;7;Bestandskunde;Logistiktechnik;Bearbeitung;15;Stahl;pulverbeschichtet;26;26;7;0,03;4;45;45;1,0;4;0;0;105;15
PA2025-0162;2025-01-20;Standard;4;Bestandskunde;Automobilindustrie;Bearbeitung;5;Stahl;pulverbeschichtet;26;26;7;0,01;4;15;15;1,0;4;0;0;35;5
PA2025-0163;2025-01-21;Standard;8;Bestandskunde;Medizintechnik;Bearbeitung;8;Stahl;pulverbeschichtet;26;26;7;0,016;4;24;24;1,0;4;0;0;56;8
PA2025-0164;2025-01-21;Standard;3;Neukunde;Sonstige;Bearbeitung;5;Stahl;pulverbeschichtet;28;28;15;0,015;4;15;15;1,0;4;0;0;40;5
PA2025-0165;2025-01-15;Änderung;3;Bestandskunde;Logistiktechnik;Bearbeitung;8;Stahl;pulverbeschichtet;28;28;15;0,024;4;24;24;1,0;4;0;0;64;8
PA2025-0166;2025-01-16;Standard;9;Bestandskunde;Automobilindustrie;Bearbeitung;17;Stahl;pulverbeschichtet;28;28;15;0,051;4;51;51;1,0;4;0;0;136;17
PA2025-0167;2025-01-18;Standard;14;Bestandskunde;Medizintechnik;Bearbeitung;4;Stahl;pulverbeschichtet;26;26;7;0,008;4;12;12;1,0;4;0;0;28;4
PA2025-0168;2025-01-16;Standard;4;Bestandskunde;Sonstige;Bearbeitung;17;Stahl;pulverbeschichtet;28;28;15;0,051;4;51;51;1,0;4;0;0;136;17
PA2025-0169;2025-01-20;Änderung;4;Bestandskunde;Logistiktechnik;Bearbeitung;13;Stahl;pulverbeschichtet;28;28;15;0,039;4;39;39;1,0;4;0;0;104;13
PA2025-0170;2025-01-15;Standard;14;Bestandskunde;Maschinenbau;Bearbeitung;3;Stahl;pulverbeschichtet;28;28;15;0,009;4;9;9;1,0;4;0;0;24;3
PA2025-0171;2025-01-16;Standard;5;Bestandskunde;Sonstige;Bearbeitung;19;Stahl;pulverbeschichtet;28;28;15;0,057;4;57;57;1,0;4;0;0;152;19
PA2025-0172;2025-01-19;Standard;15;Bestandskunde;Sonstige;Bearbeitung;14;Stahl;pulverbeschichtet;28;28;15;0,042;4;42;42;1,0;4;0;0;112;14
PA2025-0173;2025-01-21;Standard;8;Neukunde;Maschinenbau;Bearbeitung;14;Stahl;pulverbeschichtet;26;26;7;0,028;4;42;42;1,0;4;0;0;98;14
PA2025-0174;2025-01-18;Änderung;13;Bestandskunde;Medizintechnik;Bearbeitung;11;Stahl;pulverbeschichtet;28;28;15;0,033;4;33;33;1,0;4;0;0;88;11
PA2025-0175;2025-01-16;Änderung;14;Bestandskunde;Maschinenbau;Bearbeitung;3;Stahl;pulverbeschichtet;28;28;15;0,009;4;9;9;1,0;4;0;0;24;3
PA2025-0176;2025-01-20;Standard;12;Bestandskunde;Sonstige;Bearbeitung;19;Stahl;pulverbeschichtet;28;28;15;0,057;4;57;57;1,0;4;0;0;152;19
PA2025-0177;2025-01-15;Standard;12;Bestandskunde;Logistiktechnik;Bearbeitung;14;Stahl;pulverbeschichtet;28;28;15;0,042;4;42;42;1,0;4;0;0;112;14
PA2025-0178;2025-01-19;Standard;10;Bestandskunde;Maschinenbau;Bearbeitung;7;Stahl;pulverbeschichtet;26;26;7;0,014;4;21;21;1,0;4;0;0;49;7
PA2025-0179;2025-01-16;Standard;6;Bestandskunde;Maschinenbau;Bearbeitung;4;Stahl;pulverbeschichtet;26;26;7;0,008;4;12;12;1,0;4;0;0;28;4
PA2025-0180;2025-01-16;Änderung;12;Neukunde;Maschinenbau;Bearbeitung;20;Stahl;pulverbeschichtet;28;28;15;0,06;4;60;60;1,0;4;0;0;160;20
PA2025-0181;2025-01-22;Änderung;7;Bestandskunde;Sonstige;Bearbeitung;11;Stahl;pulverbeschichtet;26;26;7;0,022;4;33;33;1,0;4;0;0;77;11
PA2025-0182;2025-01-23;Standard;6;Bestandskunde;Automobilindustrie;Bearbeitung;5;Stahl;pulverbeschichtet;28;28;15;0,015;4;15;15;1,0;4;0;0;40;5
PA2025-0183;2025-01-27;Änderung;15;Bestandskunde;Sonstige;Bearbeitung;11;Stahl;pulverbeschichtet;26;26;7;0,022;4;33;33;1,0;4;0;0;77;11
PA2025-0184;2025-01-24;Änderung;10;Bestandskunde;Sonstige;Bearbeitung;3;Stahl;pulverbeschichtet;26;26;7;0,006;4;9;9;1,0;4;0;0;21;3
PA2025-0185;2025-01-23;Standard;4;Bestandskunde;Medizintechnik;Bearbeitung;14;Stahl;pulverbeschichtet;26;26;7;0,028;4;42;42;1,0;4;0;0;98;14
PA2025-0186;2025-01-25;Standard;13;Bestandskunde;Logistiktechnik;Bearbeitung;4;Stahl;pulverbeschichtet;28;28;15;0,012;4;12;12;1,0;4;0;0;32;4
PA2025-0187;2025-01-22;Änderung;10;Bestandskunde;Maschinenbau;Bearbeitung;17;Stahl;pulverbeschichtet;28;28;15;0,051;4;51;51;1,0;4;0;0;136;17
PA2025-0188;2025-01-23;Standard;11;Bestandskunde;Automobilindustrie;Bearbeitung;7;Stahl;pulverbeschichtet;28;28;15;0,021;4;21;21;1,0;4;0;0;56;7
PA2025-0189;2025-01-28;Standard;7;Bestandskunde;Logistiktechnik;Bearbeitung;4;Stahl;pulverbeschichtet;28;28;15;0,012;4;12;12;1,0;4;0;0;32;4
PA2025-0190;2025-01-27;Änderung;14;Bestandskunde;Automobilindustrie;Bearbeitung;8;Stahl;pulverbeschichtet;26;26;7;0,016;4;24;24;1,0;4;0;0;56;8
PA2025-0191;2025-01-25;Änderung;5;Bestandskunde;Automobilindustrie;Bearbeitung;3;Stahl;pulverbeschichtet;28;28;15;0,009;4;9;9;1,0;4;0;0;24;3
PA2025-0192;2025-01-25;Änderung;12;Bestandskunde;Logistiktechnik;Bearbeitung;4;Stahl;pulverbeschichtet;28;28;15;0,012;4;12;12;1,0;4;0;0;32;4
PA2025-0193;2025-01-24;Standard;6;Bestandskunde;Maschinenbau;Bearbeitung;12;Stahl;pulverbeschichtet;28;28;15;0,036;4;36;36;1,0;4;0;0;96;12
PA2025-0194;2025-01-28;Standard;6;Bestandskunde;Automobilindustrie;Bearbeitung;17;Stahl;pulverbeschichtet;26;26;7;0,034;4;51;51;1,0;4;0;0;119;17
PA2025-0195;2025-01-28;Standard;10;Bestandskunde;Medizintechnik;Bearbeitung;6;Stahl;pulverbeschichtet;26;26;7;0,012;4;18;18;1,0;4;0;0;42;6
PA2025-0196;2025-01-26;Standard;15;Neukunde;Maschinenbau;Bearbeitung;12;Stahl;pulverbeschichtet;26;26;7;0,024;4;36;36;1,0;4;0;0;84;12
PA2025-0197;2025-01-22;Standard;7;Bestandskunde;Maschinenbau;Bearbeitung;5;Stahl;pulverbeschichtet;26;26;7;0,01;4;15;15;1,0;4;0;0;35;5
PA2025-0198;2025-01-28;Standard;14;Bestandskunde;Automobilindustrie;Bearbeitung;19;Stahl;pulverbeschichtet;26;26;7;0,038;4;57;57;1,0;4;0;0;133;19
PA2025-0199;2025-01-26;Standard;11;Bestandskunde;Medizintechnik;Bearbeitung;5;Stahl;pulverbeschichtet;28;28;15;0,015;4;15;15;1,0;4;0;0;40;5
PA2025-0200;2025-01-25;Standard;14;Neukunde;Haushaltsgeräte;Bearbeitung;19;Stahl;pulverbeschichtet;28;28;15;0,057;4;57;57;1,0;4;0;0;152;19
PA2025-0201;2025-01-26;Standard;5;Bestandskunde;Automobilindustrie;Bearbeitung;2;Stahl;pulverbeschichtet;26;26;7;0,004;4;6;6;1,0;4;0;0;14;2
PA2025-0202;2025-01-22;Standard;5;Bestandskunde;Maschinenbau;Bearbeitung;15;Stahl;pulverbeschichtet;28;28;15;0,045;4;45;45;1,0;4;0;0;120;15
PA2025-0203;2025-01-28;Änderung;8;Bestandskunde;Haushaltsgeräte;Bearbeitung;5;Stahl;pulverbeschichtet;26;26;7;0,01;4;15;15;1,0;4;0;0;35;5
PA2025-0204;2025-01-22;Standard;11;Bestandskunde;Logistiktechnik;Bearbeitung;6;Stahl;pulverbeschichtet;26;26;7;0,012;4;18;18;1,0;4;0;0;42;6
PA2025-0205;2025-01-27;Standard;14;Bestandskunde;Sonstige;Bearbeitung;20;Stahl;pulverbeschichtet;26;26;7;0,04;4;60;60;1,0;4;0;0;140;20
PA2025-0206;2025-01-24;Änderung;10;Neukunde;Logistiktechnik;Bearbeitung;20;Stahl;pulverbeschichtet;26;26;7;0,04;4;60;60;1,0;4;0;0;140;20
PA2025-0207;2025-01-22;Standard;11;Bestandskunde;Maschinenbau;Bearbeitung;10;Stahl;pulverbeschichtet;26;26;7;0,02;4;30;30;1,0;4;0;0;70;10
PA2025-0208;2025-01-28;Standard;7;Bestandskunde;Haushaltsgeräte;Bearbeitung;5;Stahl;pulverbeschichtet;28;28;15;0,015;4;15;15;1,0;4;0;0;40;5
PA2025-0209;2025-01-27;Standard;13;Bestandskunde;Logistiktechnik;Bearbeitung;3;Stahl;pulverbeschichtet;28;28;15;0,009;4;9;9;1,0;4;0;0;24;3
PA2025-0210;2025-01-25;Änderung;10;Bestandskunde;Medizintechnik;Bearbeitung;17;Stahl;pulverbeschichtet;28;28;15;0,051;4;51;51;1,0;4;0;0;136;17
PA2025-0211;2025-01-26;Änderung;12;Bestandskunde;Maschinenbau;Bearbeitung;7;Stahl;pulverbeschichtet;26;26;7;0,014;4;21;21;1,0;4;0;0;49;7
PA2025-0212;2025-01-23;Standard;8;Bestandskunde;Maschinenbau;Bearbeitung;10;Stahl;pulverbeschichtet;28;28;15;0,03;4;30;30;1,0;4;0;0;80;10
PA2025-0213;2025-01-27;Änderung;11;Bestandskunde;Maschinenbau;Bearbeitung;20;Stahl;pulverbeschichtet;26;26;7;0,04;4;60;60;1,0;4;0;0;140;20
PA2025-0214;2025-01-23;Änderung;6;Bestandskunde;Automobilindustrie;Bearbeitung;6;Stahl;pulverbeschichtet;28;28;15;0,018;4;18;18;1,0;4;0;0;48;6
PA2025-0215;2025-01-25;Standard;11;Bestandskunde;Sonstige;Bearbeitung;15;Stahl;pulverbeschichtet;28;28;15;0,045;4;45;45;1,0;4;0;0;120;15
PA2025-0216;2025-01-28;Standard;13;Bestandskunde;Logistiktechnik;Bearbeitung;16;Stahl;pulverbeschichtet;28;28;15;0,048;4;48;48;1,0;4;0;0;128;16
PA2025-0217;2025-01-27;Änderung;14;Bestandskunde;Maschinenbau;Bearbeitung;13;Stahl;pulverbeschichtet;26;26;7;0,026;4;39;39;1,0;4;0;0;91;13
PA2025-0218;2025-01-28;Standard;8;Bestandskunde;Sonstige;Bearbeitung;9;Stahl;pulverbeschichtet;28;28;15;0,027;4;27;27;1,0;4;0;0;72;9
PA2025-0219;2025-01-28;Standard;12;Bestandskunde;Automobilindustrie;Bearbeitung;17;Stahl;pulverbeschichtet;26;26;7;0,034;4;51;51;1,0;4;0;0;119;17
PA2025-0220;2025-01-22;Standard;7;Bestandskunde;Medizintechnik;Bearbeitung;5;Stahl;pulverbeschichtet;26;26;7;0,01;4;15;15;1,0;4;0;0;35;5
PA2025-0221;2025-01-23;Änderung;13;Neukunde;Maschinenbau;Bearbeitung;14;Stahl;pulverbeschichtet;28;28;15;0,042;4;42;42;1,0;4;0;0;112;14
PA2025-0222;2025-01-26;Standard;12;Bestandskunde;Automobilindustrie;Bearbeitung;12;Stahl;pulverbeschichtet;26;26;7;0,024;4;36;36;1,0;4;0;0;84;12
PA2025-0223;2025-01-24;Standard;5;Bestandskunde;Maschinenbau;Bearbeitung;5;Stahl;pulverbeschichtet;26;26;7;0,01;4;15;15;1,0;4;0;0;35;5
PA2025-0224;2025-01-24;Standard;14;Bestandskunde;Logistiktechnik;Bearbeitung;16;Stahl;pulverbeschichtet;26;26;7;0,032;4;48;48;1,0;4;0;0;112;16
PA2025-0225;2025-01-22;Standard;5;Bestandskunde;Sonstige;Bearbeitung;5;Stahl;pulverbeschichtet;28;28;15;0,015;4;15;15;1,0;4;0;0;40;5
PA2025-0226;2025-01-28;Änderung;10;Bestandskunde;Automobilindustrie;Bearbeitung;8;Stahl;pulverbeschichtet;28;28;15;0,024;4;24;24;1,0;4;0;0;64;8
PA2025-0227;2025-01-28;Standard;13;Bestandskunde;Sonstige;Bearbeitung;16;Stahl;pulverbeschichtet;28;28;15;0,048;4;48;48;1,0;4;0;0;128;16
PA2025-0228;2025-01-27;Standard;7;Bestandskunde;Automobilindustrie;Bearbeitung;12;Stahl;pulverbeschichtet;26;26;7;0,024;4;36;36;1,0;4;0;0;84;12
PA2025-0229;2025-01-23;Standard;5;Bestandskunde;Maschinenbau;Bearbeitung;17;Stahl;pulverbeschichtet;26;26;7;0,034;4;51;51;1,0;4;0;0;119;17
PA2025-0230;2025-01-28;Standard;14;Bestandskunde;Maschinenbau;Bearbeitung;12;Stahl;pulverbeschichtet;26;26;7;0,024;4;36;36;1,0;4;0;0;84;12
PA2025-0231;2025-01-22;Standard;12;Bestandskunde;Haushaltsgeräte;Bearbeitung;4;Stahl;pulverbeschichtet;28;28;15;0,012;4;12;12;1,0;4;0;0;32;4
PA2025-0232;2025-01-22;Standard;12;Neukunde;Sonstige;Bearbeitung;6;Stahl;pulverbeschichtet;28;28;15;0,018;4;18;18;1,0;4;0;0;48;6
PA2025-0233;2025-01-25;Standard;7;Bestandskunde;Haushaltsgeräte;Bearbeitung;15;Stahl;pulverbeschichtet;28;28;15;0,045;4;45;45;1,0;4;0;0;120;15
PA2025-0234;2025-01-23;Änderung;4;Bestandskunde;Maschinenbau;Bearbeitung;11;Stahl;pulverbeschichtet;26;26;7;0,022;4;33;33;1,0;4;0;0;77;11
PA2025-0235;2025-01-25;Standard;15;Bestandskunde;Automobilindustrie;Bearbeitung;7;Stahl;pulverbeschichtet;28;28;15;0,021;4;21;21;1,0;4;0;0;56;7
PA2025-0236;2025-01-28;Standard;4;Bestandskunde;Haushaltsgeräte;Bearbeitung;4;Stahl;pulverbeschichtet;28;28;15;0,012;4;12;12;1,0;4;0;0;32;4
PA2025-0237;2025-01-25;Änderung;14;Bestandskunde;Logistiktechnik;Bearbeitung;6;Stahl;pulverbeschichtet;28;28;15;0,018;4;18;18;1,0;4;0;0;48;6
PA2025-0238;2025-01-25;Standard;11;Bestandskunde;Haushaltsgeräte;Bearbeitung;3;Stahl;pulverbeschichtet;28;28;15;0,009;4;9;9;1,0;4;0;0;24;3
PA2025-0239;2025-01-25;Standard;7;Bestandskunde;Haushaltsgeräte;Bearbeitung;3;Stahl;pulverbeschichtet;28;28;15;0,009;4;9;9;1,0;4;0;0;24;3
PA2025-0240;2025-01-24;Standard;10;Bestandskunde;Maschinenbau;Bearbeitung;6;Stahl;pulverbeschichtet;28;28;15;0,018;4;18;18;1,0;4;0;0;48;6
PA2025-0241;2025-02-01;Standard;5;Bestandskunde;Logistiktechnik;Bearbeitung;20;Stahl;pulverbeschichtet;28;28;15;0,06;4;60;60;1,0;4;0;0;160;20
PA2025-0242;2025-02-03;Standard;4;Bestandskunde;Haushaltsgeräte;Bearbeitung;12;Stahl;pulverbeschichtet;28;28;15;0,036;4;36;36;1,0;4;0;0;96;12
PA2025-0243;2025-01-30;Standard;13;Bestandskunde;Automobilindustrie;Bearbeitung;12;Stahl;pulverbeschichtet;26;26;7;0,024;4;36;36;1,0;4;0;0;84;12
PA2025-0244;2025-02-02;Standard;5;Bestandskunde;Sonstige;Bearbeitung;12;Stahl;pulverbeschichtet;28;28;15;0,036;4;36;36;1,0;4;0;0;96;12
PA2025-0245;2025-02-04;Standard;5;Bestandskunde;Maschinenbau;Bearbeitung;13;Stahl;pulverbeschichtet;28;28;15;0,039;4;39;39;1,0;4;0;0;104;13
PA2025-0246;2025-01-31;Standard;8;Bestandskunde;Medizintechnik;Bearbeitung;6;Stahl;pulverbeschichtet;28;28;15;0,018;4;18;18;1,0;4;0;0;48;6
PA2025-0247;2025-02-01;Änderung;5;Bestandskunde;Haushaltsgeräte;Bearbeitung;15;Stahl;pulverbeschichtet;28;28;15;0,045;4;45;45;1,0;4;0;0;120;15
PA2025-0248;2025-02-03;Standard;14;Bestandskunde;Medizintechnik;Bearbeitung;3;Stahl;pulverbeschichtet;26;26;7;0,006;4;9;9;1,0;4;0;0;21;3
PA2025-0249;2025-02-03;Änderung;14;Neukunde;Haushaltsgeräte;Bearbeitung;11;Stahl;pulverbeschichtet;28;28;15;0,033;4;33;33;1,0;4;0;0;88;11
PA2025-0250;2025-01-29;Standard;10;Bestandskunde;Logistiktechnik;Bearbeitung;6;Stahl;pulverbeschichtet;28;28;15;0,018;4;18;18;1,0;4;0;0;48;6
PA2025-0251;2025-01-30;Standard;6;Bestandskunde;Medizintechnik;Bearbeitung;8;Stahl;pulverbeschichtet;28;28;15;0,024;4;24;24;1,0;4;0;0;64;8
PA2025-0252;2025-01-31;Standard;10;Neukunde;Haushaltsgeräte;Bearbeitung;5;Stahl;pulverbeschichtet;28;28;15;0,015;4;15;15;1,0;4;0;0;40;5
PA2025-0253;2025-01-31;Standard;11;Neukunde;Automobilindustrie;Bearbeitung;17;Stahl;pulverbeschichtet;26;26;7;0,034;4;51;51;1,0;4;0;0;119;17
PA2025-0254;2025-02-04;Standard;5;Bestandskunde;Logistiktechnik;Bearbeitung;3;Stahl;pulverbeschichtet;28;28;15;0,009;4;9;9;1,0;4;0;0;24;3
PA2025-0255;2025-02-03;Standard;15;Bestandskunde;Haushaltsgeräte;Bearbeitung;18;Stahl;pulverbeschichtet;28;28;15;0,054;4;54;54;1,0;4;0;0;144;18
PA2025-0256;2025-02-01;Änderung;15;Bestandskunde;Haushaltsgeräte;Bearbeitung;4;Stahl;pulverbeschichtet;26;26;7;0,008;4;12;12;1,0;4;0;0;28;4
PA2025-0257;2025-01-30;Änderung;6;Bestandskunde;Haushaltsgeräte;Bearbeitung;12;Stahl;pulverbeschichtet;26;26;7;0,024;4;36;36;1,0;4;0;0;84;12
PA2025-0258;2025-01-31;Standard;7;Bestandskunde;Automobilindustrie;Bearbeitung;5;Stahl;pulverbeschichtet;28;28;15;0,015;4;15;15;1,0;4;0;0;40;5
PA2025-0259;2025-02-02;Standard;5;Bestandskunde;Automobilindustrie;Bearbeitung;19;Stahl;pulverbeschichtet;28;28;15;0,057;4;57;57;1,0;4;0;0;152;19
PA2025-0260;2025-02-03;Standard;11;Bestandskunde;Logistiktechnik;Bearbeitung;1;Stahl;pulverbeschichtet;26;26;7;0,002;4;3;3;1,0;4;0;0;7;1
PA2025-0261;2025-02-03;Standard;9;Bestandskunde;Maschinenbau;Bearbeitung;14;Stahl;pulverbeschichtet;26;26;7;0,028;4;42;42;1,0;4;0;0;98;14
PA2025-0262;2025-02-03;Standard;10;Bestandskunde;Maschinenbau;Bearbeitung;8;Stahl;pulverbeschichtet;26;26;7;0,016;4;24;24;1,0;4;0;0;56;8
PA2025-0263;2025-02-01;Standard;5;Bestandskunde;Automobilindustrie;Bearbeitung;14;Stahl;pulverbeschichtet;28;28;15;0,042;4;42;42;1,0;4;0;0;112;14
PA2025-0264;2025-01-30;Standard;11;Bestandskunde;Haushaltsgeräte;Bearbeitung;11;Stahl;pulverbeschichtet;28;28;15;0,033;4;33;33;1,0;4;0;0;88;11
PA2025-0265;2025-01-30;Standard;11;Bestandskunde;Medizintechnik;Bearbeitung;8;Stahl;pulverbeschichtet;28;28;15;0,024;4;24;24;1,0;4;0;0;64;8
PA2025-0266;2025-01-31;Standard;13;Bestandskunde;Automobilindustrie;Bearbeitung;10;Stahl;pulverbeschichtet;28;28;15;0,03;4;30;30;1,0;4;0;0;80;10
PA2025-0267;2025-02-01;Standard;9;Bestandskunde;Automobilindustrie;Bearbeitung;11;Stahl;pulverbeschichtet;28;28;15;0,033;4;33;33;1,0;4;0;0;88;11
PA2025-0268;2025-02-04;Änderung;8;Bestandskunde;Medizintechnik;Bearbeitung;16;Stahl;pulverbeschichtet;28;28;15;0,048;4;48;48;1,0;4;0;0;128;16
PA2025-0269;2025-01-29;Standard;5;Bestandskunde;Sonstige;Bearbeitung;8;Stahl;pulverbeschichtet;28;28;15;0,024;4;24;24;1,0;4;0;0;64;8
PA2025-0270;2025-01-29;Standard;4;Bestandskunde;Medizintechnik;Bearbeitung;16;Stahl;pulverbeschichtet;26;26;7;0,032;4;48;48;1,0;4;0;0;112;16
PA2025-0271;2025-01-29;Standard;6;Bestandskunde;Medizintechnik;Bearbeitung;12;Stahl;pulverbeschichtet;28;28;15;0,036;4;36;36;1,0;4;0;0;96;12
PA2025-0272;2025-01-29;Standard;12;Bestandskunde;Maschinenbau;Bearbeitung;12;Stahl;pulverbeschichtet;28;28;15;0,036;4;36;36;1,0;4;0;0;96;12
PA2025-0273;2025-02-01;Standard;15;Bestandskunde;Medizintechnik;Bearbeitung;20;Stahl;pulverbeschichtet;28;28;15;0,06;4;60;60;1,0;4;0;0;160;20
PA2025-0274;2025-01-29;Änderung;12;Bestandskunde;Maschinenbau;Bearbeitung;18;Stahl;pulverbeschichtet;26;26;7;0,036;4;54;54;1,0;4;0;0;126;18
PA2025-0275;2025-01-30;Standard;15;Bestandskunde;Automobilindustrie;Bearbeitung;2;Stahl;pulverbeschichtet;28;28;15;0,006;4;6;6;1,0;4;0;0;16;2
PA2025-0276;2025-02-04;Standard;14;Bestandskunde;Logistiktechnik;Bearbeitung;17;Stahl;pulverbeschichtet;26;26;7;0,034;4;51;51;1,0;4;0;0;119;17
PA2025-0277;2025-02-02;Standard;11;Bestandskunde;Sonstige;Bearbeitung;10;Stahl;pulverbeschichtet;26;26;7;0,02;4;30;30;1,0;4;0;0;70;10
PA2025-0278;2025-02-04;Standard;15;Bestandskunde;Automobilindustrie;Bearbeitung;10;Stahl;pulverbeschichtet;28;28;15;0,03;4;30;30;1,0;4;0;0;80;10
PA2025-0279;2025-01-31;Standard;10;Bestandskunde;Automobilindustrie;Bearbeitung;19;Stahl;pulverbeschichtet;28;28;15;0,057;4;57;57;1,0;4;0;0;152;19
PA2025-0280;2025-02-04;Standard;3;Bestandskunde;Logistiktechnik;Bearbeitung;19;Stahl;pulverbeschichtet;28;28;15;0,057;4;57;57;1,0;4;0;0;152;19
PA2025-0281;2025-02-02;Änderung;15;Bestandskunde;Maschinenbau;Bearbeitung;20;Stahl;pulverbeschichtet;26;26;7;0,04;4;60;60;1,0;4;0;0;140;20
PA2025-0282;2025-02-04;Standard;8;Neukunde;Sonstige;Bearbeitung;4;Stahl;pulverbeschichtet;28;28;15;0,012;4;12;12;1,0;4;0;0;32;4
PA2025-0283;2025-02-01;Änderung;10;Bestandskunde;Logistiktechnik;Bearbeitung;7;Stahl;pulverbeschichtet;26;26;7;0,014;4;21;21;1,0;4;0;0;49;7
PA2025-0284;2025-02-04;Standard;14;Bestandskunde;Logistiktechnik;Bearbeitung;2;Stahl;pulverbeschichtet;28;28;15;0,006;4;6;6;1,0;4;0;0;16;2
PA2025-0285;2025-02-02;Standard;11;Bestandskunde;Automobilindustrie;Bearbeitung;13;Stahl;pulverbeschichtet;26;26;7;0,026;4;39;39;1,0;4;0;0;91;13
PA2025-0286;2025-02-01;Standard;10;Bestandskunde;Maschinenbau;Bearbeitung;9;Stahl;pulverbeschichtet;28;28;15;0,027;4;27;27;1,0;4;0;0;72;9
PA2025-0287;2025-01-30;Änderung;9;Bestandskunde;Logistiktechnik;Bearbeitung;10;Stahl;pulverbeschichtet;28;28;15;0,03;4;30;30;1,0;4;0;0;80;10
PA2025-0288;2025-01-30;Änderung;14;Bestandskunde;Automobilindustrie;Bearbeitung;9;Stahl;pulverbeschichtet;28;28;15;0,027;4;27;27;1,0;4;0;0;72;9
PA2025-0289;2025-02-02;Standard;13;Bestandskunde;Automobilindustrie;Bearbeitung;12;Stahl;pulverbeschichtet;28;28;15;0,036;4;36;36;1,0;4;0;0;96;12
PA2025-0290;2025-01-29;Standard;10;Bestandskunde;Haushaltsgeräte;Bearbeitung;15;Stahl;pulverbeschichtet;26;26;7;0,03;4;45;45;1,0;4;0;0;105;15
PA2025-0291;2025-02-01;Standard;8;Bestandskunde;Logistiktechnik;Bearbeitung;18;Stahl;pulverbeschichtet;28;28;15;0,054;4;54;54;1,0;4;0;0;144;18
PA2025-0292;2025-01-29;Standard;8;Bestandskunde;Automobilindustrie;Bearbeitung;17;Stahl;pulverbeschichtet;28;28;15;0,051;4;51;51;1,0;4;0;0;136;17
PA2025-0293;2025-01-29;Änderung;6;Bestandskunde;Automobilindustrie;Bearbeitung;4;Stahl;pulverbeschichtet;26;26;7;0,008;4;12;12;1,0;4;0;0;28;4
PA2025-0294;2025-02-02;Standard;8;Bestandskunde;Automobilindustrie;Bearbeitung;16;Stahl;pulverbeschichtet;26;26;7;0,032;4;48;48;1,0;4;0;0;112;16
PA2025-0295;2025-01-30;Änderung;10;Bestandskunde;Maschinenbau;Bearbeitung;3;Stahl;pulverbeschichtet;28;28;15;0,009;4;9;9;1,0;4;0;0;24;3
PA2025-0296;2025-01-30;Standard;12;Bestandskunde;Automobilindustrie;Bearbeitung;2;Stahl;pulverbeschichtet;26;26;7;0,004;4;6;6;1,0;4;0;0;14;2
PA2025-0297;2025-01-30;Änderung;10;Bestandskunde;Medizintechnik;Bearbeitung;19;Stahl;pulverbeschichtet;28;28;15;0,057;4;57;57;1,0;4;0;0;152;19
PA2025-0298;2025-01-31;Standard;13;Bestandskunde;Logistiktechnik;Bearbeitung;16;Stahl;pulverbeschichtet;26;26;7;0,032;4;48;48;1,0;4;0;0;112;16
PA2025-0299;2025-01-31;Standard;7;Bestandskunde;Medizintechnik;Bearbeitung;15;Stahl;pulverbeschichtet;26;26;7;0,03;4;45;45;1,0;4;0;0;105;15
PA2025-0300;2025-01-30;Änderung;3;Bestandskunde;Automobilindustrie;Bearbeitung;19;Stahl;pulverbeschichtet;28;28;15;0,057;4;57;57;1,0;4;0;0;152;19
PA2025-0301;2025-02-09;Standard;13;Bestandskunde;Sonstige;Bearbeitung;3;Stahl;pulverbeschichtet;26;26;7;0,006;4;9;9;1,0;4;0;0;21;3
PA2025-0302;2025-02-05;Standard;7;Bestandskunde;Maschinenbau;Bearbeitung;8;Stahl;pulverbeschichtet;28;28;15;0,024;4;24;24;1,0;4;0;0;64;8
PA2025-0303;2025-02-08;Standard;9;Bestandskunde;Automobilindustrie;Bearbeitung;11;Stahl;pulverbeschichtet;26;26;7;0,022;4;33;33;1,0;4;0;0;77;11
PA2025-0304;2025-02-10;Standard;4;Bestandskunde;Automobilindustrie;Bearbeitung;8;Stahl;pulverbeschichtet;28;28;15;0,024;4;24;24;1,0;4;0;0;64;8
PA2025-0305;2025-02-08;Standard;10;Bestandskunde;Logistiktechnik;Bearbeitung;10;Stahl;pulverbeschichtet;26;26;7;0,02;4;30;30;1,0;4;0;0;70;10
PA2025-0306;2025-02-07;Änderung;8;Bestandskunde;Automobilindustrie;Bearbeitung;5;Stahl;pulverbeschichtet;26;26;7;0,01;4;15;15;1,0;4;0;0;35;5
PA2025-0307;2025-02-09;Standard;12;Bestandskunde;Automobilindustrie;Bearbeitung;16;Stahl;pulverbeschichtet;28;28;15;0,048;4;48;48;1,0;4;0;0;128;16
PA2025-0308;2025-02-10;Standard;5;Bestandskunde;Maschinenbau;Bearbeitung;12;Stahl;pulverbeschichtet;26;26;7;0,024;4;36;36;1,0;4;0;0;84;12
PA2025-0309;2025-02-05;Standard;15;Bestandskunde;Automobilindustrie;Bearbeitung;6;Stahl;pulverbeschichtet;26;26;7;0,012;4;18;18;1,0;4;0;0;42;6
PA2025-0310;2025-02-08;Standard;5;Neukunde;Logistiktechnik;Bearbeitung;16;Stahl;pulverbeschichtet;28;28;15;0,048;4;48;48;1,0;4;0;0;128;16
PA2025-0311;2025-02-11;Standard;4;Bestandskunde;Maschinenbau;Bearbeitung;15;Stahl;pulverbeschichtet;26;26;7;0,03;4;45;45;1,0;4;0;0;105;15
PA2025-0312;2025-02-10;Standard;10;Bestandskunde;Maschinenbau;Bearbeitung;1;Stahl;pulverbeschichtet;26;26;7;0,002;4;3;3;1,0;4;0;0;7;1
PA2025-0313;2025-02-05;Standard;12;Bestandskunde;Sonstige;Bearbeitung;2;Stahl;pulverbeschichtet;26;26;7;0,004;4;6;6;1,0;4;0;0;14;2
PA2025-0314;2025-02-05;Standard;10;Bestandskunde;Automobilindustrie;Bearbeitung;14;Stahl;pulverbeschichtet;26;26;7;0,028;4;42;42;1,0;4;0;0;98;14
PA2025-0315;2025-02-08;Standard;12;Neukunde;Logistiktechnik;Bearbeitung;18;Stahl;pulverbeschichtet;28;28;15;0,054;4;54;54;1,0;4;0;0;144;18
PA2025-0316;2025-02-05;Standard;7;Bestandskunde;Logistiktechnik;Bearbeitung;5;Stahl;pulverbeschichtet;26;26;7;0,01;4;15;15;1,0;4;0;0;35;5
PA2025-0317;2025-02-11;Standard;3;Bestandskunde;Maschinenbau;Bearbeitung;18;Stahl;pulverbeschichtet;26;26;7;0,036;4;54;54;1,0;4;0;0;126;18
PA2025-0318;2025-02-08;Standard;9;Bestandskunde;Maschinenbau;Bearbeitung;9;Stahl;pulverbeschichtet;28;28;15;0,027;4;27;27;1,0;4;0;0;72;9
PA2025-0319;2025-02-05;Standard;12;Bestandskunde;Maschinenbau;Bearbeitung;1;Stahl;pulverbeschichtet;26;26;7;0,002;4;3;3;1,0;4;0;0;7;1
PA2025-0320;2025-02-05;Änderung;6;Bestandskunde;Automobilindustrie;Bearbeitung;2;Stahl;pulverbeschichtet;26;26;7;0,004;4;6;6;1,0;4;0;0;14;2
PA2025-0321;2025-02-08;Änderung;14;Bestandskunde;Haushaltsgeräte;Bearbeitung;2;Stahl;pulverbeschichtet;26;26;7;0,004;4;6;6;1,0;4;0;0;14;2
PA2025-0322;2025-02-06;Standard;11;Bestandskunde;Automobilindustrie;Bearbeitung;11;Stahl;pulverbeschichtet;26;26;7;0,022;4;33;33;1,0;4;0;0;77;11
PA2025-0323;2025-02-06;Änderung;15;Bestandskunde;Sonstige;Bearbeitung;2;Stahl;pulverbeschichtet;26;26;7;0,004;4;6;6;1,0;4;0;0;14;2
PA2025-0324;2025-02-09;Standard;15;Bestandskunde;Maschinenbau;Bearbeitung;13;Stahl;pulverbeschichtet;26;26;7;0,026;4;39;39;1,0;4;0;0;91;13
PA2025-0325;2025-02-08;Änderung;13;Bestandskunde;Logistiktechnik;Bearbeitung;18;Stahl;pulverbeschichtet;28;28;15;0,054;4;54;54;1,0;4;0;0;144;18
PA2025-0326;2025-02-11;Standard;8;Bestandskunde;Maschinenbau;Bearbeitung;15;Stahl;pulverbeschichtet;28;28;15;0,045;4;45;45;1,0;4;0;0;120;15
PA2025-0327;2025-02-08;Standard;15;Bestandskunde;Logistiktechnik;Bearbeitung;7;Stahl;pulverbeschichtet;26;26;7;0,014;4;21;21;1,0;4;0;0;49;7
PA2025-0328;2025-02-05;Standard;13;Bestandskunde;Maschinenbau;Bearbeitung;7;Stahl;pulverbeschichtet;28;28;15;0,021;4;21;21;1,0;4;0;0;56;7
PA2025-0329;2025-02-08;Standard;5;Bestandskunde;Logistiktechnik;Bearbeitung;19;Stahl;pulverbeschichtet;26;26;7;0,038;4;57;57;1,0;4;0;0;133;19
PA2025-0330;2025-02-06;Standard;11;Bestandskunde;Maschinenbau;Bearbeitung;7;Stahl;pulverbeschichtet;26;26;7;0,014;4;21;21;1,0;4;0;0;49;7
PA2025-0331;2025-02-10;Änderung;14;Bestandskunde;Maschinenbau;Bearbeitung;7;Stahl;pulverbeschichtet;26;26;7;0,014;4;21;21;1,0;4;0;0;49;7
PA2025-0332;2025-02-09;Änderung;11;Bestandskunde;Medizintechnik;Bearbeitung;18;Stahl;pulverbeschichtet;28;28;15;0,054;4;54;54;1,0;4;0;0;144;18
PA2025-0333;2025-02-07;Änderung;10;Bestandskunde;Sonstige;Bearbeitung;4;Stahl;pulverbeschichtet;28;28;15;0,012;4;12;12;1,0;4;0;0;32;4
PA2025-0334;2025-02-06;Standard;11;Bestandskunde;Maschinenbau;Bearbeitung;8;Stahl;pulverbeschichtet;28;28;15;0,024;4;24;24;1,0;4;0;0;64;8
PA2025-0335;2025-02-07;Änderung;12;Bestandskunde;Maschinenbau;Bearbeitung;8;Stahl;pulverbeschichtet;26;26;7;0,016;4;24;24;1,0;4;0;0;56;8
PA2025-0336;2025-02-11;Standard;8;Bestandskunde;Haushaltsgeräte;Bearbeitung;11;Stahl;pulverbeschichtet;28;28;15;0,033;4;33;33;1,0;4;0;0;88;11
PA2025-0337;2025-02-10;Standard;14;Bestandskunde;Haushaltsgeräte;Bearbeitung;12;Stahl;pulverbeschichtet;28;28;15;0,036;4;36;36;1,0;4;0;0;96;12
PA2025-0338;2025-02-10;Änderung;14;Bestandskunde;Medizintechnik;Bearbeitung;2;Stahl;pulverbeschichtet;26;26;7;0,004;4;6;6;1,0;4;0;0;14;2
PA2025-0339;2025-02-11;Standard;4;Bestandskunde;Sonstige;Bearbeitung;8;Stahl;pulverbeschichtet;26;26;7;0,016;4;24;24;1,0;4;0;0;56;8
PA2025-0340;2025-02-05;Standard;7;Bestandskunde;Medizintechnik;Bearbeitung;20;Stahl;pulverbeschichtet;26;26;7;0,04;4;60;60;1,0;4;0;0;140;20
PA2025-0341;2025-02-08;Änderung;4;Bestandskunde;Haushaltsgeräte;Bearbeitung;1;Stahl;pulverbeschichtet;28;28;15;0,003;4;3;3;1,0;4;0;0;8;1
PA2025-0342;2025-02-09;Standard;10;Bestandskunde;Logistiktechnik;Bearbeitung;14;Stahl;pulverbeschichtet;26;26;7;0,028;4;42;42;1,0;4;0;0;98;14
PA2025-0343;2025-02-05;Standard;15;Bestandskunde;Sonstige;Bearbeitung;17;Stahl;pulverbeschichtet;26;26;7;0,034;4;51;51;1,0;4;0;0;119;17
PA2025-0344;2025-02-07;Standard;11;Neukunde;Sonstige;Bearbeitung;15;Stahl;pulverbeschichtet;28;28;15;0,045;4;45;45;1,0;4;0;0;120;15
PA2025-0345;2025-02-07;Änderung;5;Neukunde;Logistiktechnik;Bearbeitung;2;Stahl;pulverbeschichtet;26;26;7;0,004;4;6;6;1,0;4;0;0;14;2
PA2025-0346;2025-02-08;Standard;12;Bestandskunde;Automobilindustrie;Bearbeitung;1;Stahl;pulverbeschichtet;26;26;7;0,002;4;3;3;1,0;4;0;0;7;1
PA2025-0347;2025-02-08;Standard;13;Bestandskunde;Automobilindustrie;Bearbeitung;4;Stahl;pulverbeschichtet;26;26;7;0,008;4;12;12;1,0;4;0;0;28;4
PA2025-0348;2025-02-06;Standard;14;Bestandskunde;Sonstige;Bearbeitung;9;Stahl;pulverbeschichtet;26;26;7;0,018;4;27;27;1,0;4;0;0;63;9
PA2025-0349;2025-02-11;Änderung;11;Bestandskunde;Logistiktechnik;Bearbeitung;5;Stahl;pulverbeschichtet;26;26;7;0,01;4;15;15;1,0;4;0;0;35;5
PA2025-0350;2025-02-07;Standard;6;Bestandskunde;Sonstige;Bearbeitung;13;Stahl;pulverbeschichtet;28;28;15;0,039;4;39;39;1,0;4;0;0;104;13
PA2025-0351;2025-02-11;Änderung;7;Bestandskunde;Automobilindustrie;Bearbeitung;3;Stahl;pulverbeschichtet;28;28;15;0,009;4;9;9;1,0;4;0;0;24;3
PA2025-0352;2025-02-05;Änderung;12;Bestandskunde;Maschinenbau;Bearbeitung;20;Stahl;pulverbeschichtet;28;28;15;0,06;4;60;60;1,0;4;0;0;160;20
PA2025-0353;2025-02-05;Standard;9;Bestandskunde;Automobilindustrie;Bearbeitung;8;Stahl;pulverbeschichtet;28;28;15;0,024;4;24;24;1,0;4;0;0;64;8
PA2025-0354;2025-02-08;Standard;13;Bestandskunde;Automobilindustrie;Bearbeitung;13;Stahl;pulverbeschichtet;28;28;15;0,039;4;39;39;1,0;4;0;0;104;13
PA2025-0355;2025-02-11;Standard;8;Bestandskunde;Automobilindustrie;Bearbeitung;5;Stahl;pulverbeschichtet;26;26;7;0,01;4;15;15;1,0;4;0;0;35;5
PA2025-0356;2025-02-11;Standard;7;Bestandskunde;Sonstige;Bearbeitung;4;Stahl;pulverbeschichtet;28;28;15;0,012;4;12;12;1,0;4;0;0;32;4
PA2025-0357;2025-02-07;Standard;13;Bestandskunde;Maschinenbau;Bearbeitung;5;Stahl;pulverbeschichtet;26;26;7;0,01;4;15;15;1,0;4;0;0;35;5
PA2025-0358;2025-02-08;Standard;14;Bestandskunde;Maschinenbau;Bearbeitung;4;Stahl;pulverbeschichtet;26;26;7;0,008;4;12;12;1,0;4;0;0;28;4
PA2025-0359;2025-02-07;Standard;5;Bestandskunde;Logistiktechnik;Bearbeitung;13;Stahl;pulverbeschichtet;26;26;7;0,026;4;39;39;1,0;4;0;0;91;13
PA2025-0360;2025-02-08;Standard;12;Bestandskunde;Automobilindustrie;Bearbeitung;18;Stahl;pulverbeschichtet;26;26;7;0,036;4;54;54;1,0;4;0;0;126;18
PA2025-0361;2025-02-17;Standard;13;Bestandskunde;Sonstige;Bearbeitung;9;Stahl;pulverbeschichtet;26;26;7;0,018;4;27;27;1,0;4;0;0;63;9
PA2025-0362;2025-02-12;Standard;7;Bestandskunde;Automobilindustrie;Bearbeitung;16;Stahl;pulverbeschichtet;28;28;15;0,048;4;48;48;1,0;4;0;0;128;16
PA2025-0363;2025-02-14;Standard;8;Bestandskunde;Maschinenbau;Bearbeitung;20;Stahl;pulverbeschichtet;26;26;7;0,04;4;60;60;1,0;4;0;0;140;20
PA2025-0364;2025-02-12;Standard;7;Bestandskunde;Medizintechnik;Bearbeitung;11;Stahl;pulverbeschichtet;26;26;7;0,022;4;33;33;1,0;4;0;0;77;11
PA2025-0365;2025-02-15;Standard;10;Bestandskunde;Logistiktechnik;Bearbeitung;20;Stahl;pulverbeschichtet;28;28;15;0,06;4;60;60;1,0;4;0;0;160;20
PA2025-0366;2025-02-14;Standard;7;Bestandskunde;Haushaltsgeräte;Bearbeitung;13;Stahl;pulverbeschichtet;26;26;7;0,026;4;39;39;1,0;4;0;0;91;13
PA2025-0367;2025-02-17;Standard;14;Bestandskunde;Automobilindustrie;Bearbeitung;11;Stahl;pulverbeschichtet;28;28;15;0,033;4;33;33;1,0;4;0;0;88;11
PA2025-0368;2025-02-18;Standard;13;Bestandskunde;Automobilindustrie;Bearbeitung;7;Stahl;pulverbeschichtet;28;28;15;0,021;4;21;21;1,0;4;0;0;56;7
PA2025-0369;2025-02-17;Standard;14;Bestandskunde;Logistiktechnik;Bearbeitung;10;Stahl;pulverbeschichtet;26;26;7;0,02;4;30;30;1,0;4;0;0;70;10
PA2025-0370;2025-02-17;Standard;14;Bestandskunde;Haushaltsgeräte;Bearbeitung;9;Stahl;pulverbeschichtet;26;26;7;0,018;4;27;27;1,0;4;0;0;63;9
PA2025-0371;2025-02-18;Änderung;13;Neukunde;Automobilindustrie;Bearbeitung;16;Stahl;pulverbeschichtet;26;26;7;0,032;4;48;48;1,0;4;0;0;112;16
PA2025-0372;2025-02-16;Standard;14;Bestandskunde;Sonstige;Bearbeitung;12;Stahl;pulverbeschichtet;28;28;15;0,036;4;36;36;1,0;4;0;0;96;12
PA2025-0373;2025-02-18;Änderung;8;Bestandskunde;Sonstige;Bearbeitung;20;Stahl;pulverbeschichtet;26;26;7;0,04;4;60;60;1,0;4;0;0;140;20
PA2025-0374;2025-02-18;Standard;11;Bestandskunde;Maschinenbau;Bearbeitung;1;Stahl;pulverbeschichtet;26;26;7;0,002;4;3;3;1,0;4;0;0;7;1
PA2025-0375;2025-02-13;Standard;15;Bestandskunde;Maschinenbau;Bearbeitung;19;Stahl;pulverbeschichtet;26;26;7;0,038;4;57;57;1,0;4;0;0;133;19
PA2025-0376;2025-02-14;Standard;11;Bestandskunde;Automobilindustrie;Bearbeitung;17;Stahl;pulverbeschichtet;26;26;7;0,034;4;51;51;1,0;4;0;0;119;17
PA2025-0377;2025-02-12;Standard;14;Bestandskunde;Maschinenbau;Bearbeitung;3;Stahl;pulverbeschichtet;26;26;7;0,006;4;9;9;1,0;4;0;0;21;3
PA2025-0378;2025-02-14;Standard;10;Bestandskunde;Logistiktechnik;Bearbeitung;17;Stahl;pulverbeschichtet;26;26;7;0,034;4;51;51;1,0;4;0;0;119;17
PA2025-0379;2025-02-15;Standard;5;Bestandskunde;Maschinenbau;Bearbeitung;11;Stahl;pulverbeschichtet;28;28;15;0,033;4;33;33;1,0;4;0;0;88;11
PA2025-0380;2025-02-12;Standard;6;Bestandskunde;Automobilindustrie;Bearbeitung;4;Stahl;pulverbeschichtet;26;26;7;0,008;4;12;12;1,0;4;0;0;28;4
PA2025-0381;2025-02-16;Standard;8;Bestandskunde;Maschinenbau;Bearbeitung;14;Stahl;pulverbeschichtet;26;26;7;0,028;4;42;42;1,0;4;0;0;98;14
PA2025-0382;2025-02-18;Standard;13;Bestandskunde;Sonstige;Bearbeitung;14;Stahl;pulverbeschichtet;28;28;15;0,042;4;42;42;1,0;4;0;0;112;14
PA2025-0383;2025-02-17;Änderung;9;Bestandskunde;Maschinenbau;Bearbeitung;1;Stahl;pulverbeschichtet;28;28;15;0,003;4;3;3;1,0;4;0;0;8;1
PA2025-0384;2025-02-14;Änderung;5;Bestandskunde;Sonstige;Bearbeitung;18;Stahl;pulverbeschichtet;26;26;7;0,036;4;54;54;1,0;4;0;0;126;18
PA2025-0385;2025-02-14;Änderung;7;Bestandskunde;Maschinenbau;Bearbeitung;16;Stahl;pulverbeschichtet;26;26;7;0,032;4;48;48;1,0;4;0;0;112;16
PA2025-0386;2025-02-15;Standard;12;Bestandskunde;Sonstige;Bearbeitung;15;Stahl;pulverbeschichtet;28;28;15;0,045;4;45;45;1,0;4;0;0;120;15
PA2025-0387;2025-02-16;Standard;5;Bestandskunde;Maschinenbau;Bearbeitung;8;Stahl;pulverbeschichtet;26;26;7;0,016;4;24;24;1,0;4;0;0;56;8
PA2025-0388;2025-02-13;Standard;11;Bestandskunde;Automobilindustrie;Bearbeitung;14;Stahl;pulverbeschichtet;28;28;15;0,042;4;42;42;1,0;4;0;0;112;14
PA2025-0389;2025-02-15;Änderung;7;Bestandskunde;Maschinenbau;Bearbeitung;6;Stahl;pulverbeschichtet;26;26;7;0,012;4;18;18;1,0;4;0;0;42;6
PA2025-0390;2025-02-14;Standard;5;Bestandskunde;Maschinenbau;Bearbeitung;20;Stahl;pulverbeschichtet;26;26;7;0,04;4;60;60;1,0;4;0;0;140;20
PA2025-0391;2025-02-12;Standard;14;Bestandskunde;Logistiktechnik;Bearbeitung;18;Stahl;pulverbeschichtet;26;26;7;0,036;4;54;54;1,0;4;0;0;126;18
PA2025-0392;2025-02-17;Änderung;14;Bestandskunde;Logistiktechnik;Bearbeitung;16;Stahl;pulverbeschichtet;28;28;15;0,048;4;48;48;1,0;4;0;0;128;16
PA2025-0393;2025-02-16;Änderung;5;Bestandskunde;Haushaltsgeräte;Bearbeitung;2;Stahl;pulverbeschichtet;26;26;7;0,004;4;6;6;1,0;4;0;0;14;2
PA2025-0394;2025-02-16;Standard;10;Bestandskunde;Automobilindustrie;Bearbeitung;16;Stahl;pulverbeschichtet;28;28;15;0,048;4;48;48;1,0;4;0;0;128;16
PA2025-0395;2025-02-14;Standard;10;Bestandskunde;Maschinenbau;Bearbeitung;15;Stahl;pulverbeschichtet;26;26;7;0,03;4;45;45;1,0;4;0;0;105;15
PA2025-0396;2025-02-12;Standard;8;Bestandskunde;Medizintechnik;Bearbeitung;15;Stahl;pulverbeschichtet;26;26;7;0,03;4;45;45;1,0;4;0;0;105;15
PA2025-0397;2025-02-18;Änderung;5;Bestandskunde;Logistiktechnik;Bearbeitung;8;Stahl;pulverbeschichtet;28;28;15;0,024;4;24;24;1,0;4;0;0;64;8
PA2025-0398;2025-02-18;Standard;13;Bestandskunde;Logistiktechnik;Bearbeitung;7;Stahl;pulverbeschichtet;26;26;7;0,014;4;21;21;1,0;4;0;0;49;7
PA2025-0399;2025-02-16;Änderung;12;Bestandskunde;Logistiktechnik;Bearbeitung;6;Stahl;pulverbeschichtet;26;26;7;0,012;4;18;18;1,0;4;0;0;42;6
PA2025-0400;2025-02-14;Änderung;10;Bestandskunde;Medizintechnik;Bearbeitung;17;Stahl;pulverbeschichtet;28;28;15;0,051;4;51;51;1,0;4;0;0;136;17
PA2025-0401;2025-02-18;Standard;13;Bestandskunde;Maschinenbau;Bearbeitung;5;Stahl;pulverbeschichtet;26;26;7;0,01;4;15;15;1,0;4;0;0;35;5
PA2025-0402;2025-02-13;Standard;11;Bestandskunde;Maschinenbau;Bearbeitung;13;Stahl;pulverbeschichtet;26;26;7;0,026;4;39;39;1,0;4;0;0;91;13
PA2025-0403;2025-02-16;Änderung;10;Bestandskunde;Logistiktechnik;Bearbeitung;3;Stahl;pulverbeschichtet;28;28;15;0,009;4;9;9;1,0;4;0;0;24;3
PA2025-0404;2025-02-16;Änderung;10;Bestandskunde;Maschinenbau;Bearbeitung;15;Stahl;pulverbeschichtet;26;26;7;0,03;4;45;45;1,0;4;0;0;105;15
PA2025-0405;2025-02-16;Standard;5;Bestandskunde;Logistiktechnik;Bearbeitung;3;Stahl;pulverbeschichtet;28;28;15;0,009;4;9;9;1,0;4;0;0;24;3
PA2025-0406;2025-02-17;Standard;12;Bestandskunde;Sonstige;Bearbeitung;13;Stahl;pulverbeschichtet;28;28;15;0,039;4;39;39;1,0;4;0;0;104;13
PA2025-0407;2025-02-18;Standard;8;Bestandskunde;Logistiktechnik;Bearbeitung;10;Stahl;pulverbeschichtet;26;26;7;0,02;4;30;30;1,0;4;0;0;70;10
PA2025-0408;2025-02-16;Änderung;7;Bestandskunde;Maschinenbau;Bearbeitung;11;Stahl;pulverbeschichtet;28;28;15;0,033;4;33;33;1,0;4;0;0;88;11
PA2025-0409;2025-02-12;Standard;13;Neukunde;Medizintechnik;Bearbeitung;6;Stahl;pulverbeschichtet;26;26;7;0,012;4;18;18;1,0;4;0;0;42;6
PA2025-0410;2025-02-12;Standard;12;Bestandskunde;Maschinenbau;Bearbeitung;5;Stahl;pulverbeschichtet;28;28;15;0,015;4;15;15;1,0;4;0;0;40;5
PA2025-0411;2025-02-18;Standard;9;Bestandskunde;Automobilindustrie;Bearbeitung;3;Stahl;pulverbeschichtet;28;28;15;0,009;4;9;9;1,0;4;0;0;24;3
PA2025-0412;2025-02-17;Standard;8;Bestandskunde;Logistiktechnik;Bearbeitung;8;Stahl;pulverbeschichtet;28;28;15;0,024;4;24;24;1,0;4;0;0;64;8
PA2025-0413;2025-02-12;Standard;6;Bestandskunde;Medizintechnik;Bearbeitung;5;Stahl;pulverbeschichtet;28;28;15;0,015;4;15;15;1,0;4;0;0;40;5
PA2025-0414;2025-02-12;Standard;3;Bestandskunde;Logistiktechnik;Bearbeitung;14;Stahl;pulverbeschichtet;26;26;7;0,028;4;42;42;1,0;4;0;0;98;14
PA2025-0415;2025-02-12;Standard;8;Bestandskunde;Logistiktechnik;Bearbeitung;4;Stahl;pulverbeschichtet;26;26;7;0,008;4;12;12;1,0;4;0;0;28;4
PA2025-0416;2025-02-14;Standard;10;Bestandskunde;Maschinenbau;Bearbeitung;5;Stahl;pulverbeschichtet;26;26;7;0,01;4;15;15;1,0;4;0;0;35;5
PA2025-0417;2025-02-16;Standard;5;Bestandskunde;Logistiktechnik;Bearbeitung;12;Stahl;pulverbeschichtet;26;26;7;0,024;4;36;36;1,0;4;0;0;84;12
PA2025-0418;2025-02-15;Änderung;14;Bestandskunde;Haushaltsgeräte;Bearbeitung;4;Stahl;pulverbeschichtet;26;26;7;0,008;4;12;12;1,0;4;0;0;28;4
PA2025-0419;2025-02-16;Änderung;13;Bestandskunde;Sonstige;Bearbeitung;5;Stahl;pulverbeschichtet;26;26;7;0,01;4;15;15;1,0;4;0;0;35;5
PA2025-0420;2025-02-17;Standard;5;Bestandskunde;Maschinenbau;Bearbeitung;20;Stahl;pulverbeschichtet;26;26;7;0,04;4;60;60;1,0;4;0;0;140;20
PA2025-0421;2025-02-19;Standard;10;Bestandskunde;Medizintechnik;Bearbeitung;7;Stahl;pulverbeschichtet;28;28;15;0,021;4;21;21;1,0;4;0;0;56;7
PA2025-0422;2025-02-24;Standard;4;Bestandskunde;Automobilindustrie;Bearbeitung;8;Stahl;pulverbeschichtet;28;28;15;0,024;4;24;24;1,0;4;0;0;64;8
PA2025-0423;2025-02-19;Änderung;8;Bestandskunde;Automobilindustrie;Bearbeitung;17;Stahl;pulverbeschichtet;28;28;15;0,051;4;51;51;1,0;4;0;0;136;17
PA2025-0424;2025-02-21;Standard;5;Bestandskunde;Sonstige;Bearbeitung;14;Stahl;pulverbeschichtet;26;26;7;0,028;4;42;42;1,0;4;0;0;98;14
PA2025-0425;2025-02-24;Standard;8;Bestandskunde;Haushaltsgeräte;Bearbeitung;3;Stahl;pulverbeschichtet;28;28;15;0,009;4;9;9;1,0;4;0;0;24;3
PA2025-0426;2025-02-19;Standard;9;Neukunde;Maschinenbau;Bearbeitung;13;Stahl;pulverbeschichtet;26;26;7;0,026;4;39;39;1,0;4;0;0;91;13
PA2025-0427;2025-02-24;Standard;15;Bestandskunde;Medizintechnik;Bearbeitung;13;Stahl;pulverbeschichtet;28;28;15;0,039;4;39;39;1,0;4;0;0;104;13
PA2025-0428;2025-02-21;Änderung;5;Bestandskunde;Sonstige;Bearbeitung;7;Stahl;pulverbeschichtet;26;26;7;0,014;4;21;21;1,0;4;0;0;49;7
PA2025-0429;2025-02-22;Standard;5;Bestandskunde;Haushaltsgeräte;Bearbeitung;8;Stahl;pulverbeschichtet;26;26;7;0,016;4;24;24;1,0;4;0;0;56;8
PA2025-0430;2025-02-19;Standard;12;Bestandskunde;Logistiktechnik;Bearbeitung;2;Stahl;pulverbeschichtet;26;26;7;0,004;4;6;6;1,0;4;0;0;14;2
PA2025-0431;2025-02-24;Standard;8;Bestandskunde;Logistiktechnik;Bearbeitung;1;Stahl;pulverbeschichtet;28;28;15;0,003;4;3;3;1,0;4;0;0;8;1
PA2025-0432;2025-02-21;Änderung;15;Neukunde;Automobilindustrie;Bearbeitung;9;Stahl;pulverbeschichtet;26;26;7;0,018;4;27;27;1,0;4;0;0;63;9
PA2025-0433;2025-02-20;Änderung;9;Bestandskunde;Haushaltsgeräte;Bearbeitung;1;Stahl;pulverbeschichtet;26;26;7;0,002;4;3;3;1,0;4;0;0;7;1
PA2025-0434;2025-02-21;Änderung;15;Bestandskunde;Automobilindustrie;Bearbeitung;19;Stahl;pulverbeschichtet;28;28;15;0,057;4;57;57;1,0;4;0;0;152;19
PA2025-0435;2025-02-22;Änderung;15;Bestandskunde;Automobilindustrie;Bearbeitung;19;Stahl;pulverbeschichtet;26;26;7;0,038;4;57;57;1,0;4;0;0;133;19
PA2025-0436;2025-02-20;Standard;9;Bestandskunde;Automobilindustrie;Bearbeitung;4;Stahl;pulverbeschichtet;26;26;7;0,008;4;12;12;1,0;4;0;0;28;4
PA2025-0437;2025-02-19;Standard;3;Bestandskunde;Haushaltsgeräte;Bearbeitung;13;Stahl;pulverbeschichtet;26;26;7;0,026;4;39;39;1,0;4;0;0;91;13
PA2025-0438;2025-02-25;Standard;4;Neukunde;Maschinenbau;Bearbeitung;14;Stahl;pulverbeschichtet;26;26;7;0,028;4;42;42;1,0;4;0;0;98;14
PA2025-0439;2025-02-20;Änderung;12;Bestandskunde;Haushaltsgeräte;Bearbeitung;3;Stahl;pulverbeschichtet;26;26;7;0,006;4;9;9;1,0;4;0;0;21;3
PA2025-0440;2025-02-23;Standard;5;Bestandskunde;Automobilindustrie;Bearbeitung;2;Stahl;pulverbeschichtet;28;28;15;0,006;4;6;6;1,0;4;0;0;16;2
PA2025-0441;2025-02-22;Standard;10;Bestandskunde;Sonstige;Bearbeitung;3;Stahl;pulverbeschichtet;28;28;15;0,009;4;9;9;1,0;4;0;0;24;3
PA2025-0442;2025-02-21;Standard;7;Bestandskunde;Maschinenbau;Bearbeitung;20;Stahl;pulverbeschichtet;28;28;15;0,06;4;60;60;1,0;4;0;0;160;20
PA2025-0443;2025-02-21;Standard;14;Neukunde;Maschinenbau;Bearbeitung;18;Stahl;pulverbeschichtet;26;26;7;0,036;4;54;54;1,0;4;0;0;126;18
PA2025-0444;2025-02-19;Standard;12;Bestandskunde;Maschinenbau;Bearbeitung;1;Stahl;pulverbeschichtet;26;26;7;0,002;4;3;3;1,0;4;0;0;7;1
PA2025-0445;2025-02-25;Änderung;13;Bestandskunde;Automobilindustrie;Bearbeitung;4;Stahl;pulverbeschichtet;28;28;15;0,012;4;12;12;1,0;4;0;0;32;4
PA2025-0446;2025-02-22;Änderung;15;Neukunde;Logistiktechnik;Bearbeitung;5;Stahl;pulverbeschichtet;26;26;7;0,01;4;15;15;1,0;4;0;0;35;5
PA2025-0447;2025-02-19;Standard;8;Bestandskunde;Automobilindustrie;Bearbeitung;12;Stahl;pulverbeschichtet;28;28;15;0,036;4;36;36;1,0;4;0;0;96;12
PA2025-0448;2025-02-19;Standard;6;Bestandskunde;Maschinenbau;Bearbeitung;13;Stahl;pulverbeschichtet;28;28;15;0,039;4;39;39;1,0;4;0;0;104;13
PA2025-0449;2025-02-22;Änderung;6;Bestandskunde;Medizintechnik;Bearbeitung;11;Stahl;pulverbeschichtet;26;26;7;0,022;4;33;33;1,0;4;0;0;77;11
PA2025-0450;2025-02-25;Änderung;11;Bestandskunde;Maschinenbau;Bearbeitung;3;Stahl;pulverbeschichtet;28;28;15;0,009;4;9;9;1,0;4;0;0;24;3
PA2025-0451;2025-02-25;Standard;6;Bestandskunde;Logistiktechnik;Bearbeitung;15;Stahl;pulverbeschichtet;26;26;7;0,03;4;45;45;1,0;4;0;0;105;15
PA2025-0452;2025-02-19;Standard;12;Bestandskunde;Automobilindustrie;Bearbeitung;10;Stahl;pulverbeschichtet;28;28;15;0,03;4;30;30;1,0;4;0;0;80;10
PA2025-0453;2025-02-25;Änderung;6;Bestandskunde;Logistiktechnik;Bearbeitung;10;Stahl;pulverbeschichtet;28;28;15;0,03;4;30;30;1,0;4;0;0;80;10
PA2025-0454;2025-02-25;Standard;11;Bestandskunde;Automobilindustrie;Bearbeitung;12;Stahl;pulverbeschichtet;26;26;7;0,024;4;36;36;1,0;4;0;0;84;12
PA2025-0455;2025-02-19;Änderung;10;Bestandskunde;Maschinenbau;Bearbeitung;1;Stahl;pulverbeschichtet;28;28;15;0,003;4;3;3;1,0;4;0;0;8;1
PA2025-0456;2025-02-23;Änderung;10;Bestandskunde;Maschinenbau;Bearbeitung;5;Stahl;pulverbeschichtet;28;28;15;0,015;4;15;15;1,0;4;0;0;40;5
PA2025-0457;2025-02-19;Standard;8;Bestandskunde;Automobilindustrie;Bearbeitung;12;Stahl;pulverbeschichtet;26;26;7;0,024;4;36;36;1,0;4;0;0;84;12
PA2025-0458;2025-02-25;Standard;5;Bestandskunde;Sonstige;Bearbeitung;15;Stahl;pulverbeschichtet;26;26;7;0,03;4;45;45;1,0;4;0;0;105;15
PA2025-0459;2025-02-25;Standard;11;Bestandskunde;Sonstige;Bearbeitung;2;Stahl;pulverbeschichtet;26;26;7;0,004;4;6;6;1,0;4;0;0;14;2
PA2025-0460;2025-02-25;Standard;13;Bestandskunde;Automobilindustrie;Bearbeitung;14;Stahl;pulverbeschichtet;26;26;7;0,028;4;42;42;1,0;4;0;0;98;14
PA2025-0461;2025-02-20;Standard;6;Bestandskunde;Logistiktechnik;Bearbeitung;5;Stahl;pulverbeschichtet;26;26;7;0,01;4;15;15;1,0;4;0;0;35;5
PA2025-0462;2025-02-24;Standard;10;Bestandskunde;Logistiktechnik;Bearbeitung;16;Stahl;pulverbeschichtet;26;26;7;0,032;4;48;48;1,0;4;0;0;112;16
PA2025-0463;2025-02-21;Änderung;11;Bestandskunde;Automobilindustrie;Bearbeitung;17;Stahl;pulverbeschichtet;26;26;7;0,034;4;51;51;1,0;4;0;0;119;17
PA2025-0464;2025-02-22;Standard;11;Bestandskunde;Maschinenbau;Bearbeitung;12;Stahl;pulverbeschichtet;26;26;7;0,024;4;36;36;1,0;4;0;0;84;12
PA2025-0465;2025-02-21;Standard;6;Bestandskunde;Maschinenbau;Bearbeitung;1;Stahl;pulverbeschichtet;28;28;15;0,003;4;3;3;1,0;4;0;0;8;1
PA2025-0466;2025-02-25;Standard;14;Bestandskunde;Sonstige;Bearbeitung;8;Stahl;pulverbeschichtet;28;28;15;0,024;4;24;24;1,0;4;0;0;64;8
PA2025-0467;2025-02-20;Standard;8;Bestandskunde;Maschinenbau;Bearbeitung;2;Stahl;pulverbeschichtet;26;26;7;0,004;4;6;6;1,0;4;0;0;14;2
PA2025-0468;2025-02-21;Standard;6;Bestandskunde;Maschinenbau;Bearbeitung;12;Stahl;pulverbeschichtet;26;26;7;0,024;4;36;36;1,0;4;0;0;84;12
PA2025-0469;2025-02-23;Standard;7;Bestandskunde;Automobilindustrie;Bearbeitung;16;Stahl;pulverbeschichtet;26;26;7;0,032;4;48;48;1,0;4;0;0;112;16
PA2025-0470;2025-02-22;Standard;5;Bestandskunde;Logistiktechnik;Bearbeitung;8;Stahl;pulverbeschichtet;28;28;15;0,024;4;24;24;1,0;4;0;0;64;8
PA2025-0471;2025-02-19;Änderung;11;Bestandskunde;Medizintechnik;Bearbeitung;5;Stahl;pulverbeschichtet;26;26;7;0,01;4;15;15;1,0;4;0;0;35;5
PA2025-0472;2025-02-20;Standard;11;Bestandskunde;Sonstige;Bearbeitung;5;Stahl;pulverbeschichtet;28;28;15;0,015;4;15;15;1,0;4;0;0;40;5
PA2025-0473;2025-02-19;Standard;12;Bestandskunde;Automobilindustrie;Bearbeitung;19;Stahl;pulverbeschichtet;26;26;7;0,038;4;57;57;1,0;4;0;0;133;19
PA2025-0474;2025-02-21;Standard;10;Bestandskunde;Maschinenbau;Bearbeitung;14;Stahl;pulverbeschichtet;26;26;7;0,028;4;42;42;1,0;4;0;0;98;14
PA2025-0475;2025-02-21;Standard;6;Bestandskunde;Maschinenbau;Bearbeitung;20;Stahl;pulverbeschichtet;28;28;15;0,06;4;60;60;1,0;4;0;0;160;20
PA2025-0476;2025-02-24;Standard;8;Bestandskunde;Maschinenbau;Bearbeitung;10;Stahl;pulverbeschichtet;28;28;15;0,03;4;30;30;1,0;4;0;0;80;10
PA2025-0477;2025-02-24;Standard;4;Bestandskunde;Sonstige;Bearbeitung;13;Stahl;pulverbeschichtet;26;26;7;0,026;4;39;39;1,0;4;0;0;91;13
PA2025-0478;2025-02-23;Standard;11;Bestandskunde;Medizintechnik;Bearbeitung;8;Stahl;pulverbeschichtet;26;26;7;0,016;4;24;24;1,0;4;0;0;56;8
PA2025-0479;2025-02-20;Standard;11;Bestandskunde;Sonstige;Bearbeitung;11;Stahl;pulverbeschichtet;26;26;7;0,022;4;33;33;1,0;4;0;0;77;11
PA2025-0480;2025-02-25;Standard;11;Bestandskunde;Logistiktechnik;Bearbeitung;8;Stahl;pulverbeschichtet;26;26;7;0,016;4;24;24;1,0;4;0;0;56;8
PA2025-0481;2025-02-28;Änderung;5;Bestandskunde;Maschinenbau;Bearbeitung;15;Stahl;pulverbeschichtet;26;26;7;0,03;4;45;45;1,0;4;0;0;105;15
PA2025-0482;2025-03-01;Änderung;15;Bestandskunde;Haushaltsgeräte;Bearbeitung;13;Stahl;pulverbeschichtet;28;28;15;0,039;4;39;39;1,0;4;0;0;104;13
PA2025-0483;2025-03-04;Änderung;8;Bestandskunde;Automobilindustrie;Bearbeitung;2;Stahl;pulverbeschichtet;26;26;7;0,004;4;6;6;1,0;4;0;0;14;2
PA2025-0484;2025-02-28;Änderung;9;Bestandskunde;Haushaltsgeräte;Bearbeitung;6;Stahl;pulverbeschichtet;28;28;15;0,018;4;18;18;1,0;4;0;0;48;6
PA2025-0485;2025-03-03;Standard;5;Bestandskunde;Automobilindustrie;Bearbeitung;3;Stahl;pulverbeschichtet;28;28;15;0,009;4;9;9;1,0;4;0;0;24;3
PA2025-0486;2025-03-02;Standard;15;Bestandskunde;Automobilindustrie;Bearbeitung;6;Stahl;pulverbeschichtet;28;28;15;0,018;4;18;18;1,0;4;0;0;48;6
PA2025-0487;2025-02-26;Änderung;6;Bestandskunde;Maschinenbau;Bearbeitung;14;Stahl;pulverbeschichtet;28;28;15;0,042;4;42;42;1,0;4;0;0;112;14
PA2025-0488;2025-02-28;Standard;10;Bestandskunde;Medizintechnik;Bearbeitung;19;Stahl;pulverbeschichtet;28;28;15;0,057;4;57;57;1,0;4;0;0;152;19
PA2025-0489;2025-02-26;Änderung;12;Bestandskunde;Automobilindustrie;Bearbeitung;20;Stahl;pulverbeschichtet;28;28;15;0,06;4;60;60;1,0;4;0;0;160;20
PA2025-0490;2025-02-26;Änderung;3;Bestandskunde;Haushaltsgeräte;Bearbeitung;3;Stahl;pulverbeschichtet;28;28;15;0,009;4;9;9;1,0;4;0;0;24;3
PA2025-0491;2025-02-28;Änderung;11;Bestandskunde;Maschinenbau;Bearbeitung;9;Stahl;pulverbeschichtet;28;28;15;0,027;4;27;27;1,0;4;0;0;72;9
PA2025-0492;2025-02-27;Standard;11;Bestandskunde;Sonstige;Bearbeitung;15;Stahl;pulverbeschichtet;26;26;7;0,03;4;45;45;1,0;4;0;0;105;15
PA2025-0493;2025-03-01;Änderung;14;Bestandskunde;Maschinenbau;Bearbeitung;19;Stahl;pulverbeschichtet;26;26;7;0,038;4;57;57;1,0;4;0;0;133;19
PA2025-0494;2025-03-04;Standard;6;Bestandskunde;Sonstige;Bearbeitung;18;Stahl;pulverbeschichtet;26;26;7;0,036;4;54;54;1,0;4;0;0;126;18
PA2025-0495;2025-02-27;Änderung;4;Bestandskunde;Medizintechnik;Bearbeitung;14;Stahl;pulverbeschichtet;28;28;15;0,042;4;42;42;1,0;4;0;0;112;14
PA2025-0496;2025-02-27;Änderung;14;Bestandskunde;Maschinenbau;Bearbeitung;2;Stahl;pulverbeschichtet;28;28;15;0,006;4;6;6;1,0;4;0;0;16;2
PA2025-0497;2025-03-04;Änderung;13;Bestandskunde;Sonstige;Bearbeitung;7;Stahl;pulverbeschichtet;26;26;7;0,014;4;21;21;1,0;4;0;0;49;7
PA2025-0498;2025-02-26;Standard;12;Bestandskunde;Maschinenbau;Bearbeitung;7;Stahl;pulverbeschichtet;26;26;7;0,014;4;21;21;1,0;4;0;0;49;7
PA2025-0499;2025-02-28;Änderung;5;Bestandskunde;Sonstige;Bearbeitung;18;Stahl;pulverbeschichtet;26;26;7;0,036;4;54;54;1,0;4;0;0;126;18
PA2025-0500;2025-03-02;Änderung;15;Bestandskunde;Automobilindustrie;Bearbeitung;20;Stahl;pulverbeschichtet;28;28;15;0,06;4;60;60;1,0;4;0;0;160;20
PA2025-0501;2025-03-01;Standard;6;Bestandskunde;Automobilindustrie;Bearbeitung;4;Stahl;pulverbeschichtet;28;28;15;0,012;4;12;12;1,0;4;0;0;32;4
PA2025-0502;2025-03-04;Änderung;10;Neukunde;Medizintechnik;Bearbeitung;14;Stahl;pulverbeschichtet;26;26;7;0,028;4;42;42;1,0;4;0;0;98;14
PA2025-0503;2025-03-03;Standard;14;Bestandskunde;Automobilindustrie;Bearbeitung;6;Stahl;pulverbeschichtet;28;28;15;0,018;4;18;18;1,0;4;0;0;48;6
PA2025-0504;2025-02-27;Standard;11;Bestandskunde;Sonstige;Bearbeitung;11;Stahl;pulverbeschichtet;28;28;15;0,033;4;33;33;1,0;4;0;0;88;11
PA2025-0505;2025-03-03;Änderung;14;Bestandskunde;Medizintechnik;Bearbeitung;1;Stahl;pulverbeschichtet;26;26;7;0,002;4;3;3;1,0;4;0;0;7;1
PA2025-0506;2025-02-28;Standard;9;Bestandskunde;Maschinenbau;Bearbeitung;4;Stahl;pulverbeschichtet;28;28;15;0,012;4;12;12;1,0;4;0;0;32;4
PA2025-0507;2025-02-28;Standard;13;Bestandskunde;Logistiktechnik;Bearbeitung;14;Stahl;pulverbeschichtet;26;26;7;0,028;4;42;42;1,0;4;0;0;98;14
PA2025-0508;2025-03-01;Änderung;8;Bestandskunde;Maschinenbau;Bearbeitung;16;Stahl;pulverbeschichtet;26;26;7;0,032;4;48;48;1,0;4;0;0;112;16
PA2025-0509;2025-03-02;Standard;8;Bestandskunde;Maschinenbau;Bearbeitung;13;Stahl;pulverbeschichtet;28;28;15;0,039;4;39;39;1,0;4;0;0;104;13
PA2025-0510;2025-02-27;Standard;7;Bestandskunde;Maschinenbau;Bearbeitung;2;Stahl;pulverbeschichtet;26;26;7;0,004;4;6;6;1,0;4;0;0;14;2
PA2025-0511;2025-03-01;Änderung;5;Bestandskunde;Sonstige;Bearbeitung;9;Stahl;pulverbeschichtet;26;26;7;0,018;4;27;27;1,0;4;0;0;63;9
PA2025-0512;2025-03-02;Standard;13;Bestandskunde;Automobilindustrie;Bearbeitung;1;Stahl;pulverbeschichtet;28;28;15;0,003;4;3;3;1,0;4;0;0;8;1
PA2025-0513;2025-03-01;Standard;14;Bestandskunde;Logistiktechnik;Bearbeitung;19;Stahl;pulverbeschichtet;26;26;7;0,038;4;57;57;1,0;4;0;0;133;19
PA2025-0514;2025-02-27;Standard;9;Bestandskunde;Automobilindustrie;Bearbeitung;10;Stahl;pulverbeschichtet;28;28;15;0,03;4;30;30;1,0;4;0;0;80;10
PA2025-0515;2025-02-26;Änderung;7;Bestandskunde;Medizintechnik;Bearbeitung;7;Stahl;pulverbeschichtet;26;26;7;0,014;4;21;21;1,0;4;0;0;49;7
PA2025-0516;2025-03-03;Standard;9;Bestandskunde;Logistiktechnik;Bearbeitung;1;Stahl;pulverbeschichtet;26;26;7;0,002;4;3;3;1,0;4;0;0;7;1
PA2025-0517;2025-02-27;Änderung;6;Bestandskunde;Sonstige;Bearbeitung;9;Stahl;pulverbeschichtet;26;26;7;0,018;4;27;27;1,0;4;0;0;63;9
PA2025-0518;2025-03-03;Änderung;9;Bestandskunde;Logistiktechnik;Bearbeitung;12;Stahl;pulverbeschichtet;28;28;15;0,036;4;36;36;1,0;4;0;0;96;12
PA2025-0519;2025-02-27;Standard;13;Bestandskunde;Medizintechnik;Bearbeitung;20;Stahl;pulverbeschichtet;28;28;15;0,06;4;60;60;1,0;4;0;0;160;20
PA2025-0520;2025-02-26;Standard;3;Bestandskunde;Automobilindustrie;Bearbeitung;12;Stahl;pulverbeschichtet;28;28;15;0,036;4;36;36;1,0;4;0;0;96;12
PA2025-0521;2025-03-03;Standard;6;Bestandskunde;Sonstige;Bearbeitung;9;Stahl;pulverbeschichtet;28;28;15;0,027;4;27;27;1,0;4;0;0;72;9
PA2025-0522;2025-02-28;Standard;10;Bestandskunde;Sonstige;Bearbeitung;8;Stahl;pulverbeschichtet;28;28;15;0,024;4;24;24;1,0;4;0;0;64;8
PA2025-0523;2025-03-03;Änderung;11;Neukunde;Haushaltsgeräte;Bearbeitung;16;Stahl;pulverbeschichtet;26;26;7;0,032;4;48;48;1,0;4;0;0;112;16
PA2025-0524;2025-03-01;Standard;12;Bestandskunde;Maschinenbau;Bearbeitung;19;Stahl;pulverbeschichtet;28;28;15;0,057;4;57;57;1,0;4;0;0;152;19
PA2025-0525;2025-03-03;Standard;9;Bestandskunde;Maschinenbau;Bearbeitung;16;Stahl;pulverbeschichtet;26;26;7;0,032;4;48;48;1,0;4;0;0;112;16
PA2025-0526;2025-02-28;Standard;6;Bestandskunde;Logistiktechnik;Bearbeitung;6;Stahl;pulverbeschichtet;28;28;15;0,018;4;18;18;1,0;4;0;0;48;6
PA2025-0527;2025-03-01;Standard;6;Bestandskunde;Automobilindustrie;Bearbeitung;18;Stahl;pulverbeschichtet;28;28;15;0,054;4;54;54;1,0;4;0;0;144;18
PA2025-0528;2025-03-03;Standard;5;Bestandskunde;Maschinenbau;Bearbeitung;10;Stahl;pulverbeschichtet;26;26;7;0,02;4;30;30;1,0;4;0;0;70;10
PA2025-0529;2025-02-28;Standard;9;Bestandskunde;Logistiktechnik;Bearbeitung;4;Stahl;pulverbeschichtet;28;28;15;0,012;4;12;12;1,0;4;0;0;32;4
PA2025-0530;2025-03-04;Standard;5;Bestandskunde;Logistiktechnik;Bearbeitung;4;Stahl;pulverbeschichtet;28;28;15;0,012;4;12;12;1,0;4;0;0;32;4
PA2025-0531;2025-02-28;Standard;12;Neukunde;Sonstige;Bearbeitung;5;Stahl;pulverbeschichtet;28;28;15;0,015;4;15;15;1,0;4;0;0;40;5
PA2025-0532;2025-03-01;Standard;14;Bestandskunde;Maschinenbau;Bearbeitung;6;Stahl;pulverbeschichtet;26;26;7;0,012;4;18;18;1,0;4;0;0;42;6
PA2025-0533;2025-02-28;Standard;6;Bestandskunde;Maschinenbau;Bearbeitung;15;Stahl;pulverbeschichtet;26;26;7;0,03;4;45;45;1,0;4;0;0;105;15
PA2025-0534;2025-03-04;Standard;8;Bestandskunde;Automobilindustrie;Bearbeitung;3;Stahl;pulverbeschichtet;28;28;15;0,009;4;9;9;1,0;4;0;0;24;3
PA2025-0535;2025-03-03;Standard;14;Bestandskunde;Maschinenbau;Bearbeitung;13;Stahl;pulverbeschichtet;26;26;7;0,026;4;39;39;1,0;4;0;0;91;13
PA2025-0536;2025-03-02;Änderung;9;Bestandskunde;Medizintechnik;Bearbeitung;11;Stahl;pulverbeschichtet;26;26;7;0,022;4;33;33;1,0;4;0;0;77;11
PA2025-0537;2025-03-03;Änderung;4;Bestandskunde;Haushaltsgeräte;Bearbeitung;12;Stahl;pulverbeschichtet;26;26;7;0,024;4;36;36;1,0;4;0;0;84;12
PA2025-0538;2025-02-26;Änderung;12;Bestandskunde;Sonstige;Bearbeitung;3;Stahl;pulverbeschichtet;28;28;15;0,009;4;9;9;1,0;4;0;0;24;3
PA2025-0539;2025-02-28;Standard;13;Bestandskunde;Medizintechnik;Bearbeitung;11;Stahl;pulverbeschichtet;26;26;7;0,022;4;33;33;1,0;4;0;0;77;11
PA2025-0540;2025-02-27;Standard;11;Bestandskunde;Medizintechnik;Bearbeitung;7;Stahl;pulverbeschichtet;28;28;15;0,021;4;21;21;1,0;4;0;0;56;7
PA2025-0541;2025-03-05;Änderung;8;Bestandskunde;Automobilindustrie;Bearbeitung;7;Stahl;pulverbeschichtet;26;26;7;0,014;4;21;21;1,0;4;0;0;49;7
PA2025-0542;2025-03-05;Änderung;12;Bestandskunde;Logistiktechnik;Bearbeitung;13;Stahl;pulverbeschichtet;26;26;7;0,026;4;39;39;1,0;4;0;0;91;13
PA2025-0543;2025-03-09;Standard;5;Bestandskunde;Automobilindustrie;Bearbeitung;4;Stahl;pulverbeschichtet;28;28;15;0,012;4;12;12;1,0;4;0;0;32;4
PA2025-0544;2025-03-10;Änderung;6;Bestandskunde;Logistiktechnik;Bearbeitung;18;Stahl;pulverbeschichtet;26;26;7;0,036;4;54;54;1,0;4;0;0;126;18
PA2025-0545;2025-03-10;Standard;7;Neukunde;Maschinenbau;Bearbeitung;1;Stahl;pulverbeschichtet;28;28;15;0,003;4;3;3;1,0;4;0;0;8;1
PA2025-0546;2025-03-10;Standard;6;Bestandskunde;Sonstige;Bearbeitung;20;Stahl;pulverbeschichtet;28;28;15;0,06;4;60;60;1,0;4;0;0;160;20
PA2025-0547;2025-03-11;Standard;6;Bestandskunde;Sonstige;Bearbeitung;10;Stahl;pulverbeschichtet;26;26;7;0,02;4;30;30;1,0;4;0;0;70;10
PA2025-0548;2025-03-08;Standard;8;Bestandskunde;Maschinenbau;Bearbeitung;17;Stahl;pulverbeschichtet;26;26;7;0,034;4;51;51;1,0;4;0;0;119;17
PA2025-0549;2025-03-10;Änderung;14;Bestandskunde;Automobilindustrie;Bearbeitung;16;Stahl;pulverbeschichtet;26;26;7;0,032;4;48;48;1,0;4;0;0;112;16
PA2025-0550;2025-03-07;Änderung;8;Bestandskunde;Automobilindustrie;Bearbeitung;4;Stahl;pulverbeschichtet;26;26;7;0,008;4;12;12;1,0;4;0;0;28;4
PA2025-0551;2025-03-05;Standard;15;Bestandskunde;Haushaltsgeräte;Bearbeitung;9;Stahl;pulverbeschichtet;28;28;15;0,027;4;27;27;1,0;4;0;0;72;9
PA2025-0552;2025-03-07;Standard;9;Bestandskunde;Automobilindustrie;Bearbeitung;6;Stahl;pulverbeschichtet;26;26;7;0,012;4;18;18;1,0;4;0;0;42;6
PA2025-0553;2025-03-07;Standard;10;Bestandskunde;Logistiktechnik;Bearbeitung;2;Stahl;pulverbeschichtet;26;26;7;0,004;4;6;6;1,0;4;0;0;14;2
PA2025-0554;2025-03-10;Standard;8;Bestandskunde;Medizintechnik;Bearbeitung;20;Stahl;pulverbeschichtet;26;26;7;0,04;4;60;60;1,0;4;0;0;140;20
PA2025-0555;2025-03-05;Standard;12;Bestandskunde;Haushaltsgeräte;Bearbeitung;13;Stahl;pulverbeschichtet;28;28;15;0,039;4;39;39;1,0;4;0;0;104;13
PA2025-0556;2025-03-07;Standard;11;Bestandskunde;Sonstige;Bearbeitung;14;Stahl;pulverbeschichtet;28;28;15;0,042;4;42;42;1,0;4;0;0;112;14
PA2025-0557;2025-03-06;Standard;4;Bestandskunde;Automobilindustrie;Bearbeitung;4;Stahl;pulverbeschichtet;26;26;7;0,008;4;12;12;1,0;4;0;0;28;4
PA2025-0558;2025-03-08;Standard;14;Bestandskunde;Automobilindustrie;Bearbeitung;12;Stahl;pulverbeschichtet;28;28;15;0,036;4;36;36;1,0;4;0;0;96;12
PA2025-0559;2025-03-08;Standard;15;Bestandskunde;Medizintechnik;Bearbeitung;2;Stahl;pulverbeschichtet;26;26;7;0,004;4;6;6;1,0;4;0;0;14;2
PA2025-0560;2025-03-10;Standard;11;Bestandskunde;Sonstige;Bearbeitung;17;Stahl;pulverbeschichtet;26;26;7;0,034;4;51;51;1,0;4;0;0;119;17
PA2025-0561;2025-03-09;Standard;15;Bestandskunde;Medizintechnik;Bearbeitung;14;Stahl;pulverbeschichtet;26;26;7;0,028;4;42;42;1,0;4;0;0;98;14
PA2025-0562;2025-03-07;Standard;11;Bestandskunde;Sonstige;Bearbeitung;20;Stahl;pulverbeschichtet;26;26;7;0,04;4;60;60;1,0;4;0;0;140;20
PA2025-0563;2025-03-10;Standard;8;Bestandskunde;Automobilindustrie;Bearbeitung;16;Stahl;pulverbeschichtet;26;26;7;0,032;4;48;48;1,0;4;0;0;112;16
PA2025-0564;2025-03-11;Standard;14;Bestandskunde;Maschinenbau;Bearbeitung;9;Stahl;pulverbeschichtet;26;26;7;0,018;4;27;27;1,0;4;0;0;63;9
PA2025-0565;2025-03-09;Standard;13;Bestandskunde;Automobilindustrie;Bearbeitung;15;Stahl;pulverbeschichtet;26;26;7;0,03;4;45;45;1,0;4;0;0;105;15
PA2025-0566;2025-03-08;Standard;5;Bestandskunde;Logistiktechnik;Bearbeitung;4;Stahl;pulverbeschichtet;28;28;15;0,012;4;12;12;1,0;4;0;0;32;4
PA2025-0567;2025-03-10;Standard;4;Bestandskunde;Sonstige;Bearbeitung;18;Stahl;pulverbeschichtet;28;28;15;0,054;4;54;54;1,0;4;0;0;144;18
PA2025-0568;2025-03-11;Standard;10;Bestandskunde;Logistiktechnik;Bearbeitung;15;Stahl;pulverbeschichtet;26;26;7;0,03;4;45;45;1,0;4;0;0;105;15
PA2025-0569;2025-03-11;Standard;4;Bestandskunde;Sonstige;Bearbeitung;11;Stahl;pulverbeschichtet;28;28;15;0,033;4;33;33;1,0;4;0;0;88;11
PA2025-0570;2025-03-10;Standard;12;Bestandskunde;Medizintechnik;Bearbeitung;8;Stahl;pulverbeschichtet;28;28;15;0,024;4;24;24;1,0;4;0;0;64;8
PA2025-0571;2025-03-07;Standard;10;Bestandskunde;Automobilindustrie;Bearbeitung;4;Stahl;pulverbeschichtet;26;26;7;0,008;4;12;12;1,0;4;0;0;28;4
PA2025-0572;2025-03-08;Standard;6;Bestandskunde;Maschinenbau;Bearbeitung;14;Stahl;pulverbeschichtet;26;26;7;0,028;4;42;42;1,0;4;0;0;98;14
PA2025-0573;2025-03-09;Standard;9;Neukunde;Sonstige;Bearbeitung;13;Stahl;pulverbeschichtet;26;26;7;0,026;4;39;39;1,0;4;0;0;91;13
PA2025-0574;2025-03-11;Standard;8;Bestandskunde;Maschinenbau;Bearbeitung;14;Stahl;pulverbeschichtet;26;26;7;0,028;4;42;42;1,0;4;0;0;98;14
PA2025-0575;2025-03-11;Standard;13;Bestandskunde;Maschinenbau;Bearbeitung;17;Stahl;pulverbeschichtet;26;26;7;0,034;4;51;51;1,0;4;0;0;119;17
PA2025-0576;2025-03-05;Standard;15;Bestandskunde;Sonstige;Bearbeitung;14;Stahl;pulverbeschichtet;26;26;7;0,028;4;42;42;1,0;4;0;0;98;14
PA2025-0577;2025-03-11;Änderung;8;Bestandskunde;Sonstige;Bearbeitung;5;Stahl;pulverbeschichtet;28;28;15;0,015;4;15;15;1,0;4;0;0;40;5
PA2025-0578;2025-03-10;Änderung;11;Bestandskunde;Maschinenbau;Bearbeitung;20;Stahl;pulverbeschichtet;26;26;7;0,04;4;60;60;1,0;4;0;0;140;20
PA2025-0579;2025-03-08;Standard;10;Bestandskunde;Medizintechnik;Bearbeitung;5;Stahl;pulverbeschichtet;26;26;7;0,01;4;15;15;1,0;4;0;0;35;5
PA2025-0580;2025-03-09;Standard;15;Neukunde;Automobilindustrie;Bearbeitung;11;Stahl;pulverbeschichtet;26;26;7;0,022;4;33;33;1,0;4;0;0;77;11
PA2025-0581;2025-03-06;Änderung;10;Bestandskunde;Haushaltsgeräte;Bearbeitung;5;Stahl;pulverbeschichtet;26;26;7;0,01;4;15;15;1,0;4;0;0;35;5
PA2025-0582;2025-03-10;Standard;6;Bestandskunde;Sonstige;Bearbeitung;19;Stahl;pulverbeschichtet;26;26;7;0,038;4;57;57;1,0;4;0;0;133;19
PA2025-0583;2025-03-10;Standard;10;Bestandskunde;Logistiktechnik;Bearbeitung;1;Stahl;pulverbeschichtet;28;28;15;0,003;4;3;3;1,0;4;0;0;8;1
PA2025-0584;2025-03-08;Standard;6;Bestandskunde;Sonstige;Bearbeitung;9;Stahl;pulverbeschichtet;26;26;7;0,018;4;27;27;1,0;4;0;0;63;9
PA2025-0585;2025-03-10;Standard;9;Bestandskunde;Automobilindustrie;Bearbeitung;10;Stahl;pulverbeschichtet;26;26;7;0,02;4;30;30;1,0;4;0;0;70;10
PA2025-0586;2025-03-07;Änderung;13;Neukunde;Medizintechnik;Bearbeitung;18;Stahl;pulverbeschichtet;26;26;7;0,036;4;54;54;1,0;4;0;0;126;18
PA2025-0587;2025-03-06;Änderung;15;Bestandskunde;Sonstige;Bearbeitung;10;Stahl;pulverbeschichtet;26;26;7;0,02;4;30;30;1,0;4;0;0;70;10
PA2025-0588;2025-03-08;Änderung;13;Bestandskunde;Medizintechnik;Bearbeitung;11;Stahl;pulverbeschichtet;26;26;7;0,022;4;33;33;1,0;4;0;0;77;11
PA2025-0589;2025-03-10;Standard;9;Bestandskunde;Haushaltsgeräte;Bearbeitung;15;Stahl;pulverbeschichtet;26;26;7;0,03;4;45;45;1,0;4;0;0;105;15
PA2025-0590;2025-03-11;Standard;8;Neukunde;Automobilindustrie;Bearbeitung;10;Stahl;pulverbeschichtet;26;26;7;0,02;4;30;30;1,0;4;0;0;70;10
PA2025-0591;2025-03-10;Standard;5;Bestandskunde;Logistiktechnik;Bearbeitung;17;Stahl;pulverbeschichtet;28;28;15;0,051;4;51;51;1,0;4;0;0;136;17
PA2025-0592;2025-03-05;Änderung;12;Bestandskunde;Automobilindustrie;Bearbeitung;6;Stahl;pulverbeschichtet;26;26;7;0,012;4;18;18;1,0;4;0;0;42;6
PA2025-0593;2025-03-07;Änderung;13;Bestandskunde;Medizintechnik;Bearbeitung;5;Stahl;pulverbeschichtet;28;28;15;0,015;4;15;15;1,0;4;0;0;40;5
PA2025-0594;2025-03-05;Standard;10;Bestandskunde;Sonstige;Bearbeitung;12;Stahl;pulverbeschichtet;28;28;15;0,036;4;36;36;1,0;4;0;0;96;12
PA2025-0595;2025-03-09;Standard;10;Bestandskunde;Haushaltsgeräte;Bearbeitung;17;Stahl;pulverbeschichtet;26;26;7;0,034;4;51;51;1,0;4;0;0;119;17
PA2025-0596;2025-03-09;Änderung;13;Bestandskunde;Automobilindustrie;Bearbeitung;7;Stahl;pulverbeschichtet;26;26;7;0,014;4;21;21;1,0;4;0;0;49;7
PA2025-0597;2025-03-07;Änderung;10;Bestandskunde;Sonstige;Bearbeitung;17;Stahl;pulverbeschichtet;28;28;15;0,051;4;51;51;1,0;4;0;0;136;17
PA2025-0598;2025-03-11;Standard;3;Bestandskunde;Medizintechnik;Bearbeitung;8;Stahl;pulverbeschichtet;28;28;15;0,024;4;24;24;1,0;4;0;0;64;8
PA2025-0599;2025-03-10;Standard;11;Bestandskunde;Maschinenbau;Bearbeitung;4;Stahl;pulverbeschichtet;26;26;7;0,008;4;12;12;1,0;4;0;0;28;4
PA2025-0600;2025-03-09;Standard;10;Bestandskunde;Sonstige;Bearbeitung;12;Stahl;pulverbeschichtet;28;28;15;0,036;4;36;36;1,0;4;0;0;96;12
PA2025-0601;2025-03-12;Standard;10;Bestandskunde;Automobilindustrie;Bearbeitung;17;Stahl;pulverbeschichtet;28;28;15;0,051;4;51;51;1,0;4;0;0;136;17
PA2025-0602;2025-03-13;Änderung;3;Bestandskunde;Sonstige;Bearbeitung;7;Stahl;pulverbeschichtet;26;26;7;0,014;4;21;21;1,0;4;0;0;49;7
PA2025-0603;2025-03-13;Standard;12;Bestandskunde;Automobilindustrie;Bearbeitung;5;Stahl;pulverbeschichtet;28;28;15;0,015;4;15;15;1,0;4;0;0;40;5
PA2025-0604;2025-03-17;Änderung;11;Bestandskunde;Automobilindustrie;Bearbeitung;6;Stahl;pulverbeschichtet;26;26;7;0,012;4;18;18;1,0;4;0;0;42;6
PA2025-0605;2025-03-12;Standard;8;Bestandskunde;Maschinenbau;Bearbeitung;15;Stahl;pulverbeschichtet;28;28;15;0,045;4;45;45;1,0;4;0;0;120;15
PA2025-0606;2025-03-14;Standard;3;Bestandskunde;Logistiktechnik;Bearbeitung;1;Stahl;pulverbeschichtet;28;28;15;0,003;4;3;3;1,0;4;0;0;8;1
PA2025-0607;2025-03-17;Änderung;5;Bestandskunde;Sonstige;Bearbeitung;10;Stahl;pulverbeschichtet;26;26;7;0,02;4;30;30;1,0;4;0;0;70;10
PA2025-0608;2025-03-12;Standard;10;Bestandskunde;Maschinenbau;Bearbeitung;13;Stahl;pulverbeschichtet;28;28;15;0,039;4;39;39;1,0;4;0;0;104;13
PA2025-0609;2025-03-13;Änderung;8;Bestandskunde;Logistiktechnik;Bearbeitung;18;Stahl;pulverbeschichtet;26;26;7;0,036;4;54;54;1,0;4;0;0;126;18
PA2025-0610;2025-03-13;Standard;10;Bestandskunde;Logistiktechnik;Bearbeitung;12;Stahl;pulverbeschichtet;28;28;15;0,036;4;36;36;1,0;4;0;0;96;12
PA2025-0611;2025-03-12;Änderung;4;Bestandskunde;Logistiktechnik;Bearbeitung;18;Stahl;pulverbeschichtet;26;26;7;0,036;4;54;54;1,0;4;0;0;126;18
PA2025-0612;2025-03-13;Standard;11;Neukunde;Automobilindustrie;Bearbeitung;17;Stahl;pulverbeschichtet;26;26;7;0,034;4;51;51;1,0;4;0;0;119;17
PA2025-0613;2025-03-13;Änderung;8;Bestandskunde;Logistiktechnik;Bearbeitung;4;Stahl;pulverbeschichtet;26;26;7;0,008;4;12;12;1,0;4;0;0;28;4
PA2025-0614;2025-03-18;Standard;13;Bestandskunde;Haushaltsgeräte;Bearbeitung;3;Stahl;pulverbeschichtet;26;26;7;0,006;4;9;9;1,0;4;0;0;21;3
PA2025-0615;2025-03-13;Änderung;14;Bestandskunde;Medizintechnik;Bearbeitung;8;Stahl;pulverbeschichtet;28;28;15;0,024;4;24;24;1,0;4;0;0;64;8
PA2025-0616;2025-03-16;Änderung;5;Bestandskunde;Automobilindustrie;Bearbeitung;15;Stahl;pulverbeschichtet;26;26;7;0,03;4;45;45;1,0;4;0;0;105;15
PA2025-0617;2025-03-17;Standard;10;Bestandskunde;Maschinenbau;Bearbeitung;19;Stahl;pulverbeschichtet;28;28;15;0,057;4;57;57;1,0;4;0;0;152;19
PA2025-0618;2025-03-15;Standard;7;Bestandskunde;Sonstige;Bearbeitung;8;Stahl;pulverbeschichtet;28;28;15;0,024;4;24;24;1,0;4;0;0;64;8
PA2025-0619;2025-03-18;Änderung;12;Bestandskunde;Haushaltsgeräte;Bearbeitung;16;Stahl;pulverbeschichtet;28;28;15;0,048;4;48;48;1,0;4;0;0;128;16
PA2025-0620;2025-03-14;Änderung;10;Bestandskunde;Haushaltsgeräte;Bearbeitung;20;Stahl;pulverbeschichtet;28;28;15;0,06;4;60;60;1,0;4;0;0;160;20
PA2025-0621;2025-03-18;Änderung;7;Bestandskunde;Automobilindustrie;Bearbeitung;3;Stahl;pulverbeschichtet;26;26;7;0,006;4;9;9;1,0;4;0;0;21;3
PA2025-0622;2025-03-18;Änderung;15;Bestandskunde;Automobilindustrie;Bearbeitung;19;Stahl;pulverbeschichtet;26;26;7;0,038;4;57;57;1,0;4;0;0;133;19
PA2025-0623;2025-03-13;Änderung;4;Bestandskunde;Logistiktechnik;Bearbeitung;18;Stahl;pulverbeschichtet;28;28;15;0,054;4;54;54;1,0;4;0;0;144;18
PA2025-0624;2025-03-18;Standard;7;Bestandskunde;Automobilindustrie;Bearbeitung;19;Stahl;pulverbeschichtet;28;28;15;0,057;4;57;57;1,0;4;0;0;152;19
PA2025-0625;2025-03-15;Änderung;15;Bestandskunde;Logistiktechnik;Bearbeitung;17;Stahl;pulverbeschichtet;28;28;15;0,051;4;51;51;1,0;4;0;0;136;17
PA2025-0626;2025-03-18;Standard;8;Bestandskunde;Maschinenbau;Bearbeitung;6;Stahl;pulverbeschichtet;26;26;7;0,012;4;18;18;1,0;4;0;0;42;6
PA2025-0627;2025-03-17;Standard;14;Bestandskunde;Automobilindustrie;Bearbeitung;16;Stahl;pulverbeschichtet;26;26;7;0,032;4;48;48;1,0;4;0;0;112;16
PA2025-0628;2025-03-14;Standard;10;Bestandskunde;Medizintechnik;Bearbeitung;17;Stahl;pulverbeschichtet;26;26;7;0,034;4;51;51;1,0;4;0;0;119;17
PA2025-0629;2025-03-15;Änderung;14;Bestandskunde;Automobilindustrie;Bearbeitung;11;Stahl;pulverbeschichtet;28;28;15;0,033;4;33;33;1,0;4;0;0;88;11
PA2025-0630;2025-03-18;Änderung;9;Bestandskunde;Logistiktechnik;Bearbeitung;13;Stahl;pulverbeschichtet;26;26;7;0,026;4;39;39;1,0;4;0;0;91;13
PA2025-0631;2025-03-16;Standard;5;Bestandskunde;Logistiktechnik;Bearbeitung;8;Stahl;pulverbeschichtet;28;28;15;0,024;4;24;24;1,0;4;0;0;64;8
PA2025-0632;2025-03-18;Standard;12;Bestandskunde;Haushaltsgeräte;Bearbeitung;20;Stahl;pulverbeschichtet;28;28;15;0,06;4;60;60;1,0;4;0;0;160;20
PA2025-0633;2025-03-15;Standard;7;Bestandskunde;Haushaltsgeräte;Bearbeitung;9;Stahl;pulverbeschichtet;26;26;7;0,018;4;27;27;1,0;4;0;0;63;9
PA2025-0634;2025-03-13;Standard;6;Neukunde;Automobilindustrie;Bearbeitung;4;Stahl;pulverbeschichtet;26;26;7;0,008;4;12;12;1,0;4;0;0;28;4
PA2025-0635;2025-03-18;Standard;11;Bestandskunde;Automobilindustrie;Bearbeitung;16;Stahl;pulverbeschichtet;26;26;7;0,032;4;48;48;1,0;4;0;0;112;16
PA2025-0636;2025-03-16;Änderung;8;Bestandskunde;Logistiktechnik;Bearbeitung;8;Stahl;pulverbeschichtet;28;28;15;0,024;4;24;24;1,0;4;0;0;64;8
PA2025-0637;2025-03-16;Standard;8;Bestandskunde;Logistiktechnik;Bearbeitung;19;Stahl;pulverbeschichtet;26;26;7;0,038;4;57;57;1,0;4;0;0;133;19
PA2025-0638;2025-03-13;Standard;9;Bestandskunde;Haushaltsgeräte;Bearbeitung;13;Stahl;pulverbeschichtet;26;26;7;0,026;4;39;39;1,0;4;0;0;91;13
PA2025-0639;2025-03-12;Standard;7;Bestandskunde;Maschinenbau;Bearbeitung;16;Stahl;pulverbeschichtet;26;26;7;0,032;4;48;48;1,0;4;0;0;112;16
PA2025-0640;2025-03-18;Änderung;13;Bestandskunde;Medizintechnik;Bearbeitung;6;Stahl;pulverbeschichtet;26;26;7;0,012;4;18;18;1,0;4;0;0;42;6
PA2025-0641;2025-03-17;Standard;11;Bestandskunde;Medizintechnik;Bearbeitung;3;Stahl;pulverbeschichtet;28;28;15;0,009;4;9;9;1,0;4;0;0;24;3
PA2025-0642;2025-03-15;Standard;6;Bestandskunde;Logistiktechnik;Bearbeitung;17;Stahl;pulverbeschichtet;26;26;7;0,034;4;51;51;1,0;4;0;0;119;17
PA2025-0643;2025-03-16;Standard;6;Bestandskunde;Maschinenbau;Bearbeitung;20;Stahl;pulverbeschichtet;28;28;15;0,06;4;60;60;1,0;4;0;0;160;20
PA2025-0644;2025-03-12;Änderung;14;Bestandskunde;Haushaltsgeräte;Bearbeitung;18;Stahl;pulverbeschichtet;26;26;7;0,036;4;54;54;1,0;4;0;0;126;18
PA2025-0645;2025-03-16;Standard;14;Bestandskunde;Automobilindustrie;Bearbeitung;17;Stahl;pulverbeschichtet;26;26;7;0,034;4;51;51;1,0;4;0;0;119;17
PA2025-0646;2025-03-18;Standard;14;Bestandskunde;Logistiktechnik;Bearbeitung;19;Stahl;pulverbeschichtet;28;28;15;0,057;4;57;57;1,0;4;0;0;152;19
PA2025-0647;2025-03-13;Standard;9;Bestandskunde;Medizintechnik;Bearbeitung;3;Stahl;pulverbeschichtet;26;26;7;0,006;4;9;9;1,0;4;0;0;21;3
PA2025-0648;2025-03-16;Änderung;14;Bestandskunde;Maschinenbau;Bearbeitung;1;Stahl;pulverbeschichtet;28;28;15;0,003;4;3;3;1,0;4;0;0;8;1
PA2025-0649;2025-03-15;Standard;8;Bestandskunde;Logistiktechnik;Bearbeitung;12;Stahl;pulverbeschichtet;26;26;7;0,024;4;36;36;1,0;4;0;0;84;12
PA2025-0650;2025-03-15;Standard;10;Bestandskunde;Automobilindustrie;Bearbeitung;19;Stahl;pulverbeschichtet;26;26;7;0,038;4;57;57;1,0;4;0;0;133;19
PA2025-0651;2025-03-14;Standard;11;Bestandskunde;Automobilindustrie;Bearbeitung;18;Stahl;pulverbeschichtet;28;28;15;0,054;4;54;54;1,0;4;0;0;144;18
PA2025-0652;2025-03-14;Änderung;14;Bestandskunde;Maschinenbau;Bearbeitung;12;Stahl;pulverbeschichtet;28;28;15;0,036;4;36;36;1,0;4;0;0;96;12
PA2025-0653;2025-03-13;Änderung;6;Bestandskunde;Sonstige;Bearbeitung;6;Stahl;pulverbeschichtet;28;28;15;0,018;4;18;18;1,0;4;0;0;48;6
PA2025-0654;2025-03-16;Standard;13;Bestandskunde;Logistiktechnik;Bearbeitung;20;Stahl;pulverbeschichtet;26;26;7;0,04;4;60;60;1,0;4;0;0;140;20
PA2025-0655;2025-03-15;Standard;4;Bestandskunde;Maschinenbau;Bearbeitung;16;Stahl;pulverbeschichtet;26;26;7;0,032;4;48;48;1,0;4;0;0;112;16
PA2025-0656;2025-03-12;Standard;9;Bestandskunde;Haushaltsgeräte;Bearbeitung;2;Stahl;pulverbeschichtet;28;28;15;0,006;4;6;6;1,0;4;0;0;16;2
PA2025-0657;2025-03-16;Standard;15;Bestandskunde;Maschinenbau;Bearbeitung;2;Stahl;pulverbeschichtet;28;28;15;0,006;4;6;6;1,0;4;0;0;16;2
PA2025-0658;2025-03-15;Standard;4;Bestandskunde;Medizintechnik;Bearbeitung;17;Stahl;pulverbeschichtet;26;26;7;0,034;4;51;51;1,0;4;0;0;119;17
PA2025-0659;2025-03-12;Änderung;15;Bestandskunde;Maschinenbau;Bearbeitung;6;Stahl;pulverbeschichtet;28;28;15;0,018;4;18;18;1,0;4;0;0;48;6
PA2025-0660;2025-03-13;Standard;3;Bestandskunde;Automobilindustrie;Bearbeitung;9;Stahl;pulverbeschichtet;26;26;7;0,018;4;27;27;1,0;4;0;0;63;9
PA2025-0661;2025-03-24;Standard;13;Bestandskunde;Automobilindustrie;Bearbeitung;1;Stahl;pulverbeschichtet;28;28;15;0,003;4;3;3;1,0;4;0;0;8;1
PA2025-0662;2025-03-23;Standard;10;Bestandskunde;Automobilindustrie;Bearbeitung;19;Stahl;pulverbeschichtet;26;26;7;0,038;4;57;57;1,0;4;0;0;133;19
PA2025-0663;2025-03-25;Standard;9;Bestandskunde;Haushaltsgeräte;Bearbeitung;15;Stahl;pulverbeschichtet;28;28;15;0,045;4;45;45;1,0;4;0;0;120;15
PA2025-0664;2025-03-19;Standard;9;Bestandskunde;Medizintechnik;Bearbeitung;18;Stahl;pulverbeschichtet;28;28;15;0,054;4;54;54;1,0;4;0;0;144;18
PA2025-0665;2025-03-21;Standard;5;Bestandskunde;Maschinenbau;Bearbeitung;18;Stahl;pulverbeschichtet;26;26;7;0,036;4;54;54;1,0;4;0;0;126;18
PA2025-0666;2025-03-22;Änderung;12;Bestandskunde;Automobilindustrie;Bearbeitung;11;Stahl;pulverbeschichtet;28;28;15;0,033;4;33;33;1,0;4;0;0;88;11
PA2025-0667;2025-03-22;Standard;4;Bestandskunde;Sonstige;Bearbeitung;13;Stahl;pulverbeschichtet;28;28;15;0,039;4;39;39;1,0;4;0;0;104;13
PA2025-0668;2025-03-25;Standard;11;Bestandskunde;Sonstige;Bearbeitung;18;Stahl;pulverbeschichtet;26;26;7;0,036;4;54;54;1,0;4;0;0;126;18
PA2025-0669;2025-03-20;Standard;10;Bestandskunde;Automobilindustrie;Bearbeitung;11;Stahl;pulverbeschichtet;26;26;7;0,022;4;33;33;1,0;4;0;0;77;11
PA2025-0670;2025-03-22;Standard;10;Bestandskunde;Haushaltsgeräte;Bearbeitung;9;Stahl;pulverbeschichtet;26;26;7;0,018;4;27;27;1,0;4;0;0;63;9
PA2025-0671;2025-03-22;Standard;8;Bestandskunde;Maschinenbau;Bearbeitung;9;Stahl;pulverbeschichtet;26;26;7;0,018;4;27;27;1,0;4;0;0;63;9
PA2025-0672;2025-03-20;Änderung;8;Bestandskunde;Automobilindustrie;Bearbeitung;4;Stahl;pulverbeschichtet;26;26;7;0,008;4;12;12;1,0;4;0;0;28;4
PA2025-0673;2025-03-24;Änderung;14;Bestandskunde;Maschinenbau;Bearbeitung;18;Stahl;pulverbeschichtet;26;26;7;0,036;4;54;54;1,0;4;0;0;126;18
PA2025-0674;2025-03-21;Standard;10;Bestandskunde;Sonstige;Bearbeitung;19;Stahl;pulverbeschichtet;26;26;7;0,038;4;57;57;1,0;4;0;0;133;19
PA2025-0675;2025-03-20;Änderung;15;Bestandskunde;Medizintechnik;Bearbeitung;19;Stahl;pulverbeschichtet;28;28;15;0,057;4;57;57;1,0;4;0;0;152;19
PA2025-0676;2025-03-23;Standard;14;Bestandskunde;Automobilindustrie;Bearbeitung;17;Stahl;pulverbeschichtet;26;26;7;0,034;4;51;51;1,0;4;0;0;119;17
PA2025-0677;2025-03-25;Standard;8;Bestandskunde;Medizintechnik;Bearbeitung;17;Stahl;pulverbeschichtet;28;28;15;0,051;4;51;51;1,0;4;0;0;136;17
PA2025-0678;2025-03-24;Standard;4;Bestandskunde;Logistiktechnik;Bearbeitung;19;Stahl;pulverbeschichtet;28;28;15;0,057;4;57;57;1,0;4;0;0;152;19
PA2025-0679;2025-03-21;Änderung;9;Bestandskunde;Automobilindustrie;Bearbeitung;9;Stahl;pulverbeschichtet;26;26;7;0,018;4;27;27;1,0;4;0;0;63;9
PA2025-0680;2025-03-21;Standard;10;Bestandskunde;Sonstige;Bearbeitung;14;Stahl;pulverbeschichtet;28;28;15;0,042;4;42;42;1,0;4;0;0;112;14
PA2025-0681;2025-03-25;Standard;13;Bestandskunde;Logistiktechnik;Bearbeitung;5;Stahl;pulverbeschichtet;28;28;15;0,015;4;15;15;1,0;4;0;0;40;5
PA2025-0682;2025-03-24;Standard;9;Bestandskunde;Logistiktechnik;Bearbeitung;13;Stahl;pulverbeschichtet;26;26;7;0,026;4;39;39;1,0;4;0;0;91;13
PA2025-0683;2025-03-25;Standard;7;Bestandskunde;Maschinenbau;Bearbeitung;14;Stahl;pulverbeschichtet;26;26;7;0,028;4;42;42;1,0;4;0;0;98;14
PA2025-0684;2025-03-25;Standard;15;Bestandskunde;Sonstige;Bearbeitung;16;Stahl;pulverbeschichtet;28;28;15;0,048;4;48;48;1,0;4;0;0;128;16
PA2025-0685;2025-03-23;Standard;5;Bestandskunde;Medizintechnik;Bearbeitung;2;Stahl;pulverbeschichtet;28;28;15;0,006;4;6;6;1,0;4;0;0;16;2
PA2025-0686;2025-03-22;Standard;5;Bestandskunde;Automobilindustrie;Bearbeitung;12;Stahl;pulverbeschichtet;26;26;7;0,024;4;36;36;1,0;4;0;0;84;12
PA2025-0687;2025-03-23;Standard;10;Bestandskunde;Haushaltsgeräte;Bearbeitung;12;Stahl;pulverbeschichtet;28;28;15;0,036;4;36;36;1,0;4;0;0;96;12
PA2025-0688;2025-03-25;Standard;10;Bestandskunde;Sonstige;Bearbeitung;16;Stahl;pulverbeschichtet;26;26;7;0,032;4;48;48;1,0;4;0;0;112;16
PA2025-0689;2025-03-22;Standard;10;Bestandskunde;Sonstige;Bearbeitung;6;Stahl;pulverbeschichtet;28;28;15;0,018;4;18;18;1,0;4;0;0;48;6
PA2025-0690;2025-03-24;Änderung;13;Bestandskunde;Sonstige;Bearbeitung;6;Stahl;pulverbeschichtet;28;28;15;0,018;4;18;18;1,0;4;0;0;48;6
PA2025-0691;2025-03-21;Änderung;10;Bestandskunde;Logistiktechnik;Bearbeitung;20;Stahl;pulverbeschichtet;28;28;15;0,06;4;60;60;1,0;4;0;0;160;20
PA2025-0692;2025-03-22;Änderung;11;Bestandskunde;Logistiktechnik;Bearbeitung;15;Stahl;pulverbeschichtet;28;28;15;0,045;4;45;45;1,0;4;0;0;120;15
PA2025-0693;2025-03-20;Standard;3;Bestandskunde;Haushaltsgeräte;Bearbeitung;9;Stahl;pulverbeschichtet;28;28;15;0,027;4;27;27;1,0;4;0;0;72;9
PA2025-0694;2025-03-20;Standard;11;Bestandskunde;Sonstige;Bearbeitung;16;Stahl;pulverbeschichtet;26;26;7;0,032;4;48;48;1,0;4;0;0;112;16
PA2025-0695;2025-03-25;Änderung;13;Neukunde;Sonstige;Bearbeitung;4;Stahl;pulverbeschichtet;26;26;7;0,008;4;12;12;1,0;4;0;0;28;4
PA2025-0696;2025-03-20;Änderung;5;Bestandskunde;Automobilindustrie;Bearbeitung;10;Stahl;pulverbeschichtet;28;28;15;0,03;4;30;30;1,0;4;0;0;80;10
PA2025-0697;2025-03-24;Standard;10;Bestandskunde;Sonstige;Bearbeitung;17;Stahl;pulverbeschichtet;26;26;7;0,034;4;51;51;1,0;4;0;0;119;17
PA2025-0698;2025-03-19;Änderung;12;Bestandskunde;Logistiktechnik;Bearbeitung;16;Stahl;pulverbeschichtet;26;26;7;0,032;4;48;48;1,0;4;0;0;112;16
PA2025-0699;2025-03-21;Standard;13;Bestandskunde;Automobilindustrie;Bearbeitung;18;Stahl;pulverbeschichtet;28;28;15;0,054;4;54;54;1,0;4;0;0;144;18
PA2025-0700;2025-03-24;Standard;14;Bestandskunde;Logistiktechnik;Bearbeitung;10;Stahl;pulverbeschichtet;26;26;7;0,02;4;30;30;1,0;4;0;0;70;10
PA2025-0701;2025-03-23;Standard;10;Bestandskunde;Maschinenbau;Bearbeitung;12;Stahl;pulverbeschichtet;28;28;15;0,036;4;36;36;1,0;4;0;0;96;12
PA2025-0702;2025-03-20;Standard;10;Bestandskunde;Maschinenbau;Bearbeitung;5;Stahl;pulverbeschichtet;28;28;15;0,015;4;15;15;1,0;4;0;0;40;5
PA2025-0703;2025-03-22;Standard;4;Bestandskunde;Sonstige;Bearbeitung;16;Stahl;pulverbeschichtet;28;28;15;0,048;4;48;48;1,0;4;0;0;128;16
PA2025-0704;2025-03-25;Änderung;13;Bestandskunde;Medizintechnik;Bearbeitung;1;Stahl;pulverbeschichtet;28;28;15;0,003;4;3;3;1,0;4;0;0;8;1
PA2025-0705;2025-03-22;Änderung;13;Bestandskunde;Sonstige;Bearbeitung;13;Stahl;pulverbeschichtet;28;28;15;0,039;4;39;39;1,0;4;0;0;104;13
PA2025-0706;2025-03-21;Standard;5;Bestandskunde;Medizintechnik;Bearbeitung;20;Stahl;pulverbeschichtet;28;28;15;0,06;4;60;60;1,0;4;0;0;160;20
PA2025-0707;2025-03-24;Änderung;9;Neukunde;Automobilindustrie;Bearbeitung;6;Stahl;pulverbeschichtet;28;28;15;0,018;4;18;18;1,0;4;0;0;48;6
PA2025-0708;2025-03-19;Änderung;13;Bestandskunde;Haushaltsgeräte;Bearbeitung;20;Stahl;pulverbeschichtet;26;26;7;0,04;4;60;60;1,0;4;0;0;140;20
PA2025-0709;2025-03-21;Änderung;3;Bestandskunde;Haushaltsgeräte;Bearbeitung;1;Stahl;pulverbeschichtet;28;28;15;0,003;4;3;3;1,0;4;0;0;8;1
PA2025-0710;2025-03-21;Änderung;9;Bestandskunde;Logistiktechnik;Bearbeitung;1;Stahl;pulverbeschichtet;26;26;7;0,002;4;3;3;1,0;4;0;0;7;1
PA2025-0711;2025-03-20;Standard;3;Bestandskunde;Automobilindustrie;Bearbeitung;10;Stahl;pulverbeschichtet;26;26;7;0,02;4;30;30;1,0;4;0;0;70;10
PA2025-0712;2025-03-22;Standard;5;Bestandskunde;Medizintechnik;Bearbeitung;5;Stahl;pulverbeschichtet;28;28;15;0,015;4;15;15;1,0;4;0;0;40;5
PA2025-0713;2025-03-25;Standard;13;Bestandskunde;Maschinenbau;Bearbeitung;7;Stahl;pulverbeschichtet;26;26;7;0,014;4;21;21;1,0;4;0;0;49;7
PA2025-0714;2025-03-25;Standard;3;Neukunde;Haushaltsgeräte;Bearbeitung;8;Stahl;pulverbeschichtet;28;28;15;0,024;4;24;24;1,0;4;0;0;64;8
PA2025-0715;2025-03-20;Standard;4;Bestandskunde;Medizintechnik;Bearbeitung;4;Stahl;pulverbeschichtet;28;28;15;0,012;4;12;12;1,0;4;0;0;32;4
PA2025-0716;2025-03-22;Standard;10;Bestandskunde;Medizintechnik;Bearbeitung;2;Stahl;pulverbeschichtet;26;26;7;0,004;4;6;6;1,0;4;0;0;14;2
PA2025-0717;2025-03-22;Änderung;10;Neukunde;Automobilindustrie;Bearbeitung;7;Stahl;pulverbeschichtet;26;26;7;0,014;4;21;21;1,0;4;0;0;49;7
PA2025-0718;2025-03-24;Änderung;14;Bestandskunde;Logistiktechnik;Bearbeitung;9;Stahl;pulverbeschichtet;26;26;7;0,018;4;27;27;1,0;4;0;0;63;9
PA2025-0719;2025-03-25;Standard;8;Bestandskunde;Maschinenbau;Bearbeitung;16;Stahl;pulverbeschichtet;26;26;7;0,032;4;48;48;1,0;4;0;0;112;16
PA2025-0720;2025-03-25;Änderung;5;Bestandskunde;Sonstige;Bearbeitung;20;Stahl;pulverbeschichtet;26;26;7;0,04;4;60;60;1,0;4;0;0;140;20
PA2025-0721;2025-03-26;Standard;4;Bestandskunde;Automobilindustrie;Bearbeitung;18;Stahl;pulverbeschichtet;28;28;15;0,054;4;54;54;1,0;4;0;0;144;18
PA2025-0722;2025-03-29;Änderung;9;Bestandskunde;Logistiktechnik;Bearbeitung;12;Stahl;pulverbeschichtet;26;26;7;0,024;4;36;36;1,0;4;0;0;84;12
PA2025-0723;2025-03-27;Standard;3;Bestandskunde;Logistiktechnik;Bearbeitung;5;Stahl;pulverbeschichtet;28;28;15;0,015;4;15;15;1,0;4;0;0;40;5
PA2025-0724;2025-03-29;Standard;14;Bestandskunde;Sonstige;Bearbeitung;16;Stahl;pulverbeschichtet;28;28;15;0,048;4;48;48;1,0;4;0;0;128;16
PA2025-0725;2025-03-30;Standard;12;Bestandskunde;Haushaltsgeräte;Bearbeitung;20;Stahl;pulverbeschichtet;26;26;7;0,04;4;60;60;1,0;4;0;0;140;20
PA2025-0726;2025-03-30;Standard;7;Neukunde;Maschinenbau;Bearbeitung;18;Stahl;pulverbeschichtet;26;26;7;0,036;4;54;54;1,0;4;0;0;126;18
PA2025-0727;2025-03-26;Standard;15;Bestandskunde;Maschinenbau;Bearbeitung;1;Stahl;pulverbeschichtet;28;28;15;0,003;4;3;3;1,0;4;0;0;8;1
PA2025-0728;2025-03-27;Standard;11;Bestandskunde;Maschinenbau;Bearbeitung;18;Stahl;pulverbeschichtet;28;28;15;0,054;4;54;54;1,0;4;0;0;144;18
PA2025-0729;2025-03-30;Standard;15;Bestandskunde;Haushaltsgeräte;Bearbeitung;10;Stahl;pulverbeschichtet;28;28;15;0,03;4;30;30;1,0;4;0;0;80;10
PA2025-0730;2025-03-31;Änderung;11;Bestandskunde;Sonstige;Bearbeitung;3;Stahl;pulverbeschichtet;28;28;15;0,009;4;9;9;1,0;4;0;0;24;3
PA2025-0731;2025-03-27;Standard;4;Bestandskunde;Medizintechnik;Bearbeitung;4;Stahl;pulverbeschichtet;26;26;7;0,008;4;12;12;1,0;4;0;0;28;4
PA2025-0732;2025-03-31;Standard;14;Bestandskunde;Maschinenbau;Bearbeitung;9;Stahl;pulverbeschichtet;26;26;7;0,018;4;27;27;1,0;4;0;0;63;9
PA2025-0733;2025-03-27;Standard;5;Neukunde;Medizintechnik;Bearbeitung;16;Stahl;pulverbeschichtet;26;26;7;0,032;4;48;48;1,0;4;0;0;112;16
PA2025-0734;2025-04-01;Standard;4;Bestandskunde;Automobilindustrie;Bearbeitung;14;Stahl;pulverbeschichtet;26;26;7;0,028;4;42;42;1,0;4;0;0;98;14
PA2025-0735;2025-03-26;Standard;9;Bestandskunde;Medizintechnik;Bearbeitung;10;Stahl;pulverbeschichtet;28;28;15;0,03;4;30;30;1,0;4;0;0;80;10
PA2025-0736;2025-03-30;Änderung;6;Bestandskunde;Automobilindustrie;Bearbeitung;13;Stahl;pulverbeschichtet;26;26;7;0,026;4;39;39;1,0;4;0;0;91;13
PA2025-0737;2025-03-30;Standard;10;Bestandskunde;Maschinenbau;Bearbeitung;18;Stahl;pulverbeschichtet;26;26;7;0,036;4;54;54;1,0;4;0;0;126;18
PA2025-0738;2025-03-26;Änderung;12;Neukunde;Maschinenbau;Bearbeitung;14;Stahl;pulverbeschichtet;28;28;15;0,042;4;42;42;1,0;4;0;0;112;14
PA2025-0739;2025-04-01;Standard;8;Bestandskunde;Automobilindustrie;Bearbeitung;6;Stahl;pulverbeschichtet;26;26;7;0,012;4;18;18;1,0;4;0;0;42;6
PA2025-0740;2025-03-28;Änderung;10;Bestandskunde;Logistiktechnik;Bearbeitung;14;Stahl;pulverbeschichtet;28;28;15;0,042;4;42;42;1,0;4;0;0;112;14
PA2025-0741;2025-03-27;Änderung;7;Bestandskunde;Logistiktechnik;Bearbeitung;9;Stahl;pulverbeschichtet;28;28;15;0,027;4;27;27;1,0;4;0;0;72;9
PA2025-0742;2025-03-29;Standard;12;Bestandskunde;Medizintechnik;Bearbeitung;10;Stahl;pulverbeschichtet;28;28;15;0,03;4;30;30;1,0;4;0;0;80;10
PA2025-0743;2025-03-28;Standard;3;Bestandskunde;Automobilindustrie;Bearbeitung;11;Stahl;pulverbeschichtet;26;26;7;0,022;4;33;33;1,0;4;0;0;77;11
PA2025-0744;2025-03-30;Standard;15;Bestandskunde;Maschinenbau;Bearbeitung;5;Stahl;pulverbeschichtet;26;26;7;0,01;4;15;15;1,0;4;0;0;35;5
PA2025-0745;2025-03-29;Änderung;11;Bestandskunde;Automobilindustrie;Bearbeitung;19;Stahl;pulverbeschichtet;26;26;7;0,038;4;57;57;1,0;4;0;0;133;19
PA2025-0746;2025-03-28;Standard;10;Bestandskunde;Maschinenbau;Bearbeitung;7;Stahl;pulverbeschichtet;26;26;7;0,014;4;21;21;1,0;4;0;0;49;7
PA2025-0747;2025-04-01;Standard;14;Bestandskunde;Automobilindustrie;Bearbeitung;19;Stahl;pulverbeschichtet;26;26;7;0,038;4;57;57;1,0;4;0;0;133;19
PA2025-0748;2025-03-26;Standard;12;Bestandskunde;Medizintechnik;Bearbeitung;11;Stahl;pulverbeschichtet;26;26;7;0,022;4;33;33;1,0;4;0;0;77;11
PA2025-0749;2025-03-29;Standard;5;Bestandskunde;Maschinenbau;Bearbeitung;20;Stahl;pulverbeschichtet;28;28;15;0,06;4;60;60;1,0;4;0;0;160;20
PA2025-0750;2025-03-26;Änderung;10;Bestandskunde;Automobilindustrie;Bearbeitung;19;Stahl;pulverbeschichtet;26;26;7;0,038;4;57;57;1,0;4;0;0;133;19
PA2025-0751;2025-03-30;Standard;10;Bestandskunde;Automobilindustrie;Bearbeitung;13;Stahl;pulverbeschichtet;26;26;7;0,026;4;39;39;1,0;4;0;0;91;13
PA2025-0752;2025-03-30;Änderung;15;Bestandskunde;Medizintechnik;Bearbeitung;13;Stahl;pulverbeschichtet;28;28;15;0,039;4;39;39;1,0;4;0;0;104;13
PA2025-0753;2025-03-28;Änderung;5;Neukunde;Maschinenbau;Bearbeitung;18;Stahl;pulverbeschichtet;26;26;7;0,036;4;54;54;1,0;4;0;0;126;18
PA2025-0754;2025-03-26;Standard;12;Bestandskunde;Sonstige;Bearbeitung;5;Stahl;pulverbeschichtet;28;28;15;0,015;4;15;15;1,0;4;0;0;40;5
PA2025-0755;2025-03-30;Standard;9;Bestandskunde;Medizintechnik;Bearbeitung;7;Stahl;pulverbeschichtet;26;26;7;0,014;4;21;21;1,0;4;0;0;49;7
PA2025-0756;2025-03-26;Standard;9;Bestandskunde;Automobilindustrie;Bearbeitung;19;Stahl;pulverbeschichtet;26;26;7;0,038;4;57;57;1,0;4;0;0;133;19
PA2025-0757;2025-03-31;Standard;14;Bestandskunde;Automobilindustrie;Bearbeitung;11;Stahl;pulverbeschichtet;26;26;7;0,022;4;33;33;1,0;4;0;0;77;11
PA2025-0758;2025-03-31;Standard;4;Bestandskunde;Maschinenbau;Bearbeitung;12;Stahl;pulverbeschichtet;28;28;15;0,036;4;36;36;1,0;4;0;0;96;12
PA2025-0759;2025-03-27;Änderung;13;Bestandskunde;Haushaltsgeräte;Bearbeitung;7;Stahl;pulverbeschichtet;28;28;15;0,021;4;21;21;1,0;4;0;0;56;7
PA2025-0760;2025-04-01;Änderung;5;Bestandskunde;Automobilindustrie;Bearbeitung;20;Stahl;pulverbeschichtet;28;28;15;0,06;4;60;60;1,0;4;0;0;160;20
PA2025-0761;2025-03-26;Standard;11;Bestandskunde;Logistiktechnik;Bearbeitung;15;Stahl;pulverbeschichtet;26;26;7;0,03;4;45;45;1,0;4;0;0;105;15
PA2025-0762;2025-03-28;Standard;7;Bestandskunde;Sonstige;Bearbeitung;18;Stahl;pulverbeschichtet;28;28;15;0,054;4;54;54;1,0;4;0;0;144;18
PA2025-0763;2025-03-29;Standard;6;Bestandskunde;Sonstige;Bearbeitung;13;Stahl;pulverbeschichtet;28;28;15;0,039;4;39;39;1,0;4;0;0;104;13
PA2025-0764;2025-03-27;Standard;4;Bestandskunde;Logistiktechnik;Bearbeitung;20;Stahl;pulverbeschichtet;26;26;7;0,04;4;60;60;1,0;4;0;0;140;20
PA2025-0765;2025-03-29;Änderung;4;Bestandskunde;Maschinenbau;Bearbeitung;12;Stahl;pulverbeschichtet;28;28;15;0,036;4;36;36;1,0;4;0;0;96;12
PA2025-0766;2025-03-28;Standard;11;Bestandskunde;Maschinenbau;Bearbeitung;4;Stahl;pulverbeschichtet;26;26;7;0,008;4;12;12;1,0;4;0;0;28;4
PA2025-0767;2025-04-01;Standard;5;Bestandskunde;Sonstige;Bearbeitung;15;Stahl;pulverbeschichtet;28;28;15;0,045;4;45;45;1,0;4;0;0;120;15
PA2025-0768;2025-03-27;Standard;15;Bestandskunde;Maschinenbau;Bearbeitung;6;Stahl;pulverbeschichtet;26;26;7;0,012;4;18;18;1,0;4;0;0;42;6
PA2025-0769;2025-03-31;Standard;12;Bestandskunde;Logistiktechnik;Bearbeitung;17;Stahl;pulverbeschichtet;26;26;7;0,034;4;51;51;1,0;4;0;0;119;17
PA2025-0770;2025-03-31;Standard;9;Bestandskunde;Maschinenbau;Bearbeitung;1;Stahl;pulverbeschichtet;28;28;15;0,003;4;3;3;1,0;4;0;0;8;1
PA2025-0771;2025-03-27;Standard;11;Bestandskunde;Haushaltsgeräte;Bearbeitung;3;Stahl;pulverbeschichtet;28;28;15;0,009;4;9;9;1,0;4;0;0;24;3
PA2025-0772;2025-03-31;Standard;9;Bestandskunde;Automobilindustrie;Bearbeitung;14;Stahl;pulverbeschichtet;28;28;15;0,042;4;42;42;1,0;4;0;0;112;14
PA2025-0773;2025-03-28;Standard;13;Bestandskunde;Maschinenbau;Bearbeitung;5;Stahl;pulverbeschichtet;28;28;15;0,015;4;15;15;1,0;4;0;0;40;5
PA2025-0774;2025-03-28;Standard;15;Bestandskunde;Medizintechnik;Bearbeitung;5;Stahl;pulverbeschichtet;26;26;7;0,01;4;15;15;1,0;4;0;0;35;5
PA2025-0775;2025-03-26;Standard;6;Bestandskunde;Haushaltsgeräte;Bearbeitung;5;Stahl;pulverbeschichtet;26;26;7;0,01;4;15;15;1,0;4;0;0;35;5
PA2025-0776;2025-03-29;Änderung;13;Bestandskunde;Maschinenbau;Bearbeitung;9;Stahl;pulverbeschichtet;26;26;7;0,018;4;27;27;1,0;4;0;0;63;9
PA2025-0777;2025-03-26;Änderung;7;Bestandskunde;Maschinenbau;Bearbeitung;20;Stahl;pulverbeschichtet;26;26;7;0,04;4;60;60;1,0;4;0;0;140;20
PA2025-0778;2025-03-30;Standard;10;Bestandskunde;Logistiktechnik;Bearbeitung;1;Stahl;pulverbeschichtet;28;28;15;0,003;4;3;3;1,0;4;0;0;8;1
PA2025-0779;2025-03-31;Änderung;14;Bestandskunde;Maschinenbau;Bearbeitung;16;Stahl;pulverbeschichtet;28;28;15;0,048;4;48;48;1,0;4;0;0;128;16
PA2025-0780;2025-04-01;Standard;13;Bestandskunde;Logistiktechnik;Bearbeitung;7;Stahl;pulverbeschichtet;28;28;15;0,021;4;21;21;1,0;4;0;0;56;7
PA2025-0781;2025-04-05;Standard;4;Bestandskunde;Automobilindustrie;Bearbeitung;8;Stahl;pulverbeschichtet;26;26;7;0,016;4;24;24;1,0;4;0;0;56;8
PA2025-0782;2025-04-02;Änderung;7;Bestandskunde;Maschinenbau;Bearbeitung;20;Stahl;pulverbeschichtet;26;26;7;0,04;4;60;60;1,0;4;0;0;140;20
PA2025-0783;2025-04-04;Standard;13;Bestandskunde;Logistiktechnik;Bearbeitung;2;Stahl;pulverbeschichtet;28;28;15;0,006;4;6;6;1,0;4;0;0;16;2
PA2025-0784;2025-04-04;Standard;11;Bestandskunde;Logistiktechnik;Bearbeitung;20;Stahl;pulverbeschichtet;28;28;15;0,06;4;60;60;1,0;4;0;0;160;20
PA2025-0785;2025-04-05;Standard;14;Bestandskunde;Automobilindustrie;Bearbeitung;8;Stahl;pulverbeschichtet;26;26;7;0,016;4;24;24;1,0;4;0;0;56;8
PA2025-0786;2025-04-02;Standard;12;Bestandskunde;Logistiktechnik;Bearbeitung;2;Stahl;pulverbeschichtet;28;28;15;0,006;4;6;6;1,0;4;0;0;16;2
PA2025-0787;2025-04-05;Standard;12;Bestandskunde;Maschinenbau;Bearbeitung;10;Stahl;pulverbeschichtet;26;26;7;0,02;4;30;30;1,0;4;0;0;70;10
PA2025-0788;2025-04-05;Standard;10;Bestandskunde;Sonstige;Bearbeitung;17;Stahl;pulverbeschichtet;28;28;15;0,051;4;51;51;1,0;4;0;0;136;17
PA2025-0789;2025-04-08;Änderung;13;Bestandskunde;Medizintechnik;Bearbeitung;6;Stahl;pulverbeschichtet;26;26;7;0,012;4;18;18;1,0;4;0;0;42;6
PA2025-0790;2025-04-05;Änderung;10;Bestandskunde;Maschinenbau;Bearbeitung;19;Stahl;pulverbeschichtet;26;26;7;0,038;4;57;57;1,0;4;0;0;133;19
PA2025-0791;2025-04-02;Standard;9;Bestandskunde;Logistiktechnik;Bearbeitung;6;Stahl;pulverbeschichtet;26;26;7;0,012;4;18;18;1,0;4;0;0;42;6
PA2025-0792;2025-04-02;Änderung;13;Bestandskunde;Haushaltsgeräte;Bearbeitung;13;Stahl;pulverbeschichtet;26;26;7;0,026;4;39;39;1,0;4;0;0;91;13
PA2025-0793;2025-04-06;Standard;13;Bestandskunde;Sonstige;Bearbeitung;11;Stahl;pulverbeschichtet;26;26;7;0,022;4;33;33;1,0;4;0;0;77;11
PA2025-0794;2025-04-08;Standard;7;Bestandskunde;Medizintechnik;Bearbeitung;14;Stahl;pulverbeschichtet;26;26;7;0,028;4;42;42;1,0;4;0;0;98;14
PA2025-0795;2025-04-07;Änderung;14;Bestandskunde;Maschinenbau;Bearbeitung;5;Stahl;pulverbeschichtet;28;28;15;0,015;4;15;15;1,0;4;0;0;40;5
PA2025-0796;2025-04-06;Standard;10;Bestandskunde;Automobilindustrie;Bearbeitung;16;Stahl;pulverbeschichtet;26;26;7;0,032;4;48;48;1,0;4;0;0;112;16
PA2025-0797;2025-04-03;Änderung;7;Bestandskunde;Automobilindustrie;Bearbeitung;14;Stahl;pulverbeschichtet;26;26;7;0,028;4;42;42;1,0;4;0;0;98;14
PA2025-0798;2025-04-06;Standard;5;Bestandskunde;Logistiktechnik;Bearbeitung;20;Stahl;pulverbeschichtet;28;28;15;0,06;4;60;60;1,0;4;0;0;160;20
PA2025-0799;2025-04-03;Änderung;6;Bestandskunde;Automobilindustrie;Bearbeitung;5;Stahl;pulverbeschichtet;26;26;7;0,01;4;15;15;1,0;4;0;0;35;5
PA2025-0800;2025-04-04;Änderung;5;Bestandskunde;Medizintechnik;Bearbeitung;6;Stahl;pulverbeschichtet;26;26;7;0,012;4;18;18;1,0;4;0;0;42;6
PA2025-0801;2025-04-06;Standard;8;Bestandskunde;Maschinenbau;Bearbeitung;12;Stahl;pulverbeschichtet;26;26;7;0,024;4;36;36;1,0;4;0;0;84;12
PA2025-0802;2025-04-08;Änderung;10;Bestandskunde;Maschinenbau;Bearbeitung;3;Stahl;pulverbeschichtet;26;26;7;0,006;4;9;9;1,0;4;0;0;21;3
PA2025-0803;2025-04-02;Standard;10;Bestandskunde;Automobilindustrie;Bearbeitung;9;Stahl;pulverbeschichtet;28;28;15;0,027;4;27;27;1,0;4;0;0;72;9
PA2025-0804;2025-04-05;Standard;15;Bestandskunde;Sonstige;Bearbeitung;2;Stahl;pulverbeschichtet;28;28;15;0,006;4;6;6;1,0;4;0;0;16;2
PA2025-0805;2025-04-05;Standard;10;Bestandskunde;Automobilindustrie;Bearbeitung;9;Stahl;pulverbeschichtet;26;26;7;0,018;4;27;27;1,0;4;0;0;63;9
PA2025-0806;2025-04-06;Standard;15;Bestandskunde;Medizintechnik;Bearbeitung;16;Stahl;pulverbeschichtet;28;28;15;0,048;4;48;48;1,0;4;0;0;128;16
PA2025-0807;2025-04-07;Änderung;10;Bestandskunde;Sonstige;Bearbeitung;1;Stahl;pulverbeschichtet;26;26;7;0,002;4;3;3;1,0;4;0;0;7;1
PA2025-0808;2025-04-08;Änderung;6;Bestandskunde;Automobilindustrie;Bearbeitung;20;Stahl;pulverbeschichtet;28;28;15;0,06;4;60;60;1,0;4;0;0;160;20
PA2025-0809;2025-04-02;Standard;11;Bestandskunde;Maschinenbau;Bearbeitung;7;Stahl;pulverbeschichtet;28;28;15;0,021;4;21;21;1,0;4;0;0;56;7
PA2025-0810;2025-04-07;Änderung;10;Bestandskunde;Logistiktechnik;Bearbeitung;10;Stahl;pulverbeschichtet;26;26;7;0,02;4;30;30;1,0;4;0;0;70;10
PA2025-0811;2025-04-02;Änderung;11;Neukunde;Logistiktechnik;Bearbeitung;20;Stahl;pulverbeschichtet;28;28;15;0,06;4;60;60;1,0;4;0;0;160;20
PA2025-0812;2025-04-03;Standard;11;Bestandskunde;Logistiktechnik;Bearbeitung;16;Stahl;pulverbeschichtet;26;26;7;0,032;4;48;48;1,0;4;0;0;112;16
PA2025-0813;2025-04-07;Änderung;7;Bestandskunde;Maschinenbau;Bearbeitung;18;Stahl;pulverbeschichtet;28;28;15;0,054;4;54;54;1,0;4;0;0;144;18
PA2025-0814;2025-04-08;Standard;13;Bestandskunde;Automobilindustrie;Bearbeitung;17;Stahl;pulverbeschichtet;28;28;15;0,051;4;51;51;1,0;4;0;0;136;17
PA2025-0815;2025-04-07;Standard;11;Bestandskunde;Maschinenbau;Bearbeitung;19;Stahl;pulverbeschichtet;28;28;15;0,057;4;57;57;1,0;4;0;0;152;19
PA2025-0816;2025-04-02;Änderung;7;Bestandskunde;Automobilindustrie;Bearbeitung;13;Stahl;pulverbeschichtet;28;28;15;0,039;4;39;39;1,0;4;0;0;104;13
PA2025-0817;2025-04-03;Standard;6;Bestandskunde;Automobilindustrie;Bearbeitung;11;Stahl;pulverbeschichtet;26;26;7;0,022;4;33;33;1,0;4;0;0;77;11
PA2025-0818;2025-04-05;Änderung;5;Bestandskunde;Maschinenbau;Bearbeitung;15;Stahl;pulverbeschichtet;26;26;7;0,03;4;45;45;1,0;4;0;0;105;15
PA2025-0819;2025-04-06;Änderung;10;Bestandskunde;Automobilindustrie;Bearbeitung;2;Stahl;pulverbeschichtet;28;28;15;0,006;4;6;6;1,0;4;0;0;16;2
PA2025-0820;2025-04-05;Änderung;15;Bestandskunde;Logistiktechnik;Bearbeitung;17;Stahl;pulverbeschichtet;26;26;7;0,034;4;51;51;1,0;4;0;0;119;17
PA2025-0821;2025-04-04;Standard;14;Bestandskunde;Automobilindustrie;Bearbeitung;11;Stahl;pulverbeschichtet;26;26;7;0,022;4;33;33;1,0;4;0;0;77;11
PA2025-0822;2025-04-08;Änderung;15;Bestandskunde;Maschinenbau;Bearbeitung;2;Stahl;pulverbeschichtet;26;26;7;0,004;4;6;6;1,0;4;0;0;14;2
PA2025-0823;2025-04-07;Standard;15;Bestandskunde;Medizintechnik;Bearbeitung;2;Stahl;pulverbeschichtet;28;28;15;0,006;4;6;6;1,0;4;0;0;16;2
PA2025-0824;2025-04-05;Standard;5;Bestandskunde;Haushaltsgeräte;Bearbeitung;10;Stahl;pulverbeschichtet;26;26;7;0,02;4;30;30;1,0;4;0;0;70;10
PA2025-0825;2025-04-07;Standard;9;Bestandskunde;Maschinenbau;Bearbeitung;9;Stahl;pulverbeschichtet;26;26;7;0,018;4;27;27;1,0;4;0;0;63;9
PA2025-0826;2025-04-07;Standard;6;Bestandskunde;Maschinenbau;Bearbeitung;4;Stahl;pulverbeschichtet;28;28;15;0,012;4;12;12;1,0;4;0;0;32;4
PA2025-0827;2025-04-03;Standard;11;Bestandskunde;Logistiktechnik;Bearbeitung;10;Stahl;pulverbeschichtet;26;26;7;0,02;4;30;30;1,0;4;0;0;70;10
PA2025-0828;2025-04-02;Änderung;10;Bestandskunde;Haushaltsgeräte;Bearbeitung;15;Stahl;pulverbeschichtet;26;26;7;0,03;4;45;45;1,0;4;0;0;105;15
PA2025-0829;2025-04-02;Standard;14;Bestandskunde;Sonstige;Bearbeitung;13;Stahl;pulverbeschichtet;26;26;7;0,026;4;39;39;1,0;4;0;0;91;13
PA2025-0830;2025-04-05;Standard;12;Bestandskunde;Sonstige;Bearbeitung;19;Stahl;pulverbeschichtet;26;26;7;0,038;4;57;57;1,0;4;0;0;133;19
PA2025-0831;2025-04-04;Änderung;10;Bestandskunde;Sonstige;Bearbeitung;18;Stahl;pulverbeschichtet;28;28;15;0,054;4;54;54;1,0;4;0;0;144;18
PA2025-0832;2025-04-06;Standard;7;Bestandskunde;Maschinenbau;Bearbeitung;15;Stahl;pulverbeschichtet;26;26;7;0,03;4;45;45;1,0;4;0;0;105;15
PA2025-0833;2025-04-04;Standard;13;Bestandskunde;Logistiktechnik;Bearbeitung;5;Stahl;pulverbeschichtet;26;26;7;0,01;4;15;15;1,0;4;0;0;35;5
PA2025-0834;2025-04-05;Standard;7;Bestandskunde;Logistiktechnik;Bearbeitung;11;Stahl;pulverbeschichtet;28;28;15;0,033;4;33;33;1,0;4;0;0;88;11
PA2025-0835;2025-04-02;Standard;5;Bestandskunde;Haushaltsgeräte;Bearbeitung;15;Stahl;pulverbeschichtet;28;28;15;0,045;4;45;45;1,0;4;0;0;120;15
PA2025-0836;2025-04-08;Standard;12;Bestandskunde;Logistiktechnik;Bearbeitung;4;Stahl;pulverbeschichtet;26;26;7;0,008;4;12;12;1,0;4;0;0;28;4
PA2025-0837;2025-04-08;Standard;6;Bestandskunde;Medizintechnik;Bearbeitung;10;Stahl;pulverbeschichtet;28;28;15;0,03;4;30;30;1,0;4;0;0;80;10
PA2025-0838;2025-04-06;Standard;14;Bestandskunde;Sonstige;Bearbeitung;6;Stahl;pulverbeschichtet;28;28;15;0,018;4;18;18;1,0;4;0;0;48;6
PA2025-0839;2025-04-02;Standard;11;Bestandskunde;Sonstige;Bearbeitung;14;Stahl;pulverbeschichtet;28;28;15;0,042;4;42;42;1,0;4;0;0;112;14
PA2025-0840;2025-04-08;Standard;11;Bestandskunde;Maschinenbau;Bearbeitung;3;Stahl;pulverbeschichtet;28;28;15;0,009;4;9;9;1,0;4;0;0;24;3
PA2025-0841;2025-04-06;Standard;15;Bestandskunde;Logistiktechnik;Bearbeitung;15;Stahl;pulverbeschichtet;28;28;15;0,045;4;45;45;1,0;4;0;0;120;15
PA2025-0842;2025-04-05;Standard;5;Bestandskunde;Maschinenbau;Bearbeitung;20;Stahl;pulverbeschichtet;26;26;7;0,04;4;60;60;1,0;4;0;0;140;20
PA2025-0843;2025-04-05;Änderung;5;Neukunde;Automobilindustrie;Bearbeitung;19;Stahl;pulverbeschichtet;28;28;15;0,057;4;57;57;1,0;4;0;0;152;19
PA2025-0844;2025-04-07;Standard;7;Bestandskunde;Logistiktechnik;Bearbeitung;20;Stahl;pulverbeschichtet;26;26;7;0,04;4;60;60;1,0;4;0;0;140;20
PA2025-0845;2025-04-03;Standard;11;Bestandskunde;Haushaltsgeräte;Bearbeitung;10;Stahl;pulverbeschichtet;28;28;15;0,03;4;30;30;1,0;4;0;0;80;10
PA2025-0846;2025-04-04;Standard;5;Bestandskunde;Haushaltsgeräte;Bearbeitung;17;Stahl;pulverbeschichtet;28;28;15;0,051;4;51;51;1,0;4;0;0;136;17
PA2025-0847;2025-04-08;Änderung;10;Neukunde;Haushaltsgeräte;Bearbeitung;2;Stahl;pulverbeschichtet;28;28;15;0,006;4;6;6;1,0;4;0;0;16;2
PA2025-0848;2025-04-02;Standard;10;Bestandskunde;Sonstige;Bearbeitung;19;Stahl;pulverbeschichtet;26;26;7;0,038;4;57;57;1,0;4;0;0;133;19
PA2025-0849;2025-04-04;Standard;11;Bestandskunde;Sonstige;Bearbeitung;7;Stahl;pulverbeschichtet;28;28;15;0,021;4;21;21;1,0;4;0;0;56;7
PA2025-0850;2025-04-03;Änderung;7;Bestandskunde;Medizintechnik;Bearbeitung;12;Stahl;pulverbeschichtet;26;26;7;0,024;4;36;36;1,0;4;0;0;84;12
PA2025-0851;2025-04-04;Standard;5;Bestandskunde;Haushaltsgeräte;Bearbeitung;1;Stahl;pulverbeschichtet;28;28;15;0,003;4;3;3;1,0;4;0;0;8;1
PA2025-0852;2025-04-07;Änderung;14;Bestandskunde;Automobilindustrie;Bearbeitung;5;Stahl;pulverbeschichtet;26;26;7;0,01;4;15;15;1,0;4;0;0;35;5
PA2025-0853;2025-04-08;Standard;13;Bestandskunde;Maschinenbau;Bearbeitung;14;Stahl;pulverbeschichtet;28;28;15;0,042;4;42;42;1,0;4;0;0;112;14
PA2025-0854;2025-04-04;Standard;8;Bestandskunde;Logistiktechnik;Bearbeitung;19;Stahl;pulverbeschichtet;28;28;15;0,057;4;57;57;1,0;4;0;0;152;19
PA2025-0855;2025-04-03;Änderung;15;Bestandskunde;Automobilindustrie;Bearbeitung;19;Stahl;pulverbeschichtet;28;28;15;0,057;4;57;57;1,0;4;0;0;152;19
PA2025-0856;2025-04-02;Standard;14;Bestandskunde;Maschinenbau;Bearbeitung;16;Stahl;pulverbeschichtet;28;28;15;0,048;4;48;48;1,0;4;0;0;128;16
PA2025-0857;2025-04-07;Änderung;15;Neukunde;Sonstige;Bearbeitung;9;Stahl;pulverbeschichtet;26;26;7;0,018;4;27;27;1,0;4;0;0;63;9
PA2025-0858;2025-04-02;Standard;15;Bestandskunde;Automobilindustrie;Bearbeitung;16;Stahl;pulverbeschichtet;28;28;15;0,048;4;48;48;1,0;4;0;0;128;16
PA2025-0859;2025-04-06;Standard;5;Bestandskunde;Maschinenbau;Bearbeitung;1;Stahl;pulverbeschichtet;26;26;7;0,002;4;3;3;1,0;4;0;0;7;1
PA2025-0860;2025-04-06;Standard;15;Bestandskunde;Sonstige;Bearbeitung;12;Stahl;pulverbeschichtet;28;28;15;0,036;4;36;36;1,0;4;0;0;96;12
PA2025-0861;2025-04-03;Standard;4;Bestandskunde;Maschinenbau;Bearbeitung;10;Stahl;pulverbeschichtet;28;28;15;0,03;4;30;30;1,0;4;0;0;80;10
PA2025-0862;2025-04-07;Standard;14;Bestandskunde;Logistiktechnik;Bearbeitung;10;Stahl;pulverbeschichtet;28;28;15;0,03;4;30;30;1,0;4;0;0;80;10
PA2025-0863;2025-04-05;Standard;5;Bestandskunde;Maschinenbau;Bearbeitung;9;Stahl;pulverbeschichtet;26;26;7;0,018;4;27;27;1,0;4;0;0;63;9
PA2025-0864;2025-04-06;Standard;10;Bestandskunde;Automobilindustrie;Bearbeitung;4;Stahl;pulverbeschichtet;28;28;15;0,012;4;12;12;1,0;4;0;0;32;4
PA2025-0865;2025-04-07;Standard;14;Bestandskunde;Automobilindustrie;Bearbeitung;8;Stahl;pulverbeschichtet;26;26;7;0,016;4;24;24;1,0;4;0;0;56;8
PA2025-0866;2025-04-08;Standard;15;Bestandskunde;Automobilindustrie;Bearbeitung;3;Stahl;pulverbeschichtet;28;28;15;0,009;4;9;9;1,0;4;0;0;24;3
PA2025-0867;2025-04-08;Änderung;14;Bestandskunde;Logistiktechnik;Bearbeitung;13;Stahl;pulverbeschichtet;26;26;7;0,026;4;39;39;1,0;4;0;0;91;13
PA2025-0868;2025-04-07;Standard;8;Bestandskunde;Sonstige;Bearbeitung;12;Stahl;pulverbeschichtet;26;26;7;0,024;4;36;36;1,0;4;0;0;84;12
PA2025-0869;2025-04-08;Änderung;6;Bestandskunde;Maschinenbau;Bearbeitung;16;Stahl;pulverbeschichtet;26;26;7;0,032;4;48;48;1,0;4;0;0;112;16
PA2025-0870;2025-04-07;Standard;9;Bestandskunde;Maschinenbau;Bearbeitung;16;Stahl;pulverbeschichtet;28;28;15;0,048;4;48;48;1,0;4;0;0;128;16
PA2025-0871;2025-04-13;Änderung;14;Bestandskunde;Logistiktechnik;Bearbeitung;15;Stahl;pulverbeschichtet;28;28;15;0,045;4;45;45;1,0;4;0;0;120;15
PA2025-0872;2025-04-11;Standard;15;Bestandskunde;Automobilindustrie;Bearbeitung;18;Stahl;pulverbeschichtet;28;28;15;0,054;4;54;54;1,0;4;0;0;144;18
PA2025-0873;2025-04-13;Standard;10;Bestandskunde;Logistiktechnik;Bearbeitung;4;Stahl;pulverbeschichtet;28;28;15;0,012;4;12;12;1,0;4;0;0;32;4
PA2025-0874;2025-04-13;Standard;13;Bestandskunde;Automobilindustrie;Bearbeitung;8;Stahl;pulverbeschichtet;28;28;15;0,024;4;24;24;1,0;4;0;0;64;8
PA2025-0875;2025-04-14;Standard;8;Bestandskunde;Automobilindustrie;Bearbeitung;1;Stahl;pulverbeschichtet;26;26;7;0,002;4;3;3;1,0;4;0;0;7;1
PA2025-0876;2025-04-12;Standard;5;Bestandskunde;Logistiktechnik;Bearbeitung;12;Stahl;pulverbeschichtet;26;26;7;0,024;4;36;36;1,0;4;0;0;84;12
PA2025-0877;2025-04-11;Änderung;7;Bestandskunde;Maschinenbau;Bearbeitung;2;Stahl;pulverbeschichtet;26;26;7;0,004;4;6;6;1,0;4;0;0;14;2
PA2025-0878;2025-04-14;Änderung;6;Bestandskunde;Automobilindustrie;Bearbeitung;13;Stahl;pulverbeschichtet;26;26;7;0,026;4;39;39;1,0;4;0;0;91;13
PA2025-0879;2025-04-14;Standard;8;Bestandskunde;Automobilindustrie;Bearbeitung;3;Stahl;pulverbeschichtet;26;26;7;0,006;4;9;9;1,0;4;0;0;21;3
PA2025-0880;2025-04-15;Änderung;13;Bestandskunde;Logistiktechnik;Bearbeitung;11;Stahl;pulverbeschichtet;28;28;15;0,033;4;33;33;1,0;4;0;0;88;11
PA2025-0881;2025-04-15;Standard;5;Bestandskunde;Automobilindustrie;Bearbeitung;13;Stahl;pulverbeschichtet;28;28;15;0,039;4;39;39;1,0;4;0;0;104;13
PA2025-0882;2025-04-11;Standard;9;Bestandskunde;Logistiktechnik;Bearbeitung;7;Stahl;pulverbeschichtet;28;28;15;0,021;4;21;21;1,0;4;0;0;56;7
PA2025-0883;2025-04-14;Standard;14;Bestandskunde;Maschinenbau;Bearbeitung;14;Stahl;pulverbeschichtet;28;28;15;0,042;4;42;42;1,0;4;0;0;112;14
PA2025-0884;2025-04-12;Standard;10;Bestandskunde;Automobilindustrie;Bearbeitung;19;Stahl;pulverbeschichtet;26;26;7;0,038;4;57;57;1,0;4;0;0;133;19
PA2025-0885;2025-04-09;Standard;14;Bestandskunde;Sonstige;Bearbeitung;2;Stahl;pulverbeschichtet;28;28;15;0,006;4;6;6;1,0;4;0;0;16;2
PA2025-0886;2025-04-10;Änderung;11;Bestandskunde;Maschinenbau;Bearbeitung;17;Stahl;pulverbeschichtet;28;28;15;0,051;4;51;51;1,0;4;0;0;136;17
PA2025-0887;2025-04-12;Standard;12;Bestandskunde;Maschinenbau;Bearbeitung;3;Stahl;pulverbeschichtet;28;28;15;0,009;4;9;9;1,0;4;0;0;24;3
PA2025-0888;2025-04-12;Standard;15;Bestandskunde;Maschinenbau;Bearbeitung;12;Stahl;pulverbeschichtet;26;26;7;0,024;4;36;36;1,0;4;0;0;84;12
PA2025-0889;2025-04-11;Änderung;11;Bestandskunde;Automobilindustrie;Bearbeitung;3;Stahl;pulverbeschichtet;28;28;15;0,009;4;9;9;1,0;4;0;0;24;3
PA2025-0890;2025-04-15;Standard;11;Bestandskunde;Maschinenbau;Bearbeitung;10;Stahl;pulverbeschichtet;28;28;15;0,03;4;30;30;1,0;4;0;0;80;10
PA2025-0891;2025-04-13;Standard;5;Bestandskunde;Logistiktechnik;Bearbeitung;10;Stahl;pulverbeschichtet;26;26;7;0,02;4;30;30;1,0;4;0;0;70;10
PA2025-0892;2025-04-14;Änderung;12;Bestandskunde;Automobilindustrie;Bearbeitung;15;Stahl;pulverbeschichtet;28;28;15;0,045;4;45;45;1,0;4;0;0;120;15
PA2025-0893;2025-04-09;Standard;7;Bestandskunde;Sonstige;Bearbeitung;8;Stahl;pulverbeschichtet;26;26;7;0,016;4;24;24;1,0;4;0;0;56;8
PA2025-0894;2025-04-09;Standard;10;Neukunde;Haushaltsgeräte;Bearbeitung;15;Stahl;pulverbeschichtet;28;28;15;0,045;4;45;45;1,0;4;0;0;120;15
PA2025-0895;2025-04-11;Änderung;4;Bestandskunde;Haushaltsgeräte;Bearbeitung;13;Stahl;pulverbeschichtet;26;26;7;0,026;4;39;39;1,0;4;0;0;91;13
PA2025-0896;2025-04-15;Standard;15;Bestandskunde;Maschinenbau;Bearbeitung;18;Stahl;pulverbeschichtet;26;26;7;0,036;4;54;54;1,0;4;0;0;126;18
PA2025-0897;2025-04-09;Standard;4;Bestandskunde;Maschinenbau;Bearbeitung;1;Stahl;pulverbeschichtet;26;26;7;0,002;4;3;3;1,0;4;0;0;7;1
PA2025-0898;2025-04-09;Standard;8;Bestandskunde;Medizintechnik;Bearbeitung;6;Stahl;pulverbeschichtet;28;28;15;0,018;4;18;18;1,0;4;0;0;48;6
PA2025-0899;2025-04-15;Änderung;6;Bestandskunde;Haushaltsgeräte;Bearbeitung;19;Stahl;pulverbeschichtet;26;26;7;0,038;4;57;57;1,0;4;0;0;133;19
PA2025-0900;2025-04-09;Standard;14;Bestandskunde;Sonstige;Bearbeitung;3;Stahl;pulverbeschichtet;26;26;7;0,006;4;9;9;1,0;4;0;0;21;3
PA2025-0901;2025-04-11;Standard;11;Bestandskunde;Logistiktechnik;Bearbeitung;19;Stahl;pulverbeschichtet;26;26;7;0,038;4;57;57;1,0;4;0;0;133;19
PA2025-0902;2025-04-15;Standard;8;Bestandskunde;Automobilindustrie;Bearbeitung;11;Stahl;pulverbeschichtet;26;26;7;0,022;4;33;33;1,0;4;0;0;77;11
PA2025-0903;2025-04-11;Standard;5;Bestandskunde;Maschinenbau;Bearbeitung;12;Stahl;pulverbeschichtet;26;26;7;0,024;4;36;36;1,0;4;0;0;84;12
PA2025-0904;2025-04-10;Standard;4;Bestandskunde;Automobilindustrie;Bearbeitung;20;Stahl;pulverbeschichtet;26;26;7;0,04;4;60;60;1,0;4;0;0;140;20
PA2025-0905;2025-04-09;Standard;14;Bestandskunde;Haushaltsgeräte;Bearbeitung;3;Stahl;pulverbeschichtet;28;28;15;0,009;4;9;9;1,0;4;0;0;24;3
PA2025-0906;2025-04-14;Standard;14;Bestandskunde;Sonstige;Bearbeitung;9;Stahl;pulverbeschichtet;28;28;15;0,027;4;27;27;1,0;4;0;0;72;9
PA2025-0907;2025-04-10;Standard;6;Bestandskunde;Haushaltsgeräte;Bearbeitung;6;Stahl;pulverbeschichtet;28;28;15;0,018;4;18;18;1,0;4;0;0;48;6
PA2025-0908;2025-04-09;Änderung;10;Bestandskunde;Medizintechnik;Bearbeitung;8;Stahl;pulverbeschichtet;28;28;15;0,024;4;24;24;1,0;4;0;0;64;8
PA2025-0909;2025-04-13;Standard;6;Bestandskunde;Haushaltsgeräte;Bearbeitung;18;Stahl;pulverbeschichtet;26;26;7;0,036;4;54;54;1,0;4;0;0;126;18
PA2025-0910;2025-04-15;Standard;8;Bestandskunde;Maschinenbau;Bearbeitung;5;Stahl;pulverbeschichtet;26;26;7;0,01;4;15;15;1,0;4;0;0;35;5
PA2025-0911;2025-04-10;Änderung;6;Bestandskunde;Sonstige;Bearbeitung;12;Stahl;pulverbeschichtet;28;28;15;0,036;4;36;36;1,0;4;0;0;96;12
PA2025-0912;2025-04-12;Standard;10;Bestandskunde;Automobilindustrie;Bearbeitung;15;Stahl;pulverbeschichtet;28;28;15;0,045;4;45;45;1,0;4;0;0;120;15
PA2025-0913;2025-04-14;Standard;4;Bestandskunde;Automobilindustrie;Bearbeitung;1;Stahl;pulverbeschichtet;26;26;7;0,002;4;3;3;1,0;4;0;0;7;1
PA2025-0914;2025-04-09;Änderung;5;Bestandskunde;Automobilindustrie;Bearbeitung;19;Stahl;pulverbeschichtet;28;28;15;0,057;4;57;57;1,0;4;0;0;152;19
PA2025-0915;2025-04-10;Änderung;11;Bestandskunde;Maschinenbau;Bearbeitung;8;Stahl;pulverbeschichtet;28;28;15;0,024;4;24;24;1,0;4;0;0;64;8
PA2025-0916;2025-04-14;Standard;14;Bestandskunde;Sonstige;Bearbeitung;8;Stahl;pulverbeschichtet;26;26;7;0,016;4;24;24;1,0;4;0;0;56;8
PA2025-0917;2025-04-13;Standard;15;Bestandskunde;Maschinenbau;Bearbeitung;7;Stahl;pulverbeschichtet;26;26;7;0,014;4;21;21;1,0;4;0;0;49;7
PA2025-0918;2025-04-12;Standard;11;Bestandskunde;Medizintechnik;Bearbeitung;12;Stahl;pulverbeschichtet;28;28;15;0,036;4;36;36;1,0;4;0;0;96;12
PA2025-0919;2025-04-11;Standard;5;Bestandskunde;Automobilindustrie;Bearbeitung;9;Stahl;pulverbeschichtet;28;28;15;0,027;4;27;27;1,0;4;0;0;72;9
PA2025-0920;2025-04-15;Änderung;13;Bestandskunde;Logistiktechnik;Bearbeitung;11;Stahl;pulverbeschichtet;26;26;7;0,022;4;33;33;1,0;4;0;0;77;11
PA2025-0921;2025-04-13;Standard;8;Bestandskunde;Haushaltsgeräte;Bearbeitung;20;Stahl;pulverbeschichtet;26;26;7;0,04;4;60;60;1,0;4;0;0;140;20
PA2025-0922;2025-04-09;Standard;12;Bestandskunde;Haushaltsgeräte;Bearbeitung;7;Stahl;pulverbeschichtet;26;26;7;0,014;4;21;21;1,0;4;0;0;49;7
PA2025-0923;2025-04-11;Änderung;3;Bestandskunde;Maschinenbau;Bearbeitung;8;Stahl;pulverbeschichtet;28;28;15;0,024;4;24;24;1,0;4;0;0;64;8
PA2025-0924;2025-04-12;Standard;9;Bestandskunde;Maschinenbau;Bearbeitung;5;Stahl;pulverbeschichtet;26;26;7;0,01;4;15;15;1,0;4;0;0;35;5
PA2025-0925;2025-04-09;Standard;4;Bestandskunde;Logistiktechnik;Bearbeitung;17;Stahl;pulverbeschichtet;26;26;7;0,034;4;51;51;1,0;4;0;0;119;17
PA2025-0926;2025-04-13;Änderung;13;Bestandskunde;Maschinenbau;Bearbeitung;4;Stahl;pulverbeschichtet;26;26;7;0,008;4;12;12;1,0;4;0;0;28;4
PA2025-0927;2025-04-10;Änderung;5;Bestandskunde;Logistiktechnik;Bearbeitung;14;Stahl;pulverbeschichtet;28;28;15;0,042;4;42;42;1,0;4;0;0;112;14
PA2025-0928;2025-04-11;Standard;10;Bestandskunde;Logistiktechnik;Bearbeitung;1;Stahl;pulverbeschichtet;26;26;7;0,002;4;3;3;1,0;4;0;0;7;1
PA2025-0929;2025-04-11;Standard;6;Bestandskunde;Automobilindustrie;Bearbeitung;19;Stahl;pulverbeschichtet;28;28;15;0,057;4;57;57;1,0;4;0;0;152;19
PA2025-0930;2025-04-12;Änderung;6;Bestandskunde;Medizintechnik;Bearbeitung;12;Stahl;pulverbeschichtet;26;26;7;0,024;4;36;36;1,0;4;0;0;84;12
PA2025-0931;2025-04-14;Standard;4;Bestandskunde;Sonstige;Bearbeitung;11;Stahl;pulverbeschichtet;28;28;15;0,033;4;33;33;1,0;4;0;0;88;11
PA2025-0932;2025-04-12;Standard;10;Bestandskunde;Sonstige;Bearbeitung;19;Stahl;pulverbeschichtet;26;26;7;0,038;4;57;57;1,0;4;0;0;133;19
PA2025-0933;2025-04-13;Standard;11;Bestandskunde;Sonstige;Bearbeitung;12;Stahl;pulverbeschichtet;26;26;7;0,024;4;36;36;1,0;4;0;0;84;12
PA2025-0934;2025-04-12;Änderung;11;Bestandskunde;Haushaltsgeräte;Bearbeitung;12;Stahl;pulverbeschichtet;26;26;7;0,024;4;36;36;1,0;4;0;0;84;12
PA2025-0935;2025-04-13;Standard;9;Bestandskunde;Sonstige;Bearbeitung;18;Stahl;pulverbeschichtet;26;26;7;0,036;4;54;54;1,0;4;0;0;126;18
PA2025-0936;2025-04-14;Änderung;9;Bestandskunde;Maschinenbau;Bearbeitung;11;Stahl;pulverbeschichtet;26;26;7;0,022;4;33;33;1,0;4;0;0;77;11
PA2025-0937;2025-04-13;Standard;14;Bestandskunde;Automobilindustrie;Bearbeitung;12;Stahl;pulverbeschichtet;28;28;15;0,036;4;36;36;1,0;4;0;0;96;12
PA2025-0938;2025-04-13;Standard;15;Bestandskunde;Automobilindustrie;Bearbeitung;18;Stahl;pulverbeschichtet;28;28;15;0,054;4;54;54;1,0;4;0;0;144;18
PA2025-0939;2025-04-13;Standard;12;Bestandskunde;Maschinenbau;Bearbeitung;3;Stahl;pulverbeschichtet;28;28;15;0,009;4;9;9;1,0;4;0;0;24;3
PA2025-0940;2025-04-09;Änderung;5;Bestandskunde;Sonstige;Bearbeitung;3;Stahl;pulverbeschichtet;26;26;7;0,006;4;9;9;1,0;4;0;0;21;3
PA2025-0941;2025-04-11;Standard;5;Bestandskunde;Automobilindustrie;Bearbeitung;7;Stahl;pulverbeschichtet;26;26;7;0,014;4;21;21;1,0;4;0;0;49;7
PA2025-0942;2025-04-12;Standard;6;Bestandskunde;Automobilindustrie;Bearbeitung;1;Stahl;pulverbeschichtet;26;26;7;0,002;4;3;3;1,0;4;0;0;7;1
PA2025-0943;2025-04-09;Standard;3;Bestandskunde;Maschinenbau;Bearbeitung;17;Stahl;pulverbeschichtet;28;28;15;0,051;4;51;51;1,0;4;0;0;136;17
PA2025-0944;2025-04-13;Standard;11;Neukunde;Maschinenbau;Bearbeitung;16;Stahl;pulverbeschichtet;28;28;15;0,048;4;48;48;1,0;4;0;0;128;16
PA2025-0945;2025-04-11;Änderung;5;Bestandskunde;Haushaltsgeräte;Bearbeitung;9;Stahl;pulverbeschichtet;28;28;15;0,027;4;27;27;1,0;4;0;0;72;9
PA2025-0946;2025-04-11;Standard;10;Bestandskunde;Haushaltsgeräte;Bearbeitung;12;Stahl;pulverbeschichtet;26;26;7;0,024;4;36;36;1,0;4;0;0;84;12
PA2025-0947;2025-04-10;Standard;6;Bestandskunde;Sonstige;Bearbeitung;6;Stahl;pulverbeschichtet;28;28;15;0,018;4;18;18;1,0;4;0;0;48;6
PA2025-0948;2025-04-10;Standard;6;Bestandskunde;Sonstige;Bearbeitung;5;Stahl;pulverbeschichtet;26;26;7;0,01;4;15;15;1,0;4;0;0;35;5
PA2025-0949;2025-04-11;Standard;6;Bestandskunde;Sonstige;Bearbeitung;11;Stahl;pulverbeschichtet;28;28;15;0,033;4;33;33;1,0;4;0;0;88;11
PA2025-0950;2025-04-11;Standard;13;Bestandskunde;Logistiktechnik;Bearbeitung;10;Stahl;pulverbeschichtet;28;28;15;0,03;4;30;30;1,0;4;0;0;80;10
PA2025-0951;2025-04-12;Standard;15;Neukunde;Automobilindustrie;Bearbeitung;11;Stahl;pulverbeschichtet;26;26;7;0,022;4;33;33;1,0;4;0;0;77;11
PA2025-0952;2025-04-14;Standard;15;Neukunde;Logistiktechnik;Bearbeitung;16;Stahl;pulverbeschichtet;26;26;7;0,032;4;48;48;1,0;4;0;0;112;16
PA2025-0953;2025-04-14;Standard;7;Bestandskunde;Automobilindustrie;Bearbeitung;15;Stahl;pulverbeschichtet;28;28;15;0,045;4;45;45;1,0;4;0;0;120;15
PA2025-0954;2025-04-09;Änderung;14;Bestandskunde;Maschinenbau;Bearbeitung;18;Stahl;pulverbeschichtet;28;28;15;0,054;4;54;54;1,0;4;0;0;144;18
PA2025-0955;2025-04-09;Standard;12;Bestandskunde;Maschinenbau;Bearbeitung;12;Stahl;pulverbeschichtet;26;26;7;0,024;4;36;36;1,0;4;0;0;84;12
PA2025-0956;2025-04-09;Änderung;7;Bestandskunde;Maschinenbau;Bearbeitung;9;Stahl;pulverbeschichtet;26;26;7;0,018;4;27;27;1,0;4;0;0;63;9
PA2025-0957;2025-04-09;Änderung;13;Neukunde;Automobilindustrie;Bearbeitung;17;Stahl;pulverbeschichtet;26;26;7;0,034;4;51;51;1,0;4;0;0;119;17
PA2025-0958;2025-04-12;Änderung;10;Bestandskunde;Logistiktechnik;Bearbeitung;2;Stahl;pulverbeschichtet;28;28;15;0,006;4;6;6;1,0;4;0;0;16;2
PA2025-0959;2025-04-10;Standard;12;Bestandskunde;Sonstige;Bearbeitung;10;Stahl;pulverbeschichtet;28;28;15;0,03;4;30;30;1,0;4;0;0;80;10
PA2025-0960;2025-04-11;Standard;13;Bestandskunde;Maschinenbau;Bearbeitung;15;Stahl;pulverbeschichtet;28;28;15;0,045;4;45;45;1,0;4;0;0;120;15
PA2025-0961;2025-04-18;Änderung;6;Bestandskunde;Automobilindustrie;Bearbeitung;14;Stahl;pulverbeschichtet;28;28;15;0,042;4;42;42;1,0;4;0;0;112;14
PA2025-0962;2025-04-22;Standard;5;Bestandskunde;Automobilindustrie;Bearbeitung;17;Stahl;pulverbeschichtet;28;28;15;0,051;4;51;51;1,0;4;0;0;136;17
PA2025-0963;2025-04-20;Standard;13;Bestandskunde;Sonstige;Bearbeitung;9;Stahl;pulverbeschichtet;28;28;15;0,027;4;27;27;1,0;4;0;0;72;9
PA2025-0964;2025-04-20;Standard;15;Bestandskunde;Automobilindustrie;Bearbeitung;5;Stahl;pulverbeschichtet;28;28;15;0,015;4;15;15;1,0;4;0;0;40;5
PA2025-0965;2025-04-22;Standard;13;Bestandskunde;Automobilindustrie;Bearbeitung;10;Stahl;pulverbeschichtet;26;26;7;0,02;4;30;30;1,0;4;0;0;70;10
PA2025-0966;2025-04-20;Standard;15;Bestandskunde;Automobilindustrie;Bearbeitung;5;Stahl;pulverbeschichtet;28;28;15;0,015;4;15;15;1,0;4;0;0;40;5
PA2025-0967;2025-04-21;Standard;14;Bestandskunde;Sonstige;Bearbeitung;10;Stahl;pulverbeschichtet;28;28;15;0,03;4;30;30;1,0;4;0;0;80;10
PA2025-0968;2025-04-19;Standard;9;Bestandskunde;Sonstige;Bearbeitung;16;Stahl;pulverbeschichtet;28;28;15;0,048;4;48;48;1,0;4;0;0;128;16
PA2025-0969;2025-04-20;Standard;15;Bestandskunde;Maschinenbau;Bearbeitung;16;Stahl;pulverbeschichtet;26;26;7;0,032;4;48;48;1,0;4;0;0;112;16
PA2025-0970;2025-04-20;Änderung;5;Bestandskunde;Logistiktechnik;Bearbeitung;2;Stahl;pulverbeschichtet;26;26;7;0,004;4;6;6;1,0;4;0;0;14;2
PA2025-0971;2025-04-19;Standard;6;Bestandskunde;Automobilindustrie;Bearbeitung;12;Stahl;pulverbeschichtet;26;26;7;0,024;4;36;36;1,0;4;0;0;84;12
PA2025-0972;2025-04-18;Standard;4;Bestandskunde;Logistiktechnik;Bearbeitung;3;Stahl;pulverbeschichtet;28;28;15;0,009;4;9;9;1,0;4;0;0;24;3
PA2025-0973;2025-04-22;Standard;6;Bestandskunde;Logistiktechnik;Bearbeitung;11;Stahl;pulverbeschichtet;26;26;7;0,022;4;33;33;1,0;4;0;0;77;11
PA2025-0974;2025-04-22;Standard;10;Neukunde;Haushaltsgeräte;Bearbeitung;12;Stahl;pulverbeschichtet;28;28;15;0,036;4;36;36;1,0;4;0;0;96;12
PA2025-0975;2025-04-22;Änderung;7;Bestandskunde;Automobilindustrie;Bearbeitung;12;Stahl;pulverbeschichtet;26;26;7;0,024;4;36;36;1,0;4;0;0;84;12
PA2025-0976;2025-04-18;Standard;6;Bestandskunde;Sonstige;Bearbeitung;8;Stahl;pulverbeschichtet;28;28;15;0,024;4;24;24;1,0;4;0;0;64;8
PA2025-0977;2025-04-19;Standard;14;Bestandskunde;Maschinenbau;Bearbeitung;5;Stahl;pulverbeschichtet;26;26;7;0,01;4;15;15;1,0;4;0;0;35;5
PA2025-0978;2025-04-18;Änderung;10;Bestandskunde;Automobilindustrie;Bearbeitung;15;Stahl;pulverbeschichtet;26;26;7;0,03;4;45;45;1,0;4;0;0;105;15
PA2025-0979;2025-04-21;Standard;10;Neukunde;Logistiktechnik;Bearbeitung;8;Stahl;pulverbeschichtet;28;28;15;0,024;4;24;24;1,0;4;0;0;64;8
PA2025-0980;2025-04-21;Standard;9;Bestandskunde;Automobilindustrie;Bearbeitung;3;Stahl;pulverbeschichtet;26;26;7;0,006;4;9;9;1,0;4;0;0;21;3
PA2025-0981;2025-04-22;Standard;6;Bestandskunde;Medizintechnik;Bearbeitung;14;Stahl;pulverbeschichtet;28;28;15;0,042;4;42;42;1,0;4;0;0;112;14
PA2025-0982;2025-04-16;Änderung;4;Bestandskunde;Automobilindustrie;Bearbeitung;2;Stahl;pulverbeschichtet;26;26;7;0,004;4;6;6;1,0;4;0;0;14;2
PA2025-0983;2025-04-18;Änderung;4;Bestandskunde;Automobilindustrie;Bearbeitung;4;Stahl;pulverbeschichtet;28;28;15;0,012;4;12;12;1,0;4;0;0;32;4
PA2025-0984;2025-04-20;Standard;9;Bestandskunde;Logistiktechnik;Bearbeitung;3;Stahl;pulverbeschichtet;26;26;7;0,006;4;9;9;1,0;4;0;0;21;3
PA2025-0985;2025-04-20;Standard;12;Neukunde;Logistiktechnik;Bearbeitung;20;Stahl;pulverbeschichtet;26;26;7;0,04;4;60;60;1,0;4;0;0;140;20
PA2025-0986;2025-04-16;Standard;3;Neukunde;Logistiktechnik;Bearbeitung;10;Stahl;pulverbeschichtet;26;26;7;0,02;4;30;30;1,0;4;0;0;70;10
PA2025-0987;2025-04-21;Standard;6;Bestandskunde;Sonstige;Bearbeitung;16;Stahl;pulverbeschichtet;26;26;7;0,032;4;48;48;1,0;4;0;0;112;16
PA2025-0988;2025-04-20;Standard;8;Bestandskunde;Automobilindustrie;Bearbeitung;6;Stahl;pulverbeschichtet;28;28;15;0,018;4;18;18;1,0;4;0;0;48;6
PA2025-0989;2025-04-19;Standard;8;Bestandskunde;Automobilindustrie;Bearbeitung;11;Stahl;pulverbeschichtet;28;28;15;0,033;4;33;33;1,0;4;0;0;88;11
PA2025-0990;2025-04-16;Änderung;15;Bestandskunde;Maschinenbau;Bearbeitung;10;Stahl;pulverbeschichtet;26;26;7;0,02;4;30;30;1,0;4;0;0;70;10
PA2025-0991;2025-04-18;Standard;14;Bestandskunde;Maschinenbau;Bearbeitung;20;Stahl;pulverbeschichtet;26;26;7;0,04;4;60;60;1,0;4;0;0;140;20
PA2025-0992;2025-04-22;Änderung;13;Bestandskunde;Medizintechnik;Bearbeitung;14;Stahl;pulverbeschichtet;28;28;15;0,042;4;42;42;1,0;4;0;0;112;14
PA2025-0993;2025-04-22;Standard;14;Bestandskunde;Automobilindustrie;Bearbeitung;1;Stahl;pulverbeschichtet;26;26;7;0,002;4;3;3;1,0;4;0;0;7;1
PA2025-0994;2025-04-16;Standard;12;Bestandskunde;Maschinenbau;Bearbeitung;3;Stahl;pulverbeschichtet;28;28;15;0,009;4;9;9;1,0;4;0;0;24;3
PA2025-0995;2025-04-19;Standard;12;Bestandskunde;Maschinenbau;Bearbeitung;6;Stahl;pulverbeschichtet;26;26;7;0,012;4;18;18;1,0;4;0;0;42;6
PA2025-0996;2025-04-17;Standard;11;Neukunde;Maschinenbau;Bearbeitung;13;Stahl;pulverbeschichtet;26;26;7;0,026;4;39;39;1,0;4;0;0;91;13
PA2025-0997;2025-04-22;Standard;13;Bestandskunde;Logistiktechnik;Bearbeitung;19;Stahl;pulverbeschichtet;26;26;7;0,038;4;57;57;1,0;4;0;0;133;19
PA2025-0998;2025-04-19;Änderung;11;Bestandskunde;Haushaltsgeräte;Bearbeitung;13;Stahl;pulverbeschichtet;28;28;15;0,039;4;39;39;1,0;4;0;0;104;13
PA2025-0999;2025-04-18;Standard;5;Bestandskunde;Haushaltsgeräte;Bearbeitung;9;Stahl;pulverbeschichtet;28;28;15;0,027;4;27;27;1,0;4;0;0;72;9
PA2025-1000;2025-04-17;Standard;6;Bestandskunde;Automobilindustrie;Bearbeitung;3;Stahl;pulverbeschichtet;28;28;15;0,009;4;9;9;1,0;4;0;0;24;3
PA2025-1001;2025-04-16;Änderung;7;Bestandskunde;Logistiktechnik;Bearbeitung;5;Stahl;pulverbeschichtet;28;28;15;0,015;4;15;15;1,0;4;0;0;40;5
PA2025-1002;2025-04-20;Änderung;6;Bestandskunde;Maschinenbau;Bearbeitung;17;Stahl;pulverbeschichtet;28;28;15;0,051;4;51;51;1,0;4;0;0;136;17
PA2025-1003;2025-04-17;Standard;10;Bestandskunde;Automobilindustrie;Bearbeitung;9;Stahl;pulverbeschichtet;28;28;15;0,027;4;27;27;1,0;4;0;0;72;9
PA2025-1004;2025-04-20;Standard;5;Bestandskunde;Maschinenbau;Bearbeitung;14;Stahl;pulverbeschichtet;28;28;15;0,042;4;42;42;1,0;4;0;0;112;14
PA2025-1005;2025-04-19;Standard;10;Bestandskunde;Haushaltsgeräte;Bearbeitung;2;Stahl;pulverbeschichtet;26;26;7;0,004;4;6;6;1,0;4;0;0;14;2
PA2025-1006;2025-04-20;Standard;10;Bestandskunde;Logistiktechnik;Bearbeitung;14;Stahl;pulverbeschichtet;26;26;7;0,028;4;42;42;1,0;4;0;0;98;14
PA2025-1007;2025-04-21;Standard;13;Bestandskunde;Haushaltsgeräte;Bearbeitung;16;Stahl;pulverbeschichtet;26;26;7;0,032;4;48;48;1,0;4;0;0;112;16
PA2025-1008;2025-04-20;Standard;8;Bestandskunde;Maschinenbau;Bearbeitung;16;Stahl;pulverbeschichtet;28;28;15;0,048;4;48;48;1,0;4;0;0;128;16
PA2025-1009;2025-04-21;Änderung;12;Bestandskunde;Automobilindustrie;Bearbeitung;2;Stahl;pulverbeschichtet;28;28;15;0,006;4;6;6;1,0;4;0;0;16;2
PA2025-1010;2025-04-17;Änderung;11;Bestandskunde;Logistiktechnik;Bearbeitung;1;Stahl;pulverbeschichtet;26;26;7;0,002;4;3;3;1,0;4;0;0;7;1
PA2025-1011;2025-04-16;Änderung;12;Bestandskunde;Maschinenbau;Bearbeitung;12;Stahl;pulverbeschichtet;28;28;15;0,036;4;36;36;1,0;4;0;0;96;12
PA2025-1012;2025-04-17;Standard;8;Bestandskunde;Automobilindustrie;Bearbeitung;3;Stahl;pulverbeschichtet;26;26;7;0,006;4;9;9;1,0;4;0;0;21;3
PA2025-1013;2025-04-18;Standard;6;Bestandskunde;Automobilindustrie;Bearbeitung;15;Stahl;pulverbeschichtet;28;28;15;0,045;4;45;45;1,0;4;0;0;120;15
PA2025-1014;2025-04-20;Standard;14;Bestandskunde;Automobilindustrie;Bearbeitung;19;Stahl;pulverbeschichtet;28;28;15;0,057;4;57;57;1,0;4;0;0;152;19
PA2025-1015;2025-04-19;Änderung;12;Bestandskunde;Sonstige;Bearbeitung;16;Stahl;pulverbeschichtet;26;26;7;0,032;4;48;48;1,0;4;0;0;112;16
PA2025-1016;2025-04-18;Standard;14;Bestandskunde;Haushaltsgeräte;Bearbeitung;11;Stahl;pulverbeschichtet;26;26;7;0,022;4;33;33;1,0;4;0;0;77;11
PA2025-1017;2025-04-18;Standard;12;Bestandskunde;Automobilindustrie;Bearbeitung;3;Stahl;pulverbeschichtet;26;26;7;0,006;4;9;9;1,0;4;0;0;21;3
PA2025-1018;2025-04-18;Standard;4;Bestandskunde;Haushaltsgeräte;Bearbeitung;8;Stahl;pulverbeschichtet;26;26;7;0,016;4;24;24;1,0;4;0;0;56;8
PA2025-1019;2025-04-20;Änderung;11;Bestandskunde;Automobilindustrie;Bearbeitung;17;Stahl;pulverbeschichtet;26;26;7;0,034;4;51;51;1,0;4;0;0;119;17
PA2025-1020;2025-04-17;Standard;11;Bestandskunde;Medizintechnik;Bearbeitung;10;Stahl;pulverbeschichtet;28;28;15;0,03;4;30;30;1,0;4;0;0;80;10
PA2025-1021;2025-04-21;Standard;11;Bestandskunde;Medizintechnik;Bearbeitung;20;Stahl;pulverbeschichtet;28;28;15;0,06;4;60;60;1,0;4;0;0;160;20
PA2025-1022;2025-04-22;Standard;8;Bestandskunde;Automobilindustrie;Bearbeitung;17;Stahl;pulverbeschichtet;28;28;15;0,051;4;51;51;1,0;4;0;0;136;17
PA2025-1023;2025-04-17;Änderung;13;Bestandskunde;Automobilindustrie;Bearbeitung;20;Stahl;pulverbeschichtet;26;26;7;0,04;4;60;60;1,0;4;0;0;140;20
PA2025-1024;2025-04-21;Standard;4;Bestandskunde;Automobilindustrie;Bearbeitung;5;Stahl;pulverbeschichtet;28;28;15;0,015;4;15;15;1,0;4;0;0;40;5
PA2025-1025;2025-04-21;Änderung;10;Bestandskunde;Sonstige;Bearbeitung;3;Stahl;pulverbeschichtet;26;26;7;0,006;4;9;9;1,0;4;0;0;21;3
PA2025-1026;2025-04-18;Standard;10;Bestandskunde;Medizintechnik;Bearbeitung;20;Stahl;pulverbeschichtet;26;26;7;0,04;4;60;60;1,0;4;0;0;140;20
PA2025-1027;2025-04-17;Standard;6;Bestandskunde;Haushaltsgeräte;Bearbeitung;10;Stahl;pulverbeschichtet;26;26;7;0,02;4;30;30;1,0;4;0;0;70;10
PA2025-1028;2025-04-20;Änderung;14;Neukunde;Maschinenbau;Bearbeitung;7;Stahl;pulverbeschichtet;28;28;15;0,021;4;21;21;1,0;4;0;0;56;7
PA2025-1029;2025-04-17;Standard;3;Bestandskunde;Sonstige;Bearbeitung;18;Stahl;pulverbeschichtet;26;26;7;0,036;4;54;54;1,0;4;0;0;126;18
PA2025-1030;2025-04-21;Standard;14;Bestandskunde;Haushaltsgeräte;Bearbeitung;3;Stahl;pulverbeschichtet;26;26;7;0,006;4;9;9;1,0;4;0;0;21;3
PA2025-1031;2025-04-18;Standard;5;Bestandskunde;Sonstige;Bearbeitung;12;Stahl;pulverbeschichtet;28;28;15;0,036;4;36;36;1,0;4;0;0;96;12
PA2025-1032;2025-04-22;Standard;7;Bestandskunde;Maschinenbau;Bearbeitung;17;Stahl;pulverbeschichtet;26;26;7;0,034;4;51;51;1,0;4;0;0;119;17
PA2025-1033;2025-04-19;Standard;5;Bestandskunde;Haushaltsgeräte;Bearbeitung;11;Stahl;pulverbeschichtet;26;26;7;0,022;4;33;33;1,0;4;0;0;77;11
PA2025-1034;2025-04-21;Standard;13;Neukunde;Automobilindustrie;Bearbeitung;14;Stahl;pulverbeschichtet;28;28;15;0,042;4;42;42;1,0;4;0;0;112;14
PA2025-1035;2025-04-16;Standard;7;Bestandskunde;Logistiktechnik;Bearbeitung;14;Stahl;pulverbeschichtet;26;26;7;0,028;4;42;42;1,0;4;0;0;98;14
PA2025-1036;2025-04-16;Änderung;14;Bestandskunde;Medizintechnik;Bearbeitung;4;Stahl;pulverbeschichtet;28;28;15;0,012;4;12;12;1,0;4;0;0;32;4
PA2025-1037;2025-04-19;Standard;15;Bestandskunde;Automobilindustrie;Bearbeitung;5;Stahl;pulverbeschichtet;28;28;15;0,015;4;15;15;1,0;4;0;0;40;5
PA2025-1038;2025-04-21;Standard;12;Bestandskunde;Medizintechnik;Bearbeitung;20;Stahl;pulverbeschichtet;28;28;15;0,06;4;60;60;1,0;4;0;0;160;20
PA2025-1039;2025-04-21;Änderung;9;Bestandskunde;Maschinenbau;Bearbeitung;12;Stahl;pulverbeschichtet;26;26;7;0,024;4;36;36;1,0;4;0;0;84;12
PA2025-1040;2025-04-22;Standard;13;Bestandskunde;Automobilindustrie;Bearbeitung;13;Stahl;pulverbeschichtet;26;26;7;0,026;4;39;39;1,0;4;0;0;91;13
PA2025-1041;2025-04-16;Änderung;8;Bestandskunde;Maschinenbau;Bearbeitung;6;Stahl;pulverbeschichtet;28;28;15;0,018;4;18;18;1,0;4;0;0;48;6
PA2025-1042;2025-04-18;Änderung;12;Bestandskunde;Sonstige;Bearbeitung;3;Stahl;pulverbeschichtet;28;28;15;0,009;4;9;9;1,0;4;0;0;24;3
PA2025-1043;2025-04-21;Änderung;14;Bestandskunde;Maschinenbau;Bearbeitung;14;Stahl;pulverbeschichtet;28;28;15;0,042;4;42;42;1,0;4;0;0;112;14
PA2025-1044;2025-04-21;Standard;9;Bestandskunde;Medizintechnik;Bearbeitung;20;Stahl;pulverbeschichtet;26;26;7;0,04;4;60;60;1,0;4;0;0;140;20
PA2025-1045;2025-04-21;Standard;4;Bestandskunde;Automobilindustrie;Bearbeitung;6;Stahl;pulverbeschichtet;28;28;15;0,018;4;18;18;1,0;4;0;0;48;6
PA2025-1046;2025-04-17;Standard;3;Bestandskunde;Maschinenbau;Bearbeitung;11;Stahl;pulverbeschichtet;28;28;15;0,033;4;33;33;1,0;4;0;0;88;11
PA2025-1047;2025-04-17;Standard;8;Neukunde;Haushaltsgeräte;Bearbeitung;5;Stahl;pulverbeschichtet;26;26;7;0,01;4;15;15;1,0;4;0;0;35;5
PA2025-1048;2025-04-19;Änderung;15;Bestandskunde;Logistiktechnik;Bearbeitung;6;Stahl;pulverbeschichtet;28;28;15;0,018;4;18;18;1,0;4;0;0;48;6
PA2025-1049;2025-04-17;Standard;5;Bestandskunde;Logistiktechnik;Bearbeitung;13;Stahl;pulverbeschichtet;28;28;15;0,039;4;39;39;1,0;4;0;0;104;13
PA2025-1050;2025-04-16;Standard;8;Bestandskunde;Automobilindustrie;Bearbeitung;7;Stahl;pulverbeschichtet;26;26;7;0,014;4;21;21;1,0;4;0;0;49;7
PA2025-1051;2025-04-29;Standard;8;Bestandskunde;Haushaltsgeräte;Bearbeitung;20;Stahl;pulverbeschichtet;28;28;15;0,06;4;60;60;1,0;4;0;0;160;20
PA2025-1052;2025-04-23;Änderung;12;Bestandskunde;Logistiktechnik;Bearbeitung;1;Stahl;pulverbeschichtet;28;28;15;0,003;4;3;3;1,0;4;0;0;8;1
PA2025-1053;2025-04-29;Standard;14;Bestandskunde;Logistiktechnik;Bearbeitung;7;Stahl;pulverbeschichtet;28;28;15;0,021;4;21;21;1,0;4;0;0;56;7
PA2025-1054;2025-04-28;Standard;14;Bestandskunde;Automobilindustrie;Bearbeitung;7;Stahl;pulverbeschichtet;28;28;15;0,021;4;21;21;1,0;4;0;0;56;7
PA2025-1055;2025-04-28;Standard;9;Bestandskunde;Maschinenbau;Bearbeitung;5;Stahl;pulverbeschichtet;26;26;7;0,01;4;15;15;1,0;4;0;0;35;5
PA2025-1056;2025-04-25;Änderung;8;Bestandskunde;Automobilindustrie;Bearbeitung;12;Stahl;pulverbeschichtet;26;26;7;0,024;4;36;36;1,0;4;0;0;84;12
PA2025-1057;2025-04-23;Standard;14;Bestandskunde;Haushaltsgeräte;Bearbeitung;13;Stahl;pulverbeschichtet;28;28;15;0,039;4;39;39;1,0;4;0;0;104;13
PA2025-1058;2025-04-28;Standard;14;Bestandskunde;Sonstige;Bearbeitung;4;Stahl;pulverbeschichtet;26;26;7;0,008;4;12;12;1,0;4;0;0;28;4
PA2025-1059;2025-04-25;Standard;8;Bestandskunde;Logistiktechnik;Bearbeitung;20;Stahl;pulverbeschichtet;26;26;7;0,04;4;60;60;1,0;4;0;0;140;20
PA2025-1060;2025-04-25;Standard;15;Bestandskunde;Sonstige;Bearbeitung;13;Stahl;pulverbeschichtet;26;26;7;0,026;4;39;39;1,0;4;0;0;91;13
PA2025-1061;2025-04-27;Änderung;5;Bestandskunde;Maschinenbau;Bearbeitung;17;Stahl;pulverbeschichtet;28;28;15;0,051;4;51;51;1,0;4;0;0;136;17
PA2025-1062;2025-04-26;Änderung;6;Bestandskunde;Automobilindustrie;Bearbeitung;14;Stahl;pulverbeschichtet;28;28;15;0,042;4;42;42;1,0;4;0;0;112;14
PA2025-1063;2025-04-23;Standard;11;Bestandskunde;Maschinenbau;Bearbeitung;9;Stahl;pulverbeschichtet;26;26;7;0,018;4;27;27;1,0;4;0;0;63;9
PA2025-1064;2025-04-25;Standard;9;Bestandskunde;Logistiktechnik;Bearbeitung;9;Stahl;pulverbeschichtet;28;28;15;0,027;4;27;27;1,0;4;0;0;72;9
PA2025-1065;2025-04-24;Änderung;11;Bestandskunde;Automobilindustrie;Bearbeitung;5;Stahl;pulverbeschichtet;28;28;15;0,015;4;15;15;1,0;4;0;0;40;5
PA2025-1066;2025-04-24;Standard;6;Bestandskunde;Maschinenbau;Bearbeitung;16;Stahl;pulverbeschichtet;28;28;15;0,048;4;48;48;1,0;4;0;0;128;16
PA2025-1067;2025-04-28;Änderung;14;Neukunde;Sonstige;Bearbeitung;16;Stahl;pulverbeschichtet;28;28;15;0,048;4;48;48;1,0;4;0;0;128;16
PA2025-1068;2025-04-25;Standard;14;Bestandskunde;Maschinenbau;Bearbeitung;5;Stahl;pulverbeschichtet;26;26;7;0,01;4;15;15;1,0;4;0;0;35;5
PA2025-1069;2025-04-23;Änderung;7;Bestandskunde;Sonstige;Bearbeitung;6;Stahl;pulverbeschichtet;26;26;7;0,012;4;18;18;1,0;4;0;0;42;6
PA2025-1070;2025-04-28;Standard;9;Bestandskunde;Maschinenbau;Bearbeitung;17;Stahl;pulverbeschichtet;28;28;15;0,051;4;51;51;1,0;4;0;0;136;17
PA2025-1071;2025-04-23;Standard;8;Bestandskunde;Automobilindustrie;Bearbeitung;11;Stahl;pulverbeschichtet;26;26;7;0,022;4;33;33;1,0;4;0;0;77;11
PA2025-1072;2025-04-28;Standard;6;Bestandskunde;Sonstige;Bearbeitung;4;Stahl;pulverbeschichtet;26;26;7;0,008;4;12;12;1,0;4;0;0;28;4
PA2025-1073;2025-04-23;Änderung;5;Bestandskunde;Automobilindustrie;Bearbeitung;16;Stahl;pulverbeschichtet;28;28;15;0,048;4;48;48;1,0;4;0;0;128;16
PA2025-1074;2025-04-25;Standard;3;Bestandskunde;Logistiktechnik;Bearbeitung;20;Stahl;pulverbeschichtet;28;28;15;0,06;4;60;60;1,0;4;0;0;160;20
PA2025-1075;2025-04-28;Standard;7;Bestandskunde;Maschinenbau;Bearbeitung;10;Stahl;pulverbeschichtet;28;28;15;0,03;4;30;30;1,0;4;0;0;80;10
PA2025-1076;2025-04-28;Änderung;5;Bestandskunde;Medizintechnik;Bearbeitung;3;Stahl;pulverbeschichtet;28;28;15;0,009;4;9;9;1,0;4;0;0;24;3
PA2025-1077;2025-04-24;Änderung;8;Bestandskunde;Sonstige;Bearbeitung;3;Stahl;pulverbeschichtet;28;28;15;0,009;4;9;9;1,0;4;0;0;24;3
PA2025-1078;2025-04-24;Änderung;11;Bestandskunde;Sonstige;Bearbeitung;5;Stahl;pulverbeschichtet;26;26;7;0,01;4;15;15;1,0;4;0;0;35;5
PA2025-1079;2025-04-26;Standard;13;Neukunde;Sonstige;Bearbeitung;20;Stahl;pulverbeschichtet;26;26;7;0,04;4;60;60;1,0;4;0;0;140;20
PA2025-1080;2025-04-28;Standard;6;Bestandskunde;Automobilindustrie;Bearbeitung;16;Stahl;pulverbeschichtet;26;26;7;0,032;4;48;48;1,0;4;0;0;112;16
PA2025-1081;2025-04-26;Standard;10;Bestandskunde;Automobilindustrie;Bearbeitung;14;Stahl;pulverbeschichtet;28;28;15;0,042;4;42;42;1,0;4;0;0;112;14
PA2025-1082;2025-04-24;Änderung;12;Bestandskunde;Sonstige;Bearbeitung;17;Stahl;pulverbeschichtet;28;28;15;0,051;4;51;51;1,0;4;0;0;136;17
PA2025-1083;2025-04-28;Standard;9;Neukunde;Automobilindustrie;Bearbeitung;16;Stahl;pulverbeschichtet;28;28;15;0,048;4;48;48;1,0;4;0;0;128;16
PA2025-1084;2025-04-26;Standard;13;Bestandskunde;Logistiktechnik;Bearbeitung;10;Stahl;pulverbeschichtet;26;26;7;0,02;4;30;30;1,0;4;0;0;70;10
PA2025-1085;2025-04-28;Änderung;10;Bestandskunde;Automobilindustrie;Bearbeitung;10;Stahl;pulverbeschichtet;26;26;7;0,02;4;30;30;1,0;4;0;0;70;10
PA2025-1086;2025-04-23;Standard;15;Bestandskunde;Logistiktechnik;Bearbeitung;4;Stahl;pulverbeschichtet;26;26;7;0,008;4;12;12;1,0;4;0;0;28;4
PA2025-1087;2025-04-28;Standard;9;Bestandskunde;Sonstige;Bearbeitung;17;Stahl;pulverbeschichtet;28;28;15;0,051;4;51;51;1,0;4;0;0;136;17
PA2025-1088;2025-04-28;Standard;14;Bestandskunde;Logistiktechnik;Bearbeitung;13;Stahl;pulverbeschichtet;26;26;7;0,026;4;39;39;1,0;4;0;0;91;13
PA2025-1089;2025-04-26;Standard;10;Bestandskunde;Automobilindustrie;Bearbeitung;15;Stahl;pulverbeschichtet;26;26;7;0,03;4;45;45;1,0;4;0;0;105;15
PA2025-1090;2025-04-29;Änderung;8;Bestandskunde;Maschinenbau;Bearbeitung;20;Stahl;pulverbeschichtet;28;28;15;0,06;4;60;60;1,0;4;0;0;160;20
PA2025-1091;2025-04-23;Änderung;12;Bestandskunde;Sonstige;Bearbeitung;4;Stahl;pulverbeschichtet;28;28;15;0,012;4;12;12;1,0;4;0;0;32;4
PA2025-1092;2025-04-28;Änderung;14;Bestandskunde;Haushaltsgeräte;Bearbeitung;20;Stahl;pulverbeschichtet;26;26;7;0,04;4;60;60;1,0;4;0;0;140;20
PA2025-1093;2025-04-27;Änderung;12;Bestandskunde;Logistiktechnik;Bearbeitung;13;Stahl;pulverbeschichtet;28;28;15;0,039;4;39;39;1,0;4;0;0;104;13
PA2025-1094;2025-04-24;Standard;6;Bestandskunde;Automobilindustrie;Bearbeitung;1;Stahl;pulverbeschichtet;28;28;15;0,003;4;3;3;1,0;4;0;0;8;1
PA2025-1095;2025-04-24;Änderung;14;Bestandskunde;Logistiktechnik;Bearbeitung;14;Stahl;pulverbeschichtet;26;26;7;0,028;4;42;42;1,0;4;0;0;98;14
PA2025-1096;2025-04-25;Standard;13;Bestandskunde;Sonstige;Bearbeitung;4;Stahl;pulverbeschichtet;26;26;7;0,008;4;12;12;1,0;4;0;0;28;4
PA2025-1097;2025-04-28;Änderung;14;Bestandskunde;Haushaltsgeräte;Bearbeitung;15;Stahl;pulverbeschichtet;26;26;7;0,03;4;45;45;1,0;4;0;0;105;15
PA2025-1098;2025-04-25;Änderung;11;Bestandskunde;Maschinenbau;Bearbeitung;14;Stahl;pulverbeschichtet;26;26;7;0,028;4;42;42;1,0;4;0;0;98;14
PA2025-1099;2025-04-28;Standard;10;Bestandskunde;Logistiktechnik;Bearbeitung;17;Stahl;pulverbeschichtet;28;28;15;0,051;4;51;51;1,0;4;0;0;136;17
PA2025-1100;2025-04-28;Änderung;4;Bestandskunde;Automobilindustrie;Bearbeitung;11;Stahl;pulverbeschichtet;28;28;15;0,033;4;33;33;1,0;4;0;0;88;11
PA2025-1101;2025-04-28;Änderung;14;Bestandskunde;Automobilindustrie;Bearbeitung;20;Stahl;pulverbeschichtet;26;26;7;0,04;4;60;60;1,0;4;0;0;140;20
PA2025-1102;2025-04-28;Standard;14;Bestandskunde;Maschinenbau;Bearbeitung;7;Stahl;pulverbeschichtet;28;28;15;0,021;4;21;21;1,0;4;0;0;56;7
PA2025-1103;2025-04-26;Änderung;9;Bestandskunde;Maschinenbau;Bearbeitung;11;Stahl;pulverbeschichtet;28;28;15;0,033;4;33;33;1,0;4;0;0;88;11
PA2025-1104;2025-04-25;Standard;11;Bestandskunde;Medizintechnik;Bearbeitung;12;Stahl;pulverbeschichtet;28;28;15;0,036;4;36;36;1,0;4;0;0;96;12
PA2025-1105;2025-04-27;Änderung;9;Bestandskunde;Medizintechnik;Bearbeitung;16;Stahl;pulverbeschichtet;28;28;15;0,048;4;48;48;1,0;4;0;0;128;16
PA2025-1106;2025-04-24;Standard;6;Bestandskunde;Sonstige;Bearbeitung;14;Stahl;pulverbeschichtet;26;26;7;0,028;4;42;42;1,0;4;0;0;98;14
PA2025-1107;2025-04-24;Standard;7;Bestandskunde;Logistiktechnik;Bearbeitung;12;Stahl;pulverbeschichtet;28;28;15;0,036;4;36;36;1,0;4;0;0;96;12
PA2025-1108;2025-04-28;Standard;8;Bestandskunde;Automobilindustrie;Bearbeitung;17;Stahl;pulverbeschichtet;28;28;15;0,051;4;51;51;1,0;4;0;0;136;17
PA2025-1109;2025-04-25;Standard;12;Bestandskunde;Logistiktechnik;Bearbeitung;18;Stahl;pulverbeschichtet;26;26;7;0,036;4;54;54;1,0;4;0;0;126;18
PA2025-1110;2025-04-25;Änderung;10;Neukunde;Automobilindustrie;Bearbeitung;18;Stahl;pulverbeschichtet;26;26;7;0,036;4;54;54;1,0;4;0;0;126;18
PA2025-1111;2025-04-29;Änderung;15;Bestandskunde;Maschinenbau;Bearbeitung;2;Stahl;pulverbeschichtet;28;28;15;0,006;4;6;6;1,0;4;0;0;16;2
PA2025-1112;2025-04-29;Änderung;6;Bestandskunde;Haushaltsgeräte;Bearbeitung;20;Stahl;pulverbeschichtet;28;28;15;0,06;4;60;60;1,0;4;0;0;160;20
PA2025-1113;2025-04-27;Standard;6;Bestandskunde;Logistiktechnik;Bearbeitung;7;Stahl;pulverbeschichtet;26;26;7;0,014;4;21;21;1,0;4;0;0;49;7
PA2025-1114;2025-04-28;Standard;10;Neukunde;Automobilindustrie;Bearbeitung;16;Stahl;pulverbeschichtet;28;28;15;0,048;4;48;48;1,0;4;0;0;128;16
PA2025-1115;2025-04-28;Änderung;12;Bestandskunde;Medizintechnik;Bearbeitung;7;Stahl;pulverbeschichtet;26;26;7;0,014;4;21;21;1,0;4;0;0;49;7
PA2025-1116;2025-04-29;Standard;3;Bestandskunde;Automobilindustrie;Bearbeitung;11;Stahl;pulverbeschichtet;28;28;15;0,033;4;33;33;1,0;4;0;0;88;11
PA2025-1117;2025-04-24;Standard;5;Neukunde;Sonstige;Bearbeitung;14;Stahl;pulverbeschichtet;28;28;15;0,042;4;42;42;1,0;4;0;0;112;14
PA2025-1118;2025-04-28;Standard;9;Neukunde;Logistiktechnik;Bearbeitung;14;Stahl;pulverbeschichtet;28;28;15;0,042;4;42;42;1,0;4;0;0;112;14
PA2025-1119;2025-04-29;Standard;13;Bestandskunde;Maschinenbau;Bearbeitung;15;Stahl;pulverbeschichtet;26;26;7;0,03;4;45;45;1,0;4;0;0;105;15
PA2025-1120;2025-04-26;Standard;6;Bestandskunde;Haushaltsgeräte;Bearbeitung;17;Stahl;pulverbeschichtet;28;28;15;0,051;4;51;51;1,0;4;0;0;136;17
PA2025-1121;2025-04-25;Änderung;10;Bestandskunde;Automobilindustrie;Bearbeitung;14;Stahl;pulverbeschichtet;26;26;7;0,028;4;42;42;1,0;4;0;0;98;14
PA2025-1122;2025-04-29;Änderung;4;Bestandskunde;Maschinenbau;Bearbeitung;19;Stahl;pulverbeschichtet;26;26;7;0,038;4;57;57;1,0;4;0;0;133;19
PA2025-1123;2025-04-26;Änderung;12;Bestandskunde;Automobilindustrie;Bearbeitung;10;Stahl;pulverbeschichtet;26;26;7;0,02;4;30;30;1,0;4;0;0;70;10
PA2025-1124;2025-04-23;Standard;9;Bestandskunde;Sonstige;Bearbeitung;5;Stahl;pulverbeschichtet;28;28;15;0,015;4;15;15;1,0;4;0;0;40;5
PA2025-1125;2025-04-28;Standard;9;Bestandskunde;Automobilindustrie;Bearbeitung;20;Stahl;pulverbeschichtet;28;28;15;0,06;4;60;60;1,0;4;0;0;160;20
PA2025-1126;2025-04-25;Standard;11;Bestandskunde;Automobilindustrie;Bearbeitung;3;Stahl;pulverbeschichtet;28;28;15;0,009;4;9;9;1,0;4;0;0;24;3
PA2025-1127;2025-04-26;Standard;6;Bestandskunde;Maschinenbau;Bearbeitung;7;Stahl;pulverbeschichtet;26;26;7;0,014;4;21;21;1,0;4;0;0;49;7
PA2025-1128;2025-04-27;Standard;11;Bestandskunde;Haushaltsgeräte;Bearbeitung;1;Stahl;pulverbeschichtet;26;26;7;0,002;4;3;3;1,0;4;0;0;7;1
PA2025-1129;2025-04-29;Standard;10;Bestandskunde;Medizintechnik;Bearbeitung;4;Stahl;pulverbeschichtet;28;28;15;0,012;4;12;12;1,0;4;0;0;32;4
PA2025-1130;2025-04-25;Standard;15;Bestandskunde;Automobilindustrie;Bearbeitung;4;Stahl;pulverbeschichtet;26;26;7;0,008;4;12;12;1,0;4;0;0;28;4
PA2025-1131;2025-04-27;Standard;5;Neukunde;Medizintechnik;Bearbeitung;19;Stahl;pulverbeschichtet;28;28;15;0,057;4;57;57;1,0;4;0;0;152;19
PA2025-1132;2025-04-25;Standard;10;Bestandskunde;Sonstige;Bearbeitung;19;Stahl;pulverbeschichtet;26;26;7;0,038;4;57;57;1,0;4;0;0;133;19
PA2025-1133;2025-04-27;Änderung;10;Bestandskunde;Automobilindustrie;Bearbeitung;7;Stahl;pulverbeschichtet;26;26;7;0,014;4;21;21;1,0;4;0;0;49;7
PA2025-1134;2025-04-23;Standard;7;Neukunde;Logistiktechnik;Bearbeitung;3;Stahl;pulverbeschichtet;28;28;15;0,009;4;9;9;1,0;4;0;0;24;3
PA2025-1135;2025-04-26;Standard;6;Bestandskunde;Medizintechnik;Bearbeitung;12;Stahl;pulverbeschichtet;26;26;7;0,024;4;36;36;1,0;4;0;0;84;12
PA2025-1136;2025-04-27;Änderung;15;Bestandskunde;Sonstige;Bearbeitung;19;Stahl;pulverbeschichtet;28;28;15;0,057;4;57;57;1,0;4;0;0;152;19
PA2025-1137;2025-04-26;Standard;14;Bestandskunde;Maschinenbau;Bearbeitung;14;Stahl;pulverbeschichtet;28;28;15;0,042;4;42;42;1,0;4;0;0;112;14
PA2025-1138;2025-04-27;Änderung;7;Bestandskunde;Maschinenbau;Bearbeitung;17;Stahl;pulverbeschichtet;26;26;7;0,034;4;51;51;1,0;4;0;0;119;17
PA2025-1139;2025-04-26;Standard;15;Bestandskunde;Logistiktechnik;Bearbeitung;18;Stahl;pulverbeschichtet;26;26;7;0,036;4;54;54;1,0;4;0;0;126;18
PA2025-1140;2025-04-27;Standard;14;Bestandskunde;Automobilindustrie;Bearbeitung;10;Stahl;pulverbeschichtet;28;28;15;0,03;4;30;30;1,0;4;0;0;80;10
PA2025-1141;2025-04-30;Standard;12;Bestandskunde;Automobilindustrie;Bearbeitung;10;Stahl;pulverbeschichtet;26;26;7;0,02;4;30;30;1,0;4;0;0;70;10
PA2025-1142;2025-05-06;Änderung;7;Bestandskunde;Sonstige;Bearbeitung;2;Stahl;pulverbeschichtet;28;28;15;0,006;4;6;6;1,0;4;0;0;16;2
PA2025-1143;2025-05-01;Standard;6;Bestandskunde;Sonstige;Bearbeitung;4;Stahl;pulverbeschichtet;28;28;15;0,012;4;12;12;1,0;4;0;0;32;4
PA2025-1144;2025-05-06;Standard;4;Bestandskunde;Logistiktechnik;Bearbeitung;19;Stahl;pulverbeschichtet;28;28;15;0,057;4;57;57;1,0;4;0;0;152;19
PA2025-1145;2025-05-06;Standard;13;Neukunde;Automobilindustrie;Bearbeitung;20;Stahl;pulverbeschichtet;28;28;15;0,06;4;60;60;1,0;4;0;0;160;20
PA2025-1146;2025-05-04;Änderung;15;Bestandskunde;Logistiktechnik;Bearbeitung;5;Stahl;pulverbeschichtet;26;26;7;0,01;4;15;15;1,0;4;0;0;35;5
PA2025-1147;2025-05-06;Standard;13;Bestandskunde;Sonstige;Bearbeitung;11;Stahl;pulverbeschichtet;28;28;15;0,033;4;33;33;1,0;4;0;0;88;11
PA2025-1148;2025-05-05;Standard;9;Bestandskunde;Logistiktechnik;Bearbeitung;1;Stahl;pulverbeschichtet;26;26;7;0,002;4;3;3;1,0;4;0;0;7;1
PA2025-1149;2025-05-05;Standard;6;Bestandskunde;Maschinenbau;Bearbeitung;20;Stahl;pulverbeschichtet;28;28;15;0,06;4;60;60;1,0;4;0;0;160;20
PA2025-1150;2025-05-06;Änderung;14;Bestandskunde;Maschinenbau;Bearbeitung;18;Stahl;pulverbeschichtet;26;26;7;0,036;4;54;54;1,0;4;0;0;126;18
PA2025-1151;2025-05-02;Änderung;7;Bestandskunde;Sonstige;Bearbeitung;19;Stahl;pulverbeschichtet;26;26;7;0,038;4;57;57;1,0;4;0;0;133;19
PA2025-1152;2025-05-06;Änderung;11;Bestandskunde;Automobilindustrie;Bearbeitung;1;Stahl;pulverbeschichtet;28;28;15;0,003;4;3;3;1,0;4;0;0;8;1
PA2025-1153;2025-05-01;Änderung;12;Bestandskunde;Sonstige;Bearbeitung;13;Stahl;pulverbeschichtet;28;28;15;0,039;4;39;39;1,0;4;0;0;104;13
PA2025-1154;2025-04-30;Standard;6;Bestandskunde;Automobilindustrie;Bearbeitung;6;Stahl;pulverbeschichtet;28;28;15;0,018;4;18;18;1,0;4;0;0;48;6
PA2025-1155;2025-05-01;Standard;10;Bestandskunde;Automobilindustrie;Bearbeitung;2;Stahl;pulverbeschichtet;28;28;15;0,006;4;6;6;1,0;4;0;0;16;2
PA2025-1156;2025-04-30;Standard;4;Bestandskunde;Automobilindustrie;Bearbeitung;5;Stahl;pulverbeschichtet;28;28;15;0,015;4;15;15;1,0;4;0;0;40;5
PA2025-1157;2025-05-02;Standard;11;Neukunde;Automobilindustrie;Bearbeitung;2;Stahl;pulverbeschichtet;28;28;15;0,006;4;6;6;1,0;4;0;0;16;2
PA2025-1158;2025-05-06;Änderung;8;Neukunde;Automobilindustrie;Bearbeitung;13;Stahl;pulverbeschichtet;26;26;7;0,026;4;39;39;1,0;4;0;0;91;13
PA2025-1159;2025-04-30;Standard;11;Bestandskunde;Maschinenbau;Bearbeitung;16;Stahl;pulverbeschichtet;26;26;7;0,032;4;48;48;1,0;4;0;0;112;16
PA2025-1160;2025-05-05;Standard;9;Bestandskunde;Haushaltsgeräte;Bearbeitung;18;Stahl;pulverbeschichtet;26;26;7;0,036;4;54;54;1,0;4;0;0;126;18
PA2025-1161;2025-05-06;Standard;7;Bestandskunde;Automobilindustrie;Bearbeitung;3;Stahl;pulverbeschichtet;26;26;7;0,006;4;9;9;1,0;4;0;0;21;3
PA2025-1162;2025-05-02;Standard;6;Bestandskunde;Haushaltsgeräte;Bearbeitung;14;Stahl;pulverbeschichtet;26;26;7;0,028;4;42;42;1,0;4;0;0;98;14
PA2025-1163;2025-04-30;Standard;13;Bestandskunde;Automobilindustrie;Bearbeitung;6;Stahl;pulverbeschichtet;28;28;15;0,018;4;18;18;1,0;4;0;0;48;6
PA2025-1164;2025-05-03;Standard;10;Bestandskunde;Logistiktechnik;Bearbeitung;13;Stahl;pulverbeschichtet;26;26;7;0,026;4;39;39;1,0;4;0;0;91;13
PA2025-1165;2025-05-01;Standard;15;Bestandskunde;Haushaltsgeräte;Bearbeitung;18;Stahl;pulverbeschichtet;28;28;15;0,054;4;54;54;1,0;4;0;0;144;18
PA2025-1166;2025-04-30;Änderung;12;Bestandskunde;Automobilindustrie;Bearbeitung;18;Stahl;pulverbeschichtet;26;26;7;0,036;4;54;54;1,0;4;0;0;126;18
PA2025-1167;2025-05-01;Standard;15;Bestandskunde;Maschinenbau;Bearbeitung;11;Stahl;pulverbeschichtet;28;28;15;0,033;4;33;33;1,0;4;0;0;88;11
PA2025-1168;2025-05-03;Änderung;10;Bestandskunde;Haushaltsgeräte;Bearbeitung;11;Stahl;pulverbeschichtet;28;28;15;0,033;4;33;33;1,0;4;0;0;88;11
PA2025-1169;2025-05-04;Standard;11;Neukunde;Logistiktechnik;Bearbeitung;1;Stahl;pulverbeschichtet;26;26;7;0,002;4;3;3;1,0;4;0;0;7;1
PA2025-1170;2025-04-30;Änderung;7;Neukunde;Sonstige;Bearbeitung;16;Stahl;pulverbeschichtet;28;28;15;0,048;4;48;48;1,0;4;0;0;128;16
PA2025-1171;2025-04-30;Standard;5;Bestandskunde;Sonstige;Bearbeitung;15;Stahl;pulverbeschichtet;28;28;15;0,045;4;45;45;1,0;4;0;0;120;15
PA2025-1172;2025-05-06;Standard;13;Bestandskunde;Maschinenbau;Bearbeitung;6;Stahl;pulverbeschichtet;26;26;7;0,012;4;18;18;1,0;4;0;0;42;6
PA2025-1173;2025-05-03;Änderung;11;Bestandskunde;Maschinenbau;Bearbeitung;8;Stahl;pulverbeschichtet;26;26;7;0,016;4;24;24;1,0;4;0;0;56;8
PA2025-1174;2025-05-05;Standard;12;Bestandskunde;Logistiktechnik;Bearbeitung;10;Stahl;pulverbeschichtet;26;26;7;0,02;4;30;30;1,0;4;0;0;70;10
PA2025-1175;2025-05-03;Standard;11;Bestandskunde;Maschinenbau;Bearbeitung;20;Stahl;pulverbeschichtet;26;26;7;0,04;4;60;60;1,0;4;0;0;140;20
PA2025-1176;2025-05-01;Änderung;11;Bestandskunde;Sonstige;Bearbeitung;17;Stahl;pulverbeschichtet;26;26;7;0,034;4;51;51;1,0;4;0;0;119;17
PA2025-1177;2025-05-04;Änderung;9;Bestandskunde;Automobilindustrie;Bearbeitung;20;Stahl;pulverbeschichtet;28;28;15;0,06;4;60;60;1,0;4;0;0;160;20
PA2025-1178;2025-05-04;Standard;7;Bestandskunde;Haushaltsgeräte;Bearbeitung;19;Stahl;pulverbeschichtet;26;26;7;0,038;4;57;57;1,0;4;0;0;133;19
PA2025-1179;2025-05-01;Standard;3;Bestandskunde;Sonstige;Bearbeitung;18;Stahl;pulverbeschichtet;26;26;7;0,036;4;54;54;1,0;4;0;0;126;18
PA2025-1180;2025-05-04;Änderung;15;Bestandskunde;Maschinenbau;Bearbeitung;2;Stahl;pulverbeschichtet;28;28;15;0,006;4;6;6;1,0;4;0;0;16;2
PA2025-1181;2025-05-06;Standard;13;Bestandskunde;Medizintechnik;Bearbeitung;15;Stahl;pulverbeschichtet;28;28;15;0,045;4;45;45;1,0;4;0;0;120;15
PA2025-1182;2025-05-04;Standard;5;Bestandskunde;Logistiktechnik;Bearbeitung;9;Stahl;pulverbeschichtet;28;28;15;0,027;4;27;27;1,0;4;0;0;72;9
PA2025-1183;2025-05-03;Änderung;10;Bestandskunde;Sonstige;Bearbeitung;3;Stahl;pulverbeschichtet;28;28;15;0,009;4;9;9;1,0;4;0;0;24;3
PA2025-1184;2025-05-05;Standard;14;Bestandskunde;Haushaltsgeräte;Bearbeitung;7;Stahl;pulverbeschichtet;26;26;7;0,014;4;21;21;1,0;4;0;0;49;7
PA2025-1185;2025-05-02;Standard;5;Bestandskunde;Maschinenbau;Bearbeitung;16;Stahl;pulverbeschichtet;26;26;7;0,032;4;48;48;1,0;4;0;0;112;16
PA2025-1186;2025-05-04;Standard;11;Bestandskunde;Medizintechnik;Bearbeitung;16;Stahl;pulverbeschichtet;28;28;15;0,048;4;48;48;1,0;4;0;0;128;16
PA2025-1187;2025-05-06;Änderung;4;Bestandskunde;Sonstige;Bearbeitung;8;Stahl;pulverbeschichtet;26;26;7;0,016;4;24;24;1,0;4;0;0;56;8
PA2025-1188;2025-05-06;Standard;6;Bestandskunde;Automobilindustrie;Bearbeitung;3;Stahl;pulverbeschichtet;26;26;7;0,006;4;9;9;1,0;4;0;0;21;3
PA2025-1189;2025-05-03;Standard;10;Bestandskunde;Automobilindustrie;Bearbeitung;5;Stahl;pulverbeschichtet;26;26;7;0,01;4;15;15;1,0;4;0;0;35;5
PA2025-1190;2025-04-30;Standard;10;Bestandskunde;Haushaltsgeräte;Bearbeitung;4;Stahl;pulverbeschichtet;26;26;7;0,008;4;12;12;1,0;4;0;0;28;4
PA2025-1191;2025-05-02;Standard;11;Bestandskunde;Logistiktechnik;Bearbeitung;14;Stahl;pulverbeschichtet;26;26;7;0,028;4;42;42;1,0;4;0;0;98;14
PA2025-1192;2025-05-03;Standard;12;Bestandskunde;Sonstige;Bearbeitung;20;Stahl;pulverbeschichtet;26;26;7;0,04;4;60;60;1,0;4;0;0;140;20
PA2025-1193;2025-05-05;Standard;4;Bestandskunde;Maschinenbau;Bearbeitung;7;Stahl;pulverbeschichtet;26;26;7;0,014;4;21;21;1,0;4;0;0;49;7
PA2025-1194;2025-04-30;Standard;5;Neukunde;Automobilindustrie;Bearbeitung;19;Stahl;pulverbeschichtet;26;26;7;0,038;4;57;57;1,0;4;0;0;133;19
PA2025-1195;2025-05-02;Standard;12;Bestandskunde;Medizintechnik;Bearbeitung;6;Stahl;pulverbeschichtet;26;26;7;0,012;4;18;18;1,0;4;0;0;42;6
PA2025-1196;2025-05-06;Änderung;4;Bestandskunde;Maschinenbau;Bearbeitung;14;Stahl;pulverbeschichtet;26;26;7;0,028;4;42;42;1,0;4;0;0;98;14
PA2025-1197;2025-05-04;Standard;7;Bestandskunde;Maschinenbau;Bearbeitung;11;Stahl;pulverbeschichtet;28;28;15;0,033;4;33;33;1,0;4;0;0;88;11
PA2025-1198;2025-04-30;Standard;15;Bestandskunde;Maschinenbau;Bearbeitung;2;Stahl;pulverbeschichtet;28;28;15;0,006;4;6;6;1,0;4;0;0;16;2
PA2025-1199;2025-05-03;Standard;11;Bestandskunde;Maschinenbau;Bearbeitung;7;Stahl;pulverbeschichtet;26;26;7;0,014;4;21;21;1,0;4;0;0;49;7
PA2025-1200;2025-05-01;Änderung;14;Bestandskunde;Logistiktechnik;Bearbeitung;20;Stahl;pulverbeschichtet;26;26;7;0,04;4;60;60;1,0;4;0;0;140;20
PA2025-1201;2025-05-04;Standard;11;Bestandskunde;Automobilindustrie;Bearbeitung;6;Stahl;pulverbeschichtet;28;28;15;0,018;4;18;18;1,0;4;0;0;48;6
PA2025-1202;2025-05-06;Standard;4;Neukunde;Haushaltsgeräte;Bearbeitung;8;Stahl;pulverbeschichtet;26;26;7;0,016;4;24;24;1,0;4;0;0;56;8
PA2025-1203;2025-05-04;Standard;9;Neukunde;Maschinenbau;Bearbeitung;11;Stahl;pulverbeschichtet;26;26;7;0,022;4;33;33;1,0;4;0;0;77;11
PA2025-1204;2025-05-03;Standard;7;Bestandskunde;Sonstige;Bearbeitung;1;Stahl;pulverbeschichtet;28;28;15;0,003;4;3;3;1,0;4;0;0;8;1
PA2025-1205;2025-04-30;Standard;6;Bestandskunde;Sonstige;Bearbeitung;19;Stahl;pulverbeschichtet;26;26;7;0,038;4;57;57;1,0;4;0;0;133;19
PA2025-1206;2025-04-30;Standard;7;Bestandskunde;Maschinenbau;Bearbeitung;9;Stahl;pulverbeschichtet;28;28;15;0,027;4;27;27;1,0;4;0;0;72;9
PA2025-1207;2025-05-06;Standard;8;Bestandskunde;Automobilindustrie;Bearbeitung;9;Stahl;pulverbeschichtet;26;26;7;0,018;4;27;27;1,0;4;0;0;63;9
PA2025-1208;2025-05-06;Standard;7;Bestandskunde;Sonstige;Bearbeitung;4;Stahl;pulverbeschichtet;26;26;7;0,008;4;12;12;1,0;4;0;0;28;4
PA2025-1209;2025-05-02;Änderung;13;Bestandskunde;Medizintechnik;Bearbeitung;6;Stahl;pulverbeschichtet;28;28;15;0,018;4;18;18;1,0;4;0;0;48;6
PA2025-1210;2025-04-30;Standard;6;Bestandskunde;Logistiktechnik;Bearbeitung;7;Stahl;pulverbeschichtet;28;28;15;0,021;4;21;21;1,0;4;0;0;56;7
PA2025-1211;2025-05-05;Standard;12;Bestandskunde;Logistiktechnik;Bearbeitung;8;Stahl;pulverbeschichtet;26;26;7;0,016;4;24;24;1,0;4;0;0;56;8
PA2025-1212;2025-05-06;Standard;10;Bestandskunde;Sonstige;Bearbeitung;2;Stahl;pulverbeschichtet;26;26;7;0,004;4;6;6;1,0;4;0;0;14;2
PA2025-1213;2025-05-06;Änderung;15;Neukunde;Sonstige;Bearbeitung;7;Stahl;pulverbeschichtet;28;28;15;0,021;4;21;21;1,0;4;0;0;56;7
PA2025-1214;2025-05-06;Standard;5;Bestandskunde;Haushaltsgeräte;Bearbeitung;17;Stahl;pulverbeschichtet;26;26;7;0,034;4;51;51;1,0;4;0;0;119;17
PA2025-1215;2025-05-04;Standard;15;Bestandskunde;Maschinenbau;Bearbeitung;17;Stahl;pulverbeschichtet;28;28;15;0,051;4;51;51;1,0;4;0;0;136;17
PA2025-1216;2025-05-03;Standard;15;Bestandskunde;Sonstige;Bearbeitung;19;Stahl;pulverbeschichtet;28;28;15;0,057;4;57;57;1,0;4;0;0;152;19
PA2025-1217;2025-05-01;Standard;7;Bestandskunde;Sonstige;Bearbeitung;7;Stahl;pulverbeschichtet;26;26;7;0,014;4;21;21;1,0;4;0;0;49;7
PA2025-1218;2025-05-03;Änderung;7;Bestandskunde;Logistiktechnik;Bearbeitung;18;Stahl;pulverbeschichtet;28;28;15;0,054;4;54;54;1,0;4;0;0;144;18
PA2025-1219;2025-05-06;Änderung;5;Bestandskunde;Logistiktechnik;Bearbeitung;8;Stahl;pulverbeschichtet;26;26;7;0,016;4;24;24;1,0;4;0;0;56;8
PA2025-1220;2025-05-04;Änderung;11;Bestandskunde;Automobilindustrie;Bearbeitung;14;Stahl;pulverbeschichtet;26;26;7;0,028;4;42;42;1,0;4;0;0;98;14
PA2025-1221;2025-05-02;Standard;9;Bestandskunde;Sonstige;Bearbeitung;8;Stahl;pulverbeschichtet;28;28;15;0,024;4;24;24;1,0;4;0;0;64;8
PA2025-1222;2025-04-30;Änderung;12;Bestandskunde;Automobilindustrie;Bearbeitung;17;Stahl;pulverbeschichtet;28;28;15;0,051;4;51;51;1,0;4;0;0;136;17
PA2025-1223;2025-05-01;Standard;6;Bestandskunde;Sonstige;Bearbeitung;18;Stahl;pulverbeschichtet;26;26;7;0,036;4;54;54;1,0;4;0;0;126;18
PA2025-1224;2025-05-01;Standard;11;Bestandskunde;Medizintechnik;Bearbeitung;9;Stahl;pulverbeschichtet;26;26;7;0,018;4;27;27;1,0;4;0;0;63;9
PA2025-1225;2025-05-06;Änderung;9;Bestandskunde;Automobilindustrie;Bearbeitung;12;Stahl;pulverbeschichtet;26;26;7;0,024;4;36;36;1,0;4;0;0;84;12
PA2025-1226;2025-05-06;Standard;3;Bestandskunde;Haushaltsgeräte;Bearbeitung;5;Stahl;pulverbeschichtet;28;28;15;0,015;4;15;15;1,0;4;0;0;40;5
PA2025-1227;2025-05-01;Änderung;7;Bestandskunde;Logistiktechnik;Bearbeitung;18;Stahl;pulverbeschichtet;28;28;15;0,054;4;54;54;1,0;4;0;0;144;18
PA2025-1228;2025-05-06;Änderung;13;Bestandskunde;Automobilindustrie;Bearbeitung;7;Stahl;pulverbeschichtet;28;28;15;0,021;4;21;21;1,0;4;0;0;56;7
PA2025-1229;2025-05-03;Änderung;8;Bestandskunde;Maschinenbau;Bearbeitung;1;Stahl;pulverbeschichtet;28;28;15;0,003;4;3;3;1,0;4;0;0;8;1
PA2025-1230;2025-05-04;Änderung;7;Bestandskunde;Automobilindustrie;Bearbeitung;16;Stahl;pulverbeschichtet;28;28;15;0,048;4;48;48;1,0;4;0;0;128;16
PA2025-1231;2025-05-08;Änderung;12;Bestandskunde;Sonstige;Bearbeitung;18;Stahl;pulverbeschichtet;28;28;15;0,054;4;54;54;1,0;4;0;0;144;18
PA2025-1232;2025-05-11;Standard;5;Bestandskunde;Automobilindustrie;Bearbeitung;5;Stahl;pulverbeschichtet;28;28;15;0,015;4;15;15;1,0;4;0;0;40;5
PA2025-1233;2025-05-11;Standard;13;Bestandskunde;Logistiktechnik;Bearbeitung;13;Stahl;pulverbeschichtet;26;26;7;0,026;4;39;39;1,0;4;0;0;91;13
PA2025-1234;2025-05-08;Änderung;14;Bestandskunde;Logistiktechnik;Bearbeitung;15;Stahl;pulverbeschichtet;26;26;7;0,03;4;45;45;1,0;4;0;0;105;15
PA2025-1235;2025-05-08;Standard;6;Bestandskunde;Haushaltsgeräte;Bearbeitung;20;Stahl;pulverbeschichtet;28;28;15;0,06;4;60;60;1,0;4;0;0;160;20
PA2025-1236;2025-05-08;Standard;7;Neukunde;Maschinenbau;Bearbeitung;10;Stahl;pulverbeschichtet;28;28;15;0,03;4;30;30;1,0;4;0;0;80;10
PA2025-1237;2025-05-09;Änderung;15;Bestandskunde;Automobilindustrie;Bearbeitung;17;Stahl;pulverbeschichtet;26;26;7;0,034;4;51;51;1,0;4;0;0;119;17
PA2025-1238;2025-05-09;Standard;12;Bestandskunde;Automobilindustrie;Bearbeitung;5;Stahl;pulverbeschichtet;26;26;7;0,01;4;15;15;1,0;4;0;0;35;5
PA2025-1239;2025-05-12;Standard;5;Bestandskunde;Automobilindustrie;Bearbeitung;7;Stahl;pulverbeschichtet;28;28;15;0,021;4;21;21;1,0;4;0;0;56;7
PA2025-1240;2025-05-09;Änderung;12;Bestandskunde;Maschinenbau;Bearbeitung;6;Stahl;pulverbeschichtet;26;26;7;0,012;4;18;18;1,0;4;0;0;42;6
PA2025-1241;2025-05-08;Standard;15;Bestandskunde;Maschinenbau;Bearbeitung;7;Stahl;pulverbeschichtet;28;28;15;0,021;4;21;21;1,0;4;0;0;56;7
PA2025-1242;2025-05-10;Standard;5;Bestandskunde;Automobilindustrie;Bearbeitung;8;Stahl;pulverbeschichtet;26;26;7;0,016;4;24;24;1,0;4;0;0;56;8
PA2025-1243;2025-05-10;Standard;14;Bestandskunde;Automobilindustrie;Bearbeitung;3;Stahl;pulverbeschichtet;28;28;15;0,009;4;9;9;1,0;4;0;0;24;3
PA2025-1244;2025-05-10;Standard;11;Bestandskunde;Maschinenbau;Bearbeitung;10;Stahl;pulverbeschichtet;28;28;15;0,03;4;30;30;1,0;4;0;0;80;10
PA2025-1245;2025-05-13;Standard;8;Bestandskunde;Haushaltsgeräte;Bearbeitung;20;Stahl;pulverbeschichtet;28;28;15;0,06;4;60;60;1,0;4;0;0;160;20
PA2025-1246;2025-05-10;Änderung;7;Bestandskunde;Maschinenbau;Bearbeitung;2;Stahl;pulverbeschichtet;28;28;15;0,006;4;6;6;1,0;4;0;0;16;2
PA2025-1247;2025-05-09;Standard;10;Bestandskunde;Automobilindustrie;Bearbeitung;7;Stahl;pulverbeschichtet;26;26;7;0,014;4;21;21;1,0;4;0;0;49;7
PA2025-1248;2025-05-13;Standard;6;Bestandskunde;Sonstige;Bearbeitung;4;Stahl;pulverbeschichtet;28;28;15;0,012;4;12;12;1,0;4;0;0;32;4
PA2025-1249;2025-05-10;Änderung;7;Bestandskunde;Automobilindustrie;Bearbeitung;15;Stahl;pulverbeschichtet;28;28;15;0,045;4;45;45;1,0;4;0;0;120;15
PA2025-1250;2025-05-12;Standard;14;Bestandskunde;Sonstige;Bearbeitung;7;Stahl;pulverbeschichtet;26;26;7;0,014;4;21;21;1,0;4;0;0;49;7
PA2025-1251;2025-05-07;Standard;9;Bestandskunde;Sonstige;Bearbeitung;11;Stahl;pulverbeschichtet;28;28;15;0,033;4;33;33;1,0;4;0;0;88;11
PA2025-1252;2025-05-10;Standard;5;Bestandskunde;Automobilindustrie;Bearbeitung;15;Stahl;pulverbeschichtet;28;28;15;0,045;4;45;45;1,0;4;0;0;120;15
PA2025-1253;2025-05-13;Änderung;9;Bestandskunde;Maschinenbau;Bearbeitung;1;Stahl;pulverbeschichtet;26;26;7;0,002;4;3;3;1,0;4;0;0;7;1
PA2025-1254;2025-05-09;Änderung;5;Bestandskunde;Medizintechnik;Bearbeitung;3;Stahl;pulverbeschichtet;26;26;7;0,006;4;9;9;1,0;4;0;0;21;3
PA2025-1255;2025-05-08;Standard;13;Bestandskunde;Sonstige;Bearbeitung;2;Stahl;pulverbeschichtet;26;26;7;0,004;4;6;6;1,0;4;0;0;14;2
PA2025-1256;2025-05-12;Standard;4;Neukunde;Maschinenbau;Bearbeitung;4;Stahl;pulverbeschichtet;26;26;7;0,008;4;12;12;1,0;4;0;0;28;4
PA2025-1257;2025-05-09;Standard;13;Bestandskunde;Automobilindustrie;Bearbeitung;13;Stahl;pulverbeschichtet;28;28;15;0,039;4;39;39;1,0;4;0;0;104;13
PA2025-1258;2025-05-09;Standard;8;Bestandskunde;Maschinenbau;Bearbeitung;1;Stahl;pulverbeschichtet;26;26;7;0,002;4;3;3;1,0;4;0;0;7;1
PA2025-1259;2025-05-13;Standard;8;Bestandskunde;Automobilindustrie;Bearbeitung;4;Stahl;pulverbeschichtet;26;26;7;0,008;4;12;12;1,0;4;0;0;28;4
PA2025-1260;2025-05-07;Standard;12;Neukunde;Logistiktechnik;Bearbeitung;11;Stahl;pulverbeschichtet;26;26;7;0,022;4;33;33;1,0;4;0;0;77;11
PA2025-1261;2025-05-11;Standard;13;Bestandskunde;Automobilindustrie;Bearbeitung;7;Stahl;pulverbeschichtet;26;26;7;0,014;4;21;21;1,0;4;0;0;49;7
PA2025-1262;2025-05-09;Standard;6;Bestandskunde;Sonstige;Bearbeitung;1;Stahl;pulverbeschichtet;26;26;7;0,002;4;3;3;1,0;4;0;0;7;1
PA2025-1263;2025-05-10;Änderung;9;Neukunde;Automobilindustrie;Bearbeitung;20;Stahl;pulverbeschichtet;28;28;15;0,06;4;60;60;1,0;4;0;0;160;20
PA2025-1264;2025-05-07;Änderung;7;Neukunde;Logistiktechnik;Bearbeitung;16;Stahl;pulverbeschichtet;28;28;15;0,048;4;48;48;1,0;4;0;0;128;16
PA2025-1265;2025-05-09;Standard;5;Bestandskunde;Automobilindustrie;Bearbeitung;13;Stahl;pulverbeschichtet;26;26;7;0,026;4;39;39;1,0;4;0;0;91;13
PA2025-1266;2025-05-08;Änderung;11;Bestandskunde;Automobilindustrie;Bearbeitung;3;Stahl;pulverbeschichtet;26;26;7;0,006;4;9;9;1,0;4;0;0;21;3
PA2025-1267;2025-05-11;Standard;15;Bestandskunde;Sonstige;Bearbeitung;8;Stahl;pulverbeschichtet;28;28;15;0,024;4;24;24;1,0;4;0;0;64;8
PA2025-1268;2025-05-07;Standard;6;Bestandskunde;Sonstige;Bearbeitung;8;Stahl;pulverbeschichtet;26;26;7;0,016;4;24;24;1,0;4;0;0;56;8
PA2025-1269;2025-05-08;Standard;11;Bestandskunde;Maschinenbau;Bearbeitung;13;Stahl;pulverbeschichtet;26;26;7;0,026;4;39;39;1,0;4;0;0;91;13
PA2025-1270;2025-05-08;Standard;13;Bestandskunde;Sonstige;Bearbeitung;9;Stahl;pulverbeschichtet;26;26;7;0,018;4;27;27;1,0;4;0;0;63;9
PA2025-1271;2025-05-13;Standard;4;Bestandskunde;Automobilindustrie;Bearbeitung;10;Stahl;pulverbeschichtet;28;28;15;0,03;4;30;30;1,0;4;0;0;80;10
PA2025-1272;2025-05-13;Änderung;11;Bestandskunde;Medizintechnik;Bearbeitung;2;Stahl;pulverbeschichtet;26;26;7;0,004;4;6;6;1,0;4;0;0;14;2
PA2025-1273;2025-05-11;Standard;13;Bestandskunde;Logistiktechnik;Bearbeitung;1;Stahl;pulverbeschichtet;26;26;7;0,002;4;3;3;1,0;4;0;0;7;1
PA2025-1274;2025-05-07;Änderung;7;Bestandskunde;Medizintechnik;Bearbeitung;7;Stahl;pulverbeschichtet;26;26;7;0,014;4;21;21;1,0;4;0;0;49;7
PA2025-1275;2025-05-08;Standard;7;Bestandskunde;Automobilindustrie;Bearbeitung;15;Stahl;pulverbeschichtet;26;26;7;0,03;4;45;45;1,0;4;0;0;105;15
PA2025-1276;2025-05-12;Standard;9;Bestandskunde;Logistiktechnik;Bearbeitung;8;Stahl;pulverbeschichtet;28;28;15;0,024;4;24;24;1,0;4;0;0;64;8
PA2025-1277;2025-05-11;Standard;15;Bestandskunde;Automobilindustrie;Bearbeitung;16;Stahl;pulverbeschichtet;28;28;15;0,048;4;48;48;1,0;4;0;0;128;16
PA2025-1278;2025-05-10;Standard;12;Bestandskunde;Medizintechnik;Bearbeitung;17;Stahl;pulverbeschichtet;26;26;7;0,034;4;51;51;1,0;4;0;0;119;17
PA2025-1279;2025-05-13;Standard;14;Bestandskunde;Logistiktechnik;Bearbeitung;3;Stahl;pulverbeschichtet;28;28;15;0,009;4;9;9;1,0;4;0;0;24;3
PA2025-1280;2025-05-11;Änderung;7;Bestandskunde;Maschinenbau;Bearbeitung;13;Stahl;pulverbeschichtet;28;28;15;0,039;4;39;39;1,0;4;0;0;104;13
PA2025-1281;2025-05-10;Änderung;10;Bestandskunde;Sonstige;Bearbeitung;3;Stahl;pulverbeschichtet;28;28;15;0,009;4;9;9;1,0;4;0;0;24;3
PA2025-1282;2025-05-12;Änderung;14;Bestandskunde;Maschinenbau;Bearbeitung;1;Stahl;pulverbeschichtet;28;28;15;0,003;4;3;3;1,0;4;0;0;8;1
PA2025-1283;2025-05-10;Änderung;12;Bestandskunde;Automobilindustrie;Bearbeitung;12;Stahl;pulverbeschichtet;26;26;7;0,024;4;36;36;1,0;4;0;0;84;12
PA2025-1284;2025-05-09;Standard;5;Bestandskunde;Automobilindustrie;Bearbeitung;4;Stahl;pulverbeschichtet;28;28;15;0,012;4;12;12;1,0;4;0;0;32;4
PA2025-1285;2025-05-08;Änderung;7;Bestandskunde;Sonstige;Bearbeitung;12;Stahl;pulverbeschichtet;28;28;15;0,036;4;36;36;1,0;4;0;0;96;12
PA2025-1286;2025-05-12;Standard;12;Bestandskunde;Sonstige;Bearbeitung;14;Stahl;pulverbeschichtet;28;28;15;0,042;4;42;42;1,0;4;0;0;112;14
PA2025-1287;2025-05-10;Änderung;5;Bestandskunde;Automobilindustrie;Bearbeitung;1;Stahl;pulverbeschichtet;26;26;7;0,002;4;3;3;1,0;4;0;0;7;1
PA2025-1288;2025-05-11;Standard;15;Bestandskunde;Sonstige;Bearbeitung;8;Stahl;pulverbeschichtet;26;26;7;0,016;4;24;24;1,0;4;0;0;56;8
PA2025-1289;2025-05-07;Standard;5;Bestandskunde;Medizintechnik;Bearbeitung;13;Stahl;pulverbeschichtet;26;26;7;0,026;4;39;39;1,0;4;0;0;91;13
PA2025-1290;2025-05-10;Änderung;7;Bestandskunde;Logistiktechnik;Bearbeitung;10;Stahl;pulverbeschichtet;26;26;7;0,02;4;30;30;1,0;4;0;0;70;10
PA2025-1291;2025-05-09;Änderung;12;Bestandskunde;Automobilindustrie;Bearbeitung;3;Stahl;pulverbeschichtet;28;28;15;0,009;4;9;9;1,0;4;0;0;24;3
PA2025-1292;2025-05-13;Standard;7;Bestandskunde;Haushaltsgeräte;Bearbeitung;13;Stahl;pulverbeschichtet;26;26;7;0,026;4;39;39;1,0;4;0;0;91;13
PA2025-1293;2025-05-08;Standard;14;Bestandskunde;Sonstige;Bearbeitung;14;Stahl;pulverbeschichtet;28;28;15;0,042;4;42;42;1,0;4;0;0;112;14
PA2025-1294;2025-05-09;Standard;12;Bestandskunde;Logistiktechnik;Bearbeitung;5;Stahl;pulverbeschichtet;28;28;15;0,015;4;15;15;1,0;4;0;0;40;5
PA2025-1295;2025-05-08;Standard;15;Bestandskunde;Automobilindustrie;Bearbeitung;7;Stahl;pulverbeschichtet;26;26;7;0,014;4;21;21;1,0;4;0;0;49;7
PA2025-1296;2025-05-07;Standard;7;Bestandskunde;Haushaltsgeräte;Bearbeitung;14;Stahl;pulverbeschichtet;26;26;7;0,028;4;42;42;1,0;4;0;0;98;14
PA2025-1297;2025-05-11;Standard;6;Bestandskunde;Automobilindustrie;Bearbeitung;10;Stahl;pulverbeschichtet;28;28;15;0,03;4;30;30;1,0;4;0;0;80;10
PA2025-1298;2025-05-07;Standard;9;Bestandskunde;Logistiktechnik;Bearbeitung;8;Stahl;pulverbeschichtet;26;26;7;0,016;4;24;24;1,0;4;0;0;56;8
PA2025-1299;2025-05-12;Standard;6;Bestandskunde;Medizintechnik;Bearbeitung;1;Stahl;pulverbeschichtet;28;28;15;0,003;4;3;3;1,0;4;0;0;8;1
PA2025-1300;2025-05-08;Standard;15;Bestandskunde;Sonstige;Bearbeitung;17;Stahl;pulverbeschichtet;26;26;7;0,034;4;51;51;1,0;4;0;0;119;17
PA2025-1301;2025-05-10;Änderung;10;Bestandskunde;Logistiktechnik;Bearbeitung;11;Stahl;pulverbeschichtet;28;28;15;0,033;4;33;33;1,0;4;0;0;88;11
PA2025-1302;2025-05-09;Standard;11;Bestandskunde;Logistiktechnik;Bearbeitung;12;Stahl;pulverbeschichtet;28;28;15;0,036;4;36;36;1,0;4;0;0;96;12
PA2025-1303;2025-05-07;Standard;13;Bestandskunde;Logistiktechnik;Bearbeitung;5;Stahl;pulverbeschichtet;28;28;15;0,015;4;15;15;1,0;4;0;0;40;5
PA2025-1304;2025-05-13;Änderung;15;Bestandskunde;Automobilindustrie;Bearbeitung;8;Stahl;pulverbeschichtet;26;26;7;0,016;4;24;24;1,0;4;0;0;56;8
PA2025-1305;2025-05-11;Standard;15;Bestandskunde;Medizintechnik;Bearbeitung;1;Stahl;pulverbeschichtet;28;28;15;0,003;4;3;3;1,0;4;0;0;8;1
PA2025-1306;2025-05-12;Standard;12;Bestandskunde;Logistiktechnik;Bearbeitung;11;Stahl;pulverbeschichtet;28;28;15;0,033;4;33;33;1,0;4;0;0;88;11
PA2025-1307;2025-05-11;Änderung;15;Bestandskunde;Sonstige;Bearbeitung;3;Stahl;pulverbeschichtet;28;28;15;0,009;4;9;9;1,0;4;0;0;24;3
PA2025-1308;2025-05-10;Standard;5;Bestandskunde;Logistiktechnik;Bearbeitung;7;Stahl;pulverbeschichtet;28;28;15;0,021;4;21;21;1,0;4;0;0;56;7
PA2025-1309;2025-05-08;Änderung;14;Bestandskunde;Sonstige;Bearbeitung;18;Stahl;pulverbeschichtet;26;26;7;0,036;4;54;54;1,0;4;0;0;126;18
PA2025-1310;2025-05-10;Änderung;5;Bestandskunde;Maschinenbau;Bearbeitung;8;Stahl;pulverbeschichtet;28;28;15;0,024;4;24;24;1,0;4;0;0;64;8
PA2025-1311;2025-05-13;Änderung;5;Bestandskunde;Sonstige;Bearbeitung;1;Stahl;pulverbeschichtet;26;26;7;0,002;4;3;3;1,0;4;0;0;7;1
PA2025-1312;2025-05-10;Standard;10;Bestandskunde;Haushaltsgeräte;Bearbeitung;16;Stahl;pulverbeschichtet;26;26;7;0,032;4;48;48;1,0;4;0;0;112;16
PA2025-1313;2025-05-11;Standard;15;Bestandskunde;Logistiktechnik;Bearbeitung;8;Stahl;pulverbeschichtet;26;26;7;0,016;4;24;24;1,0;4;0;0;56;8
PA2025-1314;2025-05-10;Standard;12;Bestandskunde;Medizintechnik;Bearbeitung;14;Stahl;pulverbeschichtet;26;26;7;0,028;4;42;42;1,0;4;0;0;98;14
PA2025-1315;2025-05-09;Standard;5;Bestandskunde;Maschinenbau;Bearbeitung;11;Stahl;pulverbeschichtet;26;26;7;0,022;4;33;33;1,0;4;0;0;77;11
PA2025-1316;2025-05-11;Standard;12;Bestandskunde;Maschinenbau;Bearbeitung;13;Stahl;pulverbeschichtet;26;26;7;0,026;4;39;39;1,0;4;0;0;91;13
PA2025-1317;2025-05-07;Standard;7;Bestandskunde;Maschinenbau;Bearbeitung;11;Stahl;pulverbeschichtet;26;26;7;0,022;4;33;33;1,0;4;0;0;77;11
PA2025-1318;2025-05-13;Änderung;7;Bestandskunde;Logistiktechnik;Bearbeitung;8;Stahl;pulverbeschichtet;28;28;15;0,024;4;24;24;1,0;4;0;0;64;8
PA2025-1319;2025-05-07;Standard;13;Bestandskunde;Logistiktechnik;Bearbeitung;10;Stahl;pulverbeschichtet;26;26;7;0,02;4;30;30;1,0;4;0;0;70;10
PA2025-1320;2025-05-12;Standard;14;Bestandskunde;Medizintechnik;Bearbeitung;2;Stahl;pulverbeschichtet;26;26;7;0,004;4;6;6;1,0;4;0;0;14;2
PA2025-1321;2025-05-18;Standard;6;Neukunde;Logistiktechnik;Bearbeitung;19;Stahl;pulverbeschichtet;28;28;15;0,057;4;57;57;1,0;4;0;0;152;19
PA2025-1322;2025-05-20;Änderung;8;Bestandskunde;Maschinenbau;Bearbeitung;13;Stahl;pulverbeschichtet;28;28;15;0,039;4;39;39;1,0;4;0;0;104;13
PA2025-1323;2025-05-15;Standard;7;Bestandskunde;Automobilindustrie;Bearbeitung;8;Stahl;pulverbeschichtet;26;26;7;0,016;4;24;24;1,0;4;0;0;56;8
PA2025-1324;2025-05-20;Änderung;14;Bestandskunde;Logistiktechnik;Bearbeitung;6;Stahl;pulverbeschichtet;26;26;7;0,012;4;18;18;1,0;4;0;0;42;6
PA2025-1325;2025-05-16;Standard;12;Bestandskunde;Automobilindustrie;Bearbeitung;13;Stahl;pulverbeschichtet;26;26;7;0,026;4;39;39;1,0;4;0;0;91;13
PA2025-1326;2025-05-18;Standard;10;Bestandskunde;Medizintechnik;Bearbeitung;18;Stahl;pulverbeschichtet;28;28;15;0,054;4;54;54;1,0;4;0;0;144;18
PA2025-1327;2025-05-15;Standard;11;Bestandskunde;Automobilindustrie;Bearbeitung;2;Stahl;pulverbeschichtet;28;28;15;0,006;4;6;6;1,0;4;0;0;16;2
PA2025-1328;2025-05-19;Standard;8;Bestandskunde;Automobilindustrie;Bearbeitung;16;Stahl;pulverbeschichtet;28;28;15;0,048;4;48;48;1,0;4;0;0;128;16
PA2025-1329;2025-05-15;Änderung;7;Bestandskunde;Logistiktechnik;Bearbeitung;1;Stahl;pulverbeschichtet;28;28;15;0,003;4;3;3;1,0;4;0;0;8;1
PA2025-1330;2025-05-20;Standard;6;Bestandskunde;Sonstige;Bearbeitung;5;Stahl;pulverbeschichtet;28;28;15;0,015;4;15;15;1,0;4;0;0;40;5
PA2025-1331;2025-05-19;Standard;8;Bestandskunde;Logistiktechnik;Bearbeitung;16;Stahl;pulverbeschichtet;28;28;15;0,048;4;48;48;1,0;4;0;0;128;16
PA2025-1332;2025-05-14;Standard;15;Bestandskunde;Sonstige;Bearbeitung;5;Stahl;pulverbeschichtet;26;26;7;0,01;4;15;15;1,0;4;0;0;35;5
PA2025-1333;2025-05-14;Standard;6;Bestandskunde;Maschinenbau;Bearbeitung;20;Stahl;pulverbeschichtet;28;28;15;0,06;4;60;60;1,0;4;0;0;160;20
PA2025-1334;2025-05-20;Standard;5;Bestandskunde;Sonstige;Bearbeitung;13;Stahl;pulverbeschichtet;26;26;7;0,026;4;39;39;1,0;4;0;0;91;13
PA2025-1335;2025-05-19;Standard;14;Bestandskunde;Maschinenbau;Bearbeitung;3;Stahl;pulverbeschichtet;28;28;15;0,009;4;9;9;1,0;4;0;0;24;3
PA2025-1336;2025-05-19;Standard;15;Bestandskunde;Medizintechnik;Bearbeitung;19;Stahl;pulverbeschichtet;26;26;7;0,038;4;57;57;1,0;4;0;0;133;19
PA2025-1337;2025-05-19;Standard;6;Bestandskunde;Automobilindustrie;Bearbeitung;16;Stahl;pulverbeschichtet;28;28;15;0,048;4;48;48;1,0;4;0;0;128;16
PA2025-1338;2025-05-18;Änderung;7;Bestandskunde;Automobilindustrie;Bearbeitung;18;Stahl;pulverbeschichtet;28;28;15;0,054;4;54;54;1,0;4;0;0;144;18
PA2025-1339;2025-05-20;Standard;3;Bestandskunde;Logistiktechnik;Bearbeitung;17;Stahl;pulverbeschichtet;26;26;7;0,034;4;51;51;1,0;4;0;0;119;17
PA2025-1340;2025-05-18;Änderung;6;Bestandskunde;Automobilindustrie;Bearbeitung;4;Stahl;pulverbeschichtet;28;28;15;0,012;4;12;12;1,0;4;0;0;32;4
PA2025-1341;2025-05-14;Standard;13;Bestandskunde;Automobilindustrie;Bearbeitung;5;Stahl;pulverbeschichtet;26;26;7;0,01;4;15;15;1,0;4;0;0;35;5
PA2025-1342;2025-05-14;Änderung;9;Bestandskunde;Medizintechnik;Bearbeitung;4;Stahl;pulverbeschichtet;26;26;7;0,008;4;12;12;1,0;4;0;0;28;4
PA2025-1343;2025-05-18;Standard;8;Bestandskunde;Automobilindustrie;Bearbeitung;1;Stahl;pulverbeschichtet;28;28;15;0,003;4;3;3;1,0;4;0;0;8;1
PA2025-1344;2025-05-14;Änderung;15;Bestandskunde;Maschinenbau;Bearbeitung;18;Stahl;pulverbeschichtet;26;26;7;0,036;4;54;54;1,0;4;0;0;126;18
PA2025-1345;2025-05-18;Standard;15;Bestandskunde;Logistiktechnik;Bearbeitung;12;Stahl;pulverbeschichtet;28;28;15;0,036;4;36;36;1,0;4;0;0;96;12
PA2025-1346;2025-05-19;Standard;4;Bestandskunde;Automobilindustrie;Bearbeitung;10;Stahl;pulverbeschichtet;26;26;7;0,02;4;30;30;1,0;4;0;0;70;10
PA2025-1347;2025-05-18;Standard;9;Bestandskunde;Medizintechnik;Bearbeitung;20;Stahl;pulverbeschichtet;26;26;7;0,04;4;60;60;1,0;4;0;0;140;20
PA2025-1348;2025-05-18;Änderung;10;Bestandskunde;Haushaltsgeräte;Bearbeitung;6;Stahl;pulverbeschichtet;28;28;15;0,018;4;18;18;1,0;4;0;0;48;6
PA2025-1349;2025-05-14;Standard;9;Neukunde;Haushaltsgeräte;Bearbeitung;5;Stahl;pulverbeschichtet;28;28;15;0,015;4;15;15;1,0;4;0;0;40;5
PA2025-1350;2025-05-19;Standard;9;Bestandskunde;Automobilindustrie;Bearbeitung;7;Stahl;pulverbeschichtet;26;26;7;0,014;4;21;21;1,0;4;0;0;49;7
PA2025-1351;2025-05-19;Standard;15;Bestandskunde;Logistiktechnik;Bearbeitung;5;Stahl;pulverbeschichtet;28;28;15;0,015;4;15;15;1,0;4;0;0;40;5
PA2025-1352;2025-05-17;Änderung;4;Bestandskunde;Automobilindustrie;Bearbeitung;9;Stahl;pulverbeschichtet;28;28;15;0,027;4;27;27;1,0;4;0;0;72;9
PA2025-1353;2025-05-19;Änderung;14;Bestandskunde;Automobilindustrie;Bearbeitung;12;Stahl;pulverbeschichtet;26;26;7;0,024;4;36;36;1,0;4;0;0;84;12
PA2025-1354;2025-05-15;Standard;8;Bestandskunde;Automobilindustrie;Bearbeitung;8;Stahl;pulverbeschichtet;28;28;15;0,024;4;24;24;1,0;4;0;0;64;8
PA2025-1355;2025-05-20;Standard;6;Bestandskunde;Maschinenbau;Bearbeitung;10;Stahl;pulverbeschichtet;28;28;15;0,03;4;30;30;1,0;4;0;0;80;10
PA2025-1356;2025-05-18;Standard;12;Bestandskunde;Medizintechnik;Bearbeitung;18;Stahl;pulverbeschichtet;28;28;15;0,054;4;54;54;1,0;4;0;0;144;18
PA2025-1357;2025-05-14;Standard;4;Bestandskunde;Maschinenbau;Bearbeitung;13;Stahl;pulverbeschichtet;28;28;15;0,039;4;39;39;1,0;4;0;0;104;13
PA2025-1358;2025-05-20;Standard;13;Bestandskunde;Sonstige;Bearbeitung;1;Stahl;pulverbeschichtet;26;26;7;0,002;4;3;3;1,0;4;0;0;7;1
PA2025-1359;2025-05-15;Standard;11;Bestandskunde;Sonstige;Bearbeitung;12;Stahl;pulverbeschichtet;26;26;7;0,024;4;36;36;1,0;4;0;0;84;12
PA2025-1360;2025-05-19;Änderung;14;Bestandskunde;Logistiktechnik;Bearbeitung;15;Stahl;pulverbeschichtet;26;26;7;0,03;4;45;45;1,0;4;0;0;105;15
PA2025-1361;2025-05-17;Standard;15;Bestandskunde;Sonstige;Bearbeitung;8;Stahl;pulverbeschichtet;28;28;15;0,024;4;24;24;1,0;4;0;0;64;8
PA2025-1362;2025-05-20;Standard;5;Bestandskunde;Maschinenbau;Bearbeitung;11;Stahl;pulverbeschichtet;28;28;15;0,033;4;33;33;1,0;4;0;0;88;11
PA2025-1363;2025-05-14;Standard;8;Bestandskunde;Automobilindustrie;Bearbeitung;2;Stahl;pulverbeschichtet;26;26;7;0,004;4;6;6;1,0;4;0;0;14;2
PA2025-1364;2025-05-18;Standard;15;Bestandskunde;Logistiktechnik;Bearbeitung;14;Stahl;pulverbeschichtet;26;26;7;0,028;4;42;42;1,0;4;0;0;98;14
PA2025-1365;2025-05-17;Änderung;15;Bestandskunde;Maschinenbau;Bearbeitung;18;Stahl;pulverbeschichtet;26;26;7;0,036;4;54;54;1,0;4;0;0;126;18
PA2025-1366;2025-05-14;Standard;7;Bestandskunde;Maschinenbau;Bearbeitung;14;Stahl;pulverbeschichtet;26;26;7;0,028;4;42;42;1,0;4;0;0;98;14
PA2025-1367;2025-05-19;Änderung;15;Bestandskunde;Sonstige;Bearbeitung;15;Stahl;pulverbeschichtet;28;28;15;0,045;4;45;45;1,0;4;0;0;120;15
PA2025-1368;2025-05-15;Standard;5;Bestandskunde;Medizintechnik;Bearbeitung;12;Stahl;pulverbeschichtet;26;26;7;0,024;4;36;36;1,0;4;0;0;84;12
PA2025-1369;2025-05-17;Änderung;12;Bestandskunde;Medizintechnik;Bearbeitung;11;Stahl;pulverbeschichtet;26;26;7;0,022;4;33;33;1,0;4;0;0;77;11
PA2025-1370;2025-05-16;Standard;10;Bestandskunde;Haushaltsgeräte;Bearbeitung;1;Stahl;pulverbeschichtet;26;26;7;0,002;4;3;3;1,0;4;0;0;7;1
PA2025-1371;2025-05-16;Standard;15;Bestandskunde;Automobilindustrie;Bearbeitung;15;Stahl;pulverbeschichtet;28;28;15;0,045;4;45;45;1,0;4;0;0;120;15
PA2025-1372;2025-05-16;Standard;3;Bestandskunde;Maschinenbau;Bearbeitung;12;Stahl;pulverbeschichtet;28;28;15;0,036;4;36;36;1,0;4;0;0;96;12
PA2025-1373;2025-05-16;Standard;6;Bestandskunde;Medizintechnik;Bearbeitung;14;Stahl;pulverbeschichtet;26;26;7;0,028;4;42;42;1,0;4;0;0;98;14
PA2025-1374;2025-05-14;Änderung;15;Bestandskunde;Automobilindustrie;Bearbeitung;4;Stahl;pulverbeschichtet;28;28;15;0,012;4;12;12;1,0;4;0;0;32;4
PA2025-1375;2025-05-15;Änderung;9;Bestandskunde;Sonstige;Bearbeitung;10;Stahl;pulverbeschichtet;28;28;15;0,03;4;30;30;1,0;4;0;0;80;10
PA2025-1376;2025-05-15;Änderung;9;Bestandskunde;Medizintechnik;Bearbeitung;15;Stahl;pulverbeschichtet;28;28;15;0,045;4;45;45;1,0;4;0;0;120;15
PA2025-1377;2025-05-16;Änderung;12;Bestandskunde;Sonstige;Bearbeitung;7;Stahl;pulverbeschichtet;26;26;7;0,014;4;21;21;1,0;4;0;0;49;7
PA2025-1378;2025-05-16;Standard;4;Bestandskunde;Sonstige;Bearbeitung;11;Stahl;pulverbeschichtet;26;26;7;0,022;4;33;33;1,0;4;0;0;77;11
PA2025-1379;2025-05-19;Standard;9;Bestandskunde;Medizintechnik;Bearbeitung;9;Stahl;pulverbeschichtet;26;26;7;0,018;4;27;27;1,0;4;0;0;63;9
PA2025-1380;2025-05-17;Standard;15;Neukunde;Maschinenbau;Bearbeitung;11;Stahl;pulverbeschichtet;26;26;7;0,022;4;33;33;1,0;4;0;0;77;11
PA2025-1381;2025-05-19;Standard;13;Neukunde;Maschinenbau;Bearbeitung;1;Stahl;pulverbeschichtet;28;28;15;0,003;4;3;3;1,0;4;0;0;8;1
PA2025-1382;2025-05-16;Änderung;15;Neukunde;Medizintechnik;Bearbeitung;2;Stahl;pulverbeschichtet;26;26;7;0,004;4;6;6;1,0;4;0;0;14;2
PA2025-1383;2025-05-18;Standard;5;Bestandskunde;Automobilindustrie;Bearbeitung;16;Stahl;pulverbeschichtet;28;28;15;0,048;4;48;48;1,0;4;0;0;128;16
PA2025-1384;2025-05-15;Standard;6;Bestandskunde;Automobilindustrie;Bearbeitung;9;Stahl;pulverbeschichtet;26;26;7;0,018;4;27;27;1,0;4;0;0;63;9
PA2025-1385;2025-05-19;Änderung;9;Bestandskunde;Medizintechnik;Bearbeitung;16;Stahl;pulverbeschichtet;26;26;7;0,032;4;48;48;1,0;4;0;0;112;16
PA2025-1386;2025-05-15;Standard;6;Bestandskunde;Medizintechnik;Bearbeitung;2;Stahl;pulverbeschichtet;26;26;7;0,004;4;6;6;1,0;4;0;0;14;2
PA2025-1387;2025-05-15;Standard;12;Bestandskunde;Medizintechnik;Bearbeitung;2;Stahl;pulverbeschichtet;28;28;15;0,006;4;6;6;1,0;4;0;0;16;2
PA2025-1388;2025-05-18;Standard;10;Neukunde;Maschinenbau;Bearbeitung;8;Stahl;pulverbeschichtet;28;28;15;0,024;4;24;24;1,0;4;0;0;64;8
PA2025-1389;2025-05-17;Änderung;5;Bestandskunde;Sonstige;Bearbeitung;10;Stahl;pulverbeschichtet;28;28;15;0,03;4;30;30;1,0;4;0;0;80;10
PA2025-1390;2025-05-16;Standard;9;Bestandskunde;Medizintechnik;Bearbeitung;8;Stahl;pulverbeschichtet;26;26;7;0,016;4;24;24;1,0;4;0;0;56;8
PA2025-1391;2025-05-15;Standard;4;Bestandskunde;Automobilindustrie;Bearbeitung;11;Stahl;pulverbeschichtet;28;28;15;0,033;4;33;33;1,0;4;0;0;88;11
PA2025-1392;2025-05-17;Standard;10;Bestandskunde;Medizintechnik;Bearbeitung;6;Stahl;pulverbeschichtet;26;26;7;0,012;4;18;18;1,0;4;0;0;42;6
PA2025-1393;2025-05-16;Standard;10;Bestandskunde;Sonstige;Bearbeitung;1;Stahl;pulverbeschichtet;28;28;15;0,003;4;3;3;1,0;4;0;0;8;1
PA2025-1394;2025-05-16;Änderung;10;Bestandskunde;Automobilindustrie;Bearbeitung;20;Stahl;pulverbeschichtet;26;26;7;0,04;4;60;60;1,0;4;0;0;140;20
PA2025-1395;2025-05-19;Standard;9;Bestandskunde;Medizintechnik;Bearbeitung;4;Stahl;pulverbeschichtet;28;28;15;0,012;4;12;12;1,0;4;0;0;32;4
PA2025-1396;2025-05-14;Standard;7;Bestandskunde;Haushaltsgeräte;Bearbeitung;4;Stahl;pulverbeschichtet;26;26;7;0,008;4;12;12;1,0;4;0;0;28;4
PA2025-1397;2025-05-16;Standard;14;Bestandskunde;Automobilindustrie;Bearbeitung;5;Stahl;pulverbeschichtet;26;26;7;0,01;4;15;15;1,0;4;0;0;35;5
PA2025-1398;2025-05-15;Standard;12;Bestandskunde;Maschinenbau;Bearbeitung;18;Stahl;pulverbeschichtet;26;26;7;0,036;4;54;54;1,0;4;0;0;126;18
PA2025-1399;2025-05-17;Standard;5;Bestandskunde;Maschinenbau;Bearbeitung;14;Stahl;pulverbeschichtet;28;28;15;0,042;4;42;42;1,0;4;0;0;112;14
PA2025-1400;2025-05-18;Standard;10;Bestandskunde;Maschinenbau;Bearbeitung;2;Stahl;pulverbeschichtet;26;26;7;0,004;4;6;6;1,0;4;0;0;14;2
PA2025-1401;2025-05-19;Änderung;13;Bestandskunde;Automobilindustrie;Bearbeitung;17;Stahl;pulverbeschichtet;26;26;7;0,034;4;51;51;1,0;4;0;0;119;17
PA2025-1402;2025-05-17;Standard;15;Bestandskunde;Maschinenbau;Bearbeitung;13;Stahl;pulverbeschichtet;26;26;7;0,026;4;39;39;1,0;4;0;0;91;13
PA2025-1403;2025-05-15;Änderung;3;Bestandskunde;Logistiktechnik;Bearbeitung;1;Stahl;pulverbeschichtet;28;28;15;0,003;4;3;3;1,0;4;0;0;8;1
PA2025-1404;2025-05-19;Standard;15;Bestandskunde;Sonstige;Bearbeitung;10;Stahl;pulverbeschichtet;28;28;15;0,03;4;30;30;1,0;4;0;0;80;10
PA2025-1405;2025-05-14;Änderung;7;Bestandskunde;Logistiktechnik;Bearbeitung;10;Stahl;pulverbeschichtet;28;28;15;0,03;4;30;30;1,0;4;0;0;80;10
PA2025-1406;2025-05-16;Standard;5;Bestandskunde;Haushaltsgeräte;Bearbeitung;8;Stahl;pulverbeschichtet;26;26;7;0,016;4;24;24;1,0;4;0;0;56;8
PA2025-1407;2025-05-14;Standard;12;Neukunde;Haushaltsgeräte;Bearbeitung;11;Stahl;pulverbeschichtet;26;26;7;0,022;4;33;33;1,0;4;0;0;77;11
PA2025-1408;2025-05-19;Standard;7;Bestandskunde;Sonstige;Bearbeitung;11;Stahl;pulverbeschichtet;26;26;7;0,022;4;33;33;1,0;4;0;0;77;11
PA2025-1409;2025-05-20;Änderung;12;Bestandskunde;Logistiktechnik;Bearbeitung;6;Stahl;pulverbeschichtet;26;26;7;0,012;4;18;18;1,0;4;0;0;42;6
PA2025-1410;2025-05-18;Änderung;6;Bestandskunde;Maschinenbau;Bearbeitung;9;Stahl;pulverbeschichtet;28;28;15;0,027;4;27;27;1,0;4;0;0;72;9
PA2025-1411;2025-05-22;Standard;11;Bestandskunde;Automobilindustrie;Bearbeitung;13;Stahl;pulverbeschichtet;26;26;7;0,026;4;39;39;1,0;4;0;0;91;13
PA2025-1412;2025-05-22;Standard;12;Bestandskunde;Automobilindustrie;Bearbeitung;3;Stahl;pulverbeschichtet;26;26;7;0,006;4;9;9;1,0;4;0;0;21;3
PA2025-1413;2025-05-24;Änderung;7;Bestandskunde;Maschinenbau;Bearbeitung;19;Stahl;pulverbeschichtet;28;28;15;0,057;4;57;57;1,0;4;0;0;152;19
PA2025-1414;2025-05-22;Standard;10;Bestandskunde;Logistiktechnik;Bearbeitung;6;Stahl;pulverbeschichtet;28;28;15;0,018;4;18;18;1,0;4;0;0;48;6
PA2025-1415;2025-05-25;Standard;9;Bestandskunde;Medizintechnik;Bearbeitung;8;Stahl;pulverbeschichtet;28;28;15;0,024;4;24;24;1,0;4;0;0;64;8
PA2025-1416;2025-05-24;Änderung;5;Bestandskunde;Automobilindustrie;Bearbeitung;1;Stahl;pulverbeschichtet;28;28;15;0,003;4;3;3;1,0;4;0;0;8;1
PA2025-1417;2025-05-24;Standard;4;Bestandskunde;Logistiktechnik;Bearbeitung;2;Stahl;pulverbeschichtet;26;26;7;0,004;4;6;6;1,0;4;0;0;14;2
PA2025-1418;2025-05-27;Standard;5;Bestandskunde;Logistiktechnik;Bearbeitung;20;Stahl;pulverbeschichtet;26;26;7;0,04;4;60;60;1,0;4;0;0;140;20
PA2025-1419;2025-05-27;Standard;6;Bestandskunde;Maschinenbau;Bearbeitung;3;Stahl;pulverbeschichtet;26;26;7;0,006;4;9;9;1,0;4;0;0;21;3
PA2025-1420;2025-05-24;Standard;14;Bestandskunde;Maschinenbau;Bearbeitung;16;Stahl;pulverbeschichtet;26;26;7;0,032;4;48;48;1,0;4;0;0;112;16
PA2025-1421;2025-05-21;Änderung;9;Bestandskunde;Automobilindustrie;Bearbeitung;2;Stahl;pulverbeschichtet;26;26;7;0,004;4;6;6;1,0;4;0;0;14;2
PA2025-1422;2025-05-21;Standard;15;Bestandskunde;Automobilindustrie;Bearbeitung;1;Stahl;pulverbeschichtet;26;26;7;0,002;4;3;3;1,0;4;0;0;7;1
PA2025-1423;2025-05-22;Änderung;12;Bestandskunde;Sonstige;Bearbeitung;10;Stahl;pulverbeschichtet;26;26;7;0,02;4;30;30;1,0;4;0;0;70;10
PA2025-1424;2025-05-26;Standard;6;Neukunde;Logistiktechnik;Bearbeitung;8;Stahl;pulverbeschichtet;26;26;7;0,016;4;24;24;1,0;4;0;0;56;8
PA2025-1425;2025-05-23;Standard;5;Bestandskunde;Automobilindustrie;Bearbeitung;3;Stahl;pulverbeschichtet;26;26;7;0,006;4;9;9;1,0;4;0;0;21;3
PA2025-1426;2025-05-22;Standard;12;Bestandskunde;Maschinenbau;Bearbeitung;14;Stahl;pulverbeschichtet;26;26;7;0,028;4;42;42;1,0;4;0;0;98;14
PA2025-1427;2025-05-25;Änderung;10;Bestandskunde;Medizintechnik;Bearbeitung;16;Stahl;pulverbeschichtet;26;26;7;0,032;4;48;48;1,0;4;0;0;112;16
PA2025-1428;2025-05-27;Standard;5;Bestandskunde;Sonstige;Bearbeitung;5;Stahl;pulverbeschichtet;28;28;15;0,015;4;15;15;1,0;4;0;0;40;5
PA2025-1429;2025-05-22;Standard;11;Bestandskunde;Maschinenbau;Bearbeitung;16;Stahl;pulverbeschichtet;26;26;7;0,032;4;48;48;1,0;4;0;0;112;16
PA2025-1430;2025-05-25;Änderung;14;Bestandskunde;Maschinenbau;Bearbeitung;3;Stahl;pulverbeschichtet;26;26;7;0,006;4;9;9;1,0;4;0;0;21;3
PA2025-1431;2025-05-22;Änderung;11;Bestandskunde;Logistiktechnik;Bearbeitung;16;Stahl;pulverbeschichtet;28;28;15;0,048;4;48;48;1,0;4;0;0;128;16
PA2025-1432;2025-05-27;Standard;11;Bestandskunde;Automobilindustrie;Bearbeitung;8;Stahl;pulverbeschichtet;28;28;15;0,024;4;24;24;1,0;4;0;0;64;8
PA2025-1433;2025-05-25;Standard;15;Bestandskunde;Sonstige;Bearbeitung;18;Stahl;pulverbeschichtet;28;28;15;0,054;4;54;54;1,0;4;0;0;144;18
PA2025-1434;2025-05-21;Standard;12;Bestandskunde;Sonstige;Bearbeitung;8;Stahl;pulverbeschichtet;26;26;7;0,016;4;24;24;1,0;4;0;0;56;8
PA2025-1435;2025-05-23;Standard;3;Bestandskunde;Maschinenbau;Bearbeitung;12;Stahl;pulverbeschichtet;26;26;7;0,024;4;36;36;1,0;4;0;0;84;12
PA2025-1436;2025-05-21;Änderung;4;Bestandskunde;Maschinenbau;Bearbeitung;5;Stahl;pulverbeschichtet;28;28;15;0,015;4;15;15;1,0;4;0;0;40;5
PA2025-1437;2025-05-22;Standard;12;Bestandskunde;Haushaltsgeräte;Bearbeitung;2;Stahl;pulverbeschichtet;28;28;15;0,006;4;6;6;1,0;4;0;0;16;2
PA2025-1438;2025-05-26;Änderung;7;Bestandskunde;Maschinenbau;Bearbeitung;14;Stahl;pulverbeschichtet;26;26;7;0,028;4;42;42;1,0;4;0;0;98;14
PA2025-1439;2025-05-26;Änderung;6;Bestandskunde;Automobilindustrie;Bearbeitung;20;Stahl;pulverbeschichtet;28;28;15;0,06;4;60;60;1,0;4;0;0;160;20
PA2025-1440;2025-05-22;Standard;11;Bestandskunde;Logistiktechnik;Bearbeitung;1;Stahl;pulverbeschichtet;26;26;7;0,002;4;3;3;1,0;4;0;0;7;1
PA2025-1441;2025-05-27;Standard;8;Bestandskunde;Maschinenbau;Bearbeitung;17;Stahl;pulverbeschichtet;28;28;15;0,051;4;51;51;1,0;4;0;0;136;17
PA2025-1442;2025-05-24;Änderung;10;Bestandskunde;Sonstige;Bearbeitung;1;Stahl;pulverbeschichtet;28;28;15;0,003;4;3;3;1,0;4;0;0;8;1
PA2025-1443;2025-05-22;Standard;4;Bestandskunde;Maschinenbau;Bearbeitung;6;Stahl;pulverbeschichtet;28;28;15;0,018;4;18;18;1,0;4;0;0;48;6
PA2025-1444;2025-05-24;Standard;13;Bestandskunde;Sonstige;Bearbeitung;18;Stahl;pulverbeschichtet;26;26;7;0,036;4;54;54;1,0;4;0;0;126;18
PA2025-1445;2025-05-25;Standard;10;Bestandskunde;Sonstige;Bearbeitung;6;Stahl;pulverbeschichtet;28;28;15;0,018;4;18;18;1,0;4;0;0;48;6
PA2025-1446;2025-05-25;Standard;13;Bestandskunde;Maschinenbau;Bearbeitung;7;Stahl;pulverbeschichtet;28;28;15;0,021;4;21;21;1,0;4;0;0;56;7
PA2025-1447;2025-05-21;Änderung;8;Bestandskunde;Sonstige;Bearbeitung;18;Stahl;pulverbeschichtet;28;28;15;0,054;4;54;54;1,0;4;0;0;144;18
PA2025-1448;2025-05-24;Standard;10;Bestandskunde;Maschinenbau;Bearbeitung;13;Stahl;pulverbeschichtet;26;26;7;0,026;4;39;39;1,0;4;0;0;91;13
PA2025-1449;2025-05-27;Standard;12;Bestandskunde;Maschinenbau;Bearbeitung;4;Stahl;pulverbeschichtet;26;26;7;0,008;4;12;12;1,0;4;0;0;28;4
PA2025-1450;2025-05-23;Änderung;10;Bestandskunde;Sonstige;Bearbeitung;18;Stahl;pulverbeschichtet;26;26;7;0,036;4;54;54;1,0;4;0;0;126;18
PA2025-1451;2025-05-22;Standard;3;Bestandskunde;Maschinenbau;Bearbeitung;18;Stahl;pulverbeschichtet;26;26;7;0,036;4;54;54;1,0;4;0;0;126;18
PA2025-1452;2025-05-22;Standard;9;Bestandskunde;Sonstige;Bearbeitung;2;Stahl;pulverbeschichtet;26;26;7;0,004;4;6;6;1,0;4;0;0;14;2
PA2025-1453;2025-05-21;Standard;11;Bestandskunde;Haushaltsgeräte;Bearbeitung;12;Stahl;pulverbeschichtet;28;28;15;0,036;4;36;36;1,0;4;0;0;96;12
PA2025-1454;2025-05-25;Standard;9;Bestandskunde;Automobilindustrie;Bearbeitung;12;Stahl;pulverbeschichtet;28;28;15;0,036;4;36;36;1,0;4;0;0;96;12
PA2025-1455;2025-05-23;Änderung;12;Bestandskunde;Sonstige;Bearbeitung;17;Stahl;pulverbeschichtet;26;26;7;0,034;4;51;51;1,0;4;0;0;119;17
PA2025-1456;2025-05-25;Standard;13;Bestandskunde;Maschinenbau;Bearbeitung;2;Stahl;pulverbeschichtet;26;26;7;0,004;4;6;6;1,0;4;0;0;14;2
PA2025-1457;2025-05-22;Standard;13;Bestandskunde;Automobilindustrie;Bearbeitung;8;Stahl;pulverbeschichtet;28;28;15;0,024;4;24;24;1,0;4;0;0;64;8
PA2025-1458;2025-05-27;Änderung;8;Bestandskunde;Haushaltsgeräte;Bearbeitung;20;Stahl;pulverbeschichtet;26;26;7;0,04;4;60;60;1,0;4;0;0;140;20
PA2025-1459;2025-05-27;Standard;7;Bestandskunde;Logistiktechnik;Bearbeitung;14;Stahl;pulverbeschichtet;28;28;15;0,042;4;42;42;1,0;4;0;0;112;14
PA2025-1460;2025-05-22;Änderung;7;Bestandskunde;Automobilindustrie;Bearbeitung;5;Stahl;pulverbeschichtet;26;26;7;0,01;4;15;15;1,0;4;0;0;35;5
PA2025-1461;2025-05-27;Standard;3;Neukunde;Logistiktechnik;Bearbeitung;18;Stahl;pulverbeschichtet;28;28;15;0,054;4;54;54;1,0;4;0;0;144;18
PA2025-1462;2025-05-21;Standard;13;Bestandskunde;Maschinenbau;Bearbeitung;6;Stahl;pulverbeschichtet;26;26;7;0,012;4;18;18;1,0;4;0;0;42;6
PA2025-1463;2025-05-25;Standard;12;Bestandskunde;Automobilindustrie;Bearbeitung;15;Stahl;pulverbeschichtet;26;26;7;0,03;4;45;45;1,0;4;0;0;105;15
PA2025-1464;2025-05-23;Standard;13;Bestandskunde;Maschinenbau;Bearbeitung;4;Stahl;pulverbeschichtet;28;28;15;0,012;4;12;12;1,0;4;0;0;32;4
PA2025-1465;2025-05-23;Änderung;10;Neukunde;Medizintechnik;Bearbeitung;5;Stahl;pulverbeschichtet;28;28;15;0,015;4;15;15;1,0;4;0;0;40;5
PA2025-1466;2025-05-25;Standard;11;Bestandskunde;Medizintechnik;Bearbeitung;17;Stahl;pulverbeschichtet;28;28;15;0,051;4;51;51;1,0;4;0;0;136;17
PA2025-1467;2025-05-26;Standard;4;Bestandskunde;Maschinenbau;Bearbeitung;8;Stahl;pulverbeschichtet;28;28;15;0,024;4;24;24;1,0;4;0;0;64;8
PA2025-1468;2025-05-27;Standard;6;Bestandskunde;Automobilindustrie;Bearbeitung;13;Stahl;pulverbeschichtet;26;26;7;0,026;4;39;39;1,0;4;0;0;91;13
PA2025-1469;2025-05-24;Änderung;14;Bestandskunde;Logistiktechnik;Bearbeitung;15;Stahl;pulverbeschichtet;26;26;7;0,03;4;45;45;1,0;4;0;0;105;15
PA2025-1470;2025-05-21;Standard;7;Bestandskunde;Medizintechnik;Bearbeitung;13;Stahl;pulverbeschichtet;28;28;15;0,039;4;39;39;1,0;4;0;0;104;13
PA2025-1471;2025-05-24;Standard;10;Bestandskunde;Sonstige;Bearbeitung;20;Stahl;pulverbeschichtet;28;28;15;0,06;4;60;60;1,0;4;0;0;160;20
PA2025-1472;2025-05-26;Änderung;14;Bestandskunde;Automobilindustrie;Bearbeitung;18;Stahl;pulverbeschichtet;28;28;15;0,054;4;54;54;1,0;4;0;0;144;18
PA2025-1473;2025-05-22;Standard;7;Bestandskunde;Medizintechnik;Bearbeitung;20;Stahl;pulverbeschichtet;26;26;7;0,04;4;60;60;1,0;4;0;0;140;20
PA2025-1474;2025-05-27;Standard;12;Bestandskunde;Haushaltsgeräte;Bearbeitung;7;Stahl;pulverbeschichtet;28;28;15;0,021;4;21;21;1,0;4;0;0;56;7
PA2025-1475;2025-05-27;Änderung;3;Neukunde;Automobilindustrie;Bearbeitung;9;Stahl;pulverbeschichtet;26;26;7;0,018;4;27;27;1,0;4;0;0;63;9
PA2025-1476;2025-05-22;Standard;5;Bestandskunde;Logistiktechnik;Bearbeitung;3;Stahl;pulverbeschichtet;28;28;15;0,009;4;9;9;1,0;4;0;0;24;3
PA2025-1477;2025-05-24;Änderung;13;Bestandskunde;Logistiktechnik;Bearbeitung;9;Stahl;pulverbeschichtet;28;28;15;0,027;4;27;27;1,0;4;0;0;72;9
PA2025-1478;2025-05-21;Standard;12;Bestandskunde;Logistiktechnik;Bearbeitung;6;Stahl;pulverbeschichtet;26;26;7;0,012;4;18;18;1,0;4;0;0;42;6
PA2025-1479;2025-05-24;Standard;15;Bestandskunde;Maschinenbau;Bearbeitung;6;Stahl;pulverbeschichtet;26;26;7;0,012;4;18;18;1,0;4;0;0;42;6
PA2025-1480;2025-05-26;Standard;13;Bestandskunde;Sonstige;Bearbeitung;20;Stahl;pulverbeschichtet;28;28;15;0,06;4;60;60;1,0;4;0;0;160;20
PA2025-1481;2025-05-26;Standard;7;Bestandskunde;Logistiktechnik;Bearbeitung;11;Stahl;pulverbeschichtet;26;26;7;0,022;4;33;33;1,0;4;0;0;77;11
PA2025-1482;2025-05-24;Standard;6;Bestandskunde;Maschinenbau;Bearbeitung;14;Stahl;pulverbeschichtet;26;26;7;0,028;4;42;42;1,0;4;0;0;98;14
PA2025-1483;2025-05-26;Standard;4;Bestandskunde;Maschinenbau;Bearbeitung;5;Stahl;pulverbeschichtet;28;28;15;0,015;4;15;15;1,0;4;0;0;40;5
PA2025-1484;2025-05-25;Standard;6;Bestandskunde;Logistiktechnik;Bearbeitung;7;Stahl;pulverbeschichtet;28;28;15;0,021;4;21;21;1,0;4;0;0;56;7
PA2025-1485;2025-05-25;Standard;8;Bestandskunde;Sonstige;Bearbeitung;7;Stahl;pulverbeschichtet;28;28;15;0,021;4;21;21;1,0;4;0;0;56;7
PA2025-1486;2025-05-23;Standard;10;Bestandskunde;Haushaltsgeräte;Bearbeitung;17;Stahl;pulverbeschichtet;26;26;7;0,034;4;51;51;1,0;4;0;0;119;17
PA2025-1487;2025-05-26;Standard;14;Bestandskunde;Maschinenbau;Bearbeitung;18;Stahl;pulverbeschichtet;26;26;7;0,036;4;54;54;1,0;4;0;0;126;18
PA2025-1488;2025-05-27;Änderung;11;Bestandskunde;Automobilindustrie;Bearbeitung;14;Stahl;pulverbeschichtet;28;28;15;0,042;4;42;42;1,0;4;0;0;112;14
PA2025-1489;2025-05-25;Standard;8;Bestandskunde;Automobilindustrie;Bearbeitung;14;Stahl;pulverbeschichtet;28;28;15;0,042;4;42;42;1,0;4;0;0;112;14
PA2025-1490;2025-05-25;Änderung;6;Neukunde;Logistiktechnik;Bearbeitung;4;Stahl;pulverbeschichtet;28;28;15;0,012;4;12;12;1,0;4;0;0;32;4
PA2025-1491;2025-05-25;Standard;14;Bestandskunde;Haushaltsgeräte;Bearbeitung;20;Stahl;pulverbeschichtet;26;26;7;0,04;4;60;60;1,0;4;0;0;140;20
PA2025-1492;2025-05-25;Änderung;5;Bestandskunde;Logistiktechnik;Bearbeitung;7;Stahl;pulverbeschichtet;26;26;7;0,014;4;21;21;1,0;4;0;0;49;7
PA2025-1493;2025-05-25;Änderung;13;Neukunde;Maschinenbau;Bearbeitung;4;Stahl;pulverbeschichtet;26;26;7;0,008;4;12;12;1,0;4;0;0;28;4
PA2025-1494;2025-05-24;Standard;12;Bestandskunde;Maschinenbau;Bearbeitung;8;Stahl;pulverbeschichtet;28;28;15;0,024;4;24;24;1,0;4;0;0;64;8
PA2025-1495;2025-05-26;Standard;9;Bestandskunde;Maschinenbau;Bearbeitung;14;Stahl;pulverbeschichtet;28;28;15;0,042;4;42;42;1,0;4;0;0;112;14
PA2025-1496;2025-05-24;Änderung;5;Bestandskunde;Sonstige;Bearbeitung;12;Stahl;pulverbeschichtet;26;26;7;0,024;4;36;36;1,0;4;0;0;84;12
PA2025-1497;2025-05-22;Standard;12;Bestandskunde;Maschinenbau;Bearbeitung;7;Stahl;pulverbeschichtet;28;28;15;0,021;4;21;21;1,0;4;0;0;56;7
PA2025-1498;2025-05-27;Änderung;13;Bestandskunde;Logistiktechnik;Bearbeitung;6;Stahl;pulverbeschichtet;28;28;15;0,018;4;18;18;1,0;4;0;0;48;6
PA2025-1499;2025-05-25;Änderung;8;Bestandskunde;Automobilindustrie;Bearbeitung;5;Stahl;pulverbeschichtet;28;28;15;0,015;4;15;15;1,0;4;0;0;40;5
PA2025-1500;2025-05-27;Standard;9;Bestandskunde;Maschinenbau;Bearbeitung;11;Stahl;pulverbeschichtet;26;26;7;0,022;4;33;33;1,0;4;0;0;77;11
PA2025-1501;2025-05-28;Standard;3;Bestandskunde;Maschinenbau;Bearbeitung;19;Stahl;pulverbeschichtet;26;26;7;0,038;4;57;57;1,0;4;0;0;133;19
PA2025-1502;2025-06-01;Standard;5;Bestandskunde;Haushaltsgeräte;Bearbeitung;5;Stahl;pulverbeschichtet;26;26;7;0,01;4;15;15;1,0;4;0;0;35;5
PA2025-1503;2025-06-02;Standard;12;Bestandskunde;Maschinenbau;Bearbeitung;8;Stahl;pulverbeschichtet;28;28;15;0,024;4;24;24;1,0;4;0;0;64;8
PA2025-1504;2025-06-01;Änderung;10;Bestandskunde;Automobilindustrie;Bearbeitung;13;Stahl;pulverbeschichtet;28;28;15;0,039;4;39;39;1,0;4;0;0;104;13
PA2025-1505;2025-05-28;Standard;9;Bestandskunde;Haushaltsgeräte;Bearbeitung;1;Stahl;pulverbeschichtet;28;28;15;0,003;4;3;3;1,0;4;0;0;8;1
PA2025-1506;2025-05-31;Standard;5;Bestandskunde;Logistiktechnik;Bearbeitung;6;Stahl;pulverbeschichtet;26;26;7;0,012;4;18;18;1,0;4;0;0;42;6
PA2025-1507;2025-05-31;Standard;11;Bestandskunde;Automobilindustrie;Bearbeitung;4;Stahl;pulverbeschichtet;26;26;7;0,008;4;12;12;1,0;4;0;0;28;4
PA2025-1508;2025-05-31;Standard;5;Bestandskunde;Sonstige;Bearbeitung;7;Stahl;pulverbeschichtet;28;28;15;0,021;4;21;21;1,0;4;0;0;56;7
PA2025-1509;2025-05-30;Änderung;13;Bestandskunde;Logistiktechnik;Bearbeitung;1;Stahl;pulverbeschichtet;28;28;15;0,003;4;3;3;1,0;4;0;0;8;1
PA2025-1510;2025-05-28;Standard;11;Bestandskunde;Automobilindustrie;Bearbeitung;20;Stahl;pulverbeschichtet;26;26;7;0,04;4;60;60;1,0;4;0;0;140;20
PA2025-1511;2025-06-01;Standard;10;Bestandskunde;Automobilindustrie;Bearbeitung;1;Stahl;pulverbeschichtet;26;26;7;0,002;4;3;3;1,0;4;0;0;7;1
PA2025-1512;2025-05-29;Änderung;11;Bestandskunde;Maschinenbau;Bearbeitung;11;Stahl;pulverbeschichtet;26;26;7;0,022;4;33;33;1,0;4;0;0;77;11
PA2025-1513;2025-05-28;Standard;7;Bestandskunde;Logistiktechnik;Bearbeitung;3;Stahl;pulverbeschichtet;26;26;7;0,006;4;9;9;1,0;4;0;0;21;3
PA2025-1514;2025-06-01;Standard;10;Bestandskunde;Automobilindustrie;Bearbeitung;14;Stahl;pulverbeschichtet;28;28;15;0,042;4;42;42;1,0;4;0;0;112;14
PA2025-1515;2025-05-30;Standard;6;Bestandskunde;Medizintechnik;Bearbeitung;9;Stahl;pulverbeschichtet;28;28;15;0,027;4;27;27;1,0;4;0;0;72;9
PA2025-1516;2025-06-01;Standard;10;Bestandskunde;Haushaltsgeräte;Bearbeitung;16;Stahl;pulverbeschichtet;28;28;15;0,048;4;48;48;1,0;4;0;0;128;16
PA2025-1517;2025-05-31;Standard;10;Bestandskunde;Medizintechnik;Bearbeitung;20;Stahl;pulverbeschichtet;28;28;15;0,06;4;60;60;1,0;4;0;0;160;20
PA2025-1518;2025-05-29;Standard;11;Bestandskunde;Sonstige;Bearbeitung;3;Stahl;pulverbeschichtet;28;28;15;0,009;4;9;9;1,0;4;0;0;24;3
PA2025-1519;2025-05-28;Änderung;15;Bestandskunde;Automobilindustrie;Bearbeitung;20;Stahl;pulverbeschichtet;28;28;15;0,06;4;60;60;1,0;4;0;0;160;20
PA2025-1520;2025-05-28;Änderung;6;Bestandskunde;Automobilindustrie;Bearbeitung;6;Stahl;pulverbeschichtet;28;28;15;0,018;4;18;18;1,0;4;0;0;48;6
PA2025-1521;2025-05-28;Änderung;7;Bestandskunde;Medizintechnik;Bearbeitung;11;Stahl;pulverbeschichtet;28;28;15;0,033;4;33;33;1,0;4;0;0;88;11
PA2025-1522;2025-05-30;Standard;3;Bestandskunde;Medizintechnik;Bearbeitung;19;Stahl;pulverbeschichtet;26;26;7;0,038;4;57;57;1,0;4;0;0;133;19
PA2025-1523;2025-06-01;Standard;5;Bestandskunde;Logistiktechnik;Bearbeitung;17;Stahl;pulverbeschichtet;28;28;15;0,051;4;51;51;1,0;4;0;0;136;17
PA2025-1524;2025-06-01;Standard;10;Bestandskunde;Automobilindustrie;Bearbeitung;3;Stahl;pulverbeschichtet;26;26;7;0,006;4;9;9;1,0;4;0;0;21;3
PA2025-1525;2025-06-03;Standard;13;Bestandskunde;Automobilindustrie;Bearbeitung;7;Stahl;pulverbeschichtet;28;28;15;0,021;4;21;21;1,0;4;0;0;56;7
PA2025-1526;2025-05-31;Standard;5;Bestandskunde;Maschinenbau;Bearbeitung;4;Stahl;pulverbeschichtet;26;26;7;0,008;4;12;12;1,0;4;0;0;28;4
PA2025-1527;2025-06-01;Standard;11;Bestandskunde;Automobilindustrie;Bearbeitung;1;Stahl;pulverbeschichtet;28;28;15;0,003;4;3;3;1,0;4;0;0;8;1
PA2025-1528;2025-06-02;Standard;4;Bestandskunde;Logistiktechnik;Bearbeitung;13;Stahl;pulverbeschichtet;28;28;15;0,039;4;39;39;1,0;4;0;0;104;13
PA2025-1529;2025-05-30;Änderung;3;Bestandskunde;Automobilindustrie;Bearbeitung;14;Stahl;pulverbeschichtet;26;26;7;0,028;4;42;42;1,0;4;0;0;98;14
PA2025-1530;2025-05-30;Änderung;10;Bestandskunde;Haushaltsgeräte;Bearbeitung;11;Stahl;pulverbeschichtet;28;28;15;0,033;4;33;33;1,0;4;0;0;88;11
PA2025-1531;2025-05-28;Standard;12;Bestandskunde;Logistiktechnik;Bearbeitung;16;Stahl;pulverbeschichtet;28;28;15;0,048;4;48;48;1,0;4;0;0;128;16
PA2025-1532;2025-06-01;Standard;6;Bestandskunde;Haushaltsgeräte;Bearbeitung;1;Stahl;pulverbeschichtet;26;26;7;0,002;4;3;3;1,0;4;0;0;7;1
PA2025-1533;2025-05-30;Änderung;12;Bestandskunde;Medizintechnik;Bearbeitung;12;Stahl;pulverbeschichtet;26;26;7;0,024;4;36;36;1,0;4;0;0;84;12
PA2025-1534;2025-05-30;Änderung;4;Bestandskunde;Medizintechnik;Bearbeitung;3;Stahl;pulverbeschichtet;26;26;7;0,006;4;9;9;1,0;4;0;0;21;3
PA2025-1535;2025-06-02;Änderung;13;Bestandskunde;Sonstige;Bearbeitung;5;Stahl;pulverbeschichtet;28;28;15;0,015;4;15;15;1,0;4;0;0;40;5
PA2025-1536;2025-05-29;Standard;11;Bestandskunde;Maschinenbau;Bearbeitung;14;Stahl;pulverbeschichtet;28;28;15;0,042;4;42;42;1,0;4;0;0;112;14
PA2025-1537;2025-05-28;Standard;15;Bestandskunde;Maschinenbau;Bearbeitung;16;Stahl;pulverbeschichtet;28;28;15;0,048;4;48;48;1,0;4;0;0;128;16
PA2025-1538;2025-06-03;Standard;14;Bestandskunde;Sonstige;Bearbeitung;10;Stahl;pulverbeschichtet;28;28;15;0,03;4;30;30;1,0;4;0;0;80;10
PA2025-1539;2025-06-01;Standard;10;Neukunde;Haushaltsgeräte;Bearbeitung;7;Stahl;pulverbeschichtet;26;26;7;0,014;4;21;21;1,0;4;0;0;49;7
PA2025-1540;2025-05-31;Standard;5;Bestandskunde;Maschinenbau;Bearbeitung;15;Stahl;pulverbeschichtet;26;26;7;0,03;4;45;45;1,0;4;0;0;105;15
PA2025-1541;2025-05-31;Standard;5;Bestandskunde;Maschinenbau;Bearbeitung;17;Stahl;pulverbeschichtet;28;28;15;0,051;4;51;51;1,0;4;0;0;136;17
PA2025-1542;2025-06-02;Standard;14;Bestandskunde;Logistiktechnik;Bearbeitung;4;Stahl;pulverbeschichtet;28;28;15;0,012;4;12;12;1,0;4;0;0;32;4
PA2025-1543;2025-05-30;Änderung;11;Bestandskunde;Haushaltsgeräte;Bearbeitung;17;Stahl;pulverbeschichtet;26;26;7;0,034;4;51;51;1,0;4;0;0;119;17
PA2025-1544;2025-05-29;Standard;5;Bestandskunde;Maschinenbau;Bearbeitung;10;Stahl;pulverbeschichtet;26;26;7;0,02;4;30;30;1,0;4;0;0;70;10
PA2025-1545;2025-05-31;Änderung;5;Bestandskunde;Logistiktechnik;Bearbeitung;15;Stahl;pulverbeschichtet;26;26;7;0,03;4;45;45;1,0;4;0;0;105;15
PA2025-1546;2025-05-28;Änderung;14;Bestandskunde;Logistiktechnik;Bearbeitung;9;Stahl;pulverbeschichtet;26;26;7;0,018;4;27;27;1,0;4;0;0;63;9
PA2025-1547;2025-05-30;Standard;12;Bestandskunde;Sonstige;Bearbeitung;14;Stahl;pulverbeschichtet;26;26;7;0,028;4;42;42;1,0;4;0;0;98;14
PA2025-1548;2025-05-31;Standard;10;Bestandskunde;Automobilindustrie;Bearbeitung;13;Stahl;pulverbeschichtet;28;28;15;0,039;4;39;39;1,0;4;0;0;104;13
PA2025-1549;2025-05-30;Standard;7;Bestandskunde;Haushaltsgeräte;Bearbeitung;17;Stahl;pulverbeschichtet;28;28;15;0,051;4;51;51;1,0;4;0;0;136;17
PA2025-1550;2025-05-31;Standard;5;Bestandskunde;Automobilindustrie;Bearbeitung;4;Stahl;pulverbeschichtet;28;28;15;0,012;4;12;12;1,0;4;0;0;32;4
PA2025-1551;2025-05-28;Standard;4;Bestandskunde;Medizintechnik;Bearbeitung;18;Stahl;pulverbeschichtet;26;26;7;0,036;4;54;54;1,0;4;0;0;126;18
PA2025-1552;2025-05-29;Standard;11;Bestandskunde;Maschinenbau;Bearbeitung;9;Stahl;pulverbeschichtet;26;26;7;0,018;4;27;27;1,0;4;0;0;63;9
PA2025-1553;2025-05-29;Standard;7;Bestandskunde;Medizintechnik;Bearbeitung;20;Stahl;pulverbeschichtet;28;28;15;0,06;4;60;60;1,0;4;0;0;160;20
PA2025-1554;2025-05-28;Änderung;6;Neukunde;Maschinenbau;Bearbeitung;20;Stahl;pulverbeschichtet;28;28;15;0,06;4;60;60;1,0;4;0;0;160;20
PA2025-1555;2025-05-30;Änderung;8;Neukunde;Automobilindustrie;Bearbeitung;6;Stahl;pulverbeschichtet;28;28;15;0,018;4;18;18;1,0;4;0;0;48;6
PA2025-1556;2025-05-31;Änderung;6;Bestandskunde;Maschinenbau;Bearbeitung;14;Stahl;pulverbeschichtet;26;26;7;0,028;4;42;42;1,0;4;0;0;98;14
PA2025-1557;2025-05-29;Standard;9;Bestandskunde;Sonstige;Bearbeitung;1;Stahl;pulverbeschichtet;28;28;15;0,003;4;3;3;1,0;4;0;0;8;1
PA2025-1558;2025-06-01;Änderung;5;Bestandskunde;Maschinenbau;Bearbeitung;4;Stahl;pulverbeschichtet;28;28;15;0,012;4;12;12;1,0;4;0;0;32;4
PA2025-1559;2025-06-01;Standard;10;Bestandskunde;Medizintechnik;Bearbeitung;6;Stahl;pulverbeschichtet;26;26;7;0,012;4;18;18;1,0;4;0;0;42;6
PA2025-1560;2025-05-28;Änderung;10;Bestandskunde;Sonstige;Bearbeitung;16;Stahl;pulverbeschichtet;26;26;7;0,032;4;48;48;1,0;4;0;0;112;16
PA2025-1561;2025-05-30;Standard;14;Bestandskunde;Logistiktechnik;Bearbeitung;12;Stahl;pulverbeschichtet;28;28;15;0,036;4;36;36;1,0;4;0;0;96;12
PA2025-1562;2025-05-30;Standard;15;Bestandskunde;Sonstige;Bearbeitung;20;Stahl;pulverbeschichtet;28;28;15;0,06;4;60;60;1,0;4;0;0;160;20
PA2025-1563;2025-05-30;Standard;15;Bestandskunde;Automobilindustrie;Bearbeitung;14;Stahl;pulverbeschichtet;28;28;15;0,042;4;42;42;1,0;4;0;0;112;14
PA2025-1564;2025-05-30;Standard;14;Bestandskunde;Automobilindustrie;Bearbeitung;14;Stahl;pulverbeschichtet;26;26;7;0,028;4;42;42;1,0;4;0;0;98;14
PA2025-1565;2025-06-02;Standard;5;Bestandskunde;Automobilindustrie;Bearbeitung;4;Stahl;pulverbeschichtet;28;28;15;0,012;4;12;12;1,0;4;0;0;32;4
PA2025-1566;2025-06-02;Standard;14;Bestandskunde;Medizintechnik;Bearbeitung;6;Stahl;pulverbeschichtet;28;28;15;0,018;4;18;18;1,0;4;0;0;48;6
PA2025-1567;2025-05-30;Standard;10;Bestandskunde;Automobilindustrie;Bearbeitung;9;Stahl;pulverbeschichtet;28;28;15;0,027;4;27;27;1,0;4;0;0;72;9
PA2025-1568;2025-05-28;Änderung;15;Neukunde;Medizintechnik;Bearbeitung;4;Stahl;pulverbeschichtet;28;28;15;0,012;4;12;12;1,0;4;0;0;32;4
PA2025-1569;2025-06-01;Standard;12;Bestandskunde;Automobilindustrie;Bearbeitung;16;Stahl;pulverbeschichtet;28;28;15;0,048;4;48;48;1,0;4;0;0;128;16
PA2025-1570;2025-06-02;Standard;7;Bestandskunde;Sonstige;Bearbeitung;18;Stahl;pulverbeschichtet;26;26;7;0,036;4;54;54;1,0;4;0;0;126;18
PA2025-1571;2025-05-31;Änderung;10;Bestandskunde;Maschinenbau;Bearbeitung;15;Stahl;pulverbeschichtet;26;26;7;0,03;4;45;45;1,0;4;0;0;105;15
PA2025-1572;2025-05-30;Änderung;5;Bestandskunde;Maschinenbau;Bearbeitung;14;Stahl;pulverbeschichtet;26;26;7;0,028;4;42;42;1,0;4;0;0;98;14
PA2025-1573;2025-06-03;Standard;3;Bestandskunde;Automobilindustrie;Bearbeitung;10;Stahl;pulverbeschichtet;28;28;15;0,03;4;30;30;1,0;4;0;0;80;10
PA2025-1574;2025-06-02;Standard;9;Neukunde;Sonstige;Bearbeitung;14;Stahl;pulverbeschichtet;26;26;7;0,028;4;42;42;1,0;4;0;0;98;14
PA2025-1575;2025-05-29;Standard;4;Bestandskunde;Automobilindustrie;Bearbeitung;13;Stahl;pulverbeschichtet;26;26;7;0,026;4;39;39;1,0;4;0;0;91;13
PA2025-1576;2025-05-28;Standard;9;Bestandskunde;Maschinenbau;Bearbeitung;6;Stahl;pulverbeschichtet;28;28;15;0,018;4;18;18;1,0;4;0;0;48;6
PA2025-1577;2025-05-30;Standard;5;Bestandskunde;Automobilindustrie;Bearbeitung;5;Stahl;pulverbeschichtet;28;28;15;0,015;4;15;15;1,0;4;0;0;40;5
PA2025-1578;2025-05-29;Standard;10;Bestandskunde;Automobilindustrie;Bearbeitung;15;Stahl;pulverbeschichtet;28;28;15;0,045;4;45;45;1,0;4;0;0;120;15
PA2025-1579;2025-06-03;Standard;13;Bestandskunde;Haushaltsgeräte;Bearbeitung;11;Stahl;pulverbeschichtet;26;26;7;0,022;4;33;33;1,0;4;0;0;77;11
PA2025-1580;2025-05-30;Standard;12;Bestandskunde;Logistiktechnik;Bearbeitung;15;Stahl;pulverbeschichtet;28;28;15;0,045;4;45;45;1,0;4;0;0;120;15
PA2025-1581;2025-06-03;Änderung;13;Bestandskunde;Logistiktechnik;Bearbeitung;10;Stahl;pulverbeschichtet;26;26;7;0,02;4;30;30;1,0;4;0;0;70;10
PA2025-1582;2025-05-29;Standard;10;Bestandskunde;Haushaltsgeräte;Bearbeitung;5;Stahl;pulverbeschichtet;26;26;7;0,01;4;15;15;1,0;4;0;0;35;5
PA2025-1583;2025-05-28;Standard;13;Neukunde;Sonstige;Bearbeitung;15;Stahl;pulverbeschichtet;28;28;15;0,045;4;45;45;1,0;4;0;0;120;15
PA2025-1584;2025-05-28;Änderung;9;Bestandskunde;Automobilindustrie;Bearbeitung;11;Stahl;pulverbeschichtet;26;26;7;0,022;4;33;33;1,0;4;0;0;77;11
PA2025-1585;2025-06-01;Standard;15;Bestandskunde;Logistiktechnik;Bearbeitung;4;Stahl;pulverbeschichtet;26;26;7;0,008;4;12;12;1,0;4;0;0;28;4
PA2025-1586;2025-06-01;Änderung;7;Bestandskunde;Logistiktechnik;Bearbeitung;5;Stahl;pulverbeschichtet;26;26;7;0,01;4;15;15;1,0;4;0;0;35;5
PA2025-1587;2025-05-30;Standard;10;Bestandskunde;Medizintechnik;Bearbeitung;16;Stahl;pulverbeschichtet;26;26;7;0,032;4;48;48;1,0;4;0;0;112;16
PA2025-1588;2025-05-28;Änderung;3;Bestandskunde;Sonstige;Bearbeitung;17;Stahl;pulverbeschichtet;26;26;7;0,034;4;51;51;1,0;4;0;0;119;17
PA2025-1589;2025-05-29;Standard;6;Bestandskunde;Maschinenbau;Bearbeitung;15;Stahl;pulverbeschichtet;26;26;7;0,03;4;45;45;1,0;4;0;0;105;15
PA2025-1590;2025-05-28;Änderung;10;Neukunde;Medizintechnik;Bearbeitung;8;Stahl;pulverbeschichtet;28;28;15;0,024;4;24;24;1,0;4;0;0;64;8
PA2025-1591;2025-06-09;Änderung;14;Bestandskunde;Logistiktechnik;Bearbeitung;14;Stahl;pulverbeschichtet;28;28;15;0,042;4;42;42;1,0;4;0;0;112;14
PA2025-1592;2025-06-05;Änderung;6;Bestandskunde;Logistiktechnik;Bearbeitung;6;Stahl;pulverbeschichtet;26;26;7;0,012;4;18;18;1,0;4;0;0;42;6
PA2025-1593;2025-06-07;Standard;10;Bestandskunde;Automobilindustrie;Bearbeitung;19;Stahl;pulverbeschichtet;26;26;7;0,038;4;57;57;1,0;4;0;0;133;19
PA2025-1594;2025-06-09;Standard;9;Neukunde;Maschinenbau;Bearbeitung;4;Stahl;pulverbeschichtet;28;28;15;0,012;4;12;12;1,0;4;0;0;32;4
PA2025-1595;2025-06-10;Standard;13;Bestandskunde;Logistiktechnik;Bearbeitung;4;Stahl;pulverbeschichtet;28;28;15;0,012;4;12;12;1,0;4;0;0;32;4
PA2025-1596;2025-06-08;Standard;10;Bestandskunde;Maschinenbau;Bearbeitung;20;Stahl;pulverbeschichtet;28;28;15;0,06;4;60;60;1,0;4;0;0;160;20
PA2025-1597;2025-06-06;Standard;5;Bestandskunde;Automobilindustrie;Bearbeitung;9;Stahl;pulverbeschichtet;28;28;15;0,027;4;27;27;1,0;4;0;0;72;9
PA2025-1598;2025-06-06;Änderung;15;Bestandskunde;Sonstige;Bearbeitung;12;Stahl;pulverbeschichtet;26;26;7;0,024;4;36;36;1,0;4;0;0;84;12
PA2025-1599;2025-06-04;Standard;7;Bestandskunde;Logistiktechnik;Bearbeitung;19;Stahl;pulverbeschichtet;28;28;15;0,057;4;57;57;1,0;4;0;0;152;19
PA2025-1600;2025-06-09;Standard;7;Bestandskunde;Automobilindustrie;Bearbeitung;10;Stahl;pulverbeschichtet;28;28;15;0,03;4;30;30;1,0;4;0;0;80;10
PA2025-1601;2025-06-10;Standard;14;Bestandskunde;Automobilindustrie;Bearbeitung;6;Stahl;pulverbeschichtet;28;28;15;0,018;4;18;18;1,0;4;0;0;48;6
PA2025-1602;2025-06-09;Änderung;11;Bestandskunde;Maschinenbau;Bearbeitung;19;Stahl;pulverbeschichtet;28;28;15;0,057;4;57;57;1,0;4;0;0;152;19
PA2025-1603;2025-06-04;Standard;3;Bestandskunde;Sonstige;Bearbeitung;4;Stahl;pulverbeschichtet;28;28;15;0,012;4;12;12;1,0;4;0;0;32;4
PA2025-1604;2025-06-09;Standard;14;Bestandskunde;Maschinenbau;Bearbeitung;8;Stahl;pulverbeschichtet;26;26;7;0,016;4;24;24;1,0;4;0;0;56;8
PA2025-1605;2025-06-09;Standard;13;Bestandskunde;Sonstige;Bearbeitung;3;Stahl;pulverbeschichtet;26;26;7;0,006;4;9;9;1,0;4;0;0;21;3
PA2025-1606;2025-06-04;Änderung;4;Bestandskunde;Automobilindustrie;Bearbeitung;12;Stahl;pulverbeschichtet;26;26;7;0,024;4;36;36;1,0;4;0;0;84;12
PA2025-1607;2025-06-06;Standard;5;Bestandskunde;Medizintechnik;Bearbeitung;19;Stahl;pulverbeschichtet;26;26;7;0,038;4;57;57;1,0;4;0;0;133;19
PA2025-1608;2025-06-06;Standard;14;Bestandskunde;Maschinenbau;Bearbeitung;7;Stahl;pulverbeschichtet;26;26;7;0,014;4;21;21;1,0;4;0;0;49;7
PA2025-1609;2025-06-10;Standard;15;Bestandskunde;Haushaltsgeräte;Bearbeitung;19;Stahl;pulverbeschichtet;26;26;7;0,038;4;57;57;1,0;4;0;0;133;19
PA2025-1610;2025-06-05;Standard;4;Bestandskunde;Haushaltsgeräte;Bearbeitung;12;Stahl;pulverbeschichtet;26;26;7;0,024;4;36;36;1,0;4;0;0;84;12
PA2025-1611;2025-06-08;Standard;5;Neukunde;Maschinenbau;Bearbeitung;17;Stahl;pulverbeschichtet;28;28;15;0,051;4;51;51;1,0;4;0;0;136;17
PA2025-1612;2025-06-10;Standard;8;Bestandskunde;Maschinenbau;Bearbeitung;12;Stahl;pulverbeschichtet;28;28;15;0,036;4;36;36;1,0;4;0;0;96;12
PA2025-1613;2025-06-08;Standard;7;Bestandskunde;Maschinenbau;Bearbeitung;13;Stahl;pulverbeschichtet;28;28;15;0,039;4;39;39;1,0;4;0;0;104;13
PA2025-1614;2025-06-05;Standard;15;Bestandskunde;Maschinenbau;Bearbeitung;8;Stahl;pulverbeschichtet;26;26;7;0,016;4;24;24;1,0;4;0;0;56;8
PA2025-1615;2025-06-04;Standard;8;Bestandskunde;Sonstige;Bearbeitung;9;Stahl;pulverbeschichtet;26;26;7;0,018;4;27;27;1,0;4;0;0;63;9
PA2025-1616;2025-06-06;Standard;5;Bestandskunde;Haushaltsgeräte;Bearbeitung;10;Stahl;pulverbeschichtet;28;28;15;0,03;4;30;30;1,0;4;0;0;80;10
PA2025-1617;2025-06-10;Änderung;15;Bestandskunde;Automobilindustrie;Bearbeitung;13;Stahl;pulverbeschichtet;26;26;7;0,026;4;39;39;1,0;4;0;0;91;13
PA2025-1618;2025-06-08;Standard;15;Bestandskunde;Automobilindustrie;Bearbeitung;1;Stahl;pulverbeschichtet;26;26;7;0,002;4;3;3;1,0;4;0;0;7;1
PA2025-1619;2025-06-07;Standard;10;Bestandskunde;Sonstige;Bearbeitung;2;Stahl;pulverbeschichtet;26;26;7;0,004;4;6;6;1,0;4;0;0;14;2
PA2025-1620;2025-06-08;Standard;11;Bestandskunde;Medizintechnik;Bearbeitung;2;Stahl;pulverbeschichtet;26;26;7;0,004;4;6;6;1,0;4;0;0;14;2
PA2025-1621;2025-06-04;Standard;4;Bestandskunde;Maschinenbau;Bearbeitung;14;Stahl;pulverbeschichtet;26;26;7;0,028;4;42;42;1,0;4;0;0;98;14
PA2025-1622;2025-06-05;Standard;9;Bestandskunde;Logistiktechnik;Bearbeitung;16;Stahl;pulverbeschichtet;26;26;7;0,032;4;48;48;1,0;4;0;0;112;16
PA2025-1623;2025-06-07;Standard;15;Neukunde;Logistiktechnik;Bearbeitung;8;Stahl;pulverbeschichtet;26;26;7;0,016;4;24;24;1,0;4;0;0;56;8
PA2025-1624;2025-06-04;Standard;7;Neukunde;Logistiktechnik;Bearbeitung;1;Stahl;pulverbeschichtet;26;26;7;0,002;4;3;3;1,0;4;0;0;7;1
PA2025-1625;2025-06-07;Standard;12;Bestandskunde;Maschinenbau;Bearbeitung;14;Stahl;pulverbeschichtet;28;28;15;0,042;4;42;42;1,0;4;0;0;112;14
PA2025-1626;2025-06-07;Standard;5;Bestandskunde;Sonstige;Bearbeitung;12;Stahl;pulverbeschichtet;26;26;7;0,024;4;36;36;1,0;4;0;0;84;12
PA2025-1627;2025-06-06;Standard;12;Bestandskunde;Maschinenbau;Bearbeitung;3;Stahl;pulverbeschichtet;28;28;15;0,009;4;9;9;1,0;4;0;0;24;3
PA2025-1628;2025-06-07;Änderung;5;Bestandskunde;Maschinenbau;Bearbeitung;8;Stahl;pulverbeschichtet;26;26;7;0,016;4;24;24;1,0;4;0;0;56;8
PA2025-1629;2025-06-04;Standard;7;Bestandskunde;Maschinenbau;Bearbeitung;11;Stahl;pulverbeschichtet;26;26;7;0,022;4;33;33;1,0;4;0;0;77;11
PA2025-1630;2025-06-09;Änderung;9;Bestandskunde;Sonstige;Bearbeitung;13;Stahl;pulverbeschichtet;28;28;15;0,039;4;39;39;1,0;4;0;0;104;13
PA2025-1631;2025-06-04;Standard;5;Bestandskunde;Logistiktechnik;Bearbeitung;7;Stahl;pulverbeschichtet;28;28;15;0,021;4;21;21;1,0;4;0;0;56;7
PA2025-1632;2025-06-09;Änderung;12;Bestandskunde;Haushaltsgeräte;Bearbeitung;15;Stahl;pulverbeschichtet;28;28;15;0,045;4;45;45;1,0;4;0;0;120;15
PA2025-1633;2025-06-10;Standard;10;Bestandskunde;Maschinenbau;Bearbeitung;9;Stahl;pulverbeschichtet;28;28;15;0,027;4;27;27;1,0;4;0;0;72;9
PA2025-1634;2025-06-08;Änderung;15;Bestandskunde;Sonstige;Bearbeitung;14;Stahl;pulverbeschichtet;28;28;15;0,042;4;42;42;1,0;4;0;0;112;14
PA2025-1635;2025-06-04;Standard;7;Bestandskunde;Maschinenbau;Bearbeitung;17;Stahl;pulverbeschichtet;28;28;15;0,051;4;51;51;1,0;4;0;0;136;17
PA2025-1636;2025-06-09;Änderung;9;Neukunde;Haushaltsgeräte;Bearbeitung;5;Stahl;pulverbeschichtet;26;26;7;0,01;4;15;15;1,0;4;0;0;35;5
PA2025-1637;2025-06-09;Standard;14;Bestandskunde;Automobilindustrie;Bearbeitung;4;Stahl;pulverbeschichtet;26;26;7;0,008;4;12;12;1,0;4;0;0;28;4
PA2025-1638;2025-06-10;Änderung;4;Bestandskunde;Maschinenbau;Bearbeitung;10;Stahl;pulverbeschichtet;26;26;7;0,02;4;30;30;1,0;4;0;0;70;10
PA2025-1639;2025-06-06;Standard;11;Bestandskunde;Medizintechnik;Bearbeitung;13;Stahl;pulverbeschichtet;26;26;7;0,026;4;39;39;1,0;4;0;0;91;13
PA2025-1640;2025-06-05;Standard;7;Bestandskunde;Medizintechnik;Bearbeitung;18;Stahl;pulverbeschichtet;28;28;15;0,054;4;54;54;1,0;4;0;0;144;18
PA2025-1641;2025-06-04;Standard;12;Bestandskunde;Maschinenbau;Bearbeitung;11;Stahl;pulverbeschichtet;26;26;7;0,022;4;33;33;1,0;4;0;0;77;11
PA2025-1642;2025-06-05;Änderung;3;Neukunde;Automobilindustrie;Bearbeitung;14;Stahl;pulverbeschichtet;28;28;15;0,042;4;42;42;1,0;4;0;0;112;14
PA2025-1643;2025-06-09;Änderung;4;Bestandskunde;Medizintechnik;Bearbeitung;10;Stahl;pulverbeschichtet;28;28;15;0,03;4;30;30;1,0;4;0;0;80;10
PA2025-1644;2025-06-08;Änderung;15;Bestandskunde;Logistiktechnik;Bearbeitung;15;Stahl;pulverbeschichtet;28;28;15;0,045;4;45;45;1,0;4;0;0;120;15
PA2025-1645;2025-06-04;Standard;9;Bestandskunde;Automobilindustrie;Bearbeitung;3;Stahl;pulverbeschichtet;26;26;7;0,006;4;9;9;1,0;4;0;0;21;3
PA2025-1646;2025-06-06;Änderung;11;Bestandskunde;Maschinenbau;Bearbeitung;9;Stahl;pulverbeschichtet;26;26;7;0,018;4;27;27;1,0;4;0;0;63;9
PA2025-1647;2025-06-10;Standard;3;Bestandskunde;Maschinenbau;Bearbeitung;11;Stahl;pulverbeschichtet;28;28;15;0,033;4;33;33;1,0;4;0;0;88;11
PA2025-1648;2025-06-07;Änderung;14;Bestandskunde;Maschinenbau;Bearbeitung;2;Stahl;pulverbeschichtet;28;28;15;0,006;4;6;6;1,0;4;0;0;16;2
PA2025-1649;2025-06-09;Standard;9;Bestandskunde;Haushaltsgeräte;Bearbeitung;3;Stahl;pulverbeschichtet;28;28;15;0,009;4;9;9;1,0;4;0;0;24;3
PA2025-1650;2025-06-08;Änderung;11;Bestandskunde;Automobilindustrie;Bearbeitung;9;Stahl;pulverbeschichtet;28;28;15;0,027;4;27;27;1,0;4;0;0;72;9
PA2025-1651;2025-06-10;Änderung;14;Bestandskunde;Haushaltsgeräte;Bearbeitung;5;Stahl;pulverbeschichtet;28;28;15;0,015;4;15;15;1,0;4;0;0;40;5
PA2025-1652;2025-06-04;Änderung;4;Bestandskunde;Automobilindustrie;Bearbeitung;15;Stahl;pulverbeschichtet;26;26;7;0,03;4;45;45;1,0;4;0;0;105;15
PA2025-1653;2025-06-08;Standard;10;Bestandskunde;Maschinenbau;Bearbeitung;9;Stahl;pulverbeschichtet;28;28;15;0,027;4;27;27;1,0;4;0;0;72;9
PA2025-1654;2025-06-09;Standard;12;Bestandskunde;Medizintechnik;Bearbeitung;8;Stahl;pulverbeschichtet;28;28;15;0,024;4;24;24;1,0;4;0;0;64;8
PA2025-1655;2025-06-04;Änderung;15;Bestandskunde;Logistiktechnik;Bearbeitung;8;Stahl;pulverbeschichtet;28;28;15;0,024;4;24;24;1,0;4;0;0;64;8
PA2025-1656;2025-06-08;Standard;12;Bestandskunde;Medizintechnik;Bearbeitung;3;Stahl;pulverbeschichtet;26;26;7;0,006;4;9;9;1,0;4;0;0;21;3
PA2025-1657;2025-06-05;Standard;3;Bestandskunde;Automobilindustrie;Bearbeitung;11;Stahl;pulverbeschichtet;28;28;15;0,033;4;33;33;1,0;4;0;0;88;11
PA2025-1658;2025-06-06;Standard;14;Bestandskunde;Haushaltsgeräte;Bearbeitung;1;Stahl;pulverbeschichtet;28;28;15;0,003;4;3;3;1,0;4;0;0;8;1
PA2025-1659;2025-06-04;Standard;10;Bestandskunde;Logistiktechnik;Bearbeitung;1;Stahl;pulverbeschichtet;26;26;7;0,002;4;3;3;1,0;4;0;0;7;1
PA2025-1660;2025-06-10;Standard;11;Neukunde;Automobilindustrie;Bearbeitung;17;Stahl;pulverbeschichtet;26;26;7;0,034;4;51;51;1,0;4;0;0;119;17
PA2025-1661;2025-06-07;Standard;5;Bestandskunde;Logistiktechnik;Bearbeitung;3;Stahl;pulverbeschichtet;28;28;15;0,009;4;9;9;1,0;4;0;0;24;3
PA2025-1662;2025-06-08;Änderung;15;Bestandskunde;Maschinenbau;Bearbeitung;14;Stahl;pulverbeschichtet;26;26;7;0,028;4;42;42;1,0;4;0;0;98;14
PA2025-1663;2025-06-08;Standard;15;Bestandskunde;Automobilindustrie;Bearbeitung;11;Stahl;pulverbeschichtet;26;26;7;0,022;4;33;33;1,0;4;0;0;77;11
PA2025-1664;2025-06-10;Standard;10;Bestandskunde;Medizintechnik;Bearbeitung;12;Stahl;pulverbeschichtet;28;28;15;0,036;4;36;36;1,0;4;0;0;96;12
PA2025-1665;2025-06-06;Änderung;5;Bestandskunde;Automobilindustrie;Bearbeitung;14;Stahl;pulverbeschichtet;26;26;7;0,028;4;42;42;1,0;4;0;0;98;14
PA2025-1666;2025-06-06;Standard;15;Bestandskunde;Automobilindustrie;Bearbeitung;16;Stahl;pulverbeschichtet;28;28;15;0,048;4;48;48;1,0;4;0;0;128;16
PA2025-1667;2025-06-10;Standard;13;Neukunde;Automobilindustrie;Bearbeitung;5;Stahl;pulverbeschichtet;26;26;7;0,01;4;15;15;1,0;4;0;0;35;5
PA2025-1668;2025-06-09;Standard;7;Bestandskunde;Logistiktechnik;Bearbeitung;11;Stahl;pulverbeschichtet;26;26;7;0,022;4;33;33;1,0;4;0;0;77;11
PA2025-1669;2025-06-04;Änderung;12;Bestandskunde;Sonstige;Bearbeitung;19;Stahl;pulverbeschichtet;28;28;15;0,057;4;57;57;1,0;4;0;0;152;19
PA2025-1670;2025-06-10;Änderung;8;Bestandskunde;Logistiktechnik;Bearbeitung;1;Stahl;pulverbeschichtet;28;28;15;0,003;4;3;3;1,0;4;0;0;8;1
PA2025-1671;2025-06-07;Änderung;10;Bestandskunde;Maschinenbau;Bearbeitung;16;Stahl;pulverbeschichtet;26;26;7;0,032;4;48;48;1,0;4;0;0;112;16
PA2025-1672;2025-06-10;Standard;4;Bestandskunde;Logistiktechnik;Bearbeitung;6;Stahl;pulverbeschichtet;26;26;7;0,012;4;18;18;1,0;4;0;0;42;6
PA2025-1673;2025-06-08;Standard;15;Bestandskunde;Logistiktechnik;Bearbeitung;12;Stahl;pulverbeschichtet;26;26;7;0,024;4;36;36;1,0;4;0;0;84;12
PA2025-1674;2025-06-09;Standard;9;Bestandskunde;Automobilindustrie;Bearbeitung;11;Stahl;pulverbeschichtet;26;26;7;0,022;4;33;33;1,0;4;0;0;77;11
PA2025-1675;2025-06-04;Änderung;12;Bestandskunde;Maschinenbau;Bearbeitung;15;Stahl;pulverbeschichtet;26;26;7;0,03;4;45;45;1,0;4;0;0;105;15
PA2025-1676;2025-06-10;Standard;14;Bestandskunde;Automobilindustrie;Bearbeitung;19;Stahl;pulverbeschichtet;28;28;15;0,057;4;57;57;1,0;4;0;0;152;19
PA2025-1677;2025-06-04;Standard;12;Bestandskunde;Automobilindustrie;Bearbeitung;11;Stahl;pulverbeschichtet;26;26;7;0,022;4;33;33;1,0;4;0;0;77;11
PA2025-1678;2025-06-08;Änderung;10;Bestandskunde;Maschinenbau;Bearbeitung;10;Stahl;pulverbeschichtet;28;28;15;0,03;4;30;30;1,0;4;0;0;80;10
PA2025-1679;2025-06-04;Standard;15;Bestandskunde;Maschinenbau;Bearbeitung;14;Stahl;pulverbeschichtet;28;28;15;0,042;4;42;42;1,0;4;0;0;112;14
PA2025-1680;2025-06-07;Standard;10;Bestandskunde;Sonstige;Bearbeitung;2;Stahl;pulverbeschichtet;28;28;15;0,006;4;6;6;1,0;4;0;0;16;2
PA2025-1681;2025-06-15;Änderung;10;Bestandskunde;Automobilindustrie;Bearbeitung;4;Stahl;pulverbeschichtet;26;26;7;0,008;4;12;12;1,0;4;0;0;28;4
PA2025-1682;2025-06-12;Standard;6;Bestandskunde;Maschinenbau;Bearbeitung;8;Stahl;pulverbeschichtet;28;28;15;0,024;4;24;24;1,0;4;0;0;64;8
PA2025-1683;2025-06-13;Standard;5;Bestandskunde;Automobilindustrie;Bearbeitung;5;Stahl;pulverbeschichtet;26;26;7;0,01;4;15;15;1,0;4;0;0;35;5
PA2025-1684;2025-06-15;Änderung;15;Bestandskunde;Maschinenbau;Bearbeitung;2;Stahl;pulverbeschichtet;26;26;7;0,004;4;6;6;1,0;4;0;0;14;2
PA2025-1685;2025-06-14;Änderung;4;Bestandskunde;Sonstige;Bearbeitung;19;Stahl;pulverbeschichtet;26;26;7;0,038;4;57;57;1,0;4;0;0;133;19
PA2025-1686;2025-06-14;Standard;15;Bestandskunde;Automobilindustrie;Bearbeitung;4;Stahl;pulverbeschichtet;28;28;15;0,012;4;12;12;1,0;4;0;0;32;4
PA2025-1687;2025-06-14;Standard;15;Bestandskunde;Automobilindustrie;Bearbeitung;9;Stahl;pulverbeschichtet;26;26;7;0,018;4;27;27;1,0;4;0;0;63;9
PA2025-1688;2025-06-17;Standard;5;Bestandskunde;Automobilindustrie;Bearbeitung;3;Stahl;pulverbeschichtet;26;26;7;0,006;4;9;9;1,0;4;0;0;21;3
PA2025-1689;2025-06-15;Standard;11;Bestandskunde;Maschinenbau;Bearbeitung;17;Stahl;pulverbeschichtet;28;28;15;0,051;4;51;51;1,0;4;0;0;136;17
PA2025-1690;2025-06-11;Änderung;12;Neukunde;Medizintechnik;Bearbeitung;17;Stahl;pulverbeschichtet;26;26;7;0,034;4;51;51;1,0;4;0;0;119;17
PA2025-1691;2025-06-17;Standard;4;Bestandskunde;Medizintechnik;Bearbeitung;8;Stahl;pulverbeschichtet;28;28;15;0,024;4;24;24;1,0;4;0;0;64;8
PA2025-1692;2025-06-17;Standard;8;Bestandskunde;Sonstige;Bearbeitung;5;Stahl;pulverbeschichtet;26;26;7;0,01;4;15;15;1,0;4;0;0;35;5
PA2025-1693;2025-06-16;Standard;14;Bestandskunde;Maschinenbau;Bearbeitung;3;Stahl;pulverbeschichtet;28;28;15;0,009;4;9;9;1,0;4;0;0;24;3
PA2025-1694;2025-06-14;Standard;5;Bestandskunde;Automobilindustrie;Bearbeitung;6;Stahl;pulverbeschichtet;26;26;7;0,012;4;18;18;1,0;4;0;0;42;6
PA2025-1695;2025-06-16;Änderung;9;Bestandskunde;Maschinenbau;Bearbeitung;8;Stahl;pulverbeschichtet;26;26;7;0,016;4;24;24;1,0;4;0;0;56;8
PA2025-1696;2025-06-15;Änderung;8;Bestandskunde;Automobilindustrie;Bearbeitung;10;Stahl;pulverbeschichtet;28;28;15;0,03;4;30;30;1,0;4;0;0;80;10
PA2025-1697;2025-06-17;Standard;13;Bestandskunde;Maschinenbau;Bearbeitung;10;Stahl;pulverbeschichtet;28;28;15;0,03;4;30;30;1,0;4;0;0;80;10
PA2025-1698;2025-06-11;Standard;10;Bestandskunde;Automobilindustrie;Bearbeitung;8;Stahl;pulverbeschichtet;26;26;7;0,016;4;24;24;1,0;4;0;0;56;8
PA2025-1699;2025-06-12;Änderung;13;Bestandskunde;Automobilindustrie;Bearbeitung;12;Stahl;pulverbeschichtet;28;28;15;0,036;4;36;36;1,0;4;0;0;96;12
PA2025-1700;2025-06-12;Änderung;14;Bestandskunde;Maschinenbau;Bearbeitung;20;Stahl;pulverbeschichtet;28;28;15;0,06;4;60;60;1,0;4;0;0;160;20
PA2025-1701;2025-06-12;Standard;3;Bestandskunde;Automobilindustrie;Bearbeitung;14;Stahl;pulverbeschichtet;28;28;15;0,042;4;42;42;1,0;4;0;0;112;14
PA2025-1702;2025-06-13;Änderung;10;Bestandskunde;Sonstige;Bearbeitung;14;Stahl;pulverbeschichtet;26;26;7;0,028;4;42;42;1,0;4;0;0;98;14
PA2025-1703;2025-06-11;Standard;9;Bestandskunde;Sonstige;Bearbeitung;2;Stahl;pulverbeschichtet;28;28;15;0,006;4;6;6;1,0;4;0;0;16;2
PA2025-1704;2025-06-14;Standard;9;Bestandskunde;Maschinenbau;Bearbeitung;7;Stahl;pulverbeschichtet;28;28;15;0,021;4;21;21;1,0;4;0;0;56;7
PA2025-1705;2025-06-12;Standard;3;Bestandskunde;Maschinenbau;Bearbeitung;13;Stahl;pulverbeschichtet;26;26;7;0,026;4;39;39;1,0;4;0;0;91;13
PA2025-1706;2025-06-13;Standard;5;Bestandskunde;Automobilindustrie;Bearbeitung;12;Stahl;pulverbeschichtet;26;26;7;0,024;4;36;36;1,0;4;0;0;84;12
PA2025-1707;2025-06-17;Standard;13;Bestandskunde;Medizintechnik;Bearbeitung;6;Stahl;pulverbeschichtet;26;26;7;0,012;4;18;18;1,0;4;0;0;42;6
PA2025-1708;2025-06-14;Standard;8;Bestandskunde;Automobilindustrie;Bearbeitung;1;Stahl;pulverbeschichtet;28;28;15;0,003;4;3;3;1,0;4;0;0;8;1
PA2025-1709;2025-06-17;Änderung;15;Bestandskunde;Sonstige;Bearbeitung;16;Stahl;pulverbeschichtet;26;26;7;0,032;4;48;48;1,0;4;0;0;112;16
PA2025-1710;2025-06-13;Änderung;10;Bestandskunde;Haushaltsgeräte;Bearbeitung;8;Stahl;pulverbeschichtet;26;26;7;0,016;4;24;24;1,0;4;0;0;56;8
PA2025-1711;2025-06-16;Änderung;6;Bestandskunde;Automobilindustrie;Bearbeitung;13;Stahl;pulverbeschichtet;26;26;7;0,026;4;39;39;1,0;4;0;0;91;13
PA2025-1712;2025-06-17;Standard;5;Bestandskunde;Automobilindustrie;Bearbeitung;14;Stahl;pulverbeschichtet;26;26;7;0,028;4;42;42;1,0;4;0;0;98;14
PA2025-1713;2025-06-16;Änderung;7;Bestandskunde;Haushaltsgeräte;Bearbeitung;13;Stahl;pulverbeschichtet;26;26;7;0,026;4;39;39;1,0;4;0;0;91;13
PA2025-1714;2025-06-17;Änderung;11;Neukunde;Medizintechnik;Bearbeitung;10;Stahl;pulverbeschichtet;26;26;7;0,02;4;30;30;1,0;4;0;0;70;10
PA2025-1715;2025-06-12;Standard;6;Bestandskunde;Maschinenbau;Bearbeitung;16;Stahl;pulverbeschichtet;28;28;15;0,048;4;48;48;1,0;4;0;0;128;16
PA2025-1716;2025-06-14;Standard;5;Bestandskunde;Automobilindustrie;Bearbeitung;9;Stahl;pulverbeschichtet;28;28;15;0,027;4;27;27;1,0;4;0;0;72;9
PA2025-1717;2025-06-16;Änderung;15;Bestandskunde;Medizintechnik;Bearbeitung;16;Stahl;pulverbeschichtet;28;28;15;0,048;4;48;48;1,0;4;0;0;128;16
PA2025-1718;2025-06-17;Standard;6;Bestandskunde;Maschinenbau;Bearbeitung;1;Stahl;pulverbeschichtet;28;28;15;0,003;4;3;3;1,0;4;0;0;8;1
PA2025-1719;2025-06-14;Standard;11;Bestandskunde;Automobilindustrie;Bearbeitung;10;Stahl;pulverbeschichtet;28;28;15;0,03;4;30;30;1,0;4;0;0;80;10
PA2025-1720;2025-06-17;Standard;5;Bestandskunde;Medizintechnik;Bearbeitung;16;Stahl;pulverbeschichtet;28;28;15;0,048;4;48;48;1,0;4;0;0;128;16
PA2025-1721;2025-06-12;Standard;11;Bestandskunde;Medizintechnik;Bearbeitung;19;Stahl;pulverbeschichtet;26;26;7;0,038;4;57;57;1,0;4;0;0;133;19
PA2025-1722;2025-06-17;Standard;14;Bestandskunde;Automobilindustrie;Bearbeitung;11;Stahl;pulverbeschichtet;26;26;7;0,022;4;33;33;1,0;4;0;0;77;11
PA2025-1723;2025-06-13;Standard;12;Bestandskunde;Logistiktechnik;Bearbeitung;7;Stahl;pulverbeschichtet;26;26;7;0,014;4;21;21;1,0;4;0;0;49;7
PA2025-1724;2025-06-14;Änderung;10;Bestandskunde;Automobilindustrie;Bearbeitung;15;Stahl;pulverbeschichtet;28;28;15;0,045;4;45;45;1,0;4;0;0;120;15
PA2025-1725;2025-06-15;Standard;5;Bestandskunde;Sonstige;Bearbeitung;3;Stahl;pulverbeschichtet;28;28;15;0,009;4;9;9;1,0;4;0;0;24;3
PA2025-1726;2025-06-17;Standard;3;Bestandskunde;Automobilindustrie;Bearbeitung;6;Stahl;pulverbeschichtet;28;28;15;0,018;4;18;18;1,0;4;0;0;48;6
PA2025-1727;2025-06-17;Änderung;6;Bestandskunde;Haushaltsgeräte;Bearbeitung;6;Stahl;pulverbeschichtet;26;26;7;0,012;4;18;18;1,0;4;0;0;42;6
PA2025-1728;2025-06-16;Standard;14;Bestandskunde;Automobilindustrie;Bearbeitung;14;Stahl;pulverbeschichtet;28;28;15;0,042;4;42;42;1,0;4;0;0;112;14
PA2025-1729;2025-06-16;Standard;9;Bestandskunde;Maschinenbau;Bearbeitung;12;Stahl;pulverbeschichtet;28;28;15;0,036;4;36;36;1,0;4;0;0;96;12
PA2025-1730;2025-06-13;Standard;15;Bestandskunde;Sonstige;Bearbeitung;12;Stahl;pulverbeschichtet;26;26;7;0,024;4;36;36;1,0;4;0;0;84;12
PA2025-1731;2025-06-14;Änderung;8;Bestandskunde;Logistiktechnik;Bearbeitung;5;Stahl;pulverbeschichtet;28;28;15;0,015;4;15;15;1,0;4;0;0;40;5
PA2025-1732;2025-06-11;Standard;11;Bestandskunde;Sonstige;Bearbeitung;3;Stahl;pulverbeschichtet;26;26;7;0,006;4;9;9;1,0;4;0;0;21;3
PA2025-1733;2025-06-16;Standard;9;Bestandskunde;Medizintechnik;Bearbeitung;15;Stahl;pulverbeschichtet;26;26;7;0,03;4;45;45;1,0;4;0;0;105;15
PA2025-1734;2025-06-11;Standard;13;Bestandskunde;Automobilindustrie;Bearbeitung;18;Stahl;pulverbeschichtet;28;28;15;0,054;4;54;54;1,0;4;0;0;144;18
PA2025-1735;2025-06-16;Standard;4;Bestandskunde;Logistiktechnik;Bearbeitung;14;Stahl;pulverbeschichtet;26;26;7;0,028;4;42;42;1,0;4;0;0;98;14
PA2025-1736;2025-06-15;Änderung;13;Bestandskunde;Automobilindustrie;Bearbeitung;7;Stahl;pulverbeschichtet;28;28;15;0,021;4;21;21;1,0;4;0;0;56;7
PA2025-1737;2025-06-11;Änderung;7;Bestandskunde;Automobilindustrie;Bearbeitung;4;Stahl;pulverbeschichtet;26;26;7;0,008;4;12;12;1,0;4;0;0;28;4
PA2025-1738;2025-06-13;Änderung;9;Bestandskunde;Haushaltsgeräte;Bearbeitung;20;Stahl;pulverbeschichtet;26;26;7;0,04;4;60;60;1,0;4;0;0;140;20
PA2025-1739;2025-06-12;Standard;3;Bestandskunde;Automobilindustrie;Bearbeitung;3;Stahl;pulverbeschichtet;28;28;15;0,009;4;9;9;1,0;4;0;0;24;3
PA2025-1740;2025-06-12;Standard;14;Bestandskunde;Sonstige;Bearbeitung;2;Stahl;pulverbeschichtet;26;26;7;0,004;4;6;6;1,0;4;0;0;14;2
PA2025-1741;2025-06-14;Standard;15;Bestandskunde;Sonstige;Bearbeitung;4;Stahl;pulverbeschichtet;26;26;7;0,008;4;12;12;1,0;4;0;0;28;4
PA2025-1742;2025-06-14;Änderung;12;Bestandskunde;Maschinenbau;Bearbeitung;17;Stahl;pulverbeschichtet;26;26;7;0,034;4;51;51;1,0;4;0;0;119;17
PA2025-1743;2025-06-11;Standard;7;Bestandskunde;Logistiktechnik;Bearbeitung;9;Stahl;pulverbeschichtet;28;28;15;0,027;4;27;27;1,0;4;0;0;72;9
PA2025-1744;2025-06-15;Standard;15;Bestandskunde;Maschinenbau;Bearbeitung;4;Stahl;pulverbeschichtet;26;26;7;0,008;4;12;12;1,0;4;0;0;28;4
PA2025-1745;2025-06-13;Änderung;6;Bestandskunde;Medizintechnik;Bearbeitung;15;Stahl;pulverbeschichtet;28;28;15;0,045;4;45;45;1,0;4;0;0;120;15
PA2025-1746;2025-06-14;Änderung;8;Bestandskunde;Automobilindustrie;Bearbeitung;7;Stahl;pulverbeschichtet;28;28;15;0,021;4;21;21;1,0;4;0;0;56;7
PA2025-1747;2025-06-12;Änderung;3;Bestandskunde;Sonstige;Bearbeitung;7;Stahl;pulverbeschichtet;28;28;15;0,021;4;21;21;1,0;4;0;0;56;7
PA2025-1748;2025-06-13;Änderung;5;Neukunde;Logistiktechnik;Bearbeitung;17;Stahl;pulverbeschichtet;26;26;7;0,034;4;51;51;1,0;4;0;0;119;17
PA2025-1749;2025-06-11;Änderung;9;Bestandskunde;Sonstige;Bearbeitung;9;Stahl;pulverbeschichtet;26;26;7;0,018;4;27;27;1,0;4;0;0;63;9
PA2025-1750;2025-06-11;Standard;3;Bestandskunde;Automobilindustrie;Bearbeitung;20;Stahl;pulverbeschichtet;28;28;15;0,06;4;60;60;1,0;4;0;0;160;20
PA2025-1751;2025-06-12;Änderung;14;Bestandskunde;Haushaltsgeräte;Bearbeitung;18;Stahl;pulverbeschichtet;28;28;15;0,054;4;54;54;1,0;4;0;0;144;18
PA2025-1752;2025-06-13;Änderung;3;Bestandskunde;Sonstige;Bearbeitung;6;Stahl;pulverbeschichtet;26;26;7;0,012;4;18;18;1,0;4;0;0;42;6
PA2025-1753;2025-06-14;Standard;5;Bestandskunde;Maschinenbau;Bearbeitung;2;Stahl;pulverbeschichtet;26;26;7;0,004;4;6;6;1,0;4;0;0;14;2
PA2025-1754;2025-06-17;Standard;9;Bestandskunde;Logistiktechnik;Bearbeitung;20;Stahl;pulverbeschichtet;28;28;15;0,06;4;60;60;1,0;4;0;0;160;20
PA2025-1755;2025-06-17;Änderung;11;Bestandskunde;Logistiktechnik;Bearbeitung;19;Stahl;pulverbeschichtet;26;26;7;0,038;4;57;57;1,0;4;0;0;133;19
PA2025-1756;2025-06-11;Standard;12;Bestandskunde;Automobilindustrie;Bearbeitung;2;Stahl;pulverbeschichtet;28;28;15;0,006;4;6;6;1,0;4;0;0;16;2
PA2025-1757;2025-06-17;Standard;15;Bestandskunde;Sonstige;Bearbeitung;6;Stahl;pulverbeschichtet;26;26;7;0,012;4;18;18;1,0;4;0;0;42;6
PA2025-1758;2025-06-13;Änderung;7;Bestandskunde;Maschinenbau;Bearbeitung;1;Stahl;pulverbeschichtet;28;28;15;0,003;4;3;3;1,0;4;0;0;8;1
PA2025-1759;2025-06-15;Standard;12;Bestandskunde;Medizintechnik;Bearbeitung;3;Stahl;pulverbeschichtet;28;28;15;0,009;4;9;9;1,0;4;0;0;24;3
PA2025-1760;2025-06-11;Änderung;5;Bestandskunde;Logistiktechnik;Bearbeitung;11;Stahl;pulverbeschichtet;28;28;15;0,033;4;33;33;1,0;4;0;0;88;11
PA2025-1761;2025-06-17;Änderung;3;Bestandskunde;Automobilindustrie;Bearbeitung;3;Stahl;pulverbeschichtet;26;26;7;0,006;4;9;9;1,0;4;0;0;21;3
PA2025-1762;2025-06-17;Standard;8;Bestandskunde;Medizintechnik;Bearbeitung;10;Stahl;pulverbeschichtet;26;26;7;0,02;4;30;30;1,0;4;0;0;70;10
PA2025-1763;2025-06-16;Standard;10;Bestandskunde;Automobilindustrie;Bearbeitung;11;Stahl;pulverbeschichtet;26;26;7;0,022;4;33;33;1,0;4;0;0;77;11
PA2025-1764;2025-06-17;Änderung;8;Bestandskunde;Maschinenbau;Bearbeitung;10;Stahl;pulverbeschichtet;28;28;15;0,03;4;30;30;1,0;4;0;0;80;10
PA2025-1765;2025-06-14;Standard;10;Bestandskunde;Automobilindustrie;Bearbeitung;12;Stahl;pulverbeschichtet;28;28;15;0,036;4;36;36;1,0;4;0;0;96;12
PA2025-1766;2025-06-15;Standard;15;Bestandskunde;Sonstige;Bearbeitung;6;Stahl;pulverbeschichtet;28;28;15;0,018;4;18;18;1,0;4;0;0;48;6
PA2025-1767;2025-06-12;Standard;7;Bestandskunde;Sonstige;Bearbeitung;10;Stahl;pulverbeschichtet;26;26;7;0,02;4;30;30;1,0;4;0;0;70;10
PA2025-1768;2025-06-16;Änderung;15;Bestandskunde;Automobilindustrie;Bearbeitung;9;Stahl;pulverbeschichtet;26;26;7;0,018;4;27;27;1,0;4;0;0;63;9
PA2025-1769;2025-06-13;Standard;7;Bestandskunde;Automobilindustrie;Bearbeitung;4;Stahl;pulverbeschichtet;26;26;7;0,008;4;12;12;1,0;4;0;0;28;4
PA2025-1770;2025-06-12;Standard;13;Bestandskunde;Logistiktechnik;Bearbeitung;13;Stahl;pulverbeschichtet;26;26;7;0,026;4;39;39;1,0;4;0;0;91;13
PA2025-1771;2025-06-23;Standard;6;Bestandskunde;Sonstige;Bearbeitung;1;Stahl;pulverbeschichtet;26;26;7;0,002;4;3;3;1,0;4;0;0;7;1
PA2025-1772;2025-06-21;Standard;10;Bestandskunde;Maschinenbau;Bearbeitung;6;Stahl;pulverbeschichtet;26;26;7;0,012;4;18;18;1,0;4;0;0;42;6
PA2025-1773;2025-06-19;Standard;13;Bestandskunde;Automobilindustrie;Bearbeitung;15;Stahl;pulverbeschichtet;28;28;15;0,045;4;45;45;1,0;4;0;0;120;15
PA2025-1774;2025-06-22;Änderung;14;Bestandskunde;Medizintechnik;Bearbeitung;8;Stahl;pulverbeschichtet;28;28;15;0,024;4;24;24;1,0;4;0;0;64;8
PA2025-1775;2025-06-20;Standard;10;Bestandskunde;Maschinenbau;Bearbeitung;2;Stahl;pulverbeschichtet;28;28;15;0,006;4;6;6;1,0;4;0;0;16;2
PA2025-1776;2025-06-21;Standard;13;Neukunde;Maschinenbau;Bearbeitung;13;Stahl;pulverbeschichtet;26;26;7;0,026;4;39;39;1,0;4;0;0;91;13
PA2025-1777;2025-06-22;Änderung;8;Bestandskunde;Automobilindustrie;Bearbeitung;17;Stahl;pulverbeschichtet;26;26;7;0,034;4;51;51;1,0;4;0;0;119;17
PA2025-1778;2025-06-19;Standard;11;Bestandskunde;Maschinenbau;Bearbeitung;3;Stahl;pulverbeschichtet;26;26;7;0,006;4;9;9;1,0;4;0;0;21;3
PA2025-1779;2025-06-24;Standard;12;Bestandskunde;Automobilindustrie;Bearbeitung;1;Stahl;pulverbeschichtet;28;28;15;0,003;4;3;3;1,0;4;0;0;8;1
PA2025-1780;2025-06-19;Änderung;10;Bestandskunde;Automobilindustrie;Bearbeitung;7;Stahl;pulverbeschichtet;26;26;7;0,014;4;21;21;1,0;4;0;0;49;7
PA2025-1781;2025-06-23;Änderung;9;Bestandskunde;Automobilindustrie;Bearbeitung;12;Stahl;pulverbeschichtet;28;28;15;0,036;4;36;36;1,0;4;0;0;96;12
PA2025-1782;2025-06-19;Änderung;11;Bestandskunde;Logistiktechnik;Bearbeitung;13;Stahl;pulverbeschichtet;26;26;7;0,026;4;39;39;1,0;4;0;0;91;13
PA2025-1783;2025-06-23;Standard;13;Bestandskunde;Automobilindustrie;Bearbeitung;4;Stahl;pulverbeschichtet;26;26;7;0,008;4;12;12;1,0;4;0;0;28;4
PA2025-1784;2025-06-20;Standard;5;Bestandskunde;Haushaltsgeräte;Bearbeitung;10;Stahl;pulverbeschichtet;28;28;15;0,03;4;30;30;1,0;4;0;0;80;10
PA2025-1785;2025-06-21;Änderung;5;Bestandskunde;Maschinenbau;Bearbeitung;19;Stahl;pulverbeschichtet;28;28;15;0,057;4;57;57;1,0;4;0;0;152;19
PA2025-1786;2025-06-22;Änderung;8;Bestandskunde;Haushaltsgeräte;Bearbeitung;11;Stahl;pulverbeschichtet;26;26;7;0,022;4;33;33;1,0;4;0;0;77;11
PA2025-1787;2025-06-18;Änderung;8;Bestandskunde;Logistiktechnik;Bearbeitung;7;Stahl;pulverbeschichtet;26;26;7;0,014;4;21;21;1,0;4;0;0;49;7
PA2025-1788;2025-06-18;Standard;11;Bestandskunde;Logistiktechnik;Bearbeitung;5;Stahl;pulverbeschichtet;28;28;15;0,015;4;15;15;1,0;4;0;0;40;5
PA2025-1789;2025-06-21;Standard;15;Bestandskunde;Medizintechnik;Bearbeitung;14;Stahl;pulverbeschichtet;28;28;15;0,042;4;42;42;1,0;4;0;0;112;14
PA2025-1790;2025-06-21;Standard;15;Bestandskunde;Maschinenbau;Bearbeitung;3;Stahl;pulverbeschichtet;26;26;7;0,006;4;9;9;1,0;4;0;0;21;3
PA2025-1791;2025-06-23;Standard;6;Bestandskunde;Maschinenbau;Bearbeitung;1;Stahl;pulverbeschichtet;28;28;15;0,003;4;3;3;1,0;4;0;0;8;1
PA2025-1792;2025-06-19;Standard;15;Bestandskunde;Maschinenbau;Bearbeitung;16;Stahl;pulverbeschichtet;26;26;7;0,032;4;48;48;1,0;4;0;0;112;16
PA2025-1793;2025-06-24;Standard;4;Bestandskunde;Sonstige;Bearbeitung;4;Stahl;pulverbeschichtet;28;28;15;0,012;4;12;12;1,0;4;0;0;32;4
PA2025-1794;2025-06-20;Standard;14;Neukunde;Maschinenbau;Bearbeitung;12;Stahl;pulverbeschichtet;28;28;15;0,036;4;36;36;1,0;4;0;0;96;12
PA2025-1795;2025-06-21;Standard;12;Bestandskunde;Automobilindustrie;Bearbeitung;1;Stahl;pulverbeschichtet;26;26;7;0,002;4;3;3;1,0;4;0;0;7;1
PA2025-1796;2025-06-22;Änderung;10;Bestandskunde;Sonstige;Bearbeitung;15;Stahl;pulverbeschichtet;28;28;15;0,045;4;45;45;1,0;4;0;0;120;15
PA2025-1797;2025-06-21;Standard;10;Bestandskunde;Maschinenbau;Bearbeitung;15;Stahl;pulverbeschichtet;28;28;15;0,045;4;45;45;1,0;4;0;0;120;15
PA2025-1798;2025-06-22;Standard;12;Bestandskunde;Sonstige;Bearbeitung;10;Stahl;pulverbeschichtet;28;28;15;0,03;4;30;30;1,0;4;0;0;80;10
PA2025-1799;2025-06-19;Standard;10;Bestandskunde;Maschinenbau;Bearbeitung;11;Stahl;pulverbeschichtet;26;26;7;0,022;4;33;33;1,0;4;0;0;77;11
PA2025-1800;2025-06-18;Änderung;6;Bestandskunde;Sonstige;Bearbeitung;13;Stahl;pulverbeschichtet;28;28;15;0,039;4;39;39;1,0;4;0;0;104;13
PA2025-1801;2025-06-18;Änderung;6;Bestandskunde;Automobilindustrie;Bearbeitung;16;Stahl;pulverbeschichtet;26;26;7;0,032;4;48;48;1,0;4;0;0;112;16
PA2025-1802;2025-06-20;Standard;13;Bestandskunde;Logistiktechnik;Bearbeitung;17;Stahl;pulverbeschichtet;28;28;15;0,051;4;51;51;1,0;4;0;0;136;17
PA2025-1803;2025-06-18;Standard;11;Bestandskunde;Maschinenbau;Bearbeitung;4;Stahl;pulverbeschichtet;28;28;15;0,012;4;12;12;1,0;4;0;0;32;4
PA2025-1804;2025-06-23;Standard;5;Bestandskunde;Logistiktechnik;Bearbeitung;10;Stahl;pulverbeschichtet;28;28;15;0,03;4;30;30;1,0;4;0;0;80;10
PA2025-1805;2025-06-18;Änderung;7;Bestandskunde;Haushaltsgeräte;Bearbeitung;3;Stahl;pulverbeschichtet;28;28;15;0,009;4;9;9;1,0;4;0;0;24;3
PA2025-1806;2025-06-24;Änderung;8;Bestandskunde;Maschinenbau;Bearbeitung;20;Stahl;pulverbeschichtet;28;28;15;0,06;4;60;60;1,0;4;0;0;160;20
PA2025-1807;2025-06-20;Änderung;14;Neukunde;Maschinenbau;Bearbeitung;9;Stahl;pulverbeschichtet;26;26;7;0,018;4;27;27;1,0;4;0;0;63;9
PA2025-1808;2025-06-22;Änderung;5;Bestandskunde;Automobilindustrie;Bearbeitung;10;Stahl;pulverbeschichtet;26;26;7;0,02;4;30;30;1,0;4;0;0;70;10
PA2025-1809;2025-06-21;Standard;8;Bestandskunde;Automobilindustrie;Bearbeitung;5;Stahl;pulverbeschichtet;28;28;15;0,015;4;15;15;1,0;4;0;0;40;5
PA2025-1810;2025-06-21;Standard;10;Bestandskunde;Haushaltsgeräte;Bearbeitung;11;Stahl;pulverbeschichtet;28;28;15;0,033;4;33;33;1,0;4;0;0;88;11
PA2025-1811;2025-06-22;Änderung;10;Bestandskunde;Sonstige;Bearbeitung;15;Stahl;pulverbeschichtet;26;26;7;0,03;4;45;45;1,0;4;0;0;105;15
PA2025-1812;2025-06-22;Standard;11;Bestandskunde;Sonstige;Bearbeitung;18;Stahl;pulverbeschichtet;28;28;15;0,054;4;54;54;1,0;4;0;0;144;18
PA2025-1813;2025-06-20;Änderung;10;Bestandskunde;Sonstige;Bearbeitung;15;Stahl;pulverbeschichtet;26;26;7;0,03;4;45;45;1,0;4;0;0;105;15
PA2025-1814;2025-06-22;Standard;8;Bestandskunde;Sonstige;Bearbeitung;2;Stahl;pulverbeschichtet;28;28;15;0,006;4;6;6;1,0;4;0;0;16;2
PA2025-1815;2025-06-22;Standard;12;Bestandskunde;Automobilindustrie;Bearbeitung;17;Stahl;pulverbeschichtet;26;26;7;0,034;4;51;51;1,0;4;0;0;119;17
PA2025-1816;2025-06-20;Standard;10;Bestandskunde;Haushaltsgeräte;Bearbeitung;5;Stahl;pulverbeschichtet;28;28;15;0,015;4;15;15;1,0;4;0;0;40;5
PA2025-1817;2025-06-22;Änderung;14;Bestandskunde;Haushaltsgeräte;Bearbeitung;10;Stahl;pulverbeschichtet;26;26;7;0,02;4;30;30;1,0;4;0;0;70;10
PA2025-1818;2025-06-21;Standard;6;Bestandskunde;Automobilindustrie;Bearbeitung;4;Stahl;pulverbeschichtet;28;28;15;0,012;4;12;12;1,0;4;0;0;32;4
PA2025-1819;2025-06-19;Änderung;7;Bestandskunde;Sonstige;Bearbeitung;6;Stahl;pulverbeschichtet;26;26;7;0,012;4;18;18;1,0;4;0;0;42;6
PA2025-1820;2025-06-22;Standard;14;Bestandskunde;Maschinenbau;Bearbeitung;20;Stahl;pulverbeschichtet;26;26;7;0,04;4;60;60;1,0;4;0;0;140;20
PA2025-1821;2025-06-24;Standard;12;Bestandskunde;Maschinenbau;Bearbeitung;11;Stahl;pulverbeschichtet;28;28;15;0,033;4;33;33;1,0;4;0;0;88;11
PA2025-1822;2025-06-24;Standard;13;Bestandskunde;Maschinenbau;Bearbeitung;15;Stahl;pulverbeschichtet;28;28;15;0,045;4;45;45;1,0;4;0;0;120;15
PA2025-1823;2025-06-21;Standard;10;Bestandskunde;Maschinenbau;Bearbeitung;15;Stahl;pulverbeschichtet;26;26;7;0,03;4;45;45;1,0;4;0;0;105;15
PA2025-1824;2025-06-21;Standard;13;Bestandskunde;Logistiktechnik;Bearbeitung;1;Stahl;pulverbeschichtet;26;26;7;0,002;4;3;3;1,0;4;0;0;7;1
PA2025-1825;2025-06-22;Standard;15;Bestandskunde;Sonstige;Bearbeitung;14;Stahl;pulverbeschichtet;26;26;7;0,028;4;42;42;1,0;4;0;0;98;14
PA2025-1826;2025-06-22;Standard;10;Bestandskunde;Automobilindustrie;Bearbeitung;3;Stahl;pulverbeschichtet;26;26;7;0,006;4;9;9;1,0;4;0;0;21;3
PA2025-1827;2025-06-23;Änderung;13;Bestandskunde;Automobilindustrie;Bearbeitung;6;Stahl;pulverbeschichtet;28;28;15;0,018;4;18;18;1,0;4;0;0;48;6
PA2025-1828;2025-06-23;Änderung;9;Bestandskunde;Sonstige;Bearbeitung;7;Stahl;pulverbeschichtet;28;28;15;0,021;4;21;21;1,0;4;0;0;56;7
PA2025-1829;2025-06-20;Änderung;5;Bestandskunde;Logistiktechnik;Bearbeitung;15;Stahl;pulverbeschichtet;28;28;15;0,045;4;45;45;1,0;4;0;0;120;15
PA2025-1830;2025-06-23;Änderung;14;Bestandskunde;Medizintechnik;Bearbeitung;15;Stahl;pulverbeschichtet;28;28;15;0,045;4;45;45;1,0;4;0;0;120;15
PA2025-1831;2025-06-24;Änderung;8;Bestandskunde;Automobilindustrie;Bearbeitung;3;Stahl;pulverbeschichtet;26;26;7;0,006;4;9;9;1,0;4;0;0;21;3
PA2025-1832;2025-06-23;Standard;14;Bestandskunde;Automobilindustrie;Bearbeitung;13;Stahl;pulverbeschichtet;26;26;7;0,026;4;39;39;1,0;4;0;0;91;13
PA2025-1833;2025-06-20;Standard;5;Bestandskunde;Automobilindustrie;Bearbeitung;18;Stahl;pulverbeschichtet;26;26;7;0,036;4;54;54;1,0;4;0;0;126;18
PA2025-1834;2025-06-21;Standard;5;Bestandskunde;Maschinenbau;Bearbeitung;2;Stahl;pulverbeschichtet;26;26;7;0,004;4;6;6;1,0;4;0;0;14;2
PA2025-1835;2025-06-23;Änderung;15;Bestandskunde;Automobilindustrie;Bearbeitung;4;Stahl;pulverbeschichtet;28;28;15;0,012;4;12;12;1,0;4;0;0;32;4
PA2025-1836;2025-06-24;Änderung;9;Bestandskunde;Maschinenbau;Bearbeitung;4;Stahl;pulverbeschichtet;26;26;7;0,008;4;12;12;1,0;4;0;0;28;4
PA2025-1837;2025-06-21;Änderung;10;Bestandskunde;Maschinenbau;Bearbeitung;16;Stahl;pulverbeschichtet;26;26;7;0,032;4;48;48;1,0;4;0;0;112;16
PA2025-1838;2025-06-18;Standard;11;Bestandskunde;Haushaltsgeräte;Bearbeitung;16;Stahl;pulverbeschichtet;26;26;7;0,032;4;48;48;1,0;4;0;0;112;16
PA2025-1839;2025-06-20;Standard;10;Bestandskunde;Medizintechnik;Bearbeitung;15;Stahl;pulverbeschichtet;26;26;7;0,03;4;45;45;1,0;4;0;0;105;15
PA2025-1840;2025-06-20;Standard;4;Bestandskunde;Sonstige;Bearbeitung;10;Stahl;pulverbeschichtet;28;28;15;0,03;4;30;30;1,0;4;0;0;80;10
PA2025-1841;2025-06-20;Standard;10;Bestandskunde;Automobilindustrie;Bearbeitung;6;Stahl;pulverbeschichtet;26;26;7;0,012;4;18;18;1,0;4;0;0;42;6
PA2025-1842;2025-06-23;Standard;14;Bestandskunde;Logistiktechnik;Bearbeitung;5;Stahl;pulverbeschichtet;28;28;15;0,015;4;15;15;1,0;4;0;0;40;5
PA2025-1843;2025-06-24;Standard;13;Bestandskunde;Automobilindustrie;Bearbeitung;7;Stahl;pulverbeschichtet;26;26;7;0,014;4;21;21;1,0;4;0;0;49;7
PA2025-1844;2025-06-22;Standard;5;Neukunde;Automobilindustrie;Bearbeitung;17;Stahl;pulverbeschichtet;28;28;15;0,051;4;51;51;1,0;4;0;0;136;17
PA2025-1845;2025-06-22;Standard;8;Bestandskunde;Maschinenbau;Bearbeitung;19;Stahl;pulverbeschichtet;28;28;15;0,057;4;57;57;1,0;4;0;0;152;19
PA2025-1846;2025-06-20;Standard;11;Bestandskunde;Maschinenbau;Bearbeitung;6;Stahl;pulverbeschichtet;28;28;15;0,018;4;18;18;1,0;4;0;0;48;6
PA2025-1847;2025-06-21;Änderung;12;Bestandskunde;Automobilindustrie;Bearbeitung;11;Stahl;pulverbeschichtet;28;28;15;0,033;4;33;33;1,0;4;0;0;88;11
PA2025-1848;2025-06-19;Standard;8;Bestandskunde;Automobilindustrie;Bearbeitung;4;Stahl;pulverbeschichtet;26;26;7;0,008;4;12;12;1,0;4;0;0;28;4
PA2025-1849;2025-06-21;Standard;14;Bestandskunde;Sonstige;Bearbeitung;1;Stahl;pulverbeschichtet;26;26;7;0,002;4;3;3;1,0;4;0;0;7;1
PA2025-1850;2025-06-20;Standard;4;Bestandskunde;Maschinenbau;Bearbeitung;11;Stahl;pulverbeschichtet;26;26;7;0,022;4;33;33;1,0;4;0;0;77;11
PA2025-1851;2025-06-22;Standard;5;Bestandskunde;Automobilindustrie;Bearbeitung;19;Stahl;pulverbeschichtet;26;26;7;0,038;4;57;57;1,0;4;0;0;133;19
PA2025-1852;2025-06-20;Standard;6;Bestandskunde;Logistiktechnik;Bearbeitung;8;Stahl;pulverbeschichtet;26;26;7;0,016;4;24;24;1,0;4;0;0;56;8
PA2025-1853;2025-06-19;Änderung;4;Bestandskunde;Logistiktechnik;Bearbeitung;9;Stahl;pulverbeschichtet;26;26;7;0,018;4;27;27;1,0;4;0;0;63;9
PA2025-1854;2025-06-23;Standard;5;Bestandskunde;Sonstige;Bearbeitung;10;Stahl;pulverbeschichtet;26;26;7;0,02;4;30;30;1,0;4;0;0;70;10
PA2025-1855;2025-06-19;Standard;8;Bestandskunde;Maschinenbau;Bearbeitung;15;Stahl;pulverbeschichtet;26;26;7;0,03;4;45;45;1,0;4;0;0;105;15
PA2025-1856;2025-06-20;Standard;5;Bestandskunde;Maschinenbau;Bearbeitung;3;Stahl;pulverbeschichtet;26;26;7;0,006;4;9;9;1,0;4;0;0;21;3
PA2025-1857;2025-06-18;Änderung;7;Bestandskunde;Logistiktechnik;Bearbeitung;1;Stahl;pulverbeschichtet;28;28;15;0,003;4;3;3;1,0;4;0;0;8;1
PA2025-1858;2025-06-23;Standard;14;Bestandskunde;Haushaltsgeräte;Bearbeitung;20;Stahl;pulverbeschichtet;28;28;15;0,06;4;60;60;1,0;4;0;0;160;20
PA2025-1859;2025-06-20;Standard;12;Bestandskunde;Automobilindustrie;Bearbeitung;6;Stahl;pulverbeschichtet;28;28;15;0,018;4;18;18;1,0;4;0;0;48;6
PA2025-1860;2025-06-21;Standard;15;Bestandskunde;Haushaltsgeräte;Bearbeitung;9;Stahl;pulverbeschichtet;28;28;15;0,027;4;27;27;1,0;4;0;0;72;9
PA2025-1861;2025-06-27;Standard;15;Bestandskunde;Maschinenbau;Bearbeitung;6;Stahl;pulverbeschichtet;26;26;7;0,012;4;18;18;1,0;4;0;0;42;6
PA2025-1862;2025-06-27;Standard;15;Bestandskunde;Logistiktechnik;Bearbeitung;3;Stahl;pulverbeschichtet;28;28;15;0,009;4;9;9;1,0;4;0;0;24;3
PA2025-1863;2025-06-27;Standard;5;Bestandskunde;Sonstige;Bearbeitung;18;Stahl;pulverbeschichtet;28;28;15;0,054;4;54;54;1,0;4;0;0;144;18
PA2025-1864;2025-07-01;Standard;6;Bestandskunde;Medizintechnik;Bearbeitung;17;Stahl;pulverbeschichtet;26;26;7;0,034;4;51;51;1,0;4;0;0;119;17
PA2025-1865;2025-07-01;Änderung;15;Bestandskunde;Haushaltsgeräte;Bearbeitung;20;Stahl;pulverbeschichtet;28;28;15;0,06;4;60;60;1,0;4;0;0;160;20
PA2025-1866;2025-06-27;Standard;6;Bestandskunde;Logistiktechnik;Bearbeitung;6;Stahl;pulverbeschichtet;26;26;7;0,012;4;18;18;1,0;4;0;0;42;6
PA2025-1867;2025-06-27;Änderung;15;Bestandskunde;Automobilindustrie;Bearbeitung;14;Stahl;pulverbeschichtet;26;26;7;0,028;4;42;42;1,0;4;0;0;98;14
PA2025-1868;2025-06-27;Änderung;14;Neukunde;Automobilindustrie;Bearbeitung;12;Stahl;pulverbeschichtet;28;28;15;0,036;4;36;36;1,0;4;0;0;96;12
PA2025-1869;2025-06-27;Standard;10;Bestandskunde;Automobilindustrie;Bearbeitung;10;Stahl;pulverbeschichtet;26;26;7;0,02;4;30;30;1,0;4;0;0;70;10
PA2025-1870;2025-06-28;Standard;13;Neukunde;Automobilindustrie;Bearbeitung;2;Stahl;pulverbeschichtet;28;28;15;0,006;4;6;6;1,0;4;0;0;16;2
PA2025-1871;2025-06-30;Änderung;7;Neukunde;Logistiktechnik;Bearbeitung;1;Stahl;pulverbeschichtet;28;28;15;0,003;4;3;3;1,0;4;0;0;8;1
PA2025-1872;2025-06-30;Standard;9;Bestandskunde;Maschinenbau;Bearbeitung;11;Stahl;pulverbeschichtet;26;26;7;0,022;4;33;33;1,0;4;0;0;77;11
PA2025-1873;2025-06-27;Standard;7;Bestandskunde;Haushaltsgeräte;Bearbeitung;15;Stahl;pulverbeschichtet;28;28;15;0,045;4;45;45;1,0;4;0;0;120;15
PA2025-1874;2025-06-25;Standard;8;Bestandskunde;Automobilindustrie;Bearbeitung;19;Stahl;pulverbeschichtet;28;28;15;0,057;4;57;57;1,0;4;0;0;152;19
PA2025-1875;2025-07-01;Änderung;13;Bestandskunde;Sonstige;Bearbeitung;16;Stahl;pulverbeschichtet;28;28;15;0,048;4;48;48;1,0;4;0;0;128;16
PA2025-1876;2025-06-29;Standard;13;Bestandskunde;Maschinenbau;Bearbeitung;11;Stahl;pulverbeschichtet;26;26;7;0,022;4;33;33;1,0;4;0;0;77;11
PA2025-1877;2025-06-27;Änderung;13;Bestandskunde;Maschinenbau;Bearbeitung;5;Stahl;pulverbeschichtet;28;28;15;0,015;4;15;15;1,0;4;0;0;40;5
PA2025-1878;2025-07-01;Änderung;13;Bestandskunde;Maschinenbau;Bearbeitung;19;Stahl;pulverbeschichtet;26;26;7;0,038;4;57;57;1,0;4;0;0;133;19
PA2025-1879;2025-06-26;Änderung;5;Bestandskunde;Maschinenbau;Bearbeitung;18;Stahl;pulverbeschichtet;28;28;15;0,054;4;54;54;1,0;4;0;0;144;18
PA2025-1880;2025-06-29;Standard;10;Bestandskunde;Automobilindustrie;Bearbeitung;3;Stahl;pulverbeschichtet;28;28;15;0,009;4;9;9;1,0;4;0;0;24;3
PA2025-1881;2025-07-01;Standard;13;Bestandskunde;Automobilindustrie;Bearbeitung;11;Stahl;pulverbeschichtet;28;28;15;0,033;4;33;33;1,0;4;0;0;88;11
PA2025-1882;2025-06-28;Standard;11;Bestandskunde;Sonstige;Bearbeitung;9;Stahl;pulverbeschichtet;28;28;15;0,027;4;27;27;1,0;4;0;0;72;9
PA2025-1883;2025-06-30;Standard;4;Bestandskunde;Automobilindustrie;Bearbeitung;14;Stahl;pulverbeschichtet;28;28;15;0,042;4;42;42;1,0;4;0;0;112;14
PA2025-1884;2025-07-01;Standard;4;Bestandskunde;Logistiktechnik;Bearbeitung;17;Stahl;pulverbeschichtet;28;28;15;0,051;4;51;51;1,0;4;0;0;136;17
PA2025-1885;2025-06-29;Standard;14;Bestandskunde;Automobilindustrie;Bearbeitung;11;Stahl;pulverbeschichtet;28;28;15;0,033;4;33;33;1,0;4;0;0;88;11
PA2025-1886;2025-06-29;Standard;11;Neukunde;Medizintechnik;Bearbeitung;19;Stahl;pulverbeschichtet;28;28;15;0,057;4;57;57;1,0;4;0;0;152;19
PA2025-1887;2025-06-29;Standard;8;Bestandskunde;Maschinenbau;Bearbeitung;3;Stahl;pulverbeschichtet;26;26;7;0,006;4;9;9;1,0;4;0;0;21;3
PA2025-1888;2025-06-30;Standard;9;Neukunde;Logistiktechnik;Bearbeitung;14;Stahl;pulverbeschichtet;28;28;15;0,042;4;42;42;1,0;4;0;0;112;14
PA2025-1889;2025-06-28;Änderung;6;Bestandskunde;Medizintechnik;Bearbeitung;19;Stahl;pulverbeschichtet;28;28;15;0,057;4;57;57;1,0;4;0;0;152;19
PA2025-1890;2025-06-29;Standard;14;Bestandskunde;Medizintechnik;Bearbeitung;10;Stahl;pulverbeschichtet;28;28;15;0,03;4;30;30;1,0;4;0;0;80;10
PA2025-1891;2025-06-25;Änderung;3;Bestandskunde;Haushaltsgeräte;Bearbeitung;9;Stahl;pulverbeschichtet;26;26;7;0,018;4;27;27;1,0;4;0;0;63;9
PA2025-1892;2025-06-29;Standard;15;Bestandskunde;Maschinenbau;Bearbeitung;19;Stahl;pulverbeschichtet;26;26;7;0,038;4;57;57;1,0;4;0;0;133;19
PA2025-1893;2025-07-01;Änderung;7;Bestandskunde;Haushaltsgeräte;Bearbeitung;10;Stahl;pulverbeschichtet;28;28;15;0,03;4;30;30;1,0;4;0;0;80;10
PA2025-1894;2025-06-25;Standard;4;Bestandskunde;Maschinenbau;Bearbeitung;3;Stahl;pulverbeschichtet;26;26;7;0,006;4;9;9;1,0;4;0;0;21;3
PA2025-1895;2025-06-26;Standard;7;Bestandskunde;Logistiktechnik;Bearbeitung;9;Stahl;pulverbeschichtet;28;28;15;0,027;4;27;27;1,0;4;0;0;72;9
PA2025-1896;2025-07-01;Standard;12;Neukunde;Logistiktechnik;Bearbeitung;15;Stahl;pulverbeschichtet;26;26;7;0,03;4;45;45;1,0;4;0;0;105;15
PA2025-1897;2025-06-25;Standard;13;Bestandskunde;Automobilindustrie;Bearbeitung;7;Stahl;pulverbeschichtet;26;26;7;0,014;4;21;21;1,0;4;0;0;49;7
PA2025-1898;2025-06-28;Standard;14;Bestandskunde;Sonstige;Bearbeitung;13;Stahl;pulverbeschichtet;28;28;15;0,039;4;39;39;1,0;4;0;0;104;13
PA2025-1899;2025-06-26;Standard;15;Bestandskunde;Automobilindustrie;Bearbeitung;4;Stahl;pulverbeschichtet;26;26;7;0,008;4;12;12;1,0;4;0;0;28;4
PA2025-1900;2025-06-25;Standard;14;Bestandskunde;Automobilindustrie;Bearbeitung;11;Stahl;pulverbeschichtet;26;26;7;0,022;4;33;33;1,0;4;0;0;77;11
PA2025-1901;2025-06-26;Standard;5;Bestandskunde;Sonstige;Bearbeitung;9;Stahl;pulverbeschichtet;28;28;15;0,027;4;27;27;1,0;4;0;0;72;9
PA2025-1902;2025-06-25;Änderung;3;Bestandskunde;Haushaltsgeräte;Bearbeitung;4;Stahl;pulverbeschichtet;26;26;7;0,008;4;12;12;1,0;4;0;0;28;4
PA2025-1903;2025-06-27;Standard;5;Bestandskunde;Sonstige;Bearbeitung;10;Stahl;pulverbeschichtet;28;28;15;0,03;4;30;30;1,0;4;0;0;80;10
PA2025-1904;2025-06-30;Standard;13;Bestandskunde;Automobilindustrie;Bearbeitung;9;Stahl;pulverbeschichtet;26;26;7;0,018;4;27;27;1,0;4;0;0;63;9
PA2025-1905;2025-06-26;Standard;8;Bestandskunde;Medizintechnik;Bearbeitung;17;Stahl;pulverbeschichtet;28;28;15;0,051;4;51;51;1,0;4;0;0;136;17
PA2025-1906;2025-06-30;Änderung;14;Bestandskunde;Automobilindustrie;Bearbeitung;7;Stahl;pulverbeschichtet;26;26;7;0,014;4;21;21;1,0;4;0;0;49;7
PA2025-1907;2025-06-29;Standard;14;Bestandskunde;Medizintechnik;Bearbeitung;6;Stahl;pulverbeschichtet;28;28;15;0,018;4;18;18;1,0;4;0;0;48;6
PA2025-1908;2025-06-27;Standard;5;Bestandskunde;Automobilindustrie;Bearbeitung;7;Stahl;pulverbeschichtet;26;26;7;0,014;4;21;21;1,0;4;0;0;49;7
PA2025-1909;2025-06-30;Änderung;12;Bestandskunde;Maschinenbau;Bearbeitung;11;Stahl;pulverbeschichtet;28;28;15;0,033;4;33;33;1,0;4;0;0;88;11
PA2025-1910;2025-06-27;Änderung;3;Bestandskunde;Logistiktechnik;Bearbeitung;5;Stahl;pulverbeschichtet;26;26;7;0,01;4;15;15;1,0;4;0;0;35;5
PA2025-1911;2025-06-29;Standard;13;Bestandskunde;Logistiktechnik;Bearbeitung;6;Stahl;pulverbeschichtet;28;28;15;0,018;4;18;18;1,0;4;0;0;48;6
PA2025-1912;2025-06-25;Änderung;12;Bestandskunde;Automobilindustrie;Bearbeitung;3;Stahl;pulverbeschichtet;26;26;7;0,006;4;9;9;1,0;4;0;0;21;3
PA2025-1913;2025-06-28;Standard;13;Bestandskunde;Logistiktechnik;Bearbeitung;5;Stahl;pulverbeschichtet;26;26;7;0,01;4;15;15;1,0;4;0;0;35;5
PA2025-1914;2025-06-28;Änderung;15;Bestandskunde;Automobilindustrie;Bearbeitung;11;Stahl;pulverbeschichtet;26;26;7;0,022;4;33;33;1,0;4;0;0;77;11
PA2025-1915;2025-06-30;Standard;6;Bestandskunde;Sonstige;Bearbeitung;19;Stahl;pulverbeschichtet;28;28;15;0,057;4;57;57;1,0;4;0;0;152;19
PA2025-1916;2025-06-26;Änderung;15;Bestandskunde;Automobilindustrie;Bearbeitung;8;Stahl;pulverbeschichtet;26;26;7;0,016;4;24;24;1,0;4;0;0;56;8
PA2025-1917;2025-06-30;Änderung;13;Bestandskunde;Maschinenbau;Bearbeitung;8;Stahl;pulverbeschichtet;26;26;7;0,016;4;24;24;1,0;4;0;0;56;8
PA2025-1918;2025-06-26;Änderung;10;Bestandskunde;Haushaltsgeräte;Bearbeitung;19;Stahl;pulverbeschichtet;26;26;7;0,038;4;57;57;1,0;4;0;0;133;19
PA2025-1919;2025-06-27;Standard;12;Bestandskunde;Automobilindustrie;Bearbeitung;2;Stahl;pulverbeschichtet;28;28;15;0,006;4;6;6;1,0;4;0;0;16;2
PA2025-1920;2025-06-25;Standard;7;Bestandskunde;Sonstige;Bearbeitung;2;Stahl;pulverbeschichtet;28;28;15;0,006;4;6;6;1,0;4;0;0;16;2
PA2025-1921;2025-06-28;Änderung;10;Bestandskunde;Sonstige;Bearbeitung;12;Stahl;pulverbeschichtet;26;26;7;0,024;4;36;36;1,0;4;0;0;84;12
PA2025-1922;2025-06-28;Änderung;8;Bestandskunde;Automobilindustrie;Bearbeitung;15;Stahl;pulverbeschichtet;26;26;7;0,03;4;45;45;1,0;4;0;0;105;15
PA2025-1923;2025-06-30;Änderung;15;Bestandskunde;Automobilindustrie;Bearbeitung;6;Stahl;pulverbeschichtet;26;26;7;0,012;4;18;18;1,0;4;0;0;42;6
PA2025-1924;2025-07-01;Änderung;14;Bestandskunde;Logistiktechnik;Bearbeitung;4;Stahl;pulverbeschichtet;28;28;15;0,012;4;12;12;1,0;4;0;0;32;4
PA2025-1925;2025-06-27;Standard;5;Bestandskunde;Maschinenbau;Bearbeitung;1;Stahl;pulverbeschichtet;28;28;15;0,003;4;3;3;1,0;4;0;0;8;1
PA2025-1926;2025-06-26;Standard;13;Bestandskunde;Maschinenbau;Bearbeitung;10;Stahl;pulverbeschichtet;26;26;7;0,02;4;30;30;1,0;4;0;0;70;10
PA2025-1927;2025-06-27;Standard;13;Bestandskunde;Automobilindustrie;Bearbeitung;3;Stahl;pulverbeschichtet;26;26;7;0,006;4;9;9;1,0;4;0;0;21;3
PA2025-1928;2025-07-01;Änderung;15;Bestandskunde;Haushaltsgeräte;Bearbeitung;8;Stahl;pulverbeschichtet;26;26;7;0,016;4;24;24;1,0;4;0;0;56;8
PA2025-1929;2025-06-30;Standard;12;Bestandskunde;Maschinenbau;Bearbeitung;19;Stahl;pulverbeschichtet;26;26;7;0,038;4;57;57;1,0;4;0;0;133;19
PA2025-1930;2025-06-29;Änderung;10;Neukunde;Maschinenbau;Bearbeitung;6;Stahl;pulverbeschichtet;26;26;7;0,012;4;18;18;1,0;4;0;0;42;6
PA2025-1931;2025-06-25;Änderung;7;Bestandskunde;Maschinenbau;Bearbeitung;8;Stahl;pulverbeschichtet;28;28;15;0,024;4;24;24;1,0;4;0;0;64;8
PA2025-1932;2025-07-01;Standard;8;Bestandskunde;Maschinenbau;Bearbeitung;13;Stahl;pulverbeschichtet;26;26;7;0,026;4;39;39;1,0;4;0;0;91;13
PA2025-1933;2025-06-29;Standard;14;Bestandskunde;Medizintechnik;Bearbeitung;5;Stahl;pulverbeschichtet;28;28;15;0,015;4;15;15;1,0;4;0;0;40;5
PA2025-1934;2025-06-25;Standard;9;Bestandskunde;Automobilindustrie;Bearbeitung;7;Stahl;pulverbeschichtet;28;28;15;0,021;4;21;21;1,0;4;0;0;56;7
PA2025-1935;2025-07-01;Änderung;13;Bestandskunde;Logistiktechnik;Bearbeitung;6;Stahl;pulverbeschichtet;26;26;7;0,012;4;18;18;1,0;4;0;0;42;6
PA2025-1936;2025-07-01;Standard;8;Bestandskunde;Maschinenbau;Bearbeitung;7;Stahl;pulverbeschichtet;26;26;7;0,014;4;21;21;1,0;4;0;0;49;7
PA2025-1937;2025-06-25;Standard;8;Bestandskunde;Automobilindustrie;Bearbeitung;13;Stahl;pulverbeschichtet;26;26;7;0,026;4;39;39;1,0;4;0;0;91;13
PA2025-1938;2025-06-26;Standard;13;Bestandskunde;Medizintechnik;Bearbeitung;11;Stahl;pulverbeschichtet;26;26;7;0,022;4;33;33;1,0;4;0;0;77;11
PA2025-1939;2025-06-29;Änderung;10;Bestandskunde;Automobilindustrie;Bearbeitung;20;Stahl;pulverbeschichtet;26;26;7;0,04;4;60;60;1,0;4;0;0;140;20
PA2025-1940;2025-06-30;Standard;14;Bestandskunde;Automobilindustrie;Bearbeitung;20;Stahl;pulverbeschichtet;28;28;15;0,06;4;60;60;1,0;4;0;0;160;20
PA2025-1941;2025-06-25;Änderung;11;Bestandskunde;Maschinenbau;Bearbeitung;2;Stahl;pulverbeschichtet;28;28;15;0,006;4;6;6;1,0;4;0;0;16;2
PA2025-1942;2025-06-25;Standard;13;Bestandskunde;Logistiktechnik;Bearbeitung;16;Stahl;pulverbeschichtet;28;28;15;0,048;4;48;48;1,0;4;0;0;128;16
PA2025-1943;2025-06-29;Änderung;6;Bestandskunde;Maschinenbau;Bearbeitung;20;Stahl;pulverbeschichtet;28;28;15;0,06;4;60;60;1,0;4;0;0;160;20
PA2025-1944;2025-07-01;Standard;14;Bestandskunde;Maschinenbau;Bearbeitung;14;Stahl;pulverbeschichtet;28;28;15;0,042;4;42;42;1,0;4;0;0;112;14
PA2025-1945;2025-07-01;Standard;9;Bestandskunde;Logistiktechnik;Bearbeitung;9;Stahl;pulverbeschichtet;26;26;7;0,018;4;27;27;1,0;4;0;0;63;9
PA2025-1946;2025-06-30;Standard;9;Bestandskunde;Maschinenbau;Bearbeitung;4;Stahl;pulverbeschichtet;28;28;15;0,012;4;12;12;1,0;4;0;0;32;4
PA2025-1947;2025-06-29;Änderung;15;Bestandskunde;Logistiktechnik;Bearbeitung;9;Stahl;pulverbeschichtet;28;28;15;0,027;4;27;27;1,0;4;0;0;72;9
PA2025-1948;2025-06-29;Änderung;13;Neukunde;Medizintechnik;Bearbeitung;13;Stahl;pulverbeschichtet;26;26;7;0,026;4;39;39;1,0;4;0;0;91;13
PA2025-1949;2025-06-29;Standard;6;Bestandskunde;Automobilindustrie;Bearbeitung;8;Stahl;pulverbeschichtet;26;26;7;0,016;4;24;24;1,0;4;0;0;56;8
PA2025-1950;2025-06-30;Standard;14;Bestandskunde;Maschinenbau;Bearbeitung;2;Stahl;pulverbeschichtet;28;28;15;0,006;4;6;6;1,0;4;0;0;16;2
PA2025-1951;2025-07-08;Änderung;13;Bestandskunde;Automobilindustrie;Bearbeitung;17;Stahl;pulverbeschichtet;28;28;15;0,051;4;51;51;1,0;4;0;0;136;17
PA2025-1952;2025-07-08;Standard;13;Bestandskunde;Logistiktechnik;Bearbeitung;19;Stahl;pulverbeschichtet;26;26;7;0,038;4;57;57;1,0;4;0;0;133;19
PA2025-1953;2025-07-07;Standard;11;Bestandskunde;Automobilindustrie;Bearbeitung;1;Stahl;pulverbeschichtet;26;26;7;0,002;4;3;3;1,0;4;0;0;7;1
PA2025-1954;2025-07-04;Änderung;10;Neukunde;Maschinenbau;Bearbeitung;9;Stahl;pulverbeschichtet;28;28;15;0,027;4;27;27;1,0;4;0;0;72;9
PA2025-1955;2025-07-04;Änderung;13;Bestandskunde;Logistiktechnik;Bearbeitung;6;Stahl;pulverbeschichtet;28;28;15;0,018;4;18;18;1,0;4;0;0;48;6
PA2025-1956;2025-07-07;Änderung;13;Bestandskunde;Maschinenbau;Bearbeitung;6;Stahl;pulverbeschichtet;26;26;7;0,012;4;18;18;1,0;4;0;0;42;6
PA2025-1957;2025-07-04;Änderung;10;Neukunde;Maschinenbau;Bearbeitung;8;Stahl;pulverbeschichtet;28;28;15;0,024;4;24;24;1,0;4;0;0;64;8
PA2025-1958;2025-07-02;Standard;5;Bestandskunde;Sonstige;Bearbeitung;16;Stahl;pulverbeschichtet;28;28;15;0,048;4;48;48;1,0;4;0;0;128;16
PA2025-1959;2025-07-03;Standard;9;Bestandskunde;Maschinenbau;Bearbeitung;11;Stahl;pulverbeschichtet;26;26;7;0,022;4;33;33;1,0;4;0;0;77;11
PA2025-1960;2025-07-08;Standard;8;Bestandskunde;Logistiktechnik;Bearbeitung;4;Stahl;pulverbeschichtet;28;28;15;0,012;4;12;12;1,0;4;0;0;32;4
PA2025-1961;2025-07-06;Standard;10;Bestandskunde;Automobilindustrie;Bearbeitung;13;Stahl;pulverbeschichtet;26;26;7;0,026;4;39;39;1,0;4;0;0;91;13
PA2025-1962;2025-07-02;Änderung;5;Bestandskunde;Sonstige;Bearbeitung;13;Stahl;pulverbeschichtet;26;26;7;0,026;4;39;39;1,0;4;0;0;91;13
PA2025-1963;2025-07-07;Änderung;11;Bestandskunde;Maschinenbau;Bearbeitung;13;Stahl;pulverbeschichtet;28;28;15;0,039;4;39;39;1,0;4;0;0;104;13
PA2025-1964;2025-07-06;Änderung;5;Bestandskunde;Automobilindustrie;Bearbeitung;2;Stahl;pulverbeschichtet;26;26;7;0,004;4;6;6;1,0;4;0;0;14;2
PA2025-1965;2025-07-07;Änderung;9;Bestandskunde;Logistiktechnik;Bearbeitung;8;Stahl;pulverbeschichtet;26;26;7;0,016;4;24;24;1,0;4;0;0;56;8
PA2025-1966;2025-07-05;Standard;8;Bestandskunde;Haushaltsgeräte;Bearbeitung;1;Stahl;pulverbeschichtet;26;26;7;0,002;4;3;3;1,0;4;0;0;7;1
PA2025-1967;2025-07-05;Standard;8;Bestandskunde;Maschinenbau;Bearbeitung;19;Stahl;pulverbeschichtet;28;28;15;0,057;4;57;57;1,0;4;0;0;152;19
PA2025-1968;2025-07-06;Änderung;13;Bestandskunde;Sonstige;Bearbeitung;12;Stahl;pulverbeschichtet;28;28;15;0,036;4;36;36;1,0;4;0;0;96;12
PA2025-1969;2025-07-04;Standard;10;Bestandskunde;Medizintechnik;Bearbeitung;11;Stahl;pulverbeschichtet;28;28;15;0,033;4;33;33;1,0;4;0;0;88;11
PA2025-1970;2025-07-07;Standard;7;Bestandskunde;Maschinenbau;Bearbeitung;8;Stahl;pulverbeschichtet;28;28;15;0,024;4;24;24;1,0;4;0;0;64;8
PA2025-1971;2025-07-08;Standard;15;Bestandskunde;Automobilindustrie;Bearbeitung;4;Stahl;pulverbeschichtet;26;26;7;0,008;4;12;12;1,0;4;0;0;28;4
PA2025-1972;2025-07-07;Standard;9;Bestandskunde;Maschinenbau;Bearbeitung;2;Stahl;pulverbeschichtet;26;26;7;0,004;4;6;6;1,0;4;0;0;14;2
PA2025-1973;2025-07-05;Änderung;15;Bestandskunde;Sonstige;Bearbeitung;6;Stahl;pulverbeschichtet;28;28;15;0,018;4;18;18;1,0;4;0;0;48;6
PA2025-1974;2025-07-06;Änderung;5;Bestandskunde;Sonstige;Bearbeitung;5;Stahl;pulverbeschichtet;26;26;7;0,01;4;15;15;1,0;4;0;0;35;5
PA2025-1975;2025-07-02;Standard;9;Bestandskunde;Logistiktechnik;Bearbeitung;1;Stahl;pulverbeschichtet;26;26;7;0,002;4;3;3;1,0;4;0;0;7;1
PA2025-1976;2025-07-07;Änderung;7;Bestandskunde;Logistiktechnik;Bearbeitung;15;Stahl;pulverbeschichtet;28;28;15;0,045;4;45;45;1,0;4;0;0;120;15
PA2025-1977;2025-07-07;Standard;10;Bestandskunde;Haushaltsgeräte;Bearbeitung;17;Stahl;pulverbeschichtet;28;28;15;0,051;4;51;51;1,0;4;0;0;136;17
PA2025-1978;2025-07-08;Standard;11;Bestandskunde;Automobilindustrie;Bearbeitung;2;Stahl;pulverbeschichtet;28;28;15;0,006;4;6;6;1,0;4;0;0;16;2
PA2025-1979;2025-07-02;Standard;5;Bestandskunde;Sonstige;Bearbeitung;6;Stahl;pulverbeschichtet;28;28;15;0,018;4;18;18;1,0;4;0;0;48;6
PA2025-1980;2025-07-06;Standard;8;Bestandskunde;Sonstige;Bearbeitung;16;Stahl;pulverbeschichtet;26;26;7;0,032;4;48;48;1,0;4;0;0;112;16
PA2025-1981;2025-07-02;Standard;6;Bestandskunde;Logistiktechnik;Bearbeitung;13;Stahl;pulverbeschichtet;26;26;7;0,026;4;39;39;1,0;4;0;0;91;13
PA2025-1982;2025-07-07;Standard;14;Bestandskunde;Automobilindustrie;Bearbeitung;4;Stahl;pulverbeschichtet;28;28;15;0,012;4;12;12;1,0;4;0;0;32;4
PA2025-1983;2025-07-03;Standard;12;Bestandskunde;Maschinenbau;Bearbeitung;6;Stahl;pulverbeschichtet;28;28;15;0,018;4;18;18;1,0;4;0;0;48;6
PA2025-1984;2025-07-03;Standard;8;Bestandskunde;Haushaltsgeräte;Bearbeitung;3;Stahl;pulverbeschichtet;28;28;15;0,009;4;9;9;1,0;4;0;0;24;3
PA2025-1985;2025-07-08;Standard;6;Bestandskunde;Medizintechnik;Bearbeitung;20;Stahl;pulverbeschichtet;28;28;15;0,06;4;60;60;1,0;4;0;0;160;20
PA2025-1986;2025-07-07;Standard;12;Bestandskunde;Automobilindustrie;Bearbeitung;17;Stahl;pulverbeschichtet;26;26;7;0,034;4;51;51;1,0;4;0;0;119;17
PA2025-1987;2025-07-04;Änderung;11;Bestandskunde;Sonstige;Bearbeitung;19;Stahl;pulverbeschichtet;26;26;7;0,038;4;57;57;1,0;4;0;0;133;19
PA2025-1988;2025-07-03;Standard;7;Bestandskunde;Sonstige;Bearbeitung;18;Stahl;pulverbeschichtet;28;28;15;0,054;4;54;54;1,0;4;0;0;144;18
PA2025-1989;2025-07-02;Standard;7;Bestandskunde;Sonstige;Bearbeitung;15;Stahl;pulverbeschichtet;26;26;7;0,03;4;45;45;1,0;4;0;0;105;15
PA2025-1990;2025-07-08;Änderung;13;Bestandskunde;Medizintechnik;Bearbeitung;18;Stahl;pulverbeschichtet;26;26;7;0,036;4;54;54;1,0;4;0;0;126;18
PA2025-1991;2025-07-04;Standard;5;Bestandskunde;Medizintechnik;Bearbeitung;17;Stahl;pulverbeschichtet;26;26;7;0,034;4;51;51;1,0;4;0;0;119;17
PA2025-1992;2025-07-05;Änderung;8;Neukunde;Maschinenbau;Bearbeitung;11;Stahl;pulverbeschichtet;26;26;7;0,022;4;33;33;1,0;4;0;0;77;11
PA2025-1993;2025-07-06;Änderung;13;Neukunde;Sonstige;Bearbeitung;18;Stahl;pulverbeschichtet;28;28;15;0,054;4;54;54;1,0;4;0;0;144;18
PA2025-1994;2025-07-03;Standard;11;Bestandskunde;Logistiktechnik;Bearbeitung;16;Stahl;pulverbeschichtet;26;26;7;0,032;4;48;48;1,0;4;0;0;112;16
PA2025-1995;2025-07-02;Änderung;12;Bestandskunde;Medizintechnik;Bearbeitung;16;Stahl;pulverbeschichtet;26;26;7;0,032;4;48;48;1,0;4;0;0;112;16
PA2025-1996;2025-07-07;Standard;11;Bestandskunde;Logistiktechnik;Bearbeitung;18;Stahl;pulverbeschichtet;26;26;7;0,036;4;54;54;1,0;4;0;0;126;18
PA2025-1997;2025-07-07;Änderung;9;Bestandskunde;Maschinenbau;Bearbeitung;7;Stahl;pulverbeschichtet;28;28;15;0,021;4;21;21;1,0;4;0;0;56;7
PA2025-1998;2025-07-05;Änderung;12;Bestandskunde;Maschinenbau;Bearbeitung;1;Stahl;pulverbeschichtet;28;28;15;0,003;4;3;3;1,0;4;0;0;8;1
PA2025-1999;2025-07-04;Standard;14;Bestandskunde;Automobilindustrie;Bearbeitung;10;Stahl;pulverbeschichtet;28;28;15;0,03;4;30;30;1,0;4;0;0;80;10
PA2025-2000;2025-07-03;Änderung;5;Bestandskunde;Maschinenbau;Bearbeitung;19;Stahl;pulverbeschichtet;26;26;7;0,038;4;57;57;1,0;4;0;0;133;19
PA2025-2001;2025-07-07;Änderung;4;Bestandskunde;Maschinenbau;Bearbeitung;10;Stahl;pulverbeschichtet;26;26;7;0,02;4;30;30;1,0;4;0;0;70;10
PA2025-2002;2025-07-04;Standard;4;Bestandskunde;Sonstige;Bearbeitung;14;Stahl;pulverbeschichtet;28;28;15;0,042;4;42;42;1,0;4;0;0;112;14
PA2025-2003;2025-07-07;Änderung;4;Bestandskunde;Sonstige;Bearbeitung;6;Stahl;pulverbeschichtet;26;26;7;0,012;4;18;18;1,0;4;0;0;42;6
PA2025-2004;2025-07-02;Änderung;7;Bestandskunde;Sonstige;Bearbeitung;20;Stahl;pulverbeschichtet;26;26;7;0,04;4;60;60;1,0;4;0;0;140;20
PA2025-2005;2025-07-05;Standard;8;Bestandskunde;Automobilindustrie;Bearbeitung;10;Stahl;pulverbeschichtet;26;26;7;0,02;4;30;30;1,0;4;0;0;70;10
PA2025-2006;2025-07-07;Änderung;11;Bestandskunde;Maschinenbau;Bearbeitung;8;Stahl;pulverbeschichtet;26;26;7;0,016;4;24;24;1,0;4;0;0;56;8
PA2025-2007;2025-07-02;Standard;7;Bestandskunde;Sonstige;Bearbeitung;9;Stahl;pulverbeschichtet;28;28;15;0,027;4;27;27;1,0;4;0;0;72;9
PA2025-2008;2025-07-06;Änderung;10;Bestandskunde;Automobilindustrie;Bearbeitung;9;Stahl;pulverbeschichtet;28;28;15;0,027;4;27;27;1,0;4;0;0;72;9
PA2025-2009;2025-07-02;Änderung;12;Bestandskunde;Automobilindustrie;Bearbeitung;7;Stahl;pulverbeschichtet;28;28;15;0,021;4;21;21;1,0;4;0;0;56;7
PA2025-2010;2025-07-06;Standard;5;Bestandskunde;Sonstige;Bearbeitung;15;Stahl;pulverbeschichtet;28;28;15;0,045;4;45;45;1,0;4;0;0;120;15
PA2025-2011;2025-07-02;Änderung;6;Bestandskunde;Haushaltsgeräte;Bearbeitung;16;Stahl;pulverbeschichtet;26;26;7;0,032;4;48;48;1,0;4;0;0;112;16
PA2025-2012;2025-07-06;Standard;11;Bestandskunde;Automobilindustrie;Bearbeitung;13;Stahl;pulverbeschichtet;26;26;7;0,026;4;39;39;1,0;4;0;0;91;13
PA2025-2013;2025-07-04;Standard;10;Bestandskunde;Sonstige;Bearbeitung;4;Stahl;pulverbeschichtet;28;28;15;0,012;4;12;12;1,0;4;0;0;32;4
PA2025-2014;2025-07-02;Änderung;14;Bestandskunde;Haushaltsgeräte;Bearbeitung;2;Stahl;pulverbeschichtet;28;28;15;0,006;4;6;6;1,0;4;0;0;16;2
PA2025-2015;2025-07-02;Standard;6;Bestandskunde;Maschinenbau;Bearbeitung;6;Stahl;pulverbeschichtet;28;28;15;0,018;4;18;18;1,0;4;0;0;48;6
PA2025-2016;2025-07-03;Standard;12;Bestandskunde;Logistiktechnik;Bearbeitung;5;Stahl;pulverbeschichtet;26;26;7;0,01;4;15;15;1,0;4;0;0;35;5
PA2025-2017;2025-07-08;Änderung;4;Bestandskunde;Logistiktechnik;Bearbeitung;7;Stahl;pulverbeschichtet;28;28;15;0,021;4;21;21;1,0;4;0;0;56;7
PA2025-2018;2025-07-02;Standard;3;Bestandskunde;Haushaltsgeräte;Bearbeitung;9;Stahl;pulverbeschichtet;26;26;7;0,018;4;27;27;1,0;4;0;0;63;9
PA2025-2019;2025-07-05;Änderung;8;Bestandskunde;Maschinenbau;Bearbeitung;13;Stahl;pulverbeschichtet;26;26;7;0,026;4;39;39;1,0;4;0;0;91;13
PA2025-2020;2025-07-06;Standard;5;Bestandskunde;Maschinenbau;Bearbeitung;11;Stahl;pulverbeschichtet;26;26;7;0,022;4;33;33;1,0;4;0;0;77;11
PA2025-2021;2025-07-08;Standard;13;Bestandskunde;Automobilindustrie;Bearbeitung;17;Stahl;pulverbeschichtet;28;28;15;0,051;4;51;51;1,0;4;0;0;136;17
PA2025-2022;2025-07-03;Standard;6;Bestandskunde;Automobilindustrie;Bearbeitung;4;Stahl;pulverbeschichtet;28;28;15;0,012;4;12;12;1,0;4;0;0;32;4
PA2025-2023;2025-07-06;Standard;5;Bestandskunde;Sonstige;Bearbeitung;11;Stahl;pulverbeschichtet;26;26;7;0,022;4;33;33;1,0;4;0;0;77;11
PA2025-2024;2025-07-03;Standard;6;Bestandskunde;Automobilindustrie;Bearbeitung;1;Stahl;pulverbeschichtet;28;28;15;0,003;4;3;3;1,0;4;0;0;8;1
PA2025-2025;2025-07-08;Standard;6;Bestandskunde;Logistiktechnik;Bearbeitung;2;Stahl;pulverbeschichtet;26;26;7;0,004;4;6;6;1,0;4;0;0;14;2
PA2025-2026;2025-07-07;Standard;14;Bestandskunde;Maschinenbau;Bearbeitung;10;Stahl;pulverbeschichtet;26;26;7;0,02;4;30;30;1,0;4;0;0;70;10
PA2025-2027;2025-07-07;Standard;9;Bestandskunde;Logistiktechnik;Bearbeitung;12;Stahl;pulverbeschichtet;28;28;15;0,036;4;36;36;1,0;4;0;0;96;12
PA2025-2028;2025-07-03;Standard;13;Bestandskunde;Logistiktechnik;Bearbeitung;5;Stahl;pulverbeschichtet;28;28;15;0,015;4;15;15;1,0;4;0;0;40;5
PA2025-2029;2025-07-07;Änderung;8;Bestandskunde;Maschinenbau;Bearbeitung;9;Stahl;pulverbeschichtet;28;28;15;0,027;4;27;27;1,0;4;0;0;72;9
PA2025-2030;2025-07-07;Änderung;4;Bestandskunde;Medizintechnik;Bearbeitung;2;Stahl;pulverbeschichtet;26;26;7;0,004;4;6;6;1,0;4;0;0;14;2
PA2025-2031;2025-07-07;Standard;9;Bestandskunde;Sonstige;Bearbeitung;12;Stahl;pulverbeschichtet;28;28;15;0,036;4;36;36;1,0;4;0;0;96;12
PA2025-2032;2025-07-05;Standard;13;Bestandskunde;Logistiktechnik;Bearbeitung;13;Stahl;pulverbeschichtet;26;26;7;0,026;4;39;39;1,0;4;0;0;91;13
PA2025-2033;2025-07-04;Standard;10;Bestandskunde;Logistiktechnik;Bearbeitung;17;Stahl;pulverbeschichtet;28;28;15;0,051;4;51;51;1,0;4;0;0;136;17
PA2025-2034;2025-07-03;Änderung;7;Bestandskunde;Maschinenbau;Bearbeitung;20;Stahl;pulverbeschichtet;26;26;7;0,04;4;60;60;1,0;4;0;0;140;20
PA2025-2035;2025-07-06;Änderung;14;Bestandskunde;Logistiktechnik;Bearbeitung;13;Stahl;pulverbeschichtet;28;28;15;0,039;4;39;39;1,0;4;0;0;104;13
PA2025-2036;2025-07-02;Änderung;13;Bestandskunde;Haushaltsgeräte;Bearbeitung;20;Stahl;pulverbeschichtet;26;26;7;0,04;4;60;60;1,0;4;0;0;140;20
PA2025-2037;2025-07-03;Standard;7;Bestandskunde;Maschinenbau;Bearbeitung;13;Stahl;pulverbeschichtet;28;28;15;0,039;4;39;39;1,0;4;0;0;104;13
PA2025-2038;2025-07-05;Standard;4;Bestandskunde;Haushaltsgeräte;Bearbeitung;6;Stahl;pulverbeschichtet;28;28;15;0,018;4;18;18;1,0;4;0;0;48;6
PA2025-2039;2025-07-07;Änderung;7;Bestandskunde;Automobilindustrie;Bearbeitung;7;Stahl;pulverbeschichtet;28;28;15;0,021;4;21;21;1,0;4;0;0;56;7
PA2025-2040;2025-07-04;Standard;13;Bestandskunde;Logistiktechnik;Bearbeitung;16;Stahl;pulverbeschichtet;26;26;7;0,032;4;48;48;1,0;4;0;0;112;16
PA2025-2041;2025-07-15;Standard;15;Bestandskunde;Maschinenbau;Bearbeitung;4;Stahl;pulverbeschichtet;28;28;15;0,012;4;12;12;1,0;4;0;0;32;4
PA2025-2042;2025-07-09;Standard;3;Bestandskunde;Automobilindustrie;Bearbeitung;11;Stahl;pulverbeschichtet;26;26;7;0,022;4;33;33;1,0;4;0;0;77;11
PA2025-2043;2025-07-11;Standard;7;Bestandskunde;Sonstige;Bearbeitung;10;Stahl;pulverbeschichtet;26;26;7;0,02;4;30;30;1,0;4;0;0;70;10
PA2025-2044;2025-07-13;Änderung;11;Bestandskunde;Automobilindustrie;Bearbeitung;16;Stahl;pulverbeschichtet;26;26;7;0,032;4;48;48;1,0;4;0;0;112;16
PA2025-2045;2025-07-10;Standard;10;Bestandskunde;Sonstige;Bearbeitung;6;Stahl;pulverbeschichtet;28;28;15;0,018;4;18;18;1,0;4;0;0;48;6
PA2025-2046;2025-07-12;Änderung;5;Bestandskunde;Logistiktechnik;Bearbeitung;6;Stahl;pulverbeschichtet;26;26;7;0,012;4;18;18;1,0;4;0;0;42;6
PA2025-2047;2025-07-11;Standard;8;Bestandskunde;Maschinenbau;Bearbeitung;5;Stahl;pulverbeschichtet;28;28;15;0,015;4;15;15;1,0;4;0;0;40;5
PA2025-2048;2025-07-15;Standard;4;Bestandskunde;Sonstige;Bearbeitung;13;Stahl;pulverbeschichtet;28;28;15;0,039;4;39;39;1,0;4;0;0;104;13
PA2025-2049;2025-07-15;Standard;3;Bestandskunde;Haushaltsgeräte;Bearbeitung;12;Stahl;pulverbeschichtet;28;28;15;0,036;4;36;36;1,0;4;0;0;96;12
PA2025-2050;2025-07-13;Änderung;8;Bestandskunde;Maschinenbau;Bearbeitung;16;Stahl;pulverbeschichtet;28;28;15;0,048;4;48;48;1,0;4;0;0;128;16
PA2025-2051;2025-07-09;Standard;12;Bestandskunde;Automobilindustrie;Bearbeitung;10;Stahl;pulverbeschichtet;28;28;15;0,03;4;30;30;1,0;4;0;0;80;10
PA2025-2052;2025-07-09;Änderung;7;Bestandskunde;Automobilindustrie;Bearbeitung;3;Stahl;pulverbeschichtet;28;28;15;0,009;4;9;9;1,0;4;0;0;24;3
PA2025-2053;2025-07-15;Standard;14;Bestandskunde;Medizintechnik;Bearbeitung;14;Stahl;pulverbeschichtet;28;28;15;0,042;4;42;42;1,0;4;0;0;112;14
PA2025-2054;2025-07-15;Standard;9;Bestandskunde;Haushaltsgeräte;Bearbeitung;17;Stahl;pulverbeschichtet;26;26;7;0,034;4;51;51;1,0;4;0;0;119;17
PA2025-2055;2025-07-11;Standard;6;Bestandskunde;Sonstige;Bearbeitung;10;Stahl;pulverbeschichtet;26;26;7;0,02;4;30;30;1,0;4;0;0;70;10
PA2025-2056;2025-07-12;Änderung;10;Neukunde;Logistiktechnik;Bearbeitung;15;Stahl;pulverbeschichtet;28;28;15;0,045;4;45;45;1,0;4;0;0;120;15
PA2025-2057;2025-07-13;Änderung;5;Bestandskunde;Automobilindustrie;Bearbeitung;20;Stahl;pulverbeschichtet;26;26;7;0,04;4;60;60;1,0;4;0;0;140;20
PA2025-2058;2025-07-11;Änderung;11;Bestandskunde;Automobilindustrie;Bearbeitung;13;Stahl;pulverbeschichtet;26;26;7;0,026;4;39;39;1,0;4;0;0;91;13
PA2025-2059;2025-07-14;Änderung;13;Bestandskunde;Automobilindustrie;Bearbeitung;14;Stahl;pulverbeschichtet;26;26;7;0,028;4;42;42;1,0;4;0;0;98;14
PA2025-2060;2025-07-11;Standard;5;Bestandskunde;Automobilindustrie;Bearbeitung;18;Stahl;pulverbeschichtet;28;28;15;0,054;4;54;54;1,0;4;0;0;144;18
PA2025-2061;2025-07-11;Änderung;9;Bestandskunde;Sonstige;Bearbeitung;3;Stahl;pulverbeschichtet;26;26;7;0,006;4;9;9;1,0;4;0;0;21;3
PA2025-2062;2025-07-09;Standard;3;Neukunde;Maschinenbau;Bearbeitung;4;Stahl;pulverbeschichtet;28;28;15;0,012;4;12;12;1,0;4;0;0;32;4
PA2025-2063;2025-07-10;Standard;11;Bestandskunde;Haushaltsgeräte;Bearbeitung;8;Stahl;pulverbeschichtet;26;26;7;0,016;4;24;24;1,0;4;0;0;56;8
PA2025-2064;2025-07-09;Änderung;3;Bestandskunde;Medizintechnik;Bearbeitung;20;Stahl;pulverbeschichtet;26;26;7;0,04;4;60;60;1,0;4;0;0;140;20
PA2025-2065;2025-07-13;Standard;15;Bestandskunde;Medizintechnik;Bearbeitung;4;Stahl;pulverbeschichtet;26;26;7;0,008;4;12;12;1,0;4;0;0;28;4
PA2025-2066;2025-07-14;Standard;7;Bestandskunde;Automobilindustrie;Bearbeitung;3;Stahl;pulverbeschichtet;26;26;7;0,006;4;9;9;1,0;4;0;0;21;3
PA2025-2067;2025-07-14;Standard;5;Bestandskunde;Haushaltsgeräte;Bearbeitung;8;Stahl;pulverbeschichtet;26;26;7;0,016;4;24;24;1,0;4;0;0;56;8
PA2025-2068;2025-07-14;Standard;5;Bestandskunde;Automobilindustrie;Bearbeitung;7;Stahl;pulverbeschichtet;26;26;7;0,014;4;21;21;1,0;4;0;0;49;7
PA2025-2069;2025-07-14;Änderung;14;Bestandskunde;Sonstige;Bearbeitung;10;Stahl;pulverbeschichtet;28;28;15;0,03;4;30;30;1,0;4;0;0;80;10
PA2025-2070;2025-07-10;Änderung;15;Bestandskunde;Maschinenbau;Bearbeitung;7;Stahl;pulverbeschichtet;26;26;7;0,014;4;21;21;1,0;4;0;0;49;7
PA2025-2071;2025-07-13;Änderung;9;Bestandskunde;Sonstige;Bearbeitung;3;Stahl;pulverbeschichtet;28;28;15;0,009;4;9;9;1,0;4;0;0;24;3
PA2025-2072;2025-07-15;Standard;11;Bestandskunde;Automobilindustrie;Bearbeitung;13;Stahl;pulverbeschichtet;26;26;7;0,026;4;39;39;1,0;4;0;0;91;13
PA2025-2073;2025-07-12;Standard;15;Bestandskunde;Sonstige;Bearbeitung;9;Stahl;pulverbeschichtet;28;28;15;0,027;4;27;27;1,0;4;0;0;72;9
PA2025-2074;2025-07-10;Änderung;15;Bestandskunde;Sonstige;Bearbeitung;9;Stahl;pulverbeschichtet;28;28;15;0,027;4;27;27;1,0;4;0;0;72;9
PA2025-2075;2025-07-09;Standard;4;Bestandskunde;Automobilindustrie;Bearbeitung;2;Stahl;pulverbeschichtet;28;28;15;0,006;4;6;6;1,0;4;0;0;16;2
PA2025-2076;2025-07-14;Standard;14;Bestandskunde;Maschinenbau;Bearbeitung;3;Stahl;pulverbeschichtet;28;28;15;0,009;4;9;9;1,0;4;0;0;24;3
PA2025-2077;2025-07-15;Standard;12;Bestandskunde;Medizintechnik;Bearbeitung;3;Stahl;pulverbeschichtet;28;28;15;0,009;4;9;9;1,0;4;0;0;24;3
PA2025-2078;2025-07-15;Standard;11;Bestandskunde;Maschinenbau;Bearbeitung;16;Stahl;pulverbeschichtet;28;28;15;0,048;4;48;48;1,0;4;0;0;128;16
PA2025-2079;2025-07-11;Änderung;14;Bestandskunde;Automobilindustrie;Bearbeitung;7;Stahl;pulverbeschichtet;28;28;15;0,021;4;21;21;1,0;4;0;0;56;7
PA2025-2080;2025-07-09;Standard;12;Bestandskunde;Automobilindustrie;Bearbeitung;11;Stahl;pulverbeschichtet;26;26;7;0,022;4;33;33;1,0;4;0;0;77;11
PA2025-2081;2025-07-15;Standard;13;Bestandskunde;Haushaltsgeräte;Bearbeitung;13;Stahl;pulverbeschichtet;28;28;15;0,039;4;39;39;1,0;4;0;0;104;13
PA2025-2082;2025-07-15;Standard;7;Bestandskunde;Haushaltsgeräte;Bearbeitung;5;Stahl;pulverbeschichtet;28;28;15;0,015;4;15;15;1,0;4;0;0;40;5
PA2025-2083;2025-07-09;Änderung;12;Bestandskunde;Medizintechnik;Bearbeitung;6;Stahl;pulverbeschichtet;28;28;15;0,018;4;18;18;1,0;4;0;0;48;6
PA2025-2084;2025-07-10;Standard;6;Bestandskunde;Maschinenbau;Bearbeitung;9;Stahl;pulverbeschichtet;26;26;7;0,018;4;27;27;1,0;4;0;0;63;9
PA2025-2085;2025-07-09;Standard;14;Bestandskunde;Logistiktechnik;Bearbeitung;18;Stahl;pulverbeschichtet;28;28;15;0,054;4;54;54;1,0;4;0;0;144;18
PA2025-2086;2025-07-10;Standard;14;Bestandskunde;Haushaltsgeräte;Bearbeitung;14;Stahl;pulverbeschichtet;28;28;15;0,042;4;42;42;1,0;4;0;0;112;14
PA2025-2087;2025-07-14;Standard;4;Bestandskunde;Logistiktechnik;Bearbeitung;11;Stahl;pulverbeschichtet;26;26;7;0,022;4;33;33;1,0;4;0;0;77;11
PA2025-2088;2025-07-11;Änderung;5;Bestandskunde;Sonstige;Bearbeitung;7;Stahl;pulverbeschichtet;28;28;15;0,021;4;21;21;1,0;4;0;0;56;7
PA2025-2089;2025-07-09;Änderung;10;Bestandskunde;Maschinenbau;Bearbeitung;10;Stahl;pulverbeschichtet;28;28;15;0,03;4;30;30;1,0;4;0;0;80;10
PA2025-2090;2025-07-09;Standard;7;Bestandskunde;Automobilindustrie;Bearbeitung;12;Stahl;pulverbeschichtet;28;28;15;0,036;4;36;36;1,0;4;0;0;96;12
PA2025-2091;2025-07-13;Standard;15;Bestandskunde;Maschinenbau;Bearbeitung;14;Stahl;pulverbeschichtet;26;26;7;0,028;4;42;42;1,0;4;0;0;98;14
PA2025-2092;2025-07-11;Änderung;8;Neukunde;Logistiktechnik;Bearbeitung;16;Stahl;pulverbeschichtet;26;26;7;0,032;4;48;48;1,0;4;0;0;112;16
PA2025-2093;2025-07-11;Standard;10;Bestandskunde;Medizintechnik;Bearbeitung;11;Stahl;pulverbeschichtet;28;28;15;0,033;4;33;33;1,0;4;0;0;88;11
PA2025-2094;2025-07-15;Änderung;8;Bestandskunde;Haushaltsgeräte;Bearbeitung;1;Stahl;pulverbeschichtet;26;26;7;0,002;4;3;3;1,0;4;0;0;7;1
PA2025-2095;2025-07-09;Änderung;12;Bestandskunde;Sonstige;Bearbeitung;3;Stahl;pulverbeschichtet;28;28;15;0,009;4;9;9;1,0;4;0;0;24;3
PA2025-2096;2025-07-13;Standard;10;Bestandskunde;Logistiktechnik;Bearbeitung;7;Stahl;pulverbeschichtet;28;28;15;0,021;4;21;21;1,0;4;0;0;56;7
PA2025-2097;2025-07-10;Standard;11;Bestandskunde;Automobilindustrie;Bearbeitung;8;Stahl;pulverbeschichtet;28;28;15;0,024;4;24;24;1,0;4;0;0;64;8
PA2025-2098;2025-07-11;Standard;10;Bestandskunde;Medizintechnik;Bearbeitung;5;Stahl;pulverbeschichtet;26;26;7;0,01;4;15;15;1,0;4;0;0;35;5
PA2025-2099;2025-07-12;Änderung;10;Bestandskunde;Maschinenbau;Bearbeitung;7;Stahl;pulverbeschichtet;28;28;15;0,021;4;21;21;1,0;4;0;0;56;7
PA2025-2100;2025-07-14;Standard;4;Bestandskunde;Maschinenbau;Bearbeitung;17;Stahl;pulverbeschichtet;26;26;7;0,034;4;51;51;1,0;4;0;0;119;17
PA2025-2101;2025-07-15;Standard;13;Bestandskunde;Haushaltsgeräte;Bearbeitung;1;Stahl;pulverbeschichtet;28;28;15;0,003;4;3;3;1,0;4;0;0;8;1
PA2025-2102;2025-07-10;Standard;6;Bestandskunde;Maschinenbau;Bearbeitung;14;Stahl;pulverbeschichtet;28;28;15;0,042;4;42;42;1,0;4;0;0;112;14
PA2025-2103;2025-07-12;Standard;6;Bestandskunde;Sonstige;Bearbeitung;6;Stahl;pulverbeschichtet;26;26;7;0,012;4;18;18;1,0;4;0;0;42;6
PA2025-2104;2025-07-09;Standard;9;Bestandskunde;Automobilindustrie;Bearbeitung;20;Stahl;pulverbeschichtet;28;28;15;0,06;4;60;60;1,0;4;0;0;160;20
PA2025-2105;2025-07-10;Änderung;6;Bestandskunde;Medizintechnik;Bearbeitung;2;Stahl;pulverbeschichtet;28;28;15;0,006;4;6;6;1,0;4;0;0;16;2
PA2025-2106;2025-07-12;Änderung;11;Bestandskunde;Automobilindustrie;Bearbeitung;13;Stahl;pulverbeschichtet;28;28;15;0,039;4;39;39;1,0;4;0;0;104;13
PA2025-2107;2025-07-14;Änderung;11;Bestandskunde;Automobilindustrie;Bearbeitung;2;Stahl;pulverbeschichtet;26;26;7;0,004;4;6;6;1,0;4;0;0;14;2
PA2025-2108;2025-07-13;Standard;5;Bestandskunde;Haushaltsgeräte;Bearbeitung;5;Stahl;pulverbeschichtet;28;28;15;0,015;4;15;15;1,0;4;0;0;40;5
PA2025-2109;2025-07-09;Standard;7;Bestandskunde;Logistiktechnik;Bearbeitung;8;Stahl;pulverbeschichtet;28;28;15;0,024;4;24;24;1,0;4;0;0;64;8
PA2025-2110;2025-07-11;Standard;10;Bestandskunde;Logistiktechnik;Bearbeitung;3;Stahl;pulverbeschichtet;26;26;7;0,006;4;9;9;1,0;4;0;0;21;3
PA2025-2111;2025-07-13;Änderung;5;Bestandskunde;Automobilindustrie;Bearbeitung;13;Stahl;pulverbeschichtet;28;28;15;0,039;4;39;39;1,0;4;0;0;104;13
PA2025-2112;2025-07-15;Standard;8;Bestandskunde;Automobilindustrie;Bearbeitung;9;Stahl;pulverbeschichtet;26;26;7;0,018;4;27;27;1,0;4;0;0;63;9
PA2025-2113;2025-07-09;Änderung;3;Bestandskunde;Maschinenbau;Bearbeitung;8;Stahl;pulverbeschichtet;26;26;7;0,016;4;24;24;1,0;4;0;0;56;8
PA2025-2114;2025-07-09;Standard;8;Bestandskunde;Sonstige;Bearbeitung;5;Stahl;pulverbeschichtet;28;28;15;0,015;4;15;15;1,0;4;0;0;40;5
PA2025-2115;2025-07-12;Standard;12;Bestandskunde;Maschinenbau;Bearbeitung;16;Stahl;pulverbeschichtet;28;28;15;0,048;4;48;48;1,0;4;0;0;128;16
PA2025-2116;2025-07-13;Änderung;5;Bestandskunde;Automobilindustrie;Bearbeitung;7;Stahl;pulverbeschichtet;26;26;7;0,014;4;21;21;1,0;4;0;0;49;7
PA2025-2117;2025-07-09;Standard;12;Bestandskunde;Automobilindustrie;Bearbeitung;12;Stahl;pulverbeschichtet;26;26;7;0,024;4;36;36;1,0;4;0;0;84;12
PA2025-2118;2025-07-10;Änderung;6;Bestandskunde;Medizintechnik;Bearbeitung;20;Stahl;pulverbeschichtet;26;26;7;0,04;4;60;60;1,0;4;0;0;140;20
PA2025-2119;2025-07-13;Standard;12;Bestandskunde;Maschinenbau;Bearbeitung;7;Stahl;pulverbeschichtet;28;28;15;0,021;4;21;21;1,0;4;0;0;56;7
PA2025-2120;2025-07-10;Standard;11;Bestandskunde;Automobilindustrie;Bearbeitung;10;Stahl;pulverbeschichtet;28;28;15;0,03;4;30;30;1,0;4;0;0;80;10
PA2025-2121;2025-07-12;Standard;15;Bestandskunde;Automobilindustrie;Bearbeitung;4;Stahl;pulverbeschichtet;28;28;15;0,012;4;12;12;1,0;4;0;0;32;4
PA2025-2122;2025-07-15;Standard;6;Bestandskunde;Maschinenbau;Bearbeitung;7;Stahl;pulverbeschichtet;26;26;7;0,014;4;21;21;1,0;4;0;0;49;7
PA2025-2123;2025-07-14;Standard;9;Bestandskunde;Haushaltsgeräte;Bearbeitung;12;Stahl;pulverbeschichtet;28;28;15;0,036;4;36;36;1,0;4;0;0;96;12
PA2025-2124;2025-07-14;Standard;9;Bestandskunde;Maschinenbau;Bearbeitung;9;Stahl;pulverbeschichtet;28;28;15;0,027;4;27;27;1,0;4;0;0;72;9
PA2025-2125;2025-07-11;Standard;3;Bestandskunde;Haushaltsgeräte;Bearbeitung;11;Stahl;pulverbeschichtet;26;26;7;0,022;4;33;33;1,0;4;0;0;77;11
PA2025-2126;2025-07-14;Standard;13;Bestandskunde;Automobilindustrie;Bearbeitung;13;Stahl;pulverbeschichtet;26;26;7;0,026;4;39;39;1,0;4;0;0;91;13
PA2025-2127;2025-07-12;Standard;10;Bestandskunde;Maschinenbau;Bearbeitung;8;Stahl;pulverbeschichtet;26;26;7;0,016;4;24;24;1,0;4;0;0;56;8
PA2025-2128;2025-07-09;Standard;3;Bestandskunde;Automobilindustrie;Bearbeitung;9;Stahl;pulverbeschichtet;26;26;7;0,018;4;27;27;1,0;4;0;0;63;9
PA2025-2129;2025-07-12;Änderung;12;Bestandskunde;Logistiktechnik;Bearbeitung;4;Stahl;pulverbeschichtet;26;26;7;0,008;4;12;12;1,0;4;0;0;28;4
PA2025-2130;2025-07-10;Standard;7;Bestandskunde;Medizintechnik;Bearbeitung;12;Stahl;pulverbeschichtet;26;26;7;0,024;4;36;36;1,0;4;0;0;84;12
PA2025-2131;2025-07-19;Standard;4;Bestandskunde;Maschinenbau;Bearbeitung;4;Stahl;pulverbeschichtet;26;26;7;0,008;4;12;12;1,0;4;0;0;28;4
PA2025-2132;2025-07-18;Standard;13;Bestandskunde;Automobilindustrie;Bearbeitung;7;Stahl;pulverbeschichtet;28;28;15;0,021;4;21;21;1,0;4;0;0;56;7
PA2025-2133;2025-07-19;Standard;7;Bestandskunde;Logistiktechnik;Bearbeitung;8;Stahl;pulverbeschichtet;26;26;7;0,016;4;24;24;1,0;4;0;0;56;8
PA2025-2134;2025-07-21;Änderung;9;Bestandskunde;Automobilindustrie;Bearbeitung;16;Stahl;pulverbeschichtet;28;28;15;0,048;4;48;48;1,0;4;0;0;128;16
PA2025-2135;2025-07-17;Standard;5;Bestandskunde;Haushaltsgeräte;Bearbeitung;2;Stahl;pulverbeschichtet;26;26;7;0,004;4;6;6;1,0;4;0;0;14;2
PA2025-2136;2025-07-22;Änderung;13;Bestandskunde;Maschinenbau;Bearbeitung;19;Stahl;pulverbeschichtet;28;28;15;0,057;4;57;57;1,0;4;0;0;152;19
PA2025-2137;2025-07-22;Standard;9;Neukunde;Medizintechnik;Bearbeitung;7;Stahl;pulverbeschichtet;26;26;7;0,014;4;21;21;1,0;4;0;0;49;7
PA2025-2138;2025-07-21;Standard;9;Bestandskunde;Maschinenbau;Bearbeitung;15;Stahl;pulverbeschichtet;28;28;15;0,045;4;45;45;1,0;4;0;0;120;15
PA2025-2139;2025-07-22;Änderung;13;Neukunde;Automobilindustrie;Bearbeitung;8;Stahl;pulverbeschichtet;26;26;7;0,016;4;24;24;1,0;4;0;0;56;8
PA2025-2140;2025-07-18;Standard;5;Bestandskunde;Sonstige;Bearbeitung;16;Stahl;pulverbeschichtet;26;26;7;0,032;4;48;48;1,0;4;0;0;112;16
PA2025-2141;2025-07-21;Standard;12;Bestandskunde;Sonstige;Bearbeitung;11;Stahl;pulverbeschichtet;26;26;7;0,022;4;33;33;1,0;4;0;0;77;11
PA2025-2142;2025-07-17;Standard;11;Bestandskunde;Automobilindustrie;Bearbeitung;10;Stahl;pulverbeschichtet;28;28;15;0,03;4;30;30;1,0;4;0;0;80;10
PA2025-2143;2025-07-21;Standard;14;Bestandskunde;Haushaltsgeräte;Bearbeitung;20;Stahl;pulverbeschichtet;26;26;7;0,04;4;60;60;1,0;4;0;0;140;20
PA2025-2144;2025-07-18;Standard;10;Bestandskunde;Maschinenbau;Bearbeitung;18;Stahl;pulverbeschichtet;28;28;15;0,054;4;54;54;1,0;4;0;0;144;18
PA2025-2145;2025-07-18;Änderung;15;Bestandskunde;Medizintechnik;Bearbeitung;5;Stahl;pulverbeschichtet;26;26;7;0,01;4;15;15;1,0;4;0;0;35;5
PA2025-2146;2025-07-21;Änderung;8;Bestandskunde;Automobilindustrie;Bearbeitung;7;Stahl;pulverbeschichtet;28;28;15;0,021;4;21;21;1,0;4;0;0;56;7
PA2025-2147;2025-07-22;Standard;13;Bestandskunde;Medizintechnik;Bearbeitung;18;Stahl;pulverbeschichtet;28;28;15;0,054;4;54;54;1,0;4;0;0;144;18
PA2025-2148;2025-07-20;Standard;5;Bestandskunde;Haushaltsgeräte;Bearbeitung;6;Stahl;pulverbeschichtet;26;26;7;0,012;4;18;18;1,0;4;0;0;42;6
PA2025-2149;2025-07-19;Standard;5;Bestandskunde;Maschinenbau;Bearbeitung;12;Stahl;pulverbeschichtet;26;26;7;0,024;4;36;36;1,0;4;0;0;84;12
PA2025-2150;2025-07-21;Änderung;13;Bestandskunde;Automobilindustrie;Bearbeitung;14;Stahl;pulverbeschichtet;28;28;15;0,042;4;42;42;1,0;4;0;0;112;14
PA2025-2151;2025-07-21;Änderung;14;Bestandskunde;Sonstige;Bearbeitung;7;Stahl;pulverbeschichtet;26;26;7;0,014;4;21;21;1,0;4;0;0;49;7
PA2025-2152;2025-07-19;Änderung;6;Neukunde;Automobilindustrie;Bearbeitung;10;Stahl;pulverbeschichtet;26;26;7;0,02;4;30;30;1,0;4;0;0;70;10
PA2025-2153;2025-07-18;Standard;7;Bestandskunde;Maschinenbau;Bearbeitung;7;Stahl;pulverbeschichtet;26;26;7;0,014;4;21;21;1,0;4;0;0;49;7
PA2025-2154;2025-07-16;Standard;10;Bestandskunde;Logistiktechnik;Bearbeitung;3;Stahl;pulverbeschichtet;26;26;7;0,006;4;9;9;1,0;4;0;0;21;3
PA2025-2155;2025-07-19;Standard;5;Bestandskunde;Maschinenbau;Bearbeitung;13;Stahl;pulverbeschichtet;26;26;7;0,026;4;39;39;1,0;4;0;0;91;13
PA2025-2156;2025-07-18;Standard;11;Bestandskunde;Maschinenbau;Bearbeitung;20;Stahl;pulverbeschichtet;26;26;7;0,04;4;60;60;1,0;4;0;0;140;20
PA2025-2157;2025-07-20;Standard;5;Bestandskunde;Automobilindustrie;Bearbeitung;16;Stahl;pulverbeschichtet;28;28;15;0,048;4;48;48;1,0;4;0;0;128;16
PA2025-2158;2025-07-16;Standard;9;Neukunde;Maschinenbau;Bearbeitung;13;Stahl;pulverbeschichtet;28;28;15;0,039;4;39;39;1,0;4;0;0;104;13
PA2025-2159;2025-07-21;Standard;12;Bestandskunde;Maschinenbau;Bearbeitung;1;Stahl;pulverbeschichtet;26;26;7;0,002;4;3;3;1,0;4;0;0;7;1
PA2025-2160;2025-07-19;Änderung;5;Bestandskunde;Automobilindustrie;Bearbeitung;3;Stahl;pulverbeschichtet;28;28;15;0,009;4;9;9;1,0;4;0;0;24;3
PA2025-2161;2025-07-19;Änderung;12;Bestandskunde;Automobilindustrie;Bearbeitung;16;Stahl;pulverbeschichtet;26;26;7;0,032;4;48;48;1,0;4;0;0;112;16
PA2025-2162;2025-07-18;Änderung;13;Bestandskunde;Sonstige;Bearbeitung;1;Stahl;pulverbeschichtet;26;26;7;0,002;4;3;3;1,0;4;0;0;7;1
PA2025-2163;2025-07-20;Standard;15;Bestandskunde;Maschinenbau;Bearbeitung;9;Stahl;pulverbeschichtet;26;26;7;0,018;4;27;27;1,0;4;0;0;63;9
PA2025-2164;2025-07-21;Änderung;4;Bestandskunde;Automobilindustrie;Bearbeitung;17;Stahl;pulverbeschichtet;28;28;15;0,051;4;51;51;1,0;4;0;0;136;17
PA2025-2165;2025-07-19;Standard;10;Bestandskunde;Maschinenbau;Bearbeitung;20;Stahl;pulverbeschichtet;28;28;15;0,06;4;60;60;1,0;4;0;0;160;20
PA2025-2166;2025-07-16;Änderung;7;Bestandskunde;Maschinenbau;Bearbeitung;16;Stahl;pulverbeschichtet;28;28;15;0,048;4;48;48;1,0;4;0;0;128;16
PA2025-2167;2025-07-16;Standard;12;Neukunde;Sonstige;Bearbeitung;6;Stahl;pulverbeschichtet;28;28;15;0,018;4;18;18;1,0;4;0;0;48;6
PA2025-2168;2025-07-18;Änderung;6;Bestandskunde;Haushaltsgeräte;Bearbeitung;19;Stahl;pulverbeschichtet;28;28;15;0,057;4;57;57;1,0;4;0;0;152;19
PA2025-2169;2025-07-21;Änderung;14;Bestandskunde;Medizintechnik;Bearbeitung;4;Stahl;pulverbeschichtet;28;28;15;0,012;4;12;12;1,0;4;0;0;32;4
PA2025-2170;2025-07-17;Standard;6;Bestandskunde;Automobilindustrie;Bearbeitung;19;Stahl;pulverbeschichtet;26;26;7;0,038;4;57;57;1,0;4;0;0;133;19
PA2025-2171;2025-07-19;Standard;11;Bestandskunde;Sonstige;Bearbeitung;17;Stahl;pulverbeschichtet;26;26;7;0,034;4;51;51;1,0;4;0;0;119;17
PA2025-2172;2025-07-20;Standard;6;Bestandskunde;Automobilindustrie;Bearbeitung;14;Stahl;pulverbeschichtet;28;28;15;0,042;4;42;42;1,0;4;0;0;112;14
PA2025-2173;2025-07-16;Änderung;5;Neukunde;Sonstige;Bearbeitung;12;Stahl;pulverbeschichtet;28;28;15;0,036;4;36;36;1,0;4;0;0;96;12
PA2025-2174;2025-07-20;Änderung;10;Bestandskunde;Maschinenbau;Bearbeitung;4;Stahl;pulverbeschichtet;28;28;15;0,012;4;12;12;1,0;4;0;0;32;4
PA2025-2175;2025-07-16;Änderung;7;Bestandskunde;Automobilindustrie;Bearbeitung;18;Stahl;pulverbeschichtet;26;26;7;0,036;4;54;54;1,0;4;0;0;126;18
PA2025-2176;2025-07-18;Änderung;14;Bestandskunde;Haushaltsgeräte;Bearbeitung;6;Stahl;pulverbeschichtet;28;28;15;0,018;4;18;18;1,0;4;0;0;48;6
PA2025-2177;2025-07-20;Standard;5;Bestandskunde;Logistiktechnik;Bearbeitung;5;Stahl;pulverbeschichtet;28;28;15;0,015;4;15;15;1,0;4;0;0;40;5
PA2025-2178;2025-07-18;Standard;4;Bestandskunde;Maschinenbau;Bearbeitung;17;Stahl;pulverbeschichtet;28;28;15;0,051;4;51;51;1,0;4;0;0;136;17
PA2025-2179;2025-07-20;Standard;5;Neukunde;Sonstige;Bearbeitung;11;Stahl;pulverbeschichtet;28;28;15;0,033;4;33;33;1,0;4;0;0;88;11
PA2025-2180;2025-07-22;Standard;8;Bestandskunde;Logistiktechnik;Bearbeitung;16;Stahl;pulverbeschichtet;26;26;7;0,032;4;48;48;1,0;4;0;0;112;16
PA2025-2181;2025-07-17;Änderung;11;Bestandskunde;Medizintechnik;Bearbeitung;3;Stahl;pulverbeschichtet;26;26;7;0,006;4;9;9;1,0;4;0;0;21;3
PA2025-2182;2025-07-22;Änderung;15;Neukunde;Maschinenbau;Bearbeitung;16;Stahl;pulverbeschichtet;26;26;7;0,032;4;48;48;1,0;4;0;0;112;16
PA2025-2183;2025-07-17;Standard;12;Bestandskunde;Logistiktechnik;Bearbeitung;8;Stahl;pulverbeschichtet;26;26;7;0,016;4;24;24;1,0;4;0;0;56;8
PA2025-2184;2025-07-16;Standard;12;Bestandskunde;Automobilindustrie;Bearbeitung;13;Stahl;pulverbeschichtet;28;28;15;0,039;4;39;39;1,0;4;0;0;104;13
PA2025-2185;2025-07-21;Änderung;12;Bestandskunde;Haushaltsgeräte;Bearbeitung;8;Stahl;pulverbeschichtet;26;26;7;0,016;4;24;24;1,0;4;0;0;56;8
PA2025-2186;2025-07-20;Standard;15;Bestandskunde;Medizintechnik;Bearbeitung;6;Stahl;pulverbeschichtet;26;26;7;0,012;4;18;18;1,0;4;0;0;42;6
PA2025-2187;2025-07-19;Standard;5;Bestandskunde;Maschinenbau;Bearbeitung;3;Stahl;pulverbeschichtet;26;26;7;0,006;4;9;9;1,0;4;0;0;21;3
PA2025-2188;2025-07-22;Änderung;4;Bestandskunde;Medizintechnik;Bearbeitung;15;Stahl;pulverbeschichtet;26;26;7;0,03;4;45;45;1,0;4;0;0;105;15
PA2025-2189;2025-07-22;Standard;11;Bestandskunde;Haushaltsgeräte;Bearbeitung;16;Stahl;pulverbeschichtet;28;28;15;0,048;4;48;48;1,0;4;0;0;128;16
PA2025-2190;2025-07-22;Standard;7;Bestandskunde;Haushaltsgeräte;Bearbeitung;16;Stahl;pulverbeschichtet;28;28;15;0,048;4;48;48;1,0;4;0;0;128;16
PA2025-2191;2025-07-20;Standard;5;Bestandskunde;Automobilindustrie;Bearbeitung;9;Stahl;pulverbeschichtet;28;28;15;0,027;4;27;27;1,0;4;0;0;72;9
PA2025-2192;2025-07-20;Standard;10;Neukunde;Haushaltsgeräte;Bearbeitung;8;Stahl;pulverbeschichtet;28;28;15;0,024;4;24;24;1,0;4;0;0;64;8
PA2025-2193;2025-07-18;Standard;7;Bestandskunde;Maschinenbau;Bearbeitung;14;Stahl;pulverbeschichtet;26;26;7;0,028;4;42;42;1,0;4;0;0;98;14
PA2025-2194;2025-07-20;Standard;14;Bestandskunde;Sonstige;Bearbeitung;20;Stahl;pulverbeschichtet;28;28;15;0,06;4;60;60;1,0;4;0;0;160;20
PA2025-2195;2025-07-17;Standard;11;Bestandskunde;Haushaltsgeräte;Bearbeitung;7;Stahl;pulverbeschichtet;26;26;7;0,014;4;21;21;1,0;4;0;0;49;7
PA2025-2196;2025-07-20;Standard;8;Bestandskunde;Medizintechnik;Bearbeitung;10;Stahl;pulverbeschichtet;28;28;15;0,03;4;30;30;1,0;4;0;0;80;10
PA2025-2197;2025-07-20;Änderung;11;Bestandskunde;Maschinenbau;Bearbeitung;16;Stahl;pulverbeschichtet;26;26;7;0,032;4;48;48;1,0;4;0;0;112;16
PA2025-2198;2025-07-19;Standard;15;Bestandskunde;Medizintechnik;Bearbeitung;15;Stahl;pulverbeschichtet;28;28;15;0,045;4;45;45;1,0;4;0;0;120;15
PA2025-2199;2025-07-18;Änderung;5;Bestandskunde;Sonstige;Bearbeitung;18;Stahl;pulverbeschichtet;28;28;15;0,054;4;54;54;1,0;4;0;0;144;18
PA2025-2200;2025-07-16;Standard;7;Bestandskunde;Maschinenbau;Bearbeitung;16;Stahl;pulverbeschichtet;28;28;15;0,048;4;48;48;1,0;4;0;0;128;16
PA2025-2201;2025-07-20;Standard;10;Bestandskunde;Medizintechnik;Bearbeitung;9;Stahl;pulverbeschichtet;28;28;15;0,027;4;27;27;1,0;4;0;0;72;9
PA2025-2202;2025-07-21;Standard;14;Bestandskunde;Haushaltsgeräte;Bearbeitung;13;Stahl;pulverbeschichtet;26;26;7;0,026;4;39;39;1,0;4;0;0;91;13
PA2025-2203;2025-07-17;Standard;6;Bestandskunde;Automobilindustrie;Bearbeitung;2;Stahl;pulverbeschichtet;28;28;15;0,006;4;6;6;1,0;4;0;0;16;2
PA2025-2204;2025-07-18;Standard;5;Bestandskunde;Automobilindustrie;Bearbeitung;4;Stahl;pulverbeschichtet;26;26;7;0,008;4;12;12;1,0;4;0;0;28;4
PA2025-2205;2025-07-16;Standard;4;Bestandskunde;Maschinenbau;Bearbeitung;20;Stahl;pulverbeschichtet;28;28;15;0,06;4;60;60;1,0;4;0;0;160;20
PA2025-2206;2025-07-19;Änderung;9;Bestandskunde;Maschinenbau;Bearbeitung;19;Stahl;pulverbeschichtet;28;28;15;0,057;4;57;57;1,0;4;0;0;152;19
PA2025-2207;2025-07-18;Änderung;8;Bestandskunde;Maschinenbau;Bearbeitung;11;Stahl;pulverbeschichtet;28;28;15;0,033;4;33;33;1,0;4;0;0;88;11
PA2025-2208;2025-07-22;Standard;13;Bestandskunde;Sonstige;Bearbeitung;6;Stahl;pulverbeschichtet;26;26;7;0,012;4;18;18;1,0;4;0;0;42;6
PA2025-2209;2025-07-22;Änderung;14;Bestandskunde;Maschinenbau;Bearbeitung;14;Stahl;pulverbeschichtet;26;26;7;0,028;4;42;42;1,0;4;0;0;98;14
PA2025-2210;2025-07-19;Standard;7;Neukunde;Maschinenbau;Bearbeitung;9;Stahl;pulverbeschichtet;26;26;7;0,018;4;27;27;1,0;4;0;0;63;9
PA2025-2211;2025-07-17;Standard;10;Bestandskunde;Logistiktechnik;Bearbeitung;13;Stahl;pulverbeschichtet;26;26;7;0,026;4;39;39;1,0;4;0;0;91;13
PA2025-2212;2025-07-17;Standard;6;Bestandskunde;Medizintechnik;Bearbeitung;15;Stahl;pulverbeschichtet;28;28;15;0,045;4;45;45;1,0;4;0;0;120;15
PA2025-2213;2025-07-21;Standard;13;Neukunde;Automobilindustrie;Bearbeitung;1;Stahl;pulverbeschichtet;28;28;15;0,003;4;3;3;1,0;4;0;0;8;1
PA2025-2214;2025-07-21;Änderung;14;Bestandskunde;Sonstige;Bearbeitung;11;Stahl;pulverbeschichtet;28;28;15;0,033;4;33;33;1,0;4;0;0;88;11
PA2025-2215;2025-07-19;Standard;15;Neukunde;Logistiktechnik;Bearbeitung;20;Stahl;pulverbeschichtet;28;28;15;0,06;4;60;60;1,0;4;0;0;160;20
PA2025-2216;2025-07-17;Standard;5;Neukunde;Haushaltsgeräte;Bearbeitung;13;Stahl;pulverbeschichtet;26;26;7;0,026;4;39;39;1,0;4;0;0;91;13
PA2025-2217;2025-07-17;Standard;7;Bestandskunde;Medizintechnik;Bearbeitung;8;Stahl;pulverbeschichtet;26;26;7;0,016;4;24;24;1,0;4;0;0;56;8
PA2025-2218;2025-07-19;Standard;15;Bestandskunde;Medizintechnik;Bearbeitung;19;Stahl;pulverbeschichtet;28;28;15;0,057;4;57;57;1,0;4;0;0;152;19
PA2025-2219;2025-07-19;Standard;4;Bestandskunde;Automobilindustrie;Bearbeitung;13;Stahl;pulverbeschichtet;26;26;7;0,026;4;39;39;1,0;4;0;0;91;13
PA2025-2220;2025-07-19;Standard;14;Bestandskunde;Maschinenbau;Bearbeitung;9;Stahl;pulverbeschichtet;26;26;7;0,018;4;27;27;1,0;4;0;0;63;9
PA2025-2221;2025-07-25;Änderung;10;Bestandskunde;Automobilindustrie;Bearbeitung;6;Stahl;pulverbeschichtet;28;28;15;0,018;4;18;18;1,0;4;0;0;48;6
PA2025-2222;2025-07-29;Standard;15;Bestandskunde;Maschinenbau;Bearbeitung;2;Stahl;pulverbeschichtet;26;26;7;0,004;4;6;6;1,0;4;0;0;14;2
PA2025-2223;2025-07-23;Änderung;8;Neukunde;Logistiktechnik;Bearbeitung;3;Stahl;pulverbeschichtet;28;28;15;0,009;4;9;9;1,0;4;0;0;24;3
PA2025-2224;2025-07-23;Standard;15;Bestandskunde;Medizintechnik;Bearbeitung;10;Stahl;pulverbeschichtet;26;26;7;0,02;4;30;30;1,0;4;0;0;70;10
PA2025-2225;2025-07-25;Standard;6;Bestandskunde;Logistiktechnik;Bearbeitung;17;Stahl;pulverbeschichtet;26;26;7;0,034;4;51;51;1,0;4;0;0;119;17
PA2025-2226;2025-07-29;Standard;5;Bestandskunde;Maschinenbau;Bearbeitung;6;Stahl;pulverbeschichtet;26;26;7;0,012;4;18;18;1,0;4;0;0;42;6
PA2025-2227;2025-07-26;Änderung;13;Bestandskunde;Medizintechnik;Bearbeitung;7;Stahl;pulverbeschichtet;28;28;15;0,021;4;21;21;1,0;4;0;0;56;7
PA2025-2228;2025-07-29;Standard;6;Bestandskunde;Medizintechnik;Bearbeitung;18;Stahl;pulverbeschichtet;26;26;7;0,036;4;54;54;1,0;4;0;0;126;18
PA2025-2229;2025-07-27;Standard;12;Bestandskunde;Logistiktechnik;Bearbeitung;6;Stahl;pulverbeschichtet;26;26;7;0,012;4;18;18;1,0;4;0;0;42;6
PA2025-2230;2025-07-25;Standard;6;Bestandskunde;Maschinenbau;Bearbeitung;1;Stahl;pulverbeschichtet;26;26;7;0,002;4;3;3;1,0;4;0;0;7;1
PA2025-2231;2025-07-24;Standard;6;Bestandskunde;Sonstige;Bearbeitung;5;Stahl;pulverbeschichtet;26;26;7;0,01;4;15;15;1,0;4;0;0;35;5
PA2025-2232;2025-07-27;Standard;10;Bestandskunde;Maschinenbau;Bearbeitung;4;Stahl;pulverbeschichtet;26;26;7;0,008;4;12;12;1,0;4;0;0;28;4
PA2025-2233;2025-07-28;Standard;4;Bestandskunde;Automobilindustrie;Bearbeitung;1;Stahl;pulverbeschichtet;26;26;7;0,002;4;3;3;1,0;4;0;0;7;1
PA2025-2234;2025-07-27;Standard;15;Bestandskunde;Logistiktechnik;Bearbeitung;18;Stahl;pulverbeschichtet;28;28;15;0,054;4;54;54;1,0;4;0;0;144;18
PA2025-2235;2025-07-26;Änderung;15;Bestandskunde;Maschinenbau;Bearbeitung;13;Stahl;pulverbeschichtet;28;28;15;0,039;4;39;39;1,0;4;0;0;104;13
PA2025-2236;2025-07-26;Änderung;7;Bestandskunde;Logistiktechnik;Bearbeitung;2;Stahl;pulverbeschichtet;28;28;15;0,006;4;6;6;1,0;4;0;0;16;2
PA2025-2237;2025-07-27;Standard;12;Bestandskunde;Medizintechnik;Bearbeitung;14;Stahl;pulverbeschichtet;26;26;7;0,028;4;42;42;1,0;4;0;0;98;14
PA2025-2238;2025-07-25;Standard;10;Bestandskunde;Medizintechnik;Bearbeitung;1;Stahl;pulverbeschichtet;28;28;15;0,003;4;3;3;1,0;4;0;0;8;1
PA2025-2239;2025-07-29;Änderung;7;Bestandskunde;Automobilindustrie;Bearbeitung;5;Stahl;pulverbeschichtet;26;26;7;0,01;4;15;15;1,0;4;0;0;35;5
PA2025-2240;2025-07-24;Standard;6;Bestandskunde;Medizintechnik;Bearbeitung;15;Stahl;pulverbeschichtet;28;28;15;0,045;4;45;45;1,0;4;0;0;120;15
PA2025-2241;2025-07-26;Änderung;14;Bestandskunde;Medizintechnik;Bearbeitung;7;Stahl;pulverbeschichtet;28;28;15;0,021;4;21;21;1,0;4;0;0;56;7
PA2025-2242;2025-07-26;Standard;5;Bestandskunde;Maschinenbau;Bearbeitung;4;Stahl;pulverbeschichtet;28;28;15;0,012;4;12;12;1,0;4;0;0;32;4
PA2025-2243;2025-07-23;Änderung;12;Bestandskunde;Sonstige;Bearbeitung;14;Stahl;pulverbeschichtet;28;28;15;0,042;4;42;42;1,0;4;0;0;112;14
PA2025-2244;2025-07-25;Änderung;15;Bestandskunde;Medizintechnik;Bearbeitung;16;Stahl;pulverbeschichtet;26;26;7;0,032;4;48;48;1,0;4;0;0;112;16
PA2025-2245;2025-07-25;Standard;7;Bestandskunde;Medizintechnik;Bearbeitung;1;Stahl;pulverbeschichtet;26;26;7;0,002;4;3;3;1,0;4;0;0;7;1
PA2025-2246;2025-07-28;Standard;9;Bestandskunde;Maschinenbau;Bearbeitung;17;Stahl;pulverbeschichtet;26;26;7;0,034;4;51;51;1,0;4;0;0;119;17
PA2025-2247;2025-07-26;Standard;12;Bestandskunde;Sonstige;Bearbeitung;12;Stahl;pulverbeschichtet;28;28;15;0,036;4;36;36;1,0;4;0;0;96;12
PA2025-2248;2025-07-25;Standard;4;Bestandskunde;Medizintechnik;Bearbeitung;15;Stahl;pulverbeschichtet;28;28;15;0,045;4;45;45;1,0;4;0;0;120;15
PA2025-2249;2025-07-29;Änderung;15;Bestandskunde;Logistiktechnik;Bearbeitung;19;Stahl;pulverbeschichtet;28;28;15;0,057;4;57;57;1,0;4;0;0;152;19
PA2025-2250;2025-07-29;Standard;13;Bestandskunde;Medizintechnik;Bearbeitung;9;Stahl;pulverbeschichtet;26;26;7;0,018;4;27;27;1,0;4;0;0;63;9
PA2025-2251;2025-07-29;Standard;8;Bestandskunde;Maschinenbau;Bearbeitung;13;Stahl;pulverbeschichtet;26;26;7;0,026;4;39;39;1,0;4;0;0;91;13
PA2025-2252;2025-07-23;Standard;10;Bestandskunde;Haushaltsgeräte;Bearbeitung;14;Stahl;pulverbeschichtet;26;26;7;0,028;4;42;42;1,0;4;0;0;98;14
PA2025-2253;2025-07-29;Änderung;7;Bestandskunde;Maschinenbau;Bearbeitung;7;Stahl;pulverbeschichtet;26;26;7;0,014;4;21;21;1,0;4;0;0;49;7
PA2025-2254;2025-07-24;Änderung;4;Bestandskunde;Logistiktechnik;Bearbeitung;3;Stahl;pulverbeschichtet;26;26;7;0,006;4;9;9;1,0;4;0;0;21;3
PA2025-2255;2025-07-24;Standard;14;Bestandskunde;Sonstige;Bearbeitung;11;Stahl;pulverbeschichtet;26;26;7;0,022;4;33;33;1,0;4;0;0;77;11
PA2025-2256;2025-07-25;Standard;10;Bestandskunde;Haushaltsgeräte;Bearbeitung;5;Stahl;pulverbeschichtet;28;28;15;0,015;4;15;15;1,0;4;0;0;40;5
PA2025-2257;2025-07-29;Standard;8;Bestandskunde;Automobilindustrie;Bearbeitung;16;Stahl;pulverbeschichtet;28;28;15;0,048;4;48;48;1,0;4;0;0;128;16
PA2025-2258;2025-07-27;Standard;10;Bestandskunde;Maschinenbau;Bearbeitung;13;Stahl;pulverbeschichtet;28;28;15;0,039;4;39;39;1,0;4;0;0;104;13
PA2025-2259;2025-07-29;Standard;9;Bestandskunde;Maschinenbau;Bearbeitung;8;Stahl;pulverbeschichtet;26;26;7;0,016;4;24;24;1,0;4;0;0;56;8
PA2025-2260;2025-07-26;Standard;6;Bestandskunde;Maschinenbau;Bearbeitung;17;Stahl;pulverbeschichtet;26;26;7;0,034;4;51;51;1,0;4;0;0;119;17
PA2025-2261;2025-07-28;Änderung;13;Bestandskunde;Maschinenbau;Bearbeitung;3;Stahl;pulverbeschichtet;28;28;15;0,009;4;9;9;1,0;4;0;0;24;3
PA2025-2262;2025-07-27;Standard;15;Bestandskunde;Automobilindustrie;Bearbeitung;11;Stahl;pulverbeschichtet;26;26;7;0,022;4;33;33;1,0;4;0;0;77;11
PA2025-2263;2025-07-26;Standard;13;Bestandskunde;Logistiktechnik;Bearbeitung;1;Stahl;pulverbeschichtet;26;26;7;0,002;4;3;3;1,0;4;0;0;7;1
PA2025-2264;2025-07-23;Standard;10;Neukunde;Haushaltsgeräte;Bearbeitung;16;Stahl;pulverbeschichtet;28;28;15;0,048;4;48;48;1,0;4;0;0;128;16
PA2025-2265;2025-07-24;Standard;11;Bestandskunde;Automobilindustrie;Bearbeitung;8;Stahl;pulverbeschichtet;28;28;15;0,024;4;24;24;1,0;4;0;0;64;8
PA2025-2266;2025-07-24;Änderung;11;Bestandskunde;Sonstige;Bearbeitung;4;Stahl;pulverbeschichtet;26;26;7;0,008;4;12;12;1,0;4;0;0;28;4
PA2025-2267;2025-07-29;Standard;3;Bestandskunde;Maschinenbau;Bearbeitung;3;Stahl;pulverbeschichtet;26;26;7;0,006;4;9;9;1,0;4;0;0;21;3
PA2025-2268;2025-07-23;Änderung;14;Bestandskunde;Automobilindustrie;Bearbeitung;12;Stahl;pulverbeschichtet;26;26;7;0,024;4;36;36;1,0;4;0;0;84;12
PA2025-2269;2025-07-27;Änderung;5;Neukunde;Logistiktechnik;Bearbeitung;11;Stahl;pulverbeschichtet;28;28;15;0,033;4;33;33;1,0;4;0;0;88;11
PA2025-2270;2025-07-27;Standard;5;Bestandskunde;Logistiktechnik;Bearbeitung;7;Stahl;pulverbeschichtet;26;26;7;0,014;4;21;21;1,0;4;0;0;49;7
PA2025-2271;2025-07-29;Standard;14;Bestandskunde;Maschinenbau;Bearbeitung;20;Stahl;pulverbeschichtet;26;26;7;0,04;4;60;60;1,0;4;0;0;140;20
PA2025-2272;2025-07-24;Standard;5;Bestandskunde;Haushaltsgeräte;Bearbeitung;6;Stahl;pulverbeschichtet;26;26;7;0,012;4;18;18;1,0;4;0;0;42;6
PA2025-2273;2025-07-27;Standard;10;Bestandskunde;Automobilindustrie;Bearbeitung;11;Stahl;pulverbeschichtet;26;26;7;0,022;4;33;33;1,0;4;0;0;77;11
PA2025-2274;2025-07-29;Standard;13;Bestandskunde;Automobilindustrie;Bearbeitung;10;Stahl;pulverbeschichtet;26;26;7;0,02;4;30;30;1,0;4;0;0;70;10
PA2025-2275;2025-07-29;Änderung;8;Neukunde;Maschinenbau;Bearbeitung;11;Stahl;pulverbeschichtet;28;28;15;0,033;4;33;33;1,0;4;0;0;88;11
PA2025-2276;2025-07-26;Standard;6;Bestandskunde;Maschinenbau;Bearbeitung;2;Stahl;pulverbeschichtet;26;26;7;0,004;4;6;6;1,0;4;0;0;14;2
PA2025-2277;2025-07-23;Standard;13;Bestandskunde;Logistiktechnik;Bearbeitung;10;Stahl;pulverbeschichtet;26;26;7;0,02;4;30;30;1,0;4;0;0;70;10
PA2025-2278;2025-07-25;Standard;8;Bestandskunde;Sonstige;Bearbeitung;4;Stahl;pulverbeschichtet;28;28;15;0,012;4;12;12;1,0;4;0;0;32;4
PA2025-2279;2025-07-24;Änderung;14;Bestandskunde;Haushaltsgeräte;Bearbeitung;13;Stahl;pulverbeschichtet;28;28;15;0,039;4;39;39;1,0;4;0;0;104;13
PA2025-2280;2025-07-23;Änderung;4;Bestandskunde;Sonstige;Bearbeitung;9;Stahl;pulverbeschichtet;26;26;7;0,018;4;27;27;1,0;4;0;0;63;9
PA2025-2281;2025-07-29;Standard;14;Bestandskunde;Automobilindustrie;Bearbeitung;11;Stahl;pulverbeschichtet;28;28;15;0,033;4;33;33;1,0;4;0;0;88;11
PA2025-2282;2025-07-29;Standard;11;Bestandskunde;Medizintechnik;Bearbeitung;11;Stahl;pulverbeschichtet;28;28;15;0,033;4;33;33;1,0;4;0;0;88;11
PA2025-2283;2025-07-29;Standard;8;Bestandskunde;Maschinenbau;Bearbeitung;16;Stahl;pulverbeschichtet;26;26;7;0,032;4;48;48;1,0;4;0;0;112;16
PA2025-2284;2025-07-23;Standard;7;Bestandskunde;Haushaltsgeräte;Bearbeitung;9;Stahl;pulverbeschichtet;28;28;15;0,027;4;27;27;1,0;4;0;0;72;9
PA2025-2285;2025-07-26;Änderung;5;Bestandskunde;Maschinenbau;Bearbeitung;11;Stahl;pulverbeschichtet;26;26;7;0,022;4;33;33;1,0;4;0;0;77;11
PA2025-2286;2025-07-23;Standard;6;Bestandskunde;Maschinenbau;Bearbeitung;17;Stahl;pulverbeschichtet;28;28;15;0,051;4;51;51;1,0;4;0;0;136;17
PA2025-2287;2025-07-24;Standard;11;Bestandskunde;Logistiktechnik;Bearbeitung;17;Stahl;pulverbeschichtet;26;26;7;0,034;4;51;51;1,0;4;0;0;119;17
PA2025-2288;2025-07-26;Standard;15;Bestandskunde;Logistiktechnik;Bearbeitung;20;Stahl;pulverbeschichtet;28;28;15;0,06;4;60;60;1,0;4;0;0;160;20
PA2025-2289;2025-07-29;Standard;4;Bestandskunde;Automobilindustrie;Bearbeitung;18;Stahl;pulverbeschichtet;26;26;7;0,036;4;54;54;1,0;4;0;0;126;18
PA2025-2290;2025-07-29;Änderung;13;Bestandskunde;Automobilindustrie;Bearbeitung;14;Stahl;pulverbeschichtet;28;28;15;0,042;4;42;42;1,0;4;0;0;112;14
PA2025-2291;2025-07-29;Änderung;13;Bestandskunde;Maschinenbau;Bearbeitung;20;Stahl;pulverbeschichtet;26;26;7;0,04;4;60;60;1,0;4;0;0;140;20
PA2025-2292;2025-07-29;Änderung;8;Bestandskunde;Sonstige;Bearbeitung;2;Stahl;pulverbeschichtet;26;26;7;0,004;4;6;6;1,0;4;0;0;14;2
PA2025-2293;2025-07-26;Änderung;10;Bestandskunde;Haushaltsgeräte;Bearbeitung;8;Stahl;pulverbeschichtet;26;26;7;0,016;4;24;24;1,0;4;0;0;56;8
PA2025-2294;2025-07-26;Standard;4;Bestandskunde;Automobilindustrie;Bearbeitung;9;Stahl;pulverbeschichtet;28;28;15;0,027;4;27;27;1,0;4;0;0;72;9
PA2025-2295;2025-07-27;Standard;10;Bestandskunde;Automobilindustrie;Bearbeitung;16;Stahl;pulverbeschichtet;28;28;15;0,048;4;48;48;1,0;4;0;0;128;16
PA2025-2296;2025-07-29;Änderung;6;Bestandskunde;Logistiktechnik;Bearbeitung;13;Stahl;pulverbeschichtet;26;26;7;0,026;4;39;39;1,0;4;0;0;91;13
PA2025-2297;2025-07-27;Standard;9;Bestandskunde;Sonstige;Bearbeitung;11;Stahl;pulverbeschichtet;28;28;15;0,033;4;33;33;1,0;4;0;0;88;11
PA2025-2298;2025-07-23;Standard;6;Bestandskunde;Maschinenbau;Bearbeitung;9;Stahl;pulverbeschichtet;26;26;7;0,018;4;27;27;1,0;4;0;0;63;9
PA2025-2299;2025-07-28;Standard;9;Bestandskunde;Automobilindustrie;Bearbeitung;7;Stahl;pulverbeschichtet;26;26;7;0,014;4;21;21;1,0;4;0;0;49;7
PA2025-2300;2025-07-23;Änderung;10;Bestandskunde;Maschinenbau;Bearbeitung;18;Stahl;pulverbeschichtet;26;26;7;0,036;4;54;54;1,0;4;0;0;126;18
PA2025-2301;2025-07-24;Standard;6;Bestandskunde;Haushaltsgeräte;Bearbeitung;8;Stahl;pulverbeschichtet;26;26;7;0,016;4;24;24;1,0;4;0;0;56;8
PA2025-2302;2025-07-24;Standard;6;Bestandskunde;Automobilindustrie;Bearbeitung;17;Stahl;pulverbeschichtet;26;26;7;0,034;4;51;51;1,0;4;0;0;119;17
PA2025-2303;2025-07-23;Standard;14;Bestandskunde;Automobilindustrie;Bearbeitung;3;Stahl;pulverbeschichtet;28;28;15;0,009;4;9;9;1,0;4;0;0;24;3
PA2025-2304;2025-07-25;Änderung;6;Bestandskunde;Automobilindustrie;Bearbeitung;9;Stahl;pulverbeschichtet;28;28;15;0,027;4;27;27;1,0;4;0;0;72;9
PA2025-2305;2025-07-23;Standard;7;Bestandskunde;Logistiktechnik;Bearbeitung;18;Stahl;pulverbeschichtet;26;26;7;0,036;4;54;54;1,0;4;0;0;126;18
PA2025-2306;2025-07-29;Standard;12;Bestandskunde;Sonstige;Bearbeitung;14;Stahl;pulverbeschichtet;26;26;7;0,028;4;42;42;1,0;4;0;0;98;14
PA2025-2307;2025-07-24;Standard;6;Bestandskunde;Maschinenbau;Bearbeitung;19;Stahl;pulverbeschichtet;26;26;7;0,038;4;57;57;1,0;4;0;0;133;19
PA2025-2308;2025-07-29;Standard;14;Bestandskunde;Haushaltsgeräte;Bearbeitung;11;Stahl;pulverbeschichtet;26;26;7;0,022;4;33;33;1,0;4;0;0;77;11
PA2025-2309;2025-07-23;Standard;4;Bestandskunde;Automobilindustrie;Bearbeitung;12;Stahl;pulverbeschichtet;28;28;15;0,036;4;36;36;1,0;4;0;0;96;12
PA2025-2310;2025-07-28;Standard;11;Bestandskunde;Automobilindustrie;Bearbeitung;11;Stahl;pulverbeschichtet;26;26;7;0,022;4;33;33;1,0;4;0;0;77;11
PA2025-2311;2025-07-31;Änderung;6;Bestandskunde;Automobilindustrie;Bearbeitung;4;Stahl;pulverbeschichtet;28;28;15;0,012;4;12;12;1,0;4;0;0;32;4
PA2025-2312;2025-08-02;Standard;10;Bestandskunde;Automobilindustrie;Bearbeitung;11;Stahl;pulverbeschichtet;26;26;7;0,022;4;33;33;1,0;4;0;0;77;11
PA2025-2313;2025-08-03;Änderung;14;Bestandskunde;Logistiktechnik;Bearbeitung;2;Stahl;pulverbeschichtet;26;26;7;0,004;4;6;6;1,0;4;0;0;14;2
PA2025-2314;2025-07-31;Standard;9;Bestandskunde;Maschinenbau;Bearbeitung;9;Stahl;pulverbeschichtet;28;28;15;0,027;4;27;27;1,0;4;0;0;72;9
PA2025-2315;2025-07-30;Standard;15;Bestandskunde;Automobilindustrie;Bearbeitung;10;Stahl;pulverbeschichtet;28;28;15;0,03;4;30;30;1,0;4;0;0;80;10
PA2025-2316;2025-07-30;Änderung;10;Bestandskunde;Medizintechnik;Bearbeitung;5;Stahl;pulverbeschichtet;28;28;15;0,015;4;15;15;1,0;4;0;0;40;5
PA2025-2317;2025-07-30;Standard;6;Bestandskunde;Sonstige;Bearbeitung;11;Stahl;pulverbeschichtet;26;26;7;0,022;4;33;33;1,0;4;0;0;77;11
PA2025-2318;2025-08-03;Standard;9;Bestandskunde;Haushaltsgeräte;Bearbeitung;2;Stahl;pulverbeschichtet;26;26;7;0,004;4;6;6;1,0;4;0;0;14;2
PA2025-2319;2025-08-05;Änderung;5;Bestandskunde;Haushaltsgeräte;Bearbeitung;19;Stahl;pulverbeschichtet;28;28;15;0,057;4;57;57;1,0;4;0;0;152;19
PA2025-2320;2025-08-04;Änderung;10;Bestandskunde;Automobilindustrie;Bearbeitung;2;Stahl;pulverbeschichtet;28;28;15;0,006;4;6;6;1,0;4;0;0;16;2
PA2025-2321;2025-07-30;Standard;11;Bestandskunde;Sonstige;Bearbeitung;3;Stahl;pulverbeschichtet;28;28;15;0,009;4;9;9;1,0;4;0;0;24;3
PA2025-2322;2025-07-30;Änderung;14;Neukunde;Automobilindustrie;Bearbeitung;13;Stahl;pulverbeschichtet;26;26;7;0,026;4;39;39;1,0;4;0;0;91;13
PA2025-2323;2025-07-31;Standard;8;Bestandskunde;Haushaltsgeräte;Bearbeitung;19;Stahl;pulverbeschichtet;26;26;7;0,038;4;57;57;1,0;4;0;0;133;19
PA2025-2324;2025-08-02;Änderung;8;Bestandskunde;Automobilindustrie;Bearbeitung;17;Stahl;pulverbeschichtet;26;26;7;0,034;4;51;51;1,0;4;0;0;119;17
PA2025-2325;2025-07-30;Änderung;15;Bestandskunde;Maschinenbau;Bearbeitung;7;Stahl;pulverbeschichtet;26;26;7;0,014;4;21;21;1,0;4;0;0;49;7
PA2025-2326;2025-07-31;Standard;4;Bestandskunde;Medizintechnik;Bearbeitung;13;Stahl;pulverbeschichtet;28;28;15;0,039;4;39;39;1,0;4;0;0;104;13
PA2025-2327;2025-08-01;Standard;5;Bestandskunde;Logistiktechnik;Bearbeitung;19;Stahl;pulverbeschichtet;26;26;7;0,038;4;57;57;1,0;4;0;0;133;19
PA2025-2328;2025-07-31;Änderung;6;Bestandskunde;Sonstige;Bearbeitung;20;Stahl;pulverbeschichtet;28;28;15;0,06;4;60;60;1,0;4;0;0;160;20
PA2025-2329;2025-07-30;Änderung;12;Neukunde;Haushaltsgeräte;Bearbeitung;5;Stahl;pulverbeschichtet;28;28;15;0,015;4;15;15;1,0;4;0;0;40;5
PA2025-2330;2025-08-04;Standard;9;Bestandskunde;Logistiktechnik;Bearbeitung;8;Stahl;pulverbeschichtet;26;26;7;0,016;4;24;24;1,0;4;0;0;56;8
PA2025-2331;2025-08-04;Standard;13;Bestandskunde;Sonstige;Bearbeitung;4;Stahl;pulverbeschichtet;26;26;7;0,008;4;12;12;1,0;4;0;0;28;4
PA2025-2332;2025-08-04;Änderung;6;Bestandskunde;Maschinenbau;Bearbeitung;4;Stahl;pulverbeschichtet;26;26;7;0,008;4;12;12;1,0;4;0;0;28;4
PA2025-2333;2025-08-02;Standard;6;Bestandskunde;Logistiktechnik;Bearbeitung;4;Stahl;pulverbeschichtet;28;28;15;0,012;4;12;12;1,0;4;0;0;32;4
PA2025-2334;2025-08-02;Standard;12;Bestandskunde;Medizintechnik;Bearbeitung;15;Stahl;pulverbeschichtet;28;28;15;0,045;4;45;45;1,0;4;0;0;120;15
PA2025-2335;2025-07-31;Standard;11;Neukunde;Haushaltsgeräte;Bearbeitung;8;Stahl;pulverbeschichtet;26;26;7;0,016;4;24;24;1,0;4;0;0;56;8
PA2025-2336;2025-08-01;Änderung;12;Bestandskunde;Maschinenbau;Bearbeitung;15;Stahl;pulverbeschichtet;28;28;15;0,045;4;45;45;1,0;4;0;0;120;15
PA2025-2337;2025-08-05;Änderung;4;Bestandskunde;Automobilindustrie;Bearbeitung;7;Stahl;pulverbeschichtet;26;26;7;0,014;4;21;21;1,0;4;0;0;49;7
PA2025-2338;2025-08-01;Standard;5;Bestandskunde;Medizintechnik;Bearbeitung;1;Stahl;pulverbeschichtet;28;28;15;0,003;4;3;3;1,0;4;0;0;8;1
PA2025-2339;2025-07-30;Änderung;13;Bestandskunde;Automobilindustrie;Bearbeitung;15;Stahl;pulverbeschichtet;28;28;15;0,045;4;45;45;1,0;4;0;0;120;15
PA2025-2340;2025-08-05;Standard;14;Bestandskunde;Medizintechnik;Bearbeitung;16;Stahl;pulverbeschichtet;26;26;7;0,032;4;48;48;1,0;4;0;0;112;16
PA2025-2341;2025-07-31;Standard;3;Bestandskunde;Sonstige;Bearbeitung;13;Stahl;pulverbeschichtet;26;26;7;0,026;4;39;39;1,0;4;0;0;91;13
PA2025-2342;2025-07-30;Standard;9;Bestandskunde;Haushaltsgeräte;Bearbeitung;4;Stahl;pulverbeschichtet;26;26;7;0,008;4;12;12;1,0;4;0;0;28;4
PA2025-2343;2025-08-03;Standard;10;Bestandskunde;Automobilindustrie;Bearbeitung;19;Stahl;pulverbeschichtet;28;28;15;0,057;4;57;57;1,0;4;0;0;152;19
PA2025-2344;2025-08-01;Standard;9;Neukunde;Medizintechnik;Bearbeitung;18;Stahl;pulverbeschichtet;26;26;7;0,036;4;54;54;1,0;4;0;0;126;18
PA2025-2345;2025-08-03;Änderung;5;Bestandskunde;Maschinenbau;Bearbeitung;18;Stahl;pulverbeschichtet;26;26;7;0,036;4;54;54;1,0;4;0;0;126;18
PA2025-2346;2025-08-01;Standard;3;Bestandskunde;Automobilindustrie;Bearbeitung;10;Stahl;pulverbeschichtet;28;28;15;0,03;4;30;30;1,0;4;0;0;80;10
PA2025-2347;2025-08-04;Standard;9;Bestandskunde;Automobilindustrie;Bearbeitung;20;Stahl;pulverbeschichtet;28;28;15;0,06;4;60;60;1,0;4;0;0;160;20
PA2025-2348;2025-08-02;Standard;15;Bestandskunde;Automobilindustrie;Bearbeitung;11;Stahl;pulverbeschichtet;28;28;15;0,033;4;33;33;1,0;4;0;0;88;11
PA2025-2349;2025-08-01;Standard;14;Bestandskunde;Automobilindustrie;Bearbeitung;16;Stahl;pulverbeschichtet;26;26;7;0,032;4;48;48;1,0;4;0;0;112;16
PA2025-2350;2025-08-03;Änderung;5;Bestandskunde;Haushaltsgeräte;Bearbeitung;5;Stahl;pulverbeschichtet;26;26;7;0,01;4;15;15;1,0;4;0;0;35;5
PA2025-2351;2025-08-05;Änderung;4;Bestandskunde;Logistiktechnik;Bearbeitung;3;Stahl;pulverbeschichtet;26;26;7;0,006;4;9;9;1,0;4;0;0;21;3
PA2025-2352;2025-08-04;Änderung;7;Bestandskunde;Sonstige;Bearbeitung;12;Stahl;pulverbeschichtet;26;26;7;0,024;4;36;36;1,0;4;0;0;84;12
PA2025-2353;2025-08-01;Änderung;3;Bestandskunde;Sonstige;Bearbeitung;9;Stahl;pulverbeschichtet;26;26;7;0,018;4;27;27;1,0;4;0;0;63;9
PA2025-2354;2025-07-30;Standard;11;Bestandskunde;Automobilindustrie;Bearbeitung;3;Stahl;pulverbeschichtet;28;28;15;0,009;4;9;9;1,0;4;0;0;24;3
PA2025-2355;2025-08-03;Änderung;10;Bestandskunde;Maschinenbau;Bearbeitung;18;Stahl;pulverbeschichtet;28;28;15;0,054;4;54;54;1,0;4;0;0;144;18
PA2025-2356;2025-08-05;Standard;14;Bestandskunde;Sonstige;Bearbeitung;14;Stahl;pulverbeschichtet;26;26;7;0,028;4;42;42;1,0;4;0;0;98;14
PA2025-2357;2025-07-30;Standard;15;Bestandskunde;Medizintechnik;Bearbeitung;9;Stahl;pulverbeschichtet;28;28;15;0,027;4;27;27;1,0;4;0;0;72;9
PA2025-2358;2025-08-04;Standard;12;Neukunde;Sonstige;Bearbeitung;18;Stahl;pulverbeschichtet;26;26;7;0,036;4;54;54;1,0;4;0;0;126;18
PA2025-2359;2025-08-04;Standard;6;Bestandskunde;Maschinenbau;Bearbeitung;9;Stahl;pulverbeschichtet;26;26;7;0,018;4;27;27;1,0;4;0;0;63;9
PA2025-2360;2025-08-05;Änderung;8;Bestandskunde;Automobilindustrie;Bearbeitung;6;Stahl;pulverbeschichtet;26;26;7;0,012;4;18;18;1,0;4;0;0;42;6
PA2025-2361;2025-07-31;Standard;6;Bestandskunde;Sonstige;Bearbeitung;15;Stahl;pulverbeschichtet;26;26;7;0,03;4;45;45;1,0;4;0;0;105;15
PA2025-2362;2025-07-30;Standard;6;Bestandskunde;Automobilindustrie;Bearbeitung;12;Stahl;pulverbeschichtet;26;26;7;0,024;4;36;36;1,0;4;0;0;84;12
PA2025-2363;2025-08-02;Standard;6;Bestandskunde;Automobilindustrie;Bearbeitung;6;Stahl;pulverbeschichtet;28;28;15;0,018;4;18;18;1,0;4;0;0;48;6
PA2025-2364;2025-07-30;Standard;7;Bestandskunde;Sonstige;Bearbeitung;14;Stahl;pulverbeschichtet;28;28;15;0,042;4;42;42;1,0;4;0;0;112;14
PA2025-2365;2025-08-05;Standard;8;Bestandskunde;Maschinenbau;Bearbeitung;4;Stahl;pulverbeschichtet;26;26;7;0,008;4;12;12;1,0;4;0;0;28;4
PA2025-2366;2025-08-04;Änderung;8;Bestandskunde;Automobilindustrie;Bearbeitung;18;Stahl;pulverbeschichtet;28;28;15;0,054;4;54;54;1,0;4;0;0;144;18
PA2025-2367;2025-07-31;Standard;7;Bestandskunde;Maschinenbau;Bearbeitung;20;Stahl;pulverbeschichtet;28;28;15;0,06;4;60;60;1,0;4;0;0;160;20
PA2025-2368;2025-08-01;Standard;9;Bestandskunde;Logistiktechnik;Bearbeitung;1;Stahl;pulverbeschichtet;28;28;15;0,003;4;3;3;1,0;4;0;0;8;1
PA2025-2369;2025-08-01;Standard;11;Bestandskunde;Maschinenbau;Bearbeitung;3;Stahl;pulverbeschichtet;26;26;7;0,006;4;9;9;1,0;4;0;0;21;3
PA2025-2370;2025-07-30;Standard;8;Bestandskunde;Haushaltsgeräte;Bearbeitung;4;Stahl;pulverbeschichtet;26;26;7;0,008;4;12;12;1,0;4;0;0;28;4
PA2025-2371;2025-08-04;Standard;7;Bestandskunde;Automobilindustrie;Bearbeitung;8;Stahl;pulverbeschichtet;28;28;15;0,024;4;24;24;1,0;4;0;0;64;8
PA2025-2372;2025-07-30;Standard;15;Bestandskunde;Maschinenbau;Bearbeitung;3;Stahl;pulverbeschichtet;26;26;7;0,006;4;9;9;1,0;4;0;0;21;3
PA2025-2373;2025-08-01;Standard;15;Bestandskunde;Logistiktechnik;Bearbeitung;11;Stahl;pulverbeschichtet;26;26;7;0,022;4;33;33;1,0;4;0;0;77;11
PA2025-2374;2025-07-30;Standard;12;Neukunde;Haushaltsgeräte;Bearbeitung;5;Stahl;pulverbeschichtet;26;26;7;0,01;4;15;15;1,0;4;0;0;35;5
PA2025-2375;2025-08-03;Standard;7;Bestandskunde;Maschinenbau;Bearbeitung;18;Stahl;pulverbeschichtet;26;26;7;0,036;4;54;54;1,0;4;0;0;126;18
PA2025-2376;2025-08-02;Standard;7;Neukunde;Automobilindustrie;Bearbeitung;11;Stahl;pulverbeschichtet;26;26;7;0,022;4;33;33;1,0;4;0;0;77;11
PA2025-2377;2025-08-05;Standard;3;Bestandskunde;Automobilindustrie;Bearbeitung;1;Stahl;pulverbeschichtet;26;26;7;0,002;4;3;3;1,0;4;0;0;7;1
PA2025-2378;2025-08-01;Änderung;6;Bestandskunde;Maschinenbau;Bearbeitung;19;Stahl;pulverbeschichtet;26;26;7;0,038;4;57;57;1,0;4;0;0;133;19
PA2025-2379;2025-08-04;Änderung;9;Neukunde;Maschinenbau;Bearbeitung;15;Stahl;pulverbeschichtet;26;26;7;0,03;4;45;45;1,0;4;0;0;105;15
PA2025-2380;2025-08-05;Standard;3;Neukunde;Automobilindustrie;Bearbeitung;11;Stahl;pulverbeschichtet;28;28;15;0,033;4;33;33;1,0;4;0;0;88;11
PA2025-2381;2025-07-30;Änderung;15;Neukunde;Automobilindustrie;Bearbeitung;9;Stahl;pulverbeschichtet;28;28;15;0,027;4;27;27;1,0;4;0;0;72;9
PA2025-2382;2025-08-03;Änderung;7;Bestandskunde;Automobilindustrie;Bearbeitung;16;Stahl;pulverbeschichtet;26;26;7;0,032;4;48;48;1,0;4;0;0;112;16
PA2025-2383;2025-08-03;Standard;5;Bestandskunde;Maschinenbau;Bearbeitung;10;Stahl;pulverbeschichtet;28;28;15;0,03;4;30;30;1,0;4;0;0;80;10
PA2025-2384;2025-08-02;Änderung;15;Bestandskunde;Maschinenbau;Bearbeitung;1;Stahl;pulverbeschichtet;26;26;7;0,002;4;3;3;1,0;4;0;0;7;1
PA2025-2385;2025-07-30;Standard;9;Bestandskunde;Haushaltsgeräte;Bearbeitung;11;Stahl;pulverbeschichtet;26;26;7;0,022;4;33;33;1,0;4;0;0;77;11
PA2025-2386;2025-08-04;Standard;15;Bestandskunde;Logistiktechnik;Bearbeitung;13;Stahl;pulverbeschichtet;26;26;7;0,026;4;39;39;1,0;4;0;0;91;13
PA2025-2387;2025-08-02;Standard;6;Bestandskunde;Logistiktechnik;Bearbeitung;11;Stahl;pulverbeschichtet;26;26;7;0,022;4;33;33;1,0;4;0;0;77;11
PA2025-2388;2025-07-30;Standard;12;Bestandskunde;Haushaltsgeräte;Bearbeitung;19;Stahl;pulverbeschichtet;28;28;15;0,057;4;57;57;1,0;4;0;0;152;19
PA2025-2389;2025-07-30;Standard;4;Bestandskunde;Haushaltsgeräte;Bearbeitung;7;Stahl;pulverbeschichtet;28;28;15;0,021;4;21;21;1,0;4;0;0;56;7
PA2025-2390;2025-08-03;Standard;15;Bestandskunde;Maschinenbau;Bearbeitung;1;Stahl;pulverbeschichtet;26;26;7;0,002;4;3;3;1,0;4;0;0;7;1
PA2025-2391;2025-07-30;Standard;4;Bestandskunde;Automobilindustrie;Bearbeitung;4;Stahl;pulverbeschichtet;26;26;7;0,008;4;12;12;1,0;4;0;0;28;4
PA2025-2392;2025-08-05;Standard;15;Bestandskunde;Sonstige;Bearbeitung;17;Stahl;pulverbeschichtet;28;28;15;0,051;4;51;51;1,0;4;0;0;136;17
PA2025-2393;2025-08-04;Standard;9;Bestandskunde;Maschinenbau;Bearbeitung;18;Stahl;pulverbeschichtet;26;26;7;0,036;4;54;54;1,0;4;0;0;126;18
PA2025-2394;2025-07-31;Änderung;15;Neukunde;Haushaltsgeräte;Bearbeitung;7;Stahl;pulverbeschichtet;28;28;15;0,021;4;21;21;1,0;4;0;0;56;7
PA2025-2395;2025-08-01;Änderung;8;Bestandskunde;Maschinenbau;Bearbeitung;13;Stahl;pulverbeschichtet;26;26;7;0,026;4;39;39;1,0;4;0;0;91;13
PA2025-2396;2025-07-31;Änderung;15;Bestandskunde;Maschinenbau;Bearbeitung;10;Stahl;pulverbeschichtet;28;28;15;0,03;4;30;30;1,0;4;0;0;80;10
PA2025-2397;2025-07-31;Änderung;3;Bestandskunde;Haushaltsgeräte;Bearbeitung;5;Stahl;pulverbeschichtet;28;28;15;0,015;4;15;15;1,0;4;0;0;40;5
PA2025-2398;2025-08-04;Standard;15;Bestandskunde;Haushaltsgeräte;Bearbeitung;9;Stahl;pulverbeschichtet;28;28;15;0,027;4;27;27;1,0;4;0;0;72;9
PA2025-2399;2025-08-05;Standard;4;Bestandskunde;Maschinenbau;Bearbeitung;13;Stahl;pulverbeschichtet;26;26;7;0,026;4;39;39;1,0;4;0;0;91;13
PA2025-2400;2025-08-05;Änderung;12;Bestandskunde;Medizintechnik;Bearbeitung;2;Stahl;pulverbeschichtet;26;26;7;0,004;4;6;6;1,0;4;0;0;14;2
PA2025-2401;2025-08-12;Standard;8;Bestandskunde;Logistiktechnik;Bearbeitung;18;Stahl;pulverbeschichtet;26;26;7;0,036;4;54;54;1,0;4;0;0;126;18
PA2025-2402;2025-08-07;Standard;3;Bestandskunde;Automobilindustrie;Bearbeitung;10;Stahl;pulverbeschichtet;26;26;7;0,02;4;30;30;1,0;4;0;0;70;10
PA2025-2403;2025-08-12;Änderung;10;Neukunde;Sonstige;Bearbeitung;17;Stahl;pulverbeschichtet;28;28;15;0,051;4;51;51;1,0;4;0;0;136;17
PA2025-2404;2025-08-11;Änderung;6;Bestandskunde;Sonstige;Bearbeitung;17;Stahl;pulverbeschichtet;26;26;7;0,034;4;51;51;1,0;4;0;0;119;17
PA2025-2405;2025-08-08;Standard;5;Bestandskunde;Maschinenbau;Bearbeitung;2;Stahl;pulverbeschichtet;26;26;7;0,004;4;6;6;1,0;4;0;0;14;2
PA2025-2406;2025-08-08;Änderung;4;Bestandskunde;Automobilindustrie;Bearbeitung;7;Stahl;pulverbeschichtet;28;28;15;0,021;4;21;21;1,0;4;0;0;56;7
PA2025-2407;2025-08-12;Änderung;12;Bestandskunde;Sonstige;Bearbeitung;19;Stahl;pulverbeschichtet;26;26;7;0,038;4;57;57;1,0;4;0;0;133;19
PA2025-2408;2025-08-06;Standard;12;Bestandskunde;Haushaltsgeräte;Bearbeitung;4;Stahl;pulverbeschichtet;28;28;15;0,012;4;12;12;1,0;4;0;0;32;4
PA2025-2409;2025-08-11;Änderung;14;Bestandskunde;Automobilindustrie;Bearbeitung;4;Stahl;pulverbeschichtet;26;26;7;0,008;4;12;12;1,0;4;0;0;28;4
PA2025-2410;2025-08-07;Änderung;5;Bestandskunde;Maschinenbau;Bearbeitung;7;Stahl;pulverbeschichtet;26;26;7;0,014;4;21;21;1,0;4;0;0;49;7
PA2025-2411;2025-08-11;Standard;11;Bestandskunde;Haushaltsgeräte;Bearbeitung;14;Stahl;pulverbeschichtet;26;26;7;0,028;4;42;42;1,0;4;0;0;98;14
PA2025-2412;2025-08-06;Änderung;15;Bestandskunde;Logistiktechnik;Bearbeitung;13;Stahl;pulverbeschichtet;26;26;7;0,026;4;39;39;1,0;4;0;0;91;13
PA2025-2413;2025-08-10;Standard;14;Bestandskunde;Automobilindustrie;Bearbeitung;17;Stahl;pulverbeschichtet;26;26;7;0,034;4;51;51;1,0;4;0;0;119;17
PA2025-2414;2025-08-07;Standard;7;Bestandskunde;Sonstige;Bearbeitung;1;Stahl;pulverbeschichtet;26;26;7;0,002;4;3;3;1,0;4;0;0;7;1
PA2025-2415;2025-08-12;Standard;13;Bestandskunde;Medizintechnik;Bearbeitung;20;Stahl;pulverbeschichtet;26;26;7;0,04;4;60;60;1,0;4;0;0;140;20
PA2025-2416;2025-08-11;Standard;13;Bestandskunde;Haushaltsgeräte;Bearbeitung;16;Stahl;pulverbeschichtet;26;26;7;0,032;4;48;48;1,0;4;0;0;112;16
PA2025-2417;2025-08-08;Standard;5;Bestandskunde;Logistiktechnik;Bearbeitung;1;Stahl;pulverbeschichtet;28;28;15;0,003;4;3;3;1,0;4;0;0;8;1
PA2025-2418;2025-08-08;Änderung;10;Bestandskunde;Automobilindustrie;Bearbeitung;10;Stahl;pulverbeschichtet;26;26;7;0,02;4;30;30;1,0;4;0;0;70;10
PA2025-2419;2025-08-12;Änderung;15;Bestandskunde;Automobilindustrie;Bearbeitung;4;Stahl;pulverbeschichtet;26;26;7;0,008;4;12;12;1,0;4;0;0;28;4
PA2025-2420;2025-08-07;Änderung;11;Bestandskunde;Maschinenbau;Bearbeitung;1;Stahl;pulverbeschichtet;28;28;15;0,003;4;3;3;1,0;4;0;0;8;1
PA2025-2421;2025-08-07;Standard;6;Bestandskunde;Logistiktechnik;Bearbeitung;7;Stahl;pulverbeschichtet;26;26;7;0,014;4;21;21;1,0;4;0;0;49;7
PA2025-2422;2025-08-07;Standard;13;Bestandskunde;Logistiktechnik;Bearbeitung;3;Stahl;pulverbeschichtet;26;26;7;0,006;4;9;9;1,0;4;0;0;21;3
PA2025-2423;2025-08-06;Standard;10;Bestandskunde;Maschinenbau;Bearbeitung;2;Stahl;pulverbeschichtet;26;26;7;0,004;4;6;6;1,0;4;0;0;14;2
PA2025-2424;2025-08-06;Standard;11;Neukunde;Sonstige;Bearbeitung;14;Stahl;pulverbeschichtet;28;28;15;0,042;4;42;42;1,0;4;0;0;112;14
PA2025-2425;2025-08-06;Änderung;15;Bestandskunde;Sonstige;Bearbeitung;5;Stahl;pulverbeschichtet;28;28;15;0,015;4;15;15;1,0;4;0;0;40;5
PA2025-2426;2025-08-06;Standard;7;Bestandskunde;Maschinenbau;Bearbeitung;7;Stahl;pulverbeschichtet;28;28;15;0,021;4;21;21;1,0;4;0;0;56;7
PA2025-2427;2025-08-09;Standard;5;Bestandskunde;Haushaltsgeräte;Bearbeitung;13;Stahl;pulverbeschichtet;28;28;15;0,039;4;39;39;1,0;4;0;0;104;13
PA2025-2428;2025-08-06;Änderung;11;Bestandskunde;Automobilindustrie;Bearbeitung;6;Stahl;pulverbeschichtet;26;26;7;0,012;4;18;18;1,0;4;0;0;42;6
PA2025-2429;2025-08-08;Standard;10;Bestandskunde;Medizintechnik;Bearbeitung;18;Stahl;pulverbeschichtet;26;26;7;0,036;4;54;54;1,0;4;0;0;126;18
PA2025-2430;2025-08-10;Standard;6;Bestandskunde;Automobilindustrie;Bearbeitung;14;Stahl;pulverbeschichtet;26;26;7;0,028;4;42;42;1,0;4;0;0;98;14
PA2025-2431;2025-08-10;Änderung;10;Bestandskunde;Automobilindustrie;Bearbeitung;4;Stahl;pulverbeschichtet;26;26;7;0,008;4;12;12;1,0;4;0;0;28;4
PA2025-2432;2025-08-10;Änderung;5;Bestandskunde;Automobilindustrie;Bearbeitung;7;Stahl;pulverbeschichtet;26;26;7;0,014;4;21;21;1,0;4;0;0;49;7
PA2025-2433;2025-08-07;Standard;14;Bestandskunde;Haushaltsgeräte;Bearbeitung;17;Stahl;pulverbeschichtet;28;28;15;0,051;4;51;51;1,0;4;0;0;136;17
PA2025-2434;2025-08-06;Standard;7;Bestandskunde;Automobilindustrie;Bearbeitung;4;Stahl;pulverbeschichtet;26;26;7;0,008;4;12;12;1,0;4;0;0;28;4
PA2025-2435;2025-08-11;Änderung;12;Bestandskunde;Sonstige;Bearbeitung;20;Stahl;pulverbeschichtet;26;26;7;0,04;4;60;60;1,0;4;0;0;140;20
PA2025-2436;2025-08-10;Änderung;5;Bestandskunde;Logistiktechnik;Bearbeitung;6;Stahl;pulverbeschichtet;26;26;7;0,012;4;18;18;1,0;4;0;0;42;6
PA2025-2437;2025-08-08;Standard;6;Bestandskunde;Haushaltsgeräte;Bearbeitung;19;Stahl;pulverbeschichtet;26;26;7;0,038;4;57;57;1,0;4;0;0;133;19
PA2025-2438;2025-08-10;Standard;13;Bestandskunde;Automobilindustrie;Bearbeitung;18;Stahl;pulverbeschichtet;28;28;15;0,054;4;54;54;1,0;4;0;0;144;18
PA2025-2439;2025-08-10;Standard;10;Bestandskunde;Sonstige;Bearbeitung;19;Stahl;pulverbeschichtet;28;28;15;0,057;4;57;57;1,0;4;0;0;152;19
PA2025-2440;2025-08-10;Änderung;10;Bestandskunde;Automobilindustrie;Bearbeitung;10;Stahl;pulverbeschichtet;28;28;15;0,03;4;30;30;1,0;4;0;0;80;10
PA2025-2441;2025-08-10;Änderung;9;Bestandskunde;Maschinenbau;Bearbeitung;4;Stahl;pulverbeschichtet;26;26;7;0,008;4;12;12;1,0;4;0;0;28;4
PA2025-2442;2025-08-08;Standard;5;Bestandskunde;Medizintechnik;Bearbeitung;19;Stahl;pulverbeschichtet;26;26;7;0,038;4;57;57;1,0;4;0;0;133;19
PA2025-2443;2025-08-10;Standard;5;Bestandskunde;Sonstige;Bearbeitung;13;Stahl;pulverbeschichtet;26;26;7;0,026;4;39;39;1,0;4;0;0;91;13
PA2025-2444;2025-08-12;Standard;13;Bestandskunde;Haushaltsgeräte;Bearbeitung;15;Stahl;pulverbeschichtet;26;26;7;0,03;4;45;45;1,0;4;0;0;105;15
PA2025-2445;2025-08-08;Änderung;8;Bestandskunde;Automobilindustrie;Bearbeitung;20;Stahl;pulverbeschichtet;26;26;7;0,04;4;60;60;1,0;4;0;0;140;20
PA2025-2446;2025-08-07;Änderung;15;Bestandskunde;Haushaltsgeräte;Bearbeitung;1;Stahl;pulverbeschichtet;28;28;15;0,003;4;3;3;1,0;4;0;0;8;1
PA2025-2447;2025-08-08;Änderung;12;Bestandskunde;Automobilindustrie;Bearbeitung;5;Stahl;pulverbeschichtet;28;28;15;0,015;4;15;15;1,0;4;0;0;40;5
PA2025-2448;2025-08-06;Änderung;7;Bestandskunde;Logistiktechnik;Bearbeitung;18;Stahl;pulverbeschichtet;28;28;15;0,054;4;54;54;1,0;4;0;0;144;18
PA2025-2449;2025-08-11;Änderung;9;Bestandskunde;Medizintechnik;Bearbeitung;19;Stahl;pulverbeschichtet;26;26;7;0,038;4;57;57;1,0;4;0;0;133;19
PA2025-2450;2025-08-09;Änderung;5;Bestandskunde;Haushaltsgeräte;Bearbeitung;18;Stahl;pulverbeschichtet;28;28;15;0,054;4;54;54;1,0;4;0;0;144;18
PA2025-2451;2025-08-06;Änderung;7;Neukunde;Sonstige;Bearbeitung;11;Stahl;pulverbeschichtet;28;28;15;0,033;4;33;33;1,0;4;0;0;88;11
PA2025-2452;2025-08-08;Änderung;7;Bestandskunde;Logistiktechnik;Bearbeitung;5;Stahl;pulverbeschichtet;28;28;15;0,015;4;15;15;1,0;4;0;0;40;5
PA2025-2453;2025-08-12;Standard;15;Bestandskunde;Logistiktechnik;Bearbeitung;1;Stahl;pulverbeschichtet;26;26;7;0,002;4;3;3;1,0;4;0;0;7;1
PA2025-2454;2025-08-12;Standard;8;Bestandskunde;Logistiktechnik;Bearbeitung;17;Stahl;pulverbeschichtet;26;26;7;0,034;4;51;51;1,0;4;0;0;119;17
PA2025-2455;2025-08-09;Standard;12;Bestandskunde;Medizintechnik;Bearbeitung;13;Stahl;pulverbeschichtet;28;28;15;0,039;4;39;39;1,0;4;0;0;104;13
PA2025-2456;2025-08-06;Änderung;7;Bestandskunde;Automobilindustrie;Bearbeitung;1;Stahl;pulverbeschichtet;26;26;7;0,002;4;3;3;1,0;4;0;0;7;1
PA2025-2457;2025-08-09;Änderung;15;Bestandskunde;Automobilindustrie;Bearbeitung;3;Stahl;pulverbeschichtet;26;26;7;0,006;4;9;9;1,0;4;0;0;21;3
PA2025-2458;2025-08-10;Standard;5;Bestandskunde;Automobilindustrie;Bearbeitung;15;Stahl;pulverbeschichtet;28;28;15;0,045;4;45;45;1,0;4;0;0;120;15
PA2025-2459;2025-08-12;Standard;15;Bestandskunde;Maschinenbau;Bearbeitung;15;Stahl;pulverbeschichtet;28;28;15;0,045;4;45;45;1,0;4;0;0;120;15
PA2025-2460;2025-08-07;Standard;4;Bestandskunde;Logistiktechnik;Bearbeitung;9;Stahl;pulverbeschichtet;28;28;15;0,027;4;27;27;1,0;4;0;0;72;9
PA2025-2461;2025-08-09;Änderung;14;Bestandskunde;Sonstige;Bearbeitung;6;Stahl;pulverbeschichtet;28;28;15;0,018;4;18;18;1,0;4;0;0;48;6
PA2025-2462;2025-08-07;Änderung;11;Bestandskunde;Maschinenbau;Bearbeitung;5;Stahl;pulverbeschichtet;26;26;7;0,01;4;15;15;1,0;4;0;0;35;5
PA2025-2463;2025-08-06;Änderung;5;Bestandskunde;Logistiktechnik;Bearbeitung;16;Stahl;pulverbeschichtet;26;26;7;0,032;4;48;48;1,0;4;0;0;112;16
PA2025-2464;2025-08-07;Standard;5;Bestandskunde;Maschinenbau;Bearbeitung;13;Stahl;pulverbeschichtet;28;28;15;0,039;4;39;39;1,0;4;0;0;104;13
PA2025-2465;2025-08-07;Standard;7;Bestandskunde;Sonstige;Bearbeitung;5;Stahl;pulverbeschichtet;28;28;15;0,015;4;15;15;1,0;4;0;0;40;5
PA2025-2466;2025-08-11;Änderung;8;Bestandskunde;Medizintechnik;Bearbeitung;13;Stahl;pulverbeschichtet;28;28;15;0,039;4;39;39;1,0;4;0;0;104;13
PA2025-2467;2025-08-10;Standard;5;Bestandskunde;Logistiktechnik;Bearbeitung;6;Stahl;pulverbeschichtet;26;26;7;0,012;4;18;18;1,0;4;0;0;42;6
PA2025-2468;2025-08-10;Standard;8;Bestandskunde;Sonstige;Bearbeitung;14;Stahl;pulverbeschichtet;26;26;7;0,028;4;42;42;1,0;4;0;0;98;14
PA2025-2469;2025-08-07;Standard;13;Bestandskunde;Haushaltsgeräte;Bearbeitung;12;Stahl;pulverbeschichtet;26;26;7;0,024;4;36;36;1,0;4;0;0;84;12
PA2025-2470;2025-08-07;Standard;7;Neukunde;Haushaltsgeräte;Bearbeitung;18;Stahl;pulverbeschichtet;28;28;15;0,054;4;54;54;1,0;4;0;0;144;18
PA2025-2471;2025-08-08;Änderung;4;Bestandskunde;Maschinenbau;Bearbeitung;19;Stahl;pulverbeschichtet;28;28;15;0,057;4;57;57;1,0;4;0;0;152;19
PA2025-2472;2025-08-07;Änderung;11;Bestandskunde;Maschinenbau;Bearbeitung;4;Stahl;pulverbeschichtet;28;28;15;0,012;4;12;12;1,0;4;0;0;32;4
PA2025-2473;2025-08-08;Standard;4;Bestandskunde;Maschinenbau;Bearbeitung;9;Stahl;pulverbeschichtet;28;28;15;0,027;4;27;27;1,0;4;0;0;72;9
PA2025-2474;2025-08-09;Standard;5;Bestandskunde;Haushaltsgeräte;Bearbeitung;16;Stahl;pulverbeschichtet;26;26;7;0,032;4;48;48;1,0;4;0;0;112;16
PA2025-2475;2025-08-06;Änderung;3;Bestandskunde;Logistiktechnik;Bearbeitung;16;Stahl;pulverbeschichtet;26;26;7;0,032;4;48;48;1,0;4;0;0;112;16
PA2025-2476;2025-08-11;Standard;9;Bestandskunde;Logistiktechnik;Bearbeitung;14;Stahl;pulverbeschichtet;26;26;7;0,028;4;42;42;1,0;4;0;0;98;14
PA2025-2477;2025-08-11;Standard;14;Bestandskunde;Maschinenbau;Bearbeitung;15;Stahl;pulverbeschichtet;26;26;7;0,03;4;45;45;1,0;4;0;0;105;15
PA2025-2478;2025-08-12;Standard;8;Bestandskunde;Automobilindustrie;Bearbeitung;4;Stahl;pulverbeschichtet;26;26;7;0,008;4;12;12;1,0;4;0;0;28;4
PA2025-2479;2025-08-09;Änderung;4;Bestandskunde;Logistiktechnik;Bearbeitung;15;Stahl;pulverbeschichtet;26;26;7;0,03;4;45;45;1,0;4;0;0;105;15
PA2025-2480;2025-08-12;Änderung;13;Bestandskunde;Logistiktechnik;Bearbeitung;4;Stahl;pulverbeschichtet;26;26;7;0,008;4;12;12;1,0;4;0;0;28;4
PA2025-2481;2025-08-11;Änderung;4;Bestandskunde;Automobilindustrie;Bearbeitung;8;Stahl;pulverbeschichtet;28;28;15;0,024;4;24;24;1,0;4;0;0;64;8
PA2025-2482;2025-08-12;Standard;7;Bestandskunde;Automobilindustrie;Bearbeitung;1;Stahl;pulverbeschichtet;28;28;15;0,003;4;3;3;1,0;4;0;0;8;1
PA2025-2483;2025-08-07;Standard;5;Bestandskunde;Haushaltsgeräte;Bearbeitung;8;Stahl;pulverbeschichtet;28;28;15;0,024;4;24;24;1,0;4;0;0;64;8
PA2025-2484;2025-08-11;Standard;8;Bestandskunde;Automobilindustrie;Bearbeitung;12;Stahl;pulverbeschichtet;28;28;15;0,036;4;36;36;1,0;4;0;0;96;12
PA2025-2485;2025-08-10;Änderung;15;Neukunde;Sonstige;Bearbeitung;13;Stahl;pulverbeschichtet;26;26;7;0,026;4;39;39;1,0;4;0;0;91;13
PA2025-2486;2025-08-10;Änderung;8;Bestandskunde;Medizintechnik;Bearbeitung;11;Stahl;pulverbeschichtet;26;26;7;0,022;4;33;33;1,0;4;0;0;77;11
PA2025-2487;2025-08-12;Standard;4;Bestandskunde;Maschinenbau;Bearbeitung;9;Stahl;pulverbeschichtet;28;28;15;0,027;4;27;27;1,0;4;0;0;72;9
PA2025-2488;2025-08-10;Standard;10;Neukunde;Sonstige;Bearbeitung;6;Stahl;pulverbeschichtet;26;26;7;0,012;4;18;18;1,0;4;0;0;42;6
PA2025-2489;2025-08-12;Standard;11;Neukunde;Automobilindustrie;Bearbeitung;8;Stahl;pulverbeschichtet;26;26;7;0,016;4;24;24;1,0;4;0;0;56;8
PA2025-2490;2025-08-10;Standard;10;Bestandskunde;Automobilindustrie;Bearbeitung;5;Stahl;pulverbeschichtet;28;28;15;0,015;4;15;15;1,0;4;0;0;40;5
PA2025-2491;2025-08-15;Änderung;15;Bestandskunde;Maschinenbau;Bearbeitung;3;Stahl;pulverbeschichtet;28;28;15;0,009;4;9;9;1,0;4;0;0;24;3
PA2025-2492;2025-08-16;Änderung;15;Neukunde;Maschinenbau;Bearbeitung;2;Stahl;pulverbeschichtet;28;28;15;0,006;4;6;6;1,0;4;0;0;16;2
PA2025-2493;2025-08-15;Standard;6;Bestandskunde;Maschinenbau;Bearbeitung;15;Stahl;pulverbeschichtet;28;28;15;0,045;4;45;45;1,0;4;0;0;120;15
PA2025-2494;2025-08-14;Änderung;6;Bestandskunde;Automobilindustrie;Bearbeitung;9;Stahl;pulverbeschichtet;28;28;15;0,027;4;27;27;1,0;4;0;0;72;9
PA2025-2495;2025-08-17;Änderung;5;Bestandskunde;Sonstige;Bearbeitung;15;Stahl;pulverbeschichtet;28;28;15;0,045;4;45;45;1,0;4;0;0;120;15
PA2025-2496;2025-08-17;Standard;15;Bestandskunde;Medizintechnik;Bearbeitung;20;Stahl;pulverbeschichtet;28;28;15;0,06;4;60;60;1,0;4;0;0;160;20
PA2025-2497;2025-08-16;Standard;6;Bestandskunde;Automobilindustrie;Bearbeitung;17;Stahl;pulverbeschichtet;28;28;15;0,051;4;51;51;1,0;4;0;0;136;17
PA2025-2498;2025-08-18;Änderung;4;Bestandskunde;Automobilindustrie;Bearbeitung;17;Stahl;pulverbeschichtet;26;26;7;0,034;4;51;51;1,0;4;0;0;119;17
PA2025-2499;2025-08-18;Standard;8;Bestandskunde;Logistiktechnik;Bearbeitung;12;Stahl;pulverbeschichtet;26;26;7;0,024;4;36;36;1,0;4;0;0;84;12
PA2025-2500;2025-08-13;Standard;12;Bestandskunde;Automobilindustrie;Bearbeitung;20;Stahl;pulverbeschichtet;26;26;7;0,04;4;60;60;1,0;4;0;0;140;20
PA2025-2501;2025-08-16;Standard;5;Bestandskunde;Sonstige;Bearbeitung;9;Stahl;pulverbeschichtet;28;28;15;0,027;4;27;27;1,0;4;0;0;72;9
PA2025-2502;2025-08-19;Standard;12;Bestandskunde;Maschinenbau;Bearbeitung;17;Stahl;pulverbeschichtet;26;26;7;0,034;4;51;51;1,0;4;0;0;119;17
PA2025-2503;2025-08-17;Standard;13;Bestandskunde;Sonstige;Bearbeitung;20;Stahl;pulverbeschichtet;28;28;15;0,06;4;60;60;1,0;4;0;0;160;20
PA2025-2504;2025-08-18;Änderung;9;Bestandskunde;Maschinenbau;Bearbeitung;18;Stahl;pulverbeschichtet;28;28;15;0,054;4;54;54;1,0;4;0;0;144;18
PA2025-2505;2025-08-19;Standard;8;Bestandskunde;Automobilindustrie;Bearbeitung;19;Stahl;pulverbeschichtet;28;28;15;0,057;4;57;57;1,0;4;0;0;152;19
PA2025-2506;2025-08-16;Standard;7;Bestandskunde;Maschinenbau;Bearbeitung;11;Stahl;pulverbeschichtet;26;26;7;0,022;4;33;33;1,0;4;0;0;77;11
PA2025-2507;2025-08-18;Standard;14;Bestandskunde;Automobilindustrie;Bearbeitung;13;Stahl;pulverbeschichtet;26;26;7;0,026;4;39;39;1,0;4;0;0;91;13
PA2025-2508;2025-08-16;Standard;9;Bestandskunde;Logistiktechnik;Bearbeitung;17;Stahl;pulverbeschichtet;26;26;7;0,034;4;51;51;1,0;4;0;0;119;17
PA2025-2509;2025-08-14;Standard;15;Bestandskunde;Sonstige;Bearbeitung;12;Stahl;pulverbeschichtet;28;28;15;0,036;4;36;36;1,0;4;0;0;96;12
PA2025-2510;2025-08-18;Änderung;14;Bestandskunde;Automobilindustrie;Bearbeitung;18;Stahl;pulverbeschichtet;28;28;15;0,054;4;54;54;1,0;4;0;0;144;18
PA2025-2511;2025-08-17;Standard;11;Neukunde;Automobilindustrie;Bearbeitung;10;Stahl;pulverbeschichtet;28;28;15;0,03;4;30;30;1,0;4;0;0;80;10
PA2025-2512;2025-08-13;Standard;7;Bestandskunde;Maschinenbau;Bearbeitung;17;Stahl;pulverbeschichtet;28;28;15;0,051;4;51;51;1,0;4;0;0;136;17
PA2025-2513;2025-08-16;Änderung;15;Bestandskunde;Maschinenbau;Bearbeitung;11;Stahl;pulverbeschichtet;26;26;7;0,022;4;33;33;1,0;4;0;0;77;11
PA2025-2514;2025-08-19;Änderung;4;Bestandskunde;Automobilindustrie;Bearbeitung;13;Stahl;pulverbeschichtet;26;26;7;0,026;4;39;39;1,0;4;0;0;91;13
PA2025-2515;2025-08-15;Standard;10;Bestandskunde;Maschinenbau;Bearbeitung;11;Stahl;pulverbeschichtet;28;28;15;0,033;4;33;33;1,0;4;0;0;88;11
PA2025-2516;2025-08-14;Änderung;6;Bestandskunde;Haushaltsgeräte;Bearbeitung;14;Stahl;pulverbeschichtet;26;26;7;0,028;4;42;42;1,0;4;0;0;98;14
PA2025-2517;2025-08-19;Standard;15;Bestandskunde;Logistiktechnik;Bearbeitung;15;Stahl;pulverbeschichtet;28;28;15;0,045;4;45;45;1,0;4;0;0;120;15
PA2025-2518;2025-08-13;Standard;9;Bestandskunde;Sonstige;Bearbeitung;4;Stahl;pulverbeschichtet;28;28;15;0,012;4;12;12;1,0;4;0;0;32;4
PA2025-2519;2025-08-13;Standard;12;Bestandskunde;Maschinenbau;Bearbeitung;17;Stahl;pulverbeschichtet;28;28;15;0,051;4;51;51;1,0;4;0;0;136;17
PA2025-2520;2025-08-17;Standard;5;Bestandskunde;Automobilindustrie;Bearbeitung;16;Stahl;pulverbeschichtet;26;26;7;0,032;4;48;48;1,0;4;0;0;112;16
PA2025-2521;2025-08-15;Standard;5;Bestandskunde;Maschinenbau;Bearbeitung;18;Stahl;pulverbeschichtet;26;26;7;0,036;4;54;54;1,0;4;0;0;126;18
PA2025-2522;2025-08-14;Standard;6;Bestandskunde;Automobilindustrie;Bearbeitung;14;Stahl;pulverbeschichtet;28;28;15;0,042;4;42;42;1,0;4;0;0;112;14
PA2025-2523;2025-08-15;Standard;15;Bestandskunde;Maschinenbau;Bearbeitung;18;Stahl;pulverbeschichtet;28;28;15;0,054;4;54;54;1,0;4;0;0;144;18
PA2025-2524;2025-08-15;Standard;6;Neukunde;Automobilindustrie;Bearbeitung;17;Stahl;pulverbeschichtet;28;28;15;0,051;4;51;51;1,0;4;0;0;136;17
PA2025-2525;2025-08-18;Standard;9;Bestandskunde;Automobilindustrie;Bearbeitung;19;Stahl;pulverbeschichtet;28;28;15;0,057;4;57;57;1,0;4;0;0;152;19
PA2025-2526;2025-08-19;Änderung;11;Bestandskunde;Sonstige;Bearbeitung;10;Stahl;pulverbeschichtet;28;28;15;0,03;4;30;30;1,0;4;0;0;80;10
PA2025-2527;2025-08-15;Standard;5;Bestandskunde;Haushaltsgeräte;Bearbeitung;14;Stahl;pulverbeschichtet;26;26;7;0,028;4;42;42;1,0;4;0;0;98;14
PA2025-2528;2025-08-14;Änderung;3;Bestandskunde;Medizintechnik;Bearbeitung;10;Stahl;pulverbeschichtet;28;28;15;0,03;4;30;30;1,0;4;0;0;80;10
PA2025-2529;2025-08-14;Standard;8;Bestandskunde;Automobilindustrie;Bearbeitung;4;Stahl;pulverbeschichtet;28;28;15;0,012;4;12;12;1,0;4;0;0;32;4
PA2025-2530;2025-08-13;Standard;7;Bestandskunde;Medizintechnik;Bearbeitung;2;Stahl;pulverbeschichtet;28;28;15;0,006;4;6;6;1,0;4;0;0;16;2
PA2025-2531;2025-08-17;Standard;8;Bestandskunde;Automobilindustrie;Bearbeitung;10;Stahl;pulverbeschichtet;26;26;7;0,02;4;30;30;1,0;4;0;0;70;10
PA2025-2532;2025-08-17;Änderung;15;Bestandskunde;Medizintechnik;Bearbeitung;8;Stahl;pulverbeschichtet;28;28;15;0,024;4;24;24;1,0;4;0;0;64;8
PA2025-2533;2025-08-18;Standard;14;Bestandskunde;Medizintechnik;Bearbeitung;14;Stahl;pulverbeschichtet;28;28;15;0,042;4;42;42;1,0;4;0;0;112;14
PA2025-2534;2025-08-14;Änderung;11;Bestandskunde;Maschinenbau;Bearbeitung;6;Stahl;pulverbeschichtet;26;26;7;0,012;4;18;18;1,0;4;0;0;42;6
PA2025-2535;2025-08-14;Änderung;5;Bestandskunde;Maschinenbau;Bearbeitung;6;Stahl;pulverbeschichtet;28;28;15;0,018;4;18;18;1,0;4;0;0;48;6
PA2025-2536;2025-08-14;Änderung;5;Bestandskunde;Logistiktechnik;Bearbeitung;1;Stahl;pulverbeschichtet;26;26;7;0,002;4;3;3;1,0;4;0;0;7;1
PA2025-2537;2025-08-13;Standard;4;Bestandskunde;Sonstige;Bearbeitung;3;Stahl;pulverbeschichtet;28;28;15;0,009;4;9;9;1,0;4;0;0;24;3
PA2025-2538;2025-08-15;Änderung;14;Bestandskunde;Automobilindustrie;Bearbeitung;15;Stahl;pulverbeschichtet;26;26;7;0,03;4;45;45;1,0;4;0;0;105;15
PA2025-2539;2025-08-17;Änderung;8;Bestandskunde;Logistiktechnik;Bearbeitung;3;Stahl;pulverbeschichtet;28;28;15;0,009;4;9;9;1,0;4;0;0;24;3
PA2025-2540;2025-08-19;Änderung;8;Bestandskunde;Maschinenbau;Bearbeitung;11;Stahl;pulverbeschichtet;28;28;15;0,033;4;33;33;1,0;4;0;0;88;11
PA2025-2541;2025-08-15;Standard;9;Bestandskunde;Haushaltsgeräte;Bearbeitung;19;Stahl;pulverbeschichtet;28;28;15;0,057;4;57;57;1,0;4;0;0;152;19
PA2025-2542;2025-08-14;Standard;5;Bestandskunde;Sonstige;Bearbeitung;15;Stahl;pulverbeschichtet;26;26;7;0,03;4;45;45;1,0;4;0;0;105;15
PA2025-2543;2025-08-17;Änderung;10;Bestandskunde;Maschinenbau;Bearbeitung;18;Stahl;pulverbeschichtet;28;28;15;0,054;4;54;54;1,0;4;0;0;144;18
PA2025-2544;2025-08-13;Standard;14;Bestandskunde;Medizintechnik;Bearbeitung;7;Stahl;pulverbeschichtet;26;26;7;0,014;4;21;21;1,0;4;0;0;49;7
PA2025-2545;2025-08-19;Standard;8;Bestandskunde;Logistiktechnik;Bearbeitung;6;Stahl;pulverbeschichtet;26;26;7;0,012;4;18;18;1,0;4;0;0;42;6
PA2025-2546;2025-08-14;Standard;6;Bestandskunde;Maschinenbau;Bearbeitung;20;Stahl;pulverbeschichtet;26;26;7;0,04;4;60;60;1,0;4;0;0;140;20
PA2025-2547;2025-08-14;Standard;6;Bestandskunde;Automobilindustrie;Bearbeitung;19;Stahl;pulverbeschichtet;26;26;7;0,038;4;57;57;1,0;4;0;0;133;19
PA2025-2548;2025-08-14;Standard;6;Bestandskunde;Automobilindustrie;Bearbeitung;12;Stahl;pulverbeschichtet;26;26;7;0,024;4;36;36;1,0;4;0;0;84;12
PA2025-2549;2025-08-15;Standard;10;Bestandskunde;Sonstige;Bearbeitung;15;Stahl;pulverbeschichtet;26;26;7;0,03;4;45;45;1,0;4;0;0;105;15
PA2025-2550;2025-08-14;Standard;11;Bestandskunde;Maschinenbau;Bearbeitung;19;Stahl;pulverbeschichtet;28;28;15;0,057;4;57;57;1,0;4;0;0;152;19
PA2025-2551;2025-08-19;Standard;9;Bestandskunde;Sonstige;Bearbeitung;16;Stahl;pulverbeschichtet;28;28;15;0,048;4;48;48;1,0;4;0;0;128;16
PA2025-2552;2025-08-16;Standard;14;Bestandskunde;Automobilindustrie;Bearbeitung;15;Stahl;pulverbeschichtet;26;26;7;0,03;4;45;45;1,0;4;0;0;105;15
PA2025-2553;2025-08-13;Änderung;11;Bestandskunde;Logistiktechnik;Bearbeitung;15;Stahl;pulverbeschichtet;26;26;7;0,03;4;45;45;1,0;4;0;0;105;15
PA2025-2554;2025-08-13;Standard;7;Bestandskunde;Sonstige;Bearbeitung;11;Stahl;pulverbeschichtet;28;28;15;0,033;4;33;33;1,0;4;0;0;88;11
PA2025-2555;2025-08-14;Änderung;6;Bestandskunde;Maschinenbau;Bearbeitung;4;Stahl;pulverbeschichtet;26;26;7;0,008;4;12;12;1,0;4;0;0;28;4
PA2025-2556;2025-08-16;Änderung;5;Bestandskunde;Haushaltsgeräte;Bearbeitung;2;Stahl;pulverbeschichtet;26;26;7;0,004;4;6;6;1,0;4;0;0;14;2
PA2025-2557;2025-08-16;Standard;14;Bestandskunde;Maschinenbau;Bearbeitung;19;Stahl;pulverbeschichtet;28;28;15;0,057;4;57;57;1,0;4;0;0;152;19
PA2025-2558;2025-08-18;Standard;9;Bestandskunde;Maschinenbau;Bearbeitung;12;Stahl;pulverbeschichtet;28;28;15;0,036;4;36;36;1,0;4;0;0;96;12
PA2025-2559;2025-08-14;Änderung;11;Bestandskunde;Maschinenbau;Bearbeitung;2;Stahl;pulverbeschichtet;28;28;15;0,006;4;6;6;1,0;4;0;0;16;2
PA2025-2560;2025-08-15;Änderung;10;Bestandskunde;Maschinenbau;Bearbeitung;3;Stahl;pulverbeschichtet;26;26;7;0,006;4;9;9;1,0;4;0;0;21;3
PA2025-2561;2025-08-16;Standard;5;Bestandskunde;Automobilindustrie;Bearbeitung;7;Stahl;pulverbeschichtet;28;28;15;0,021;4;21;21;1,0;4;0;0;56;7
PA2025-2562;2025-08-19;Standard;7;Bestandskunde;Sonstige;Bearbeitung;19;Stahl;pulverbeschichtet;26;26;7;0,038;4;57;57;1,0;4;0;0;133;19
PA2025-2563;2025-08-13;Standard;5;Bestandskunde;Maschinenbau;Bearbeitung;17;Stahl;pulverbeschichtet;28;28;15;0,051;4;51;51;1,0;4;0;0;136;17
PA2025-2564;2025-08-17;Standard;9;Bestandskunde;Logistiktechnik;Bearbeitung;16;Stahl;pulverbeschichtet;26;26;7;0,032;4;48;48;1,0;4;0;0;112;16
PA2025-2565;2025-08-18;Änderung;14;Bestandskunde;Maschinenbau;Bearbeitung;5;Stahl;pulverbeschichtet;26;26;7;0,01;4;15;15;1,0;4;0;0;35;5
PA2025-2566;2025-08-18;Standard;7;Bestandskunde;Automobilindustrie;Bearbeitung;6;Stahl;pulverbeschichtet;28;28;15;0,018;4;18;18;1,0;4;0;0;48;6
PA2025-2567;2025-08-16;Standard;14;Bestandskunde;Maschinenbau;Bearbeitung;4;Stahl;pulverbeschichtet;26;26;7;0,008;4;12;12;1,0;4;0;0;28;4
PA2025-2568;2025-08-13;Standard;12;Bestandskunde;Medizintechnik;Bearbeitung;6;Stahl;pulverbeschichtet;26;26;7;0,012;4;18;18;1,0;4;0;0;42;6
PA2025-2569;2025-08-17;Standard;5;Bestandskunde;Maschinenbau;Bearbeitung;17;Stahl;pulverbeschichtet;26;26;7;0,034;4;51;51;1,0;4;0;0;119;17
PA2025-2570;2025-08-14;Standard;7;Bestandskunde;Logistiktechnik;Bearbeitung;14;Stahl;pulverbeschichtet;28;28;15;0,042;4;42;42;1,0;4;0;0;112;14
PA2025-2571;2025-08-14;Standard;3;Bestandskunde;Medizintechnik;Bearbeitung;10;Stahl;pulverbeschichtet;28;28;15;0,03;4;30;30;1,0;4;0;0;80;10
PA2025-2572;2025-08-19;Änderung;10;Bestandskunde;Haushaltsgeräte;Bearbeitung;1;Stahl;pulverbeschichtet;26;26;7;0,002;4;3;3;1,0;4;0;0;7;1
PA2025-2573;2025-08-17;Standard;7;Bestandskunde;Maschinenbau;Bearbeitung;19;Stahl;pulverbeschichtet;28;28;15;0,057;4;57;57;1,0;4;0;0;152;19
PA2025-2574;2025-08-14;Änderung;10;Bestandskunde;Maschinenbau;Bearbeitung;19;Stahl;pulverbeschichtet;28;28;15;0,057;4;57;57;1,0;4;0;0;152;19
PA2025-2575;2025-08-15;Änderung;11;Bestandskunde;Sonstige;Bearbeitung;1;Stahl;pulverbeschichtet;26;26;7;0,002;4;3;3;1,0;4;0;0;7;1
PA2025-2576;2025-08-14;Standard;14;Bestandskunde;Maschinenbau;Bearbeitung;8;Stahl;pulverbeschichtet;26;26;7;0,016;4;24;24;1,0;4;0;0;56;8
PA2025-2577;2025-08-14;Standard;9;Bestandskunde;Maschinenbau;Bearbeitung;18;Stahl;pulverbeschichtet;28;28;15;0,054;4;54;54;1,0;4;0;0;144;18
PA2025-2578;2025-08-15;Änderung;11;Neukunde;Automobilindustrie;Bearbeitung;7;Stahl;pulverbeschichtet;28;28;15;0,021;4;21;21;1,0;4;0;0;56;7
PA2025-2579;2025-08-13;Änderung;7;Bestandskunde;Maschinenbau;Bearbeitung;2;Stahl;pulverbeschichtet;26;26;7;0,004;4;6;6;1,0;4;0;0;14;2
PA2025-2580;2025-08-15;Standard;6;Bestandskunde;Maschinenbau;Bearbeitung;9;Stahl;pulverbeschichtet;28;28;15;0,027;4;27;27;1,0;4;0;0;72;9
PA2025-2581;2025-08-24;Änderung;5;Bestandskunde;Automobilindustrie;Bearbeitung;3;Stahl;pulverbeschichtet;26;26;7;0,006;4;9;9;1,0;4;0;0;21;3
PA2025-2582;2025-08-26;Änderung;3;Bestandskunde;Haushaltsgeräte;Bearbeitung;10;Stahl;pulverbeschichtet;28;28;15;0,03;4;30;30;1,0;4;0;0;80;10
PA2025-2583;2025-08-22;Änderung;9;Bestandskunde;Automobilindustrie;Bearbeitung;1;Stahl;pulverbeschichtet;26;26;7;0,002;4;3;3;1,0;4;0;0;7;1
PA2025-2584;2025-08-20;Änderung;8;Bestandskunde;Logistiktechnik;Bearbeitung;12;Stahl;pulverbeschichtet;26;26;7;0,024;4;36;36;1,0;4;0;0;84;12
PA2025-2585;2025-08-24;Standard;15;Bestandskunde;Logistiktechnik;Bearbeitung;10;Stahl;pulverbeschichtet;28;28;15;0,03;4;30;30;1,0;4;0;0;80;10
PA2025-2586;2025-08-23;Standard;11;Bestandskunde;Maschinenbau;Bearbeitung;6;Stahl;pulverbeschichtet;26;26;7;0,012;4;18;18;1,0;4;0;0;42;6
PA2025-2587;2025-08-23;Standard;5;Neukunde;Logistiktechnik;Bearbeitung;15;Stahl;pulverbeschichtet;26;26;7;0,03;4;45;45;1,0;4;0;0;105;15
PA2025-2588;2025-08-20;Standard;4;Bestandskunde;Automobilindustrie;Bearbeitung;17;Stahl;pulverbeschichtet;28;28;15;0,051;4;51;51;1,0;4;0;0;136;17
PA2025-2589;2025-08-21;Änderung;3;Bestandskunde;Sonstige;Bearbeitung;14;Stahl;pulverbeschichtet;26;26;7;0,028;4;42;42;1,0;4;0;0;98;14
PA2025-2590;2025-08-23;Änderung;12;Neukunde;Maschinenbau;Bearbeitung;16;Stahl;pulverbeschichtet;26;26;7;0,032;4;48;48;1,0;4;0;0;112;16
PA2025-2591;2025-08-24;Standard;5;Bestandskunde;Haushaltsgeräte;Bearbeitung;12;Stahl;pulverbeschichtet;26;26;7;0,024;4;36;36;1,0;4;0;0;84;12
PA2025-2592;2025-08-21;Standard;3;Bestandskunde;Maschinenbau;Bearbeitung;11;Stahl;pulverbeschichtet;28;28;15;0,033;4;33;33;1,0;4;0;0;88;11
PA2025-2593;2025-08-20;Standard;7;Bestandskunde;Automobilindustrie;Bearbeitung;4;Stahl;pulverbeschichtet;26;26;7;0,008;4;12;12;1,0;4;0;0;28;4
PA2025-2594;2025-08-23;Standard;9;Neukunde;Automobilindustrie;Bearbeitung;10;Stahl;pulverbeschichtet;26;26;7;0,02;4;30;30;1,0;4;0;0;70;10
PA2025-2595;2025-08-22;Standard;14;Bestandskunde;Haushaltsgeräte;Bearbeitung;6;Stahl;pulverbeschichtet;28;28;15;0,018;4;18;18;1,0;4;0;0;48;6
PA2025-2596;2025-08-20;Standard;3;Bestandskunde;Haushaltsgeräte;Bearbeitung;18;Stahl;pulverbeschichtet;26;26;7;0,036;4;54;54;1,0;4;0;0;126;18
PA2025-2597;2025-08-23;Standard;13;Bestandskunde;Logistiktechnik;Bearbeitung;7;Stahl;pulverbeschichtet;28;28;15;0,021;4;21;21;1,0;4;0;0;56;7
PA2025-2598;2025-08-22;Änderung;7;Bestandskunde;Maschinenbau;Bearbeitung;7;Stahl;pulverbeschichtet;26;26;7;0,014;4;21;21;1,0;4;0;0;49;7
PA2025-2599;2025-08-26;Standard;13;Bestandskunde;Maschinenbau;Bearbeitung;13;Stahl;pulverbeschichtet;28;28;15;0,039;4;39;39;1,0;4;0;0;104;13
PA2025-2600;2025-08-20;Änderung;12;Bestandskunde;Medizintechnik;Bearbeitung;5;Stahl;pulverbeschichtet;28;28;15;0,015;4;15;15;1,0;4;0;0;40;5
PA2025-2601;2025-08-20;Standard;4;Bestandskunde;Maschinenbau;Bearbeitung;14;Stahl;pulverbeschichtet;28;28;15;0,042;4;42;42;1,0;4;0;0;112;14
PA2025-2602;2025-08-22;Änderung;3;Bestandskunde;Sonstige;Bearbeitung;2;Stahl;pulverbeschichtet;26;26;7;0,004;4;6;6;1,0;4;0;0;14;2
PA2025-2603;2025-08-23;Änderung;14;Bestandskunde;Haushaltsgeräte;Bearbeitung;1;Stahl;pulverbeschichtet;28;28;15;0,003;4;3;3;1,0;4;0;0;8;1
PA2025-2604;2025-08-21;Änderung;5;Bestandskunde;Logistiktechnik;Bearbeitung;9;Stahl;pulverbeschichtet;28;28;15;0,027;4;27;27;1,0;4;0;0;72;9
PA2025-2605;2025-08-21;Änderung;5;Bestandskunde;Maschinenbau;Bearbeitung;9;Stahl;pulverbeschichtet;26;26;7;0,018;4;27;27;1,0;4;0;0;63;9
PA2025-2606;2025-08-25;Änderung;14;Bestandskunde;Automobilindustrie;Bearbeitung;20;Stahl;pulverbeschichtet;26;26;7;0,04;4;60;60;1,0;4;0;0;140;20
PA2025-2607;2025-08-21;Standard;5;Bestandskunde;Automobilindustrie;Bearbeitung;4;Stahl;pulverbeschichtet;28;28;15;0,012;4;12;12;1,0;4;0;0;32;4
PA2025-2608;2025-08-24;Änderung;10;Bestandskunde;Logistiktechnik;Bearbeitung;4;Stahl;pulverbeschichtet;28;28;15;0,012;4;12;12;1,0;4;0;0;32;4
PA2025-2609;2025-08-23;Standard;10;Bestandskunde;Haushaltsgeräte;Bearbeitung;19;Stahl;pulverbeschichtet;26;26;7;0,038;4;57;57;1,0;4;0;0;133;19
PA2025-2610;2025-08-21;Standard;6;Bestandskunde;Medizintechnik;Bearbeitung;7;Stahl;pulverbeschichtet;28;28;15;0,021;4;21;21;1,0;4;0;0;56;7
PA2025-2611;2025-08-24;Standard;6;Bestandskunde;Maschinenbau;Bearbeitung;1;Stahl;pulverbeschichtet;28;28;15;0,003;4;3;3;1,0;4;0;0;8;1
PA2025-2612;2025-08-21;Standard;12;Neukunde;Maschinenbau;Bearbeitung;5;Stahl;pulverbeschichtet;26;26;7;0,01;4;15;15;1,0;4;0;0;35;5
PA2025-2613;2025-08-23;Standard;5;Bestandskunde;Maschinenbau;Bearbeitung;18;Stahl;pulverbeschichtet;26;26;7;0,036;4;54;54;1,0;4;0;0;126;18
PA2025-2614;2025-08-20;Standard;12;Bestandskunde;Automobilindustrie;Bearbeitung;1;Stahl;pulverbeschichtet;26;26;7;0,002;4;3;3;1,0;4;0;0;7;1
PA2025-2615;2025-08-26;Standard;5;Bestandskunde;Logistiktechnik;Bearbeitung;20;Stahl;pulverbeschichtet;28;28;15;0,06;4;60;60;1,0;4;0;0;160;20
PA2025-2616;2025-08-20;Standard;5;Bestandskunde;Logistiktechnik;Bearbeitung;18;Stahl;pulverbeschichtet;28;28;15;0,054;4;54;54;1,0;4;0;0;144;18
PA2025-2617;2025-08-24;Standard;5;Bestandskunde;Sonstige;Bearbeitung;18;Stahl;pulverbeschichtet;28;28;15;0,054;4;54;54;1,0;4;0;0;144;18
PA2025-2618;2025-08-22;Standard;5;Bestandskunde;Medizintechnik;Bearbeitung;12;Stahl;pulverbeschichtet;28;28;15;0,036;4;36;36;1,0;4;0;0;96;12
PA2025-2619;2025-08-24;Standard;12;Bestandskunde;Logistiktechnik;Bearbeitung;6;Stahl;pulverbeschichtet;26;26;7;0,012;4;18;18;1,0;4;0;0;42;6
PA2025-2620;2025-08-22;Standard;4;Bestandskunde;Automobilindustrie;Bearbeitung;3;Stahl;pulverbeschichtet;26;26;7;0,006;4;9;9;1,0;4;0;0;21;3
PA2025-2621;2025-08-23;Änderung;5;Bestandskunde;Sonstige;Bearbeitung;3;Stahl;pulverbeschichtet;26;26;7;0,006;4;9;9;1,0;4;0;0;21;3
PA2025-2622;2025-08-25;Standard;9;Bestandskunde;Logistiktechnik;Bearbeitung;14;Stahl;pulverbeschichtet;26;26;7;0,028;4;42;42;1,0;4;0;0;98;14
PA2025-2623;2025-08-25;Standard;13;Bestandskunde;Logistiktechnik;Bearbeitung;16;Stahl;pulverbeschichtet;26;26;7;0,032;4;48;48;1,0;4;0;0;112;16
PA2025-2624;2025-08-20;Standard;12;Bestandskunde;Maschinenbau;Bearbeitung;3;Stahl;pulverbeschichtet;26;26;7;0,006;4;9;9;1,0;4;0;0;21;3
PA2025-2625;2025-08-22;Standard;12;Bestandskunde;Logistiktechnik;Bearbeitung;8;Stahl;pulverbeschichtet;28;28;15;0,024;4;24;24;1,0;4;0;0;64;8
PA2025-2626;2025-08-22;Standard;8;Bestandskunde;Automobilindustrie;Bearbeitung;4;Stahl;pulverbeschichtet;26;26;7;0,008;4;12;12;1,0;4;0;0;28;4
PA2025-2627;2025-08-26;Änderung;13;Bestandskunde;Haushaltsgeräte;Bearbeitung;20;Stahl;pulverbeschichtet;28;28;15;0,06;4;60;60;1,0;4;0;0;160;20
PA2025-2628;2025-08-25;Standard;10;Bestandskunde;Sonstige;Bearbeitung;18;Stahl;pulverbeschichtet;28;28;15;0,054;4;54;54;1,0;4;0;0;144;18
PA2025-2629;2025-08-24;Standard;14;Bestandskunde;Medizintechnik;Bearbeitung;10;Stahl;pulverbeschichtet;26;26;7;0,02;4;30;30;1,0;4;0;0;70;10
PA2025-2630;2025-08-23;Änderung;4;Bestandskunde;Maschinenbau;Bearbeitung;13;Stahl;pulverbeschichtet;26;26;7;0,026;4;39;39;1,0;4;0;0;91;13
PA2025-2631;2025-08-22;Standard;8;Bestandskunde;Sonstige;Bearbeitung;18;Stahl;pulverbeschichtet;26;26;7;0,036;4;54;54;1,0;4;0;0;126;18
PA2025-2632;2025-08-24;Standard;10;Bestandskunde;Maschinenbau;Bearbeitung;17;Stahl;pulverbeschichtet;26;26;7;0,034;4;51;51;1,0;4;0;0;119;17
PA2025-2633;2025-08-23;Standard;6;Bestandskunde;Haushaltsgeräte;Bearbeitung;5;Stahl;pulverbeschichtet;26;26;7;0,01;4;15;15;1,0;4;0;0;35;5
PA2025-2634;2025-08-24;Standard;5;Bestandskunde;Haushaltsgeräte;Bearbeitung;3;Stahl;pulverbeschichtet;28;28;15;0,009;4;9;9;1,0;4;0;0;24;3
PA2025-2635;2025-08-20;Standard;7;Bestandskunde;Haushaltsgeräte;Bearbeitung;8;Stahl;pulverbeschichtet;26;26;7;0,016;4;24;24;1,0;4;0;0;56;8
PA2025-2636;2025-08-26;Standard;8;Bestandskunde;Automobilindustrie;Bearbeitung;14;Stahl;pulverbeschichtet;28;28;15;0,042;4;42;42;1,0;4;0;0;112;14
PA2025-2637;2025-08-21;Standard;14;Bestandskunde;Medizintechnik;Bearbeitung;11;Stahl;pulverbeschichtet;26;26;7;0,022;4;33;33;1,0;4;0;0;77;11
PA2025-2638;2025-08-20;Standard;9;Bestandskunde;Maschinenbau;Bearbeitung;13;Stahl;pulverbeschichtet;26;26;7;0,026;4;39;39;1,0;4;0;0;91;13
PA2025-2639;2025-08-20;Standard;7;Bestandskunde;Sonstige;Bearbeitung;10;Stahl;pulverbeschichtet;28;28;15;0,03;4;30;30;1,0;4;0;0;80;10
PA2025-2640;2025-08-22;Änderung;5;Bestandskunde;Automobilindustrie;Bearbeitung;2;Stahl;pulverbeschichtet;28;28;15;0,006;4;6;6;1,0;4;0;0;16;2
PA2025-2641;2025-08-22;Standard;3;Bestandskunde;Maschinenbau;Bearbeitung;3;Stahl;pulverbeschichtet;26;26;7;0,006;4;9;9;1,0;4;0;0;21;3
PA2025-2642;2025-08-23;Standard;5;Bestandskunde;Automobilindustrie;Bearbeitung;9;Stahl;pulverbeschichtet;28;28;15;0,027;4;27;27;1,0;4;0;0;72;9
PA2025-2643;2025-08-26;Standard;13;Bestandskunde;Haushaltsgeräte;Bearbeitung;4;Stahl;pulverbeschichtet;26;26;7;0,008;4;12;12;1,0;4;0;0;28;4
PA2025-2644;2025-08-23;Standard;10;Bestandskunde;Haushaltsgeräte;Bearbeitung;4;Stahl;pulverbeschichtet;28;28;15;0,012;4;12;12;1,0;4;0;0;32;4
PA2025-2645;2025-08-24;Änderung;8;Bestandskunde;Automobilindustrie;Bearbeitung;9;Stahl;pulverbeschichtet;26;26;7;0,018;4;27;27;1,0;4;0;0;63;9
PA2025-2646;2025-08-25;Änderung;9;Bestandskunde;Maschinenbau;Bearbeitung;20;Stahl;pulverbeschichtet;28;28;15;0,06;4;60;60;1,0;4;0;0;160;20
PA2025-2647;2025-08-24;Standard;13;Bestandskunde;Logistiktechnik;Bearbeitung;3;Stahl;pulverbeschichtet;28;28;15;0,009;4;9;9;1,0;4;0;0;24;3
PA2025-2648;2025-08-24;Änderung;10;Bestandskunde;Automobilindustrie;Bearbeitung;2;Stahl;pulverbeschichtet;28;28;15;0,006;4;6;6;1,0;4;0;0;16;2
PA2025-2649;2025-08-24;Standard;7;Bestandskunde;Sonstige;Bearbeitung;2;Stahl;pulverbeschichtet;26;26;7;0,004;4;6;6;1,0;4;0;0;14;2
PA2025-2650;2025-08-21;Standard;11;Bestandskunde;Maschinenbau;Bearbeitung;4;Stahl;pulverbeschichtet;28;28;15;0,012;4;12;12;1,0;4;0;0;32;4
PA2025-2651;2025-08-20;Standard;12;Bestandskunde;Maschinenbau;Bearbeitung;20;Stahl;pulverbeschichtet;26;26;7;0,04;4;60;60;1,0;4;0;0;140;20
PA2025-2652;2025-08-23;Standard;10;Bestandskunde;Sonstige;Bearbeitung;5;Stahl;pulverbeschichtet;28;28;15;0,015;4;15;15;1,0;4;0;0;40;5
PA2025-2653;2025-08-22;Standard;10;Bestandskunde;Automobilindustrie;Bearbeitung;1;Stahl;pulverbeschichtet;26;26;7;0,002;4;3;3;1,0;4;0;0;7;1
PA2025-2654;2025-08-24;Standard;10;Bestandskunde;Sonstige;Bearbeitung;19;Stahl;pulverbeschichtet;26;26;7;0,038;4;57;57;1,0;4;0;0;133;19
PA2025-2655;2025-08-20;Änderung;10;Bestandskunde;Logistiktechnik;Bearbeitung;9;Stahl;pulverbeschichtet;28;28;15;0,027;4;27;27;1,0;4;0;0;72;9
PA2025-2656;2025-08-23;Änderung;13;Neukunde;Automobilindustrie;Bearbeitung;9;Stahl;pulverbeschichtet;28;28;15;0,027;4;27;27;1,0;4;0;0;72;9
PA2025-2657;2025-08-26;Standard;10;Bestandskunde;Maschinenbau;Bearbeitung;16;Stahl;pulverbeschichtet;26;26;7;0,032;4;48;48;1,0;4;0;0;112;16
PA2025-2658;2025-08-24;Standard;5;Bestandskunde;Sonstige;Bearbeitung;10;Stahl;pulverbeschichtet;28;28;15;0,03;4;30;30;1,0;4;0;0;80;10
PA2025-2659;2025-08-21;Standard;15;Bestandskunde;Sonstige;Bearbeitung;5;Stahl;pulverbeschichtet;28;28;15;0,015;4;15;15;1,0;4;0;0;40;5
PA2025-2660;2025-08-22;Änderung;11;Bestandskunde;Logistiktechnik;Bearbeitung;6;Stahl;pulverbeschichtet;26;26;7;0,012;4;18;18;1,0;4;0;0;42;6
PA2025-2661;2025-08-25;Änderung;10;Bestandskunde;Logistiktechnik;Bearbeitung;11;Stahl;pulverbeschichtet;28;28;15;0,033;4;33;33;1,0;4;0;0;88;11
PA2025-2662;2025-08-20;Standard;3;Bestandskunde;Maschinenbau;Bearbeitung;6;Stahl;pulverbeschichtet;28;28;15;0,018;4;18;18;1,0;4;0;0;48;6
PA2025-2663;2025-08-21;Änderung;6;Bestandskunde;Maschinenbau;Bearbeitung;15;Stahl;pulverbeschichtet;26;26;7;0,03;4;45;45;1,0;4;0;0;105;15
PA2025-2664;2025-08-25;Standard;14;Bestandskunde;Automobilindustrie;Bearbeitung;11;Stahl;pulverbeschichtet;28;28;15;0,033;4;33;33;1,0;4;0;0;88;11
PA2025-2665;2025-08-20;Standard;6;Bestandskunde;Haushaltsgeräte;Bearbeitung;4;Stahl;pulverbeschichtet;26;26;7;0,008;4;12;12;1,0;4;0;0;28;4
PA2025-2666;2025-08-26;Standard;15;Bestandskunde;Medizintechnik;Bearbeitung;17;Stahl;pulverbeschichtet;26;26;7;0,034;4;51;51;1,0;4;0;0;119;17
PA2025-2667;2025-08-20;Standard;3;Bestandskunde;Automobilindustrie;Bearbeitung;13;Stahl;pulverbeschichtet;28;28;15;0,039;4;39;39;1,0;4;0;0;104;13
PA2025-2668;2025-08-23;Standard;6;Bestandskunde;Sonstige;Bearbeitung;19;Stahl;pulverbeschichtet;28;28;15;0,057;4;57;57;1,0;4;0;0;152;19
PA2025-2669;2025-08-26;Standard;3;Bestandskunde;Logistiktechnik;Bearbeitung;5;Stahl;pulverbeschichtet;28;28;15;0,015;4;15;15;1,0;4;0;0;40;5
PA2025-2670;2025-08-26;Änderung;8;Bestandskunde;Maschinenbau;Bearbeitung;5;Stahl;pulverbeschichtet;28;28;15;0,015;4;15;15;1,0;4;0;0;40;5
PA2025-2671;2025-08-27;Standard;7;Bestandskunde;Maschinenbau;Bearbeitung;16;Stahl;pulverbeschichtet;26;26;7;0,032;4;48;48;1,0;4;0;0;112;16
PA2025-2672;2025-08-30;Standard;11;Bestandskunde;Logistiktechnik;Bearbeitung;18;Stahl;pulverbeschichtet;28;28;15;0,054;4;54;54;1,0;4;0;0;144;18
PA2025-2673;2025-08-31;Standard;12;Bestandskunde;Logistiktechnik;Bearbeitung;12;Stahl;pulverbeschichtet;26;26;7;0,024;4;36;36;1,0;4;0;0;84;12
PA2025-2674;2025-08-28;Standard;10;Bestandskunde;Maschinenbau;Bearbeitung;8;Stahl;pulverbeschichtet;28;28;15;0,024;4;24;24;1,0;4;0;0;64;8
PA2025-2675;2025-08-29;Standard;9;Bestandskunde;Sonstige;Bearbeitung;14;Stahl;pulverbeschichtet;28;28;15;0,042;4;42;42;1,0;4;0;0;112;14
PA2025-2676;2025-09-01;Standard;12;Bestandskunde;Maschinenbau;Bearbeitung;5;Stahl;pulverbeschichtet;28;28;15;0,015;4;15;15;1,0;4;0;0;40;5
PA2025-2677;2025-08-27;Standard;7;Bestandskunde;Medizintechnik;Bearbeitung;15;Stahl;pulverbeschichtet;26;26;7;0,03;4;45;45;1,0;4;0;0;105;15
PA2025-2678;2025-08-31;Änderung;15;Bestandskunde;Automobilindustrie;Bearbeitung;3;Stahl;pulverbeschichtet;28;28;15;0,009;4;9;9;1,0;4;0;0;24;3
PA2025-2679;2025-09-02;Standard;13;Bestandskunde;Automobilindustrie;Bearbeitung;10;Stahl;pulverbeschichtet;28;28;15;0,03;4;30;30;1,0;4;0;0;80;10
PA2025-2680;2025-08-28;Standard;3;Bestandskunde;Logistiktechnik;Bearbeitung;18;Stahl;pulverbeschichtet;26;26;7;0,036;4;54;54;1,0;4;0;0;126;18
PA2025-2681;2025-08-28;Standard;5;Bestandskunde;Maschinenbau;Bearbeitung;1;Stahl;pulverbeschichtet;28;28;15;0,003;4;3;3;1,0;4;0;0;8;1
PA2025-2682;2025-08-31;Standard;13;Bestandskunde;Medizintechnik;Bearbeitung;9;Stahl;pulverbeschichtet;26;26;7;0,018;4;27;27;1,0;4;0;0;63;9
PA2025-2683;2025-09-01;Standard;9;Bestandskunde;Haushaltsgeräte;Bearbeitung;8;Stahl;pulverbeschichtet;28;28;15;0,024;4;24;24;1,0;4;0;0;64;8
PA2025-2684;2025-08-31;Standard;15;Bestandskunde;Sonstige;Bearbeitung;8;Stahl;pulverbeschichtet;28;28;15;0,024;4;24;24;1,0;4;0;0;64;8
PA2025-2685;2025-08-29;Änderung;3;Bestandskunde;Automobilindustrie;Bearbeitung;4;Stahl;pulverbeschichtet;28;28;15;0,012;4;12;12;1,0;4;0;0;32;4
PA2025-2686;2025-08-30;Standard;15;Bestandskunde;Logistiktechnik;Bearbeitung;3;Stahl;pulverbeschichtet;26;26;7;0,006;4;9;9;1,0;4;0;0;21;3
PA2025-2687;2025-08-28;Änderung;9;Neukunde;Maschinenbau;Bearbeitung;12;Stahl;pulverbeschichtet;28;28;15;0,036;4;36;36;1,0;4;0;0;96;12
PA2025-2688;2025-08-30;Änderung;5;Bestandskunde;Sonstige;Bearbeitung;18;Stahl;pulverbeschichtet;28;28;15;0,054;4;54;54;1,0;4;0;0;144;18
PA2025-2689;2025-08-27;Standard;14;Bestandskunde;Sonstige;Bearbeitung;18;Stahl;pulverbeschichtet;28;28;15;0,054;4;54;54;1,0;4;0;0;144;18
PA2025-2690;2025-09-01;Standard;11;Bestandskunde;Maschinenbau;Bearbeitung;5;Stahl;pulverbeschichtet;26;26;7;0,01;4;15;15;1,0;4;0;0;35;5
PA2025-2691;2025-08-31;Standard;10;Neukunde;Haushaltsgeräte;Bearbeitung;20;Stahl;pulverbeschichtet;28;28;15;0,06;4;60;60;1,0;4;0;0;160;20
PA2025-2692;2025-08-31;Standard;15;Bestandskunde;Sonstige;Bearbeitung;20;Stahl;pulverbeschichtet;28;28;15;0,06;4;60;60;1,0;4;0;0;160;20
PA2025-2693;2025-08-29;Standard;14;Bestandskunde;Medizintechnik;Bearbeitung;16;Stahl;pulverbeschichtet;26;26;7;0,032;4;48;48;1,0;4;0;0;112;16
PA2025-2694;2025-09-02;Standard;13;Bestandskunde;Maschinenbau;Bearbeitung;8;Stahl;pulverbeschichtet;26;26;7;0,016;4;24;24;1,0;4;0;0;56;8
PA2025-2695;2025-09-02;Standard;13;Bestandskunde;Sonstige;Bearbeitung;5;Stahl;pulverbeschichtet;26;26;7;0,01;4;15;15;1,0;4;0;0;35;5
PA2025-2696;2025-08-31;Standard;15;Bestandskunde;Logistiktechnik;Bearbeitung;19;Stahl;pulverbeschichtet;26;26;7;0,038;4;57;57;1,0;4;0;0;133;19
PA2025-2697;2025-08-27;Änderung;14;Bestandskunde;Automobilindustrie;Bearbeitung;6;Stahl;pulverbeschichtet;26;26;7;0,012;4;18;18;1,0;4;0;0;42;6
PA2025-2698;2025-08-31;Standard;15;Bestandskunde;Haushaltsgeräte;Bearbeitung;18;Stahl;pulverbeschichtet;26;26;7;0,036;4;54;54;1,0;4;0;0;126;18
PA2025-2699;2025-08-28;Standard;6;Bestandskunde;Sonstige;Bearbeitung;6;Stahl;pulverbeschichtet;26;26;7;0,012;4;18;18;1,0;4;0;0;42;6
PA2025-2700;2025-08-27;Standard;3;Bestandskunde;Automobilindustrie;Bearbeitung;15;Stahl;pulverbeschichtet;26;26;7;0,03;4;45;45;1,0;4;0;0;105;15
PA2025-2701;2025-08-27;Standard;4;Bestandskunde;Medizintechnik;Bearbeitung;20;Stahl;pulverbeschichtet;28;28;15;0,06;4;60;60;1,0;4;0;0;160;20
PA2025-2702;2025-08-30;Änderung;5;Bestandskunde;Medizintechnik;Bearbeitung;10;Stahl;pulverbeschichtet;28;28;15;0,03;4;30;30;1,0;4;0;0;80;10
PA2025-2703;2025-08-30;Standard;5;Bestandskunde;Automobilindustrie;Bearbeitung;8;Stahl;pulverbeschichtet;26;26;7;0,016;4;24;24;1,0;4;0;0;56;8
PA2025-2704;2025-09-01;Änderung;9;Bestandskunde;Medizintechnik;Bearbeitung;17;Stahl;pulverbeschichtet;28;28;15;0,051;4;51;51;1,0;4;0;0;136;17
PA2025-2705;2025-08-29;Standard;12;Neukunde;Automobilindustrie;Bearbeitung;18;Stahl;pulverbeschichtet;26;26;7;0,036;4;54;54;1,0;4;0;0;126;18
PA2025-2706;2025-08-29;Standard;10;Bestandskunde;Automobilindustrie;Bearbeitung;11;Stahl;pulverbeschichtet;26;26;7;0,022;4;33;33;1,0;4;0;0;77;11
PA2025-2707;2025-08-27;Standard;7;Bestandskunde;Logistiktechnik;Bearbeitung;15;Stahl;pulverbeschichtet;26;26;7;0,03;4;45;45;1,0;4;0;0;105;15
PA2025-2708;2025-08-27;Änderung;12;Bestandskunde;Automobilindustrie;Bearbeitung;11;Stahl;pulverbeschichtet;28;28;15;0,033;4;33;33;1,0;4;0;0;88;11
PA2025-2709;2025-09-02;Standard;5;Bestandskunde;Haushaltsgeräte;Bearbeitung;2;Stahl;pulverbeschichtet;28;28;15;0,006;4;6;6;1,0;4;0;0;16;2
PA2025-2710;2025-09-01;Änderung;13;Bestandskunde;Logistiktechnik;Bearbeitung;1;Stahl;pulverbeschichtet;28;28;15;0,003;4;3;3;1,0;4;0;0;8;1
PA2025-2711;2025-08-29;Standard;5;Neukunde;Sonstige;Bearbeitung;8;Stahl;pulverbeschichtet;28;28;15;0,024;4;24;24;1,0;4;0;0;64;8
PA2025-2712;2025-09-02;Standard;13;Bestandskunde;Maschinenbau;Bearbeitung;20;Stahl;pulverbeschichtet;28;28;15;0,06;4;60;60;1,0;4;0;0;160;20
PA2025-2713;2025-08-30;Standard;5;Bestandskunde;Sonstige;Bearbeitung;18;Stahl;pulverbeschichtet;28;28;15;0,054;4;54;54;1,0;4;0;0;144;18
PA2025-2714;2025-08-30;Standard;8;Bestandskunde;Automobilindustrie;Bearbeitung;18;Stahl;pulverbeschichtet;26;26;7;0,036;4;54;54;1,0;4;0;0;126;18
PA2025-2715;2025-08-30;Standard;14;Bestandskunde;Automobilindustrie;Bearbeitung;18;Stahl;pulverbeschichtet;28;28;15;0,054;4;54;54;1,0;4;0;0;144;18
PA2025-2716;2025-08-31;Standard;15;Bestandskunde;Logistiktechnik;Bearbeitung;16;Stahl;pulverbeschichtet;28;28;15;0,048;4;48;48;1,0;4;0;0;128;16
PA2025-2717;2025-08-27;Standard;12;Neukunde;Logistiktechnik;Bearbeitung;14;Stahl;pulverbeschichtet;28;28;15;0,042;4;42;42;1,0;4;0;0;112;14
PA2025-2718;2025-08-30;Standard;5;Neukunde;Sonstige;Bearbeitung;1;Stahl;pulverbeschichtet;26;26;7;0,002;4;3;3;1,0;4;0;0;7;1
PA2025-2719;2025-08-27;Standard;5;Bestandskunde;Automobilindustrie;Bearbeitung;12;Stahl;pulverbeschichtet;26;26;7;0,024;4;36;36;1,0;4;0;0;84;12
PA2025-2720;2025-08-31;Standard;8;Bestandskunde;Maschinenbau;Bearbeitung;3;Stahl;pulverbeschichtet;28;28;15;0,009;4;9;9;1,0;4;0;0;24;3
PA2025-2721;2025-08-28;Änderung;5;Bestandskunde;Automobilindustrie;Bearbeitung;17;Stahl;pulverbeschichtet;26;26;7;0,034;4;51;51;1,0;4;0;0;119;17
PA2025-2722;2025-08-30;Standard;15;Bestandskunde;Sonstige;Bearbeitung;5;Stahl;pulverbeschichtet;28;28;15;0,015;4;15;15;1,0;4;0;0;40;5
PA2025-2723;2025-08-30;Standard;7;Bestandskunde;Logistiktechnik;Bearbeitung;18;Stahl;pulverbeschichtet;28;28;15;0,054;4;54;54;1,0;4;0;0;144;18
PA2025-2724;2025-08-27;Änderung;12;Bestandskunde;Automobilindustrie;Bearbeitung;6;Stahl;pulverbeschichtet;26;26;7;0,012;4;18;18;1,0;4;0;0;42;6
PA2025-2725;2025-08-31;Standard;15;Bestandskunde;Logistiktechnik;Bearbeitung;15;Stahl;pulverbeschichtet;26;26;7;0,03;4;45;45;1,0;4;0;0;105;15
PA2025-2726;2025-09-01;Standard;12;Bestandskunde;Haushaltsgeräte;Bearbeitung;18;Stahl;pulverbeschichtet;26;26;7;0,036;4;54;54;1,0;4;0;0;126;18
PA2025-2727;2025-08-29;Änderung;10;Bestandskunde;Haushaltsgeräte;Bearbeitung;11;Stahl;pulverbeschichtet;28;28;15;0,033;4;33;33;1,0;4;0;0;88;11
PA2025-2728;2025-08-28;Standard;3;Bestandskunde;Haushaltsgeräte;Bearbeitung;12;Stahl;pulverbeschichtet;28;28;15;0,036;4;36;36;1,0;4;0;0;96;12
PA2025-2729;2025-09-01;Standard;4;Bestandskunde;Sonstige;Bearbeitung;13;Stahl;pulverbeschichtet;28;28;15;0,039;4;39;39;1,0;4;0;0;104;13
PA2025-2730;2025-08-30;Änderung;10;Bestandskunde;Maschinenbau;Bearbeitung;7;Stahl;pulverbeschichtet;26;26;7;0,014;4;21;21;1,0;4;0;0;49;7
PA2025-2731;2025-09-02;Standard;14;Bestandskunde;Maschinenbau;Bearbeitung;18;Stahl;pulverbeschichtet;26;26;7;0,036;4;54;54;1,0;4;0;0;126;18
PA2025-2732;2025-09-02;Standard;9;Bestandskunde;Logistiktechnik;Bearbeitung;17;Stahl;pulverbeschichtet;28;28;15;0,051;4;51;51;1,0;4;0;0;136;17
PA2025-2733;2025-09-01;Standard;9;Bestandskunde;Maschinenbau;Bearbeitung;5;Stahl;pulverbeschichtet;26;26;7;0,01;4;15;15;1,0;4;0;0;35;5
PA2025-2734;2025-08-30;Standard;11;Bestandskunde;Logistiktechnik;Bearbeitung;12;Stahl;pulverbeschichtet;28;28;15;0,036;4;36;36;1,0;4;0;0;96;12
PA2025-2735;2025-08-27;Standard;12;Bestandskunde;Maschinenbau;Bearbeitung;15;Stahl;pulverbeschichtet;26;26;7;0,03;4;45;45;1,0;4;0;0;105;15
PA2025-2736;2025-08-29;Standard;6;Bestandskunde;Maschinenbau;Bearbeitung;2;Stahl;pulverbeschichtet;26;26;7;0,004;4;6;6;1,0;4;0;0;14;2
PA2025-2737;2025-09-02;Standard;13;Bestandskunde;Haushaltsgeräte;Bearbeitung;7;Stahl;pulverbeschichtet;28;28;15;0,021;4;21;21;1,0;4;0;0;56;7
PA2025-2738;2025-08-30;Standard;5;Bestandskunde;Logistiktechnik;Bearbeitung;1;Stahl;pulverbeschichtet;26;26;7;0,002;4;3;3;1,0;4;0;0;7;1
PA2025-2739;2025-08-29;Standard;5;Bestandskunde;Automobilindustrie;Bearbeitung;10;Stahl;pulverbeschichtet;26;26;7;0,02;4;30;30;1,0;4;0;0;70;10
PA2025-2740;2025-08-29;Änderung;8;Bestandskunde;Logistiktechnik;Bearbeitung;19;Stahl;pulverbeschichtet;28;28;15;0,057;4;57;57;1,0;4;0;0;152;19
PA2025-2741;2025-08-31;Standard;9;Bestandskunde;Maschinenbau;Bearbeitung;5;Stahl;pulverbeschichtet;28;28;15;0,015;4;15;15;1,0;4;0;0;40;5
PA2025-2742;2025-08-30;Änderung;5;Neukunde;Maschinenbau;Bearbeitung;20;Stahl;pulverbeschichtet;28;28;15;0,06;4;60;60;1,0;4;0;0;160;20
PA2025-2743;2025-08-28;Änderung;10;Bestandskunde;Haushaltsgeräte;Bearbeitung;3;Stahl;pulverbeschichtet;26;26;7;0,006;4;9;9;1,0;4;0;0;21;3
PA2025-2744;2025-08-29;Standard;4;Bestandskunde;Haushaltsgeräte;Bearbeitung;20;Stahl;pulverbeschichtet;26;26;7;0,04;4;60;60;1,0;4;0;0;140;20
PA2025-2745;2025-09-01;Standard;8;Bestandskunde;Sonstige;Bearbeitung;7;Stahl;pulverbeschichtet;28;28;15;0,021;4;21;21;1,0;4;0;0;56;7
PA2025-2746;2025-08-29;Standard;15;Bestandskunde;Logistiktechnik;Bearbeitung;11;Stahl;pulverbeschichtet;28;28;15;0,033;4;33;33;1,0;4;0;0;88;11
PA2025-2747;2025-08-31;Standard;5;Bestandskunde;Haushaltsgeräte;Bearbeitung;18;Stahl;pulverbeschichtet;26;26;7;0,036;4;54;54;1,0;4;0;0;126;18
PA2025-2748;2025-09-01;Standard;14;Bestandskunde;Automobilindustrie;Bearbeitung;8;Stahl;pulverbeschichtet;28;28;15;0,024;4;24;24;1,0;4;0;0;64;8
PA2025-2749;2025-08-31;Standard;15;Bestandskunde;Logistiktechnik;Bearbeitung;6;Stahl;pulverbeschichtet;28;28;15;0,018;4;18;18;1,0;4;0;0;48;6
PA2025-2750;2025-08-30;Änderung;10;Bestandskunde;Medizintechnik;Bearbeitung;2;Stahl;pulverbeschichtet;28;28;15;0,006;4;6;6;1,0;4;0;0;16;2
PA2025-2751;2025-08-27;Standard;13;Bestandskunde;Medizintechnik;Bearbeitung;2;Stahl;pulverbeschichtet;28;28;15;0,006;4;6;6;1,0;4;0;0;16;2
PA2025-2752;2025-08-30;Standard;10;Bestandskunde;Medizintechnik;Bearbeitung;13;Stahl;pulverbeschichtet;28;28;15;0,039;4;39;39;1,0;4;0;0;104;13
PA2025-2753;2025-08-31;Standard;8;Bestandskunde;Automobilindustrie;Bearbeitung;2;Stahl;pulverbeschichtet;26;26;7;0,004;4;6;6;1,0;4;0;0;14;2
PA2025-2754;2025-08-27;Standard;4;Bestandskunde;Maschinenbau;Bearbeitung;1;Stahl;pulverbeschichtet;28;28;15;0,003;4;3;3;1,0;4;0;0;8;1
PA2025-2755;2025-08-27;Standard;5;Bestandskunde;Automobilindustrie;Bearbeitung;17;Stahl;pulverbeschichtet;26;26;7;0,034;4;51;51;1,0;4;0;0;119;17
PA2025-2756;2025-08-31;Änderung;5;Bestandskunde;Logistiktechnik;Bearbeitung;15;Stahl;pulverbeschichtet;28;28;15;0,045;4;45;45;1,0;4;0;0;120;15
PA2025-2757;2025-09-01;Änderung;8;Bestandskunde;Haushaltsgeräte;Bearbeitung;20;Stahl;pulverbeschichtet;28;28;15;0,06;4;60;60;1,0;4;0;0;160;20
PA2025-2758;2025-08-29;Standard;9;Bestandskunde;Haushaltsgeräte;Bearbeitung;6;Stahl;pulverbeschichtet;28;28;15;0,018;4;18;18;1,0;4;0;0;48;6
PA2025-2759;2025-09-01;Standard;7;Neukunde;Logistiktechnik;Bearbeitung;19;Stahl;pulverbeschichtet;26;26;7;0,038;4;57;57;1,0;4;0;0;133;19
PA2025-2760;2025-08-27;Standard;7;Bestandskunde;Logistiktechnik;Bearbeitung;2;Stahl;pulverbeschichtet;28;28;15;0,006;4;6;6;1,0;4;0;0;16;2
PA2025-2761;2025-09-03;Änderung;11;Bestandskunde;Sonstige;Bearbeitung;6;Stahl;pulverbeschichtet;26;26;7;0,012;4;18;18;1,0;4;0;0;42;6
PA2025-2762;2025-09-08;Änderung;9;Bestandskunde;Medizintechnik;Bearbeitung;11;Stahl;pulverbeschichtet;28;28;15;0,033;4;33;33;1,0;4;0;0;88;11
PA2025-2763;2025-09-05;Standard;4;Bestandskunde;Automobilindustrie;Bearbeitung;15;Stahl;pulverbeschichtet;26;26;7;0,03;4;45;45;1,0;4;0;0;105;15
PA2025-2764;2025-09-06;Standard;5;Bestandskunde;Logistiktechnik;Bearbeitung;19;Stahl;pulverbeschichtet;26;26;7;0,038;4;57;57;1,0;4;0;0;133;19
PA2025-2765;2025-09-03;Standard;8;Bestandskunde;Maschinenbau;Bearbeitung;2;Stahl;pulverbeschichtet;28;28;15;0,006;4;6;6;1,0;4;0;0;16;2
PA2025-2766;2025-09-05;Standard;7;Bestandskunde;Automobilindustrie;Bearbeitung;1;Stahl;pulverbeschichtet;26;26;7;0,002;4;3;3;1,0;4;0;0;7;1
PA2025-2767;2025-09-03;Standard;9;Bestandskunde;Sonstige;Bearbeitung;7;Stahl;pulverbeschichtet;26;26;7;0,014;4;21;21;1,0;4;0;0;49;7
PA2025-2768;2025-09-07;Änderung;10;Bestandskunde;Maschinenbau;Bearbeitung;20;Stahl;pulverbeschichtet;28;28;15;0,06;4;60;60;1,0;4;0;0;160;20
PA2025-2769;2025-09-08;Standard;11;Bestandskunde;Sonstige;Bearbeitung;6;Stahl;pulverbeschichtet;26;26;7;0,012;4;18;18;1,0;4;0;0;42;6
PA2025-2770;2025-09-09;Standard;8;Bestandskunde;Automobilindustrie;Bearbeitung;11;Stahl;pulverbeschichtet;28;28;15;0,033;4;33;33;1,0;4;0;0;88;11
PA2025-2771;2025-09-05;Standard;11;Bestandskunde;Logistiktechnik;Bearbeitung;16;Stahl;pulverbeschichtet;26;26;7;0,032;4;48;48;1,0;4;0;0;112;16
PA2025-2772;2025-09-06;Standard;13;Bestandskunde;Maschinenbau;Bearbeitung;18;Stahl;pulverbeschichtet;26;26;7;0,036;4;54;54;1,0;4;0;0;126;18
PA2025-2773;2025-09-07;Standard;13;Bestandskunde;Automobilindustrie;Bearbeitung;2;Stahl;pulverbeschichtet;26;26;7;0,004;4;6;6;1,0;4;0;0;14;2
PA2025-2774;2025-09-07;Änderung;10;Bestandskunde;Maschinenbau;Bearbeitung;7;Stahl;pulverbeschichtet;26;26;7;0,014;4;21;21;1,0;4;0;0;49;7
PA2025-2775;2025-09-05;Standard;10;Bestandskunde;Medizintechnik;Bearbeitung;13;Stahl;pulverbeschichtet;26;26;7;0,026;4;39;39;1,0;4;0;0;91;13
PA2025-2776;2025-09-06;Standard;7;Bestandskunde;Sonstige;Bearbeitung;6;Stahl;pulverbeschichtet;28;28;15;0,018;4;18;18;1,0;4;0;0;48;6
PA2025-2777;2025-09-03;Standard;14;Bestandskunde;Logistiktechnik;Bearbeitung;9;Stahl;pulverbeschichtet;28;28;15;0,027;4;27;27;1,0;4;0;0;72;9
PA2025-2778;2025-09-04;Standard;10;Bestandskunde;Automobilindustrie;Bearbeitung;6;Stahl;pulverbeschichtet;26;26;7;0,012;4;18;18;1,0;4;0;0;42;6
PA2025-2779;2025-09-08;Änderung;7;Bestandskunde;Sonstige;Bearbeitung;11;Stahl;pulverbeschichtet;26;26;7;0,022;4;33;33;1,0;4;0;0;77;11
PA2025-2780;2025-09-03;Standard;4;Bestandskunde;Automobilindustrie;Bearbeitung;14;Stahl;pulverbeschichtet;26;26;7;0,028;4;42;42;1,0;4;0;0;98;14
PA2025-2781;2025-09-04;Änderung;3;Bestandskunde;Automobilindustrie;Bearbeitung;18;Stahl;pulverbeschichtet;26;26;7;0,036;4;54;54;1,0;4;0;0;126;18
PA2025-2782;2025-09-05;Standard;8;Bestandskunde;Maschinenbau;Bearbeitung;4;Stahl;pulverbeschichtet;28;28;15;0,012;4;12;12;1,0;4;0;0;32;4
PA2025-2783;2025-09-06;Standard;14;Bestandskunde;Maschinenbau;Bearbeitung;1;Stahl;pulverbeschichtet;26;26;7;0,002;4;3;3;1,0;4;0;0;7;1
PA2025-2784;2025-09-05;Standard;13;Bestandskunde;Automobilindustrie;Bearbeitung;19;Stahl;pulverbeschichtet;28;28;15;0,057;4;57;57;1,0;4;0;0;152;19
PA2025-2785;2025-09-09;Standard;8;Bestandskunde;Sonstige;Bearbeitung;19;Stahl;pulverbeschichtet;28;28;15;0,057;4;57;57;1,0;4;0;0;152;19
PA2025-2786;2025-09-04;Änderung;11;Bestandskunde;Maschinenbau;Bearbeitung;8;Stahl;pulverbeschichtet;28;28;15;0,024;4;24;24;1,0;4;0;0;64;8
PA2025-2787;2025-09-09;Standard;8;Bestandskunde;Automobilindustrie;Bearbeitung;5;Stahl;pulverbeschichtet;28;28;15;0,015;4;15;15;1,0;4;0;0;40;5
PA2025-2788;2025-09-05;Änderung;15;Bestandskunde;Automobilindustrie;Bearbeitung;15;Stahl;pulverbeschichtet;28;28;15;0,045;4;45;45;1,0;4;0;0;120;15
PA2025-2789;2025-09-03;Standard;13;Bestandskunde;Logistiktechnik;Bearbeitung;6;Stahl;pulverbeschichtet;26;26;7;0,012;4;18;18;1,0;4;0;0;42;6
PA2025-2790;2025-09-04;Standard;7;Bestandskunde;Medizintechnik;Bearbeitung;4;Stahl;pulverbeschichtet;26;26;7;0,008;4;12;12;1,0;4;0;0;28;4
PA2025-2791;2025-09-05;Standard;15;Bestandskunde;Haushaltsgeräte;Bearbeitung;16;Stahl;pulverbeschichtet;26;26;7;0,032;4;48;48;1,0;4;0;0;112;16
PA2025-2792;2025-09-07;Standard;6;Neukunde;Maschinenbau;Bearbeitung;17;Stahl;pulverbeschichtet;26;26;7;0,034;4;51;51;1,0;4;0;0;119;17
PA2025-2793;2025-09-07;Standard;12;Bestandskunde;Logistiktechnik;Bearbeitung;19;Stahl;pulverbeschichtet;28;28;15;0,057;4;57;57;1,0;4;0;0;152;19
PA2025-2794;2025-09-08;Standard;14;Bestandskunde;Automobilindustrie;Bearbeitung;4;Stahl;pulverbeschichtet;28;28;15;0,012;4;12;12;1,0;4;0;0;32;4
PA2025-2795;2025-09-07;Änderung;5;Neukunde;Sonstige;Bearbeitung;11;Stahl;pulverbeschichtet;28;28;15;0,033;4;33;33;1,0;4;0;0;88;11
PA2025-2796;2025-09-07;Standard;9;Bestandskunde;Medizintechnik;Bearbeitung;20;Stahl;pulverbeschichtet;26;26;7;0,04;4;60;60;1,0;4;0;0;140;20
PA2025-2797;2025-09-04;Änderung;15;Bestandskunde;Automobilindustrie;Bearbeitung;10;Stahl;pulverbeschichtet;26;26;7;0,02;4;30;30;1,0;4;0;0;70;10
PA2025-2798;2025-09-07;Standard;7;Neukunde;Medizintechnik;Bearbeitung;6;Stahl;pulverbeschichtet;26;26;7;0,012;4;18;18;1,0;4;0;0;42;6
PA2025-2799;2025-09-04;Standard;7;Bestandskunde;Automobilindustrie;Bearbeitung;8;Stahl;pulverbeschichtet;26;26;7;0,016;4;24;24;1,0;4;0;0;56;8
PA2025-2800;2025-09-03;Standard;9;Bestandskunde;Sonstige;Bearbeitung;9;Stahl;pulverbeschichtet;26;26;7;0,018;4;27;27;1,0;4;0;0;63;9
PA2025-2801;2025-09-08;Standard;15;Bestandskunde;Automobilindustrie;Bearbeitung;12;Stahl;pulverbeschichtet;26;26;7;0,024;4;36;36;1,0;4;0;0;84;12
PA2025-2802;2025-09-08;Änderung;7;Neukunde;Haushaltsgeräte;Bearbeitung;5;Stahl;pulverbeschichtet;26;26;7;0,01;4;15;15;1,0;4;0;0;35;5
PA2025-2803;2025-09-03;Standard;9;Bestandskunde;Haushaltsgeräte;Bearbeitung;8;Stahl;pulverbeschichtet;26;26;7;0,016;4;24;24;1,0;4;0;0;56;8
PA2025-2804;2025-09-08;Änderung;14;Bestandskunde;Maschinenbau;Bearbeitung;5;Stahl;pulverbeschichtet;26;26;7;0,01;4;15;15;1,0;4;0;0;35;5
PA2025-2805;2025-09-05;Standard;7;Neukunde;Maschinenbau;Bearbeitung;5;Stahl;pulverbeschichtet;26;26;7;0,01;4;15;15;1,0;4;0;0;35;5
PA2025-2806;2025-09-05;Standard;4;Bestandskunde;Sonstige;Bearbeitung;1;Stahl;pulverbeschichtet;26;26;7;0,002;4;3;3;1,0;4;0;0;7;1
PA2025-2807;2025-09-08;Standard;9;Bestandskunde;Medizintechnik;Bearbeitung;15;Stahl;pulverbeschichtet;26;26;7;0,03;4;45;45;1,0;4;0;0;105;15
PA2025-2808;2025-09-07;Standard;6;Bestandskunde;Maschinenbau;Bearbeitung;3;Stahl;pulverbeschichtet;28;28;15;0,009;4;9;9;1,0;4;0;0;24;3
PA2025-2809;2025-09-07;Standard;5;Neukunde;Sonstige;Bearbeitung;3;Stahl;pulverbeschichtet;26;26;7;0,006;4;9;9;1,0;4;0;0;21;3
PA2025-2810;2025-09-06;Standard;5;Bestandskunde;Maschinenbau;Bearbeitung;17;Stahl;pulverbeschichtet;28;28;15;0,051;4;51;51;1,0;4;0;0;136;17
PA2025-2811;2025-09-09;Änderung;3;Bestandskunde;Logistiktechnik;Bearbeitung;18;Stahl;pulverbeschichtet;26;26;7;0,036;4;54;54;1,0;4;0;0;126;18
PA2025-2812;2025-09-07;Standard;13;Bestandskunde;Logistiktechnik;Bearbeitung;3;Stahl;pulverbeschichtet;28;28;15;0,009;4;9;9;1,0;4;0;0;24;3
PA2025-2813;2025-09-06;Standard;15;Bestandskunde;Haushaltsgeräte;Bearbeitung;13;Stahl;pulverbeschichtet;26;26;7;0,026;4;39;39;1,0;4;0;0;91;13
PA2025-2814;2025-09-09;Änderung;13;Bestandskunde;Maschinenbau;Bearbeitung;2;Stahl;pulverbeschichtet;28;28;15;0,006;4;6;6;1,0;4;0;0;16;2
PA2025-2815;2025-09-08;Änderung;13;Bestandskunde;Sonstige;Bearbeitung;17;Stahl;pulverbeschichtet;28;28;15;0,051;4;51;51;1,0;4;0;0;136;17
PA2025-2816;2025-09-05;Standard;4;Bestandskunde;Logistiktechnik;Bearbeitung;9;Stahl;pulverbeschichtet;28;28;15;0,027;4;27;27;1,0;4;0;0;72;9
PA2025-2817;2025-09-03;Standard;13;Bestandskunde;Medizintechnik;Bearbeitung;7;Stahl;pulverbeschichtet;28;28;15;0,021;4;21;21;1,0;4;0;0;56;7
PA2025-2818;2025-09-09;Änderung;8;Bestandskunde;Logistiktechnik;Bearbeitung;12;Stahl;pulverbeschichtet;28;28;15;0,036;4;36;36;1,0;4;0;0;96;12
PA2025-2819;2025-09-08;Standard;13;Bestandskunde;Sonstige;Bearbeitung;6;Stahl;pulverbeschichtet;26;26;7;0,012;4;18;18;1,0;4;0;0;42;6
PA2025-2820;2025-09-06;Standard;5;Neukunde;Logistiktechnik;Bearbeitung;9;Stahl;pulverbeschichtet;28;28;15;0,027;4;27;27;1,0;4;0;0;72;9
PA2025-2821;2025-09-08;Standard;7;Bestandskunde;Automobilindustrie;Bearbeitung;18;Stahl;pulverbeschichtet;26;26;7;0,036;4;54;54;1,0;4;0;0;126;18
PA2025-2822;2025-09-08;Standard;7;Bestandskunde;Automobilindustrie;Bearbeitung;17;Stahl;pulverbeschichtet;28;28;15;0,051;4;51;51;1,0;4;0;0;136;17
PA2025-2823;2025-09-07;Standard;6;Bestandskunde;Maschinenbau;Bearbeitung;5;Stahl;pulverbeschichtet;26;26;7;0,01;4;15;15;1,0;4;0;0;35;5
PA2025-2824;2025-09-09;Änderung;5;Bestandskunde;Logistiktechnik;Bearbeitung;13;Stahl;pulverbeschichtet;26;26;7;0,026;4;39;39;1,0;4;0;0;91;13
PA2025-2825;2025-09-04;Standard;11;Bestandskunde;Sonstige;Bearbeitung;10;Stahl;pulverbeschichtet;28;28;15;0,03;4;30;30;1,0;4;0;0;80;10
PA2025-2826;2025-09-05;Änderung;4;Bestandskunde;Maschinenbau;Bearbeitung;8;Stahl;pulverbeschichtet;28;28;15;0,024;4;24;24;1,0;4;0;0;64;8
PA2025-2827;2025-09-09;Änderung;4;Bestandskunde;Automobilindustrie;Bearbeitung;3;Stahl;pulverbeschichtet;28;28;15;0,009;4;9;9;1,0;4;0;0;24;3
PA2025-2828;2025-09-07;Standard;15;Bestandskunde;Automobilindustrie;Bearbeitung;9;Stahl;pulverbeschichtet;28;28;15;0,027;4;27;27;1,0;4;0;0;72;9
PA2025-2829;2025-09-09;Änderung;13;Bestandskunde;Sonstige;Bearbeitung;9;Stahl;pulverbeschichtet;28;28;15;0,027;4;27;27;1,0;4;0;0;72;9
PA2025-2830;2025-09-09;Standard;13;Bestandskunde;Maschinenbau;Bearbeitung;9;Stahl;pulverbeschichtet;28;28;15;0,027;4;27;27;1,0;4;0;0;72;9
PA2025-2831;2025-09-05;Änderung;8;Bestandskunde;Logistiktechnik;Bearbeitung;9;Stahl;pulverbeschichtet;28;28;15;0,027;4;27;27;1,0;4;0;0;72;9
PA2025-2832;2025-09-08;Standard;15;Bestandskunde;Sonstige;Bearbeitung;14;Stahl;pulverbeschichtet;28;28;15;0,042;4;42;42;1,0;4;0;0;112;14
PA2025-2833;2025-09-04;Änderung;5;Bestandskunde;Sonstige;Bearbeitung;1;Stahl;pulverbeschichtet;26;26;7;0,002;4;3;3;1,0;4;0;0;7;1
PA2025-2834;2025-09-09;Standard;10;Bestandskunde;Sonstige;Bearbeitung;6;Stahl;pulverbeschichtet;26;26;7;0,012;4;18;18;1,0;4;0;0;42;6
PA2025-2835;2025-09-04;Standard;11;Bestandskunde;Logistiktechnik;Bearbeitung;13;Stahl;pulverbeschichtet;28;28;15;0,039;4;39;39;1,0;4;0;0;104;13
PA2025-2836;2025-09-09;Standard;13;Bestandskunde;Medizintechnik;Bearbeitung;8;Stahl;pulverbeschichtet;28;28;15;0,024;4;24;24;1,0;4;0;0;64;8
PA2025-2837;2025-09-09;Änderung;9;Bestandskunde;Maschinenbau;Bearbeitung;19;Stahl;pulverbeschichtet;26;26;7;0,038;4;57;57;1,0;4;0;0;133;19
PA2025-2838;2025-09-04;Standard;11;Bestandskunde;Automobilindustrie;Bearbeitung;2;Stahl;pulverbeschichtet;26;26;7;0,004;4;6;6;1,0;4;0;0;14;2
PA2025-2839;2025-09-07;Standard;9;Bestandskunde;Logistiktechnik;Bearbeitung;14;Stahl;pulverbeschichtet;28;28;15;0,042;4;42;42;1,0;4;0;0;112;14
PA2025-2840;2025-09-09;Standard;11;Bestandskunde;Automobilindustrie;Bearbeitung;2;Stahl;pulverbeschichtet;26;26;7;0,004;4;6;6;1,0;4;0;0;14;2
PA2025-2841;2025-09-06;Änderung;9;Bestandskunde;Automobilindustrie;Bearbeitung;4;Stahl;pulverbeschichtet;28;28;15;0,012;4;12;12;1,0;4;0;0;32;4
PA2025-2842;2025-09-07;Standard;6;Bestandskunde;Logistiktechnik;Bearbeitung;12;Stahl;pulverbeschichtet;26;26;7;0,024;4;36;36;1,0;4;0;0;84;12
PA2025-2843;2025-09-03;Standard;5;Bestandskunde;Automobilindustrie;Bearbeitung;3;Stahl;pulverbeschichtet;26;26;7;0,006;4;9;9;1,0;4;0;0;21;3
PA2025-2844;2025-09-04;Standard;7;Bestandskunde;Maschinenbau;Bearbeitung;9;Stahl;pulverbeschichtet;28;28;15;0,027;4;27;27;1,0;4;0;0;72;9
PA2025-2845;2025-09-07;Standard;15;Bestandskunde;Haushaltsgeräte;Bearbeitung;16;Stahl;pulverbeschichtet;26;26;7;0,032;4;48;48;1,0;4;0;0;112;16
PA2025-2846;2025-09-06;Standard;8;Bestandskunde;Sonstige;Bearbeitung;1;Stahl;pulverbeschichtet;26;26;7;0,002;4;3;3;1,0;4;0;0;7;1
PA2025-2847;2025-09-08;Standard;7;Bestandskunde;Medizintechnik;Bearbeitung;15;Stahl;pulverbeschichtet;28;28;15;0,045;4;45;45;1,0;4;0;0;120;15
PA2025-2848;2025-09-06;Änderung;10;Bestandskunde;Maschinenbau;Bearbeitung;1;Stahl;pulverbeschichtet;26;26;7;0,002;4;3;3;1,0;4;0;0;7;1
PA2025-2849;2025-09-03;Standard;4;Bestandskunde;Logistiktechnik;Bearbeitung;12;Stahl;pulverbeschichtet;26;26;7;0,024;4;36;36;1,0;4;0;0;84;12
PA2025-2850;2025-09-07;Standard;5;Neukunde;Logistiktechnik;Bearbeitung;11;Stahl;pulverbeschichtet;26;26;7;0,022;4;33;33;1,0;4;0;0;77;11
PA2025-2851;2025-09-10;Standard;7;Bestandskunde;Automobilindustrie;Bearbeitung;5;Stahl;pulverbeschichtet;26;26;7;0,01;4;15;15;1,0;4;0;0;35;5
PA2025-2852;2025-09-11;Änderung;11;Neukunde;Sonstige;Bearbeitung;7;Stahl;pulverbeschichtet;26;26;7;0,014;4;21;21;1,0;4;0;0;49;7
PA2025-2853;2025-09-10;Standard;10;Bestandskunde;Sonstige;Bearbeitung;4;Stahl;pulverbeschichtet;26;26;7;0,008;4;12;12;1,0;4;0;0;28;4
PA2025-2854;2025-09-14;Standard;5;Bestandskunde;Maschinenbau;Bearbeitung;2;Stahl;pulverbeschichtet;26;26;7;0,004;4;6;6;1,0;4;0;0;14;2
PA2025-2855;2025-09-11;Standard;11;Bestandskunde;Maschinenbau;Bearbeitung;5;Stahl;pulverbeschichtet;26;26;7;0,01;4;15;15;1,0;4;0;0;35;5
PA2025-2856;2025-09-15;Standard;4;Bestandskunde;Sonstige;Bearbeitung;16;Stahl;pulverbeschichtet;28;28;15;0,048;4;48;48;1,0;4;0;0;128;16
PA2025-2857;2025-09-11;Änderung;11;Bestandskunde;Sonstige;Bearbeitung;7;Stahl;pulverbeschichtet;26;26;7;0,014;4;21;21;1,0;4;0;0;49;7
PA2025-2858;2025-09-11;Änderung;6;Neukunde;Automobilindustrie;Bearbeitung;15;Stahl;pulverbeschichtet;26;26;7;0,03;4;45;45;1,0;4;0;0;105;15
PA2025-2859;2025-09-14;Standard;8;Bestandskunde;Logistiktechnik;Bearbeitung;16;Stahl;pulverbeschichtet;26;26;7;0,032;4;48;48;1,0;4;0;0;112;16
PA2025-2860;2025-09-11;Standard;6;Bestandskunde;Medizintechnik;Bearbeitung;17;Stahl;pulverbeschichtet;26;26;7;0,034;4;51;51;1,0;4;0;0;119;17
PA2025-2861;2025-09-13;Standard;12;Bestandskunde;Automobilindustrie;Bearbeitung;15;Stahl;pulverbeschichtet;28;28;15;0,045;4;45;45;1,0;4;0;0;120;15
PA2025-2862;2025-09-13;Änderung;15;Bestandskunde;Automobilindustrie;Bearbeitung;17;Stahl;pulverbeschichtet;26;26;7;0,034;4;51;51;1,0;4;0;0;119;17
PA2025-2863;2025-09-13;Änderung;5;Bestandskunde;Sonstige;Bearbeitung;5;Stahl;pulverbeschichtet;26;26;7;0,01;4;15;15;1,0;4;0;0;35;5
PA2025-2864;2025-09-12;Standard;8;Bestandskunde;Sonstige;Bearbeitung;18;Stahl;pulverbeschichtet;28;28;15;0,054;4;54;54;1,0;4;0;0;144;18
PA2025-2865;2025-09-16;Änderung;14;Bestandskunde;Maschinenbau;Bearbeitung;14;Stahl;pulverbeschichtet;26;26;7;0,028;4;42;42;1,0;4;0;0;98;14
PA2025-2866;2025-09-16;Standard;9;Bestandskunde;Haushaltsgeräte;Bearbeitung;11;Stahl;pulverbeschichtet;28;28;15;0,033;4;33;33;1,0;4;0;0;88;11
PA2025-2867;2025-09-11;Änderung;6;Bestandskunde;Maschinenbau;Bearbeitung;7;Stahl;pulverbeschichtet;28;28;15;0,021;4;21;21;1,0;4;0;0;56;7
PA2025-2868;2025-09-11;Änderung;15;Bestandskunde;Haushaltsgeräte;Bearbeitung;20;Stahl;pulverbeschichtet;26;26;7;0,04;4;60;60;1,0;4;0;0;140;20
PA2025-2869;2025-09-11;Standard;11;Bestandskunde;Haushaltsgeräte;Bearbeitung;19;Stahl;pulverbeschichtet;28;28;15;0,057;4;57;57;1,0;4;0;0;152;19
PA2025-2870;2025-09-11;Standard;11;Bestandskunde;Haushaltsgeräte;Bearbeitung;20;Stahl;pulverbeschichtet;26;26;7;0,04;4;60;60;1,0;4;0;0;140;20
PA2025-2871;2025-09-12;Standard;4;Bestandskunde;Medizintechnik;Bearbeitung;16;Stahl;pulverbeschichtet;28;28;15;0,048;4;48;48;1,0;4;0;0;128;16
PA2025-2872;2025-09-16;Standard;6;Bestandskunde;Medizintechnik;Bearbeitung;16;Stahl;pulverbeschichtet;26;26;7;0,032;4;48;48;1,0;4;0;0;112;16
PA2025-2873;2025-09-16;Änderung;8;Bestandskunde;Automobilindustrie;Bearbeitung;8;Stahl;pulverbeschichtet;28;28;15;0,024;4;24;24;1,0;4;0;0;64;8
PA2025-2874;2025-09-15;Standard;11;Bestandskunde;Automobilindustrie;Bearbeitung;3;Stahl;pulverbeschichtet;28;28;15;0,009;4;9;9;1,0;4;0;0;24;3
PA2025-2875;2025-09-11;Standard;11;Bestandskunde;Maschinenbau;Bearbeitung;10;Stahl;pulverbeschichtet;26;26;7;0,02;4;30;30;1,0;4;0;0;70;10
PA2025-2876;2025-09-14;Standard;15;Bestandskunde;Maschinenbau;Bearbeitung;11;Stahl;pulverbeschichtet;28;28;15;0,033;4;33;33;1,0;4;0;0;88;11
PA2025-2877;2025-09-10;Standard;12;Bestandskunde;Logistiktechnik;Bearbeitung;6;Stahl;pulverbeschichtet;28;28;15;0,018;4;18;18;1,0;4;0;0;48;6
PA2025-2878;2025-09-10;Standard;12;Bestandskunde;Automobilindustrie;Bearbeitung;3;Stahl;pulverbeschichtet;26;26;7;0,006;4;9;9;1,0;4;0;0;21;3
PA2025-2879;2025-09-13;Standard;10;Bestandskunde;Maschinenbau;Bearbeitung;3;Stahl;pulverbeschichtet;28;28;15;0,009;4;9;9;1,0;4;0;0;24;3
PA2025-2880;2025-09-11;Standard;11;Bestandskunde;Logistiktechnik;Bearbeitung;6;Stahl;pulverbeschichtet;28;28;15;0,018;4;18;18;1,0;4;0;0;48;6
PA2025-2881;2025-09-16;Standard;3;Bestandskunde;Maschinenbau;Bearbeitung;6;Stahl;pulverbeschichtet;26;26;7;0,012;4;18;18;1,0;4;0;0;42;6
PA2025-2882;2025-09-15;Änderung;4;Bestandskunde;Medizintechnik;Bearbeitung;16;Stahl;pulverbeschichtet;28;28;15;0,048;4;48;48;1,0;4;0;0;128;16
PA2025-2883;2025-09-15;Standard;5;Bestandskunde;Automobilindustrie;Bearbeitung;7;Stahl;pulverbeschichtet;26;26;7;0,014;4;21;21;1,0;4;0;0;49;7
PA2025-2884;2025-09-14;Standard;13;Bestandskunde;Automobilindustrie;Bearbeitung;15;Stahl;pulverbeschichtet;26;26;7;0,03;4;45;45;1,0;4;0;0;105;15
PA2025-2885;2025-09-14;Änderung;15;Bestandskunde;Sonstige;Bearbeitung;14;Stahl;pulverbeschichtet;28;28;15;0,042;4;42;42;1,0;4;0;0;112;14
PA2025-2886;2025-09-11;Standard;5;Bestandskunde;Sonstige;Bearbeitung;6;Stahl;pulverbeschichtet;28;28;15;0,018;4;18;18;1,0;4;0;0;48;6
PA2025-2887;2025-09-15;Standard;13;Bestandskunde;Sonstige;Bearbeitung;11;Stahl;pulverbeschichtet;26;26;7;0,022;4;33;33;1,0;4;0;0;77;11
PA2025-2888;2025-09-14;Änderung;14;Bestandskunde;Automobilindustrie;Bearbeitung;7;Stahl;pulverbeschichtet;28;28;15;0,021;4;21;21;1,0;4;0;0;56;7
PA2025-2889;2025-09-10;Standard;5;Bestandskunde;Automobilindustrie;Bearbeitung;10;Stahl;pulverbeschichtet;28;28;15;0,03;4;30;30;1,0;4;0;0;80;10
PA2025-2890;2025-09-14;Änderung;11;Bestandskunde;Maschinenbau;Bearbeitung;2;Stahl;pulverbeschichtet;26;26;7;0,004;4;6;6;1,0;4;0;0;14;2
PA2025-2891;2025-09-14;Standard;5;Bestandskunde;Maschinenbau;Bearbeitung;12;Stahl;pulverbeschichtet;26;26;7;0,024;4;36;36;1,0;4;0;0;84;12
PA2025-2892;2025-09-12;Standard;10;Bestandskunde;Maschinenbau;Bearbeitung;10;Stahl;pulverbeschichtet;28;28;15;0,03;4;30;30;1,0;4;0;0;80;10
PA2025-2893;2025-09-15;Änderung;4;Bestandskunde;Logistiktechnik;Bearbeitung;18;Stahl;pulverbeschichtet;28;28;15;0,054;4;54;54;1,0;4;0;0;144;18
PA2025-2894;2025-09-12;Standard;10;Bestandskunde;Haushaltsgeräte;Bearbeitung;16;Stahl;pulverbeschichtet;28;28;15;0,048;4;48;48;1,0;4;0;0;128;16
PA2025-2895;2025-09-14;Standard;15;Bestandskunde;Logistiktechnik;Bearbeitung;3;Stahl;pulverbeschichtet;28;28;15;0,009;4;9;9;1,0;4;0;0;24;3
PA2025-2896;2025-09-13;Standard;11;Neukunde;Automobilindustrie;Bearbeitung;9;Stahl;pulverbeschichtet;28;28;15;0,027;4;27;27;1,0;4;0;0;72;9
PA2025-2897;2025-09-10;Standard;12;Bestandskunde;Automobilindustrie;Bearbeitung;8;Stahl;pulverbeschichtet;28;28;15;0,024;4;24;24;1,0;4;0;0;64;8
PA2025-2898;2025-09-10;Standard;12;Bestandskunde;Automobilindustrie;Bearbeitung;20;Stahl;pulverbeschichtet;28;28;15;0,06;4;60;60;1,0;4;0;0;160;20
PA2025-2899;2025-09-13;Standard;5;Bestandskunde;Sonstige;Bearbeitung;12;Stahl;pulverbeschichtet;26;26;7;0,024;4;36;36;1,0;4;0;0;84;12
PA2025-2900;2025-09-11;Änderung;11;Bestandskunde;Sonstige;Bearbeitung;19;Stahl;pulverbeschichtet;26;26;7;0,038;4;57;57;1,0;4;0;0;133;19
PA2025-2901;2025-09-10;Änderung;7;Bestandskunde;Haushaltsgeräte;Bearbeitung;17;Stahl;pulverbeschichtet;28;28;15;0,051;4;51;51;1,0;4;0;0;136;17
PA2025-2902;2025-09-13;Standard;8;Bestandskunde;Haushaltsgeräte;Bearbeitung;3;Stahl;pulverbeschichtet;26;26;7;0,006;4;9;9;1,0;4;0;0;21;3
PA2025-2903;2025-09-12;Änderung;15;Bestandskunde;Maschinenbau;Bearbeitung;19;Stahl;pulverbeschichtet;28;28;15;0,057;4;57;57;1,0;4;0;0;152;19
PA2025-2904;2025-09-13;Standard;11;Bestandskunde;Sonstige;Bearbeitung;14;Stahl;pulverbeschichtet;28;28;15;0,042;4;42;42;1,0;4;0;0;112;14
PA2025-2905;2025-09-12;Änderung;9;Bestandskunde;Haushaltsgeräte;Bearbeitung;10;Stahl;pulverbeschichtet;26;26;7;0,02;4;30;30;1,0;4;0;0;70;10
PA2025-2906;2025-09-15;Änderung;9;Bestandskunde;Maschinenbau;Bearbeitung;10;Stahl;pulverbeschichtet;26;26;7;0,02;4;30;30;1,0;4;0;0;70;10
PA2025-2907;2025-09-14;Änderung;10;Bestandskunde;Maschinenbau;Bearbeitung;9;Stahl;pulverbeschichtet;26;26;7;0,018;4;27;27;1,0;4;0;0;63;9
PA2025-2908;2025-09-13;Änderung;10;Bestandskunde;Maschinenbau;Bearbeitung;14;Stahl;pulverbeschichtet;28;28;15;0,042;4;42;42;1,0;4;0;0;112;14
PA2025-2909;2025-09-14;Standard;8;Bestandskunde;Sonstige;Bearbeitung;11;Stahl;pulverbeschichtet;28;28;15;0,033;4;33;33;1,0;4;0;0;88;11
PA2025-2910;2025-09-14;Änderung;15;Bestandskunde;Automobilindustrie;Bearbeitung;19;Stahl;pulverbeschichtet;28;28;15;0,057;4;57;57;1,0;4;0;0;152;19
PA2025-2911;2025-09-11;Standard;6;Bestandskunde;Sonstige;Bearbeitung;19;Stahl;pulverbeschichtet;28;28;15;0,057;4;57;57;1,0;4;0;0;152;19
PA2025-2912;2025-09-10;Standard;7;Bestandskunde;Medizintechnik;Bearbeitung;2;Stahl;pulverbeschichtet;28;28;15;0,006;4;6;6;1,0;4;0;0;16;2
PA2025-2913;2025-09-12;Änderung;15;Bestandskunde;Sonstige;Bearbeitung;14;Stahl;pulverbeschichtet;28;28;15;0,042;4;42;42;1,0;4;0;0;112;14
PA2025-2914;2025-09-13;Standard;6;Bestandskunde;Sonstige;Bearbeitung;8;Stahl;pulverbeschichtet;28;28;15;0,024;4;24;24;1,0;4;0;0;64;8
PA2025-2915;2025-09-12;Standard;9;Neukunde;Automobilindustrie;Bearbeitung;13;Stahl;pulverbeschichtet;26;26;7;0,026;4;39;39;1,0;4;0;0;91;13
PA2025-2916;2025-09-15;Standard;9;Bestandskunde;Automobilindustrie;Bearbeitung;5;Stahl;pulverbeschichtet;26;26;7;0,01;4;15;15;1,0;4;0;0;35;5
PA2025-2917;2025-09-11;Standard;6;Bestandskunde;Logistiktechnik;Bearbeitung;11;Stahl;pulverbeschichtet;28;28;15;0,033;4;33;33;1,0;4;0;0;88;11
PA2025-2918;2025-09-14;Standard;13;Bestandskunde;Logistiktechnik;Bearbeitung;16;Stahl;pulverbeschichtet;28;28;15;0,048;4;48;48;1,0;4;0;0;128;16
PA2025-2919;2025-09-16;Änderung;5;Bestandskunde;Automobilindustrie;Bearbeitung;3;Stahl;pulverbeschichtet;26;26;7;0,006;4;9;9;1,0;4;0;0;21;3
PA2025-2920;2025-09-12;Standard;10;Bestandskunde;Sonstige;Bearbeitung;13;Stahl;pulverbeschichtet;28;28;15;0,039;4;39;39;1,0;4;0;0;104;13
PA2025-2921;2025-09-10;Standard;5;Bestandskunde;Automobilindustrie;Bearbeitung;12;Stahl;pulverbeschichtet;28;28;15;0,036;4;36;36;1,0;4;0;0;96;12
PA2025-2922;2025-09-12;Standard;6;Bestandskunde;Sonstige;Bearbeitung;5;Stahl;pulverbeschichtet;26;26;7;0,01;4;15;15;1,0;4;0;0;35;5
PA2025-2923;2025-09-11;Änderung;10;Bestandskunde;Logistiktechnik;Bearbeitung;14;Stahl;pulverbeschichtet;26;26;7;0,028;4;42;42;1,0;4;0;0;98;14
PA2025-2924;2025-09-10;Standard;10;Bestandskunde;Haushaltsgeräte;Bearbeitung;19;Stahl;pulverbeschichtet;26;26;7;0,038;4;57;57;1,0;4;0;0;133;19
PA2025-2925;2025-09-15;Standard;13;Bestandskunde;Haushaltsgeräte;Bearbeitung;1;Stahl;pulverbeschichtet;28;28;15;0,003;4;3;3;1,0;4;0;0;8;1
PA2025-2926;2025-09-15;Standard;7;Bestandskunde;Sonstige;Bearbeitung;19;Stahl;pulverbeschichtet;26;26;7;0,038;4;57;57;1,0;4;0;0;133;19
PA2025-2927;2025-09-16;Änderung;5;Bestandskunde;Sonstige;Bearbeitung;15;Stahl;pulverbeschichtet;26;26;7;0,03;4;45;45;1,0;4;0;0;105;15
PA2025-2928;2025-09-13;Standard;10;Bestandskunde;Automobilindustrie;Bearbeitung;7;Stahl;pulverbeschichtet;28;28;15;0,021;4;21;21;1,0;4;0;0;56;7
PA2025-2929;2025-09-11;Änderung;8;Bestandskunde;Medizintechnik;Bearbeitung;12;Stahl;pulverbeschichtet;28;28;15;0,036;4;36;36;1,0;4;0;0;96;12
PA2025-2930;2025-09-11;Standard;9;Bestandskunde;Logistiktechnik;Bearbeitung;15;Stahl;pulverbeschichtet;26;26;7;0,03;4;45;45;1,0;4;0;0;105;15
PA2025-2931;2025-09-16;Standard;8;Bestandskunde;Medizintechnik;Bearbeitung;5;Stahl;pulverbeschichtet;28;28;15;0,015;4;15;15;1,0;4;0;0;40;5
PA2025-2932;2025-09-11;Standard;3;Bestandskunde;Logistiktechnik;Bearbeitung;4;Stahl;pulverbeschichtet;26;26;7;0,008;4;12;12;1,0;4;0;0;28;4
PA2025-2933;2025-09-10;Standard;8;Bestandskunde;Automobilindustrie;Bearbeitung;14;Stahl;pulverbeschichtet;26;26;7;0,028;4;42;42;1,0;4;0;0;98;14
PA2025-2934;2025-09-10;Änderung;6;Bestandskunde;Automobilindustrie;Bearbeitung;15;Stahl;pulverbeschichtet;28;28;15;0,045;4;45;45;1,0;4;0;0;120;15
PA2025-2935;2025-09-13;Änderung;13;Bestandskunde;Maschinenbau;Bearbeitung;20;Stahl;pulverbeschichtet;28;28;15;0,06;4;60;60;1,0;4;0;0;160;20
PA2025-2936;2025-09-11;Änderung;4;Bestandskunde;Automobilindustrie;Bearbeitung;7;Stahl;pulverbeschichtet;28;28;15;0,021;4;21;21;1,0;4;0;0;56;7
PA2025-2937;2025-09-11;Änderung;8;Bestandskunde;Maschinenbau;Bearbeitung;9;Stahl;pulverbeschichtet;26;26;7;0,018;4;27;27;1,0;4;0;0;63;9
PA2025-2938;2025-09-11;Standard;3;Bestandskunde;Maschinenbau;Bearbeitung;5;Stahl;pulverbeschichtet;28;28;15;0,015;4;15;15;1,0;4;0;0;40;5
PA2025-2939;2025-09-14;Änderung;10;Bestandskunde;Medizintechnik;Bearbeitung;19;Stahl;pulverbeschichtet;26;26;7;0,038;4;57;57;1,0;4;0;0;133;19
PA2025-2940;2025-09-13;Änderung;7;Bestandskunde;Automobilindustrie;Bearbeitung;5;Stahl;pulverbeschichtet;26;26;7;0,01;4;15;15;1,0;4;0;0;35;5
PA2025-2941;2025-09-19;Standard;4;Bestandskunde;Automobilindustrie;Bearbeitung;14;Stahl;pulverbeschichtet;28;28;15;0,042;4;42;42;1,0;4;0;0;112;14
PA2025-2942;2025-09-21;Änderung;15;Bestandskunde;Medizintechnik;Bearbeitung;16;Stahl;pulverbeschichtet;28;28;15;0,048;4;48;48;1,0;4;0;0;128;16
PA2025-2943;2025-09-23;Standard;9;Bestandskunde;Automobilindustrie;Bearbeitung;20;Stahl;pulverbeschichtet;28;28;15;0,06;4;60;60;1,0;4;0;0;160;20
PA2025-2944;2025-09-17;Standard;12;Bestandskunde;Logistiktechnik;Bearbeitung;18;Stahl;pulverbeschichtet;26;26;7;0,036;4;54;54;1,0;4;0;0;126;18
PA2025-2945;2025-09-23;Standard;14;Bestandskunde;Sonstige;Bearbeitung;3;Stahl;pulverbeschichtet;28;28;15;0,009;4;9;9;1,0;4;0;0;24;3
PA2025-2946;2025-09-19;Standard;4;Bestandskunde;Haushaltsgeräte;Bearbeitung;11;Stahl;pulverbeschichtet;26;26;7;0,022;4;33;33;1,0;4;0;0;77;11
PA2025-2947;2025-09-23;Standard;10;Neukunde;Automobilindustrie;Bearbeitung;5;Stahl;pulverbeschichtet;28;28;15;0,015;4;15;15;1,0;4;0;0;40;5
PA2025-2948;2025-09-18;Standard;7;Bestandskunde;Maschinenbau;Bearbeitung;3;Stahl;pulverbeschichtet;26;26;7;0,006;4;9;9;1,0;4;0;0;21;3
PA2025-2949;2025-09-18;Änderung;5;Bestandskunde;Logistiktechnik;Bearbeitung;17;Stahl;pulverbeschichtet;26;26;7;0,034;4;51;51;1,0;4;0;0;119;17
PA2025-2950;2025-09-17;Standard;8;Bestandskunde;Logistiktechnik;Bearbeitung;18;Stahl;pulverbeschichtet;28;28;15;0,054;4;54;54;1,0;4;0;0;144;18
PA2025-2951;2025-09-21;Änderung;5;Neukunde;Sonstige;Bearbeitung;3;Stahl;pulverbeschichtet;28;28;15;0,009;4;9;9;1,0;4;0;0;24;3
PA2025-2952;2025-09-23;Standard;14;Bestandskunde;Automobilindustrie;Bearbeitung;8;Stahl;pulverbeschichtet;28;28;15;0,024;4;24;24;1,0;4;0;0;64;8
PA2025-2953;2025-09-17;Standard;9;Bestandskunde;Medizintechnik;Bearbeitung;11;Stahl;pulverbeschichtet;26;26;7;0,022;4;33;33;1,0;4;0;0;77;11
PA2025-2954;2025-09-17;Standard;7;Bestandskunde;Automobilindustrie;Bearbeitung;13;Stahl;pulverbeschichtet;26;26;7;0,026;4;39;39;1,0;4;0;0;91;13
PA2025-2955;2025-09-18;Änderung;13;Bestandskunde;Haushaltsgeräte;Bearbeitung;10;Stahl;pulverbeschichtet;28;28;15;0,03;4;30;30;1,0;4;0;0;80;10
PA2025-2956;2025-09-17;Standard;12;Bestandskunde;Automobilindustrie;Bearbeitung;9;Stahl;pulverbeschichtet;26;26;7;0,018;4;27;27;1,0;4;0;0;63;9
PA2025-2957;2025-09-18;Änderung;3;Bestandskunde;Sonstige;Bearbeitung;7;Stahl;pulverbeschichtet;28;28;15;0,021;4;21;21;1,0;4;0;0;56;7
PA2025-2958;2025-09-19;Standard;13;Bestandskunde;Maschinenbau;Bearbeitung;10;Stahl;pulverbeschichtet;28;28;15;0,03;4;30;30;1,0;4;0;0;80;10
PA2025-2959;2025-09-21;Änderung;11;Bestandskunde;Maschinenbau;Bearbeitung;6;Stahl;pulverbeschichtet;28;28;15;0,018;4;18;18;1,0;4;0;0;48;6
PA2025-2960;2025-09-21;Standard;13;Bestandskunde;Sonstige;Bearbeitung;3;Stahl;pulverbeschichtet;26;26;7;0,006;4;9;9;1,0;4;0;0;21;3
PA2025-2961;2025-09-23;Standard;13;Bestandskunde;Maschinenbau;Bearbeitung;6;Stahl;pulverbeschichtet;28;28;15;0,018;4;18;18;1,0;4;0;0;48;6
PA2025-2962;2025-09-22;Standard;9;Bestandskunde;Automobilindustrie;Bearbeitung;11;Stahl;pulverbeschichtet;28;28;15;0,033;4;33;33;1,0;4;0;0;88;11
PA2025-2963;2025-09-19;Standard;6;Bestandskunde;Logistiktechnik;Bearbeitung;11;Stahl;pulverbeschichtet;28;28;15;0,033;4;33;33;1,0;4;0;0;88;11
PA2025-2964;2025-09-19;Standard;5;Bestandskunde;Maschinenbau;Bearbeitung;13;Stahl;pulverbeschichtet;26;26;7;0,026;4;39;39;1,0;4;0;0;91;13
PA2025-2965;2025-09-17;Änderung;7;Bestandskunde;Maschinenbau;Bearbeitung;12;Stahl;pulverbeschichtet;28;28;15;0,036;4;36;36;1,0;4;0;0;96;12
PA2025-2966;2025-09-21;Standard;10;Bestandskunde;Haushaltsgeräte;Bearbeitung;14;Stahl;pulverbeschichtet;26;26;7;0,028;4;42;42;1,0;4;0;0;98;14
PA2025-2967;2025-09-18;Änderung;11;Bestandskunde;Logistiktechnik;Bearbeitung;19;Stahl;pulverbeschichtet;26;26;7;0,038;4;57;57;1,0;4;0;0;133;19
PA2025-2968;2025-09-20;Änderung;9;Bestandskunde;Automobilindustrie;Bearbeitung;5;Stahl;pulverbeschichtet;28;28;15;0,015;4;15;15;1,0;4;0;0;40;5
PA2025-2969;2025-09-23;Änderung;10;Bestandskunde;Maschinenbau;Bearbeitung;2;Stahl;pulverbeschichtet;28;28;15;0,006;4;6;6;1,0;4;0;0;16;2
PA2025-2970;2025-09-17;Änderung;11;Bestandskunde;Haushaltsgeräte;Bearbeitung;1;Stahl;pulverbeschichtet;28;28;15;0,003;4;3;3;1,0;4;0;0;8;1
PA2025-2971;2025-09-18;Standard;7;Bestandskunde;Maschinenbau;Bearbeitung;18;Stahl;pulverbeschichtet;28;28;15;0,054;4;54;54;1,0;4;0;0;144;18
PA2025-2972;2025-09-19;Änderung;8;Bestandskunde;Maschinenbau;Bearbeitung;3;Stahl;pulverbeschichtet;26;26;7;0,006;4;9;9;1,0;4;0;0;21;3
PA2025-2973;2025-09-17;Standard;7;Bestandskunde;Sonstige;Bearbeitung;10;Stahl;pulverbeschichtet;26;26;7;0,02;4;30;30;1,0;4;0;0;70;10
PA2025-2974;2025-09-21;Änderung;7;Bestandskunde;Maschinenbau;Bearbeitung;18;Stahl;pulverbeschichtet;26;26;7;0,036;4;54;54;1,0;4;0;0;126;18
PA2025-2975;2025-09-19;Standard;3;Bestandskunde;Sonstige;Bearbeitung;17;Stahl;pulverbeschichtet;28;28;15;0,051;4;51;51;1,0;4;0;0;136;17
PA2025-2976;2025-09-21;Änderung;5;Bestandskunde;Sonstige;Bearbeitung;5;Stahl;pulverbeschichtet;28;28;15;0,015;4;15;15;1,0;4;0;0;40;5
PA2025-2977;2025-09-23;Standard;13;Bestandskunde;Automobilindustrie;Bearbeitung;16;Stahl;pulverbeschichtet;26;26;7;0,032;4;48;48;1,0;4;0;0;112;16
PA2025-2978;2025-09-21;Änderung;15;Bestandskunde;Maschinenbau;Bearbeitung;11;Stahl;pulverbeschichtet;28;28;15;0,033;4;33;33;1,0;4;0;0;88;11
PA2025-2979;2025-09-20;Änderung;10;Bestandskunde;Medizintechnik;Bearbeitung;10;Stahl;pulverbeschichtet;28;28;15;0,03;4;30;30;1,0;4;0;0;80;10
PA2025-2980;2025-09-22;Änderung;7;Bestandskunde;Sonstige;Bearbeitung;4;Stahl;pulverbeschichtet;26;26;7;0,008;4;12;12;1,0;4;0;0;28;4
PA2025-2981;2025-09-23;Standard;7;Bestandskunde;Sonstige;Bearbeitung;1;Stahl;pulverbeschichtet;26;26;7;0,002;4;3;3;1,0;4;0;0;7;1
PA2025-2982;2025-09-17;Änderung;4;Bestandskunde;Maschinenbau;Bearbeitung;18;Stahl;pulverbeschichtet;28;28;15;0,054;4;54;54;1,0;4;0;0;144;18
PA2025-2983;2025-09-19;Standard;14;Bestandskunde;Logistiktechnik;Bearbeitung;19;Stahl;pulverbeschichtet;26;26;7;0,038;4;57;57;1,0;4;0;0;133;19
PA2025-2984;2025-09-20;Standard;14;Bestandskunde;Maschinenbau;Bearbeitung;19;Stahl;pulverbeschichtet;26;26;7;0,038;4;57;57;1,0;4;0;0;133;19
PA2025-2985;2025-09-22;Änderung;15;Bestandskunde;Automobilindustrie;Bearbeitung;7;Stahl;pulverbeschichtet;28;28;15;0,021;4;21;21;1,0;4;0;0;56;7
PA2025-2986;2025-09-17;Änderung;8;Bestandskunde;Medizintechnik;Bearbeitung;1;Stahl;pulverbeschichtet;26;26;7;0,002;4;3;3;1,0;4;0;0;7;1
PA2025-2987;2025-09-17;Standard;3;Bestandskunde;Haushaltsgeräte;Bearbeitung;6;Stahl;pulverbeschichtet;26;26;7;0,012;4;18;18;1,0;4;0;0;42;6
PA2025-2988;2025-09-21;Standard;13;Bestandskunde;Maschinenbau;Bearbeitung;11;Stahl;pulverbeschichtet;28;28;15;0,033;4;33;33;1,0;4;0;0;88;11
PA2025-2989;2025-09-23;Standard;8;Neukunde;Sonstige;Bearbeitung;8;Stahl;pulverbeschichtet;26;26;7;0,016;4;24;24;1,0;4;0;0;56;8
PA2025-2990;2025-09-21;Standard;8;Bestandskunde;Haushaltsgeräte;Bearbeitung;20;Stahl;pulverbeschichtet;26;26;7;0,04;4;60;60;1,0;4;0;0;140;20
PA2025-2991;2025-09-17;Standard;13;Bestandskunde;Logistiktechnik;Bearbeitung;6;Stahl;pulverbeschichtet;26;26;7;0,012;4;18;18;1,0;4;0;0;42;6
PA2025-2992;2025-09-18;Änderung;8;Bestandskunde;Automobilindustrie;Bearbeitung;7;Stahl;pulverbeschichtet;28;28;15;0,021;4;21;21;1,0;4;0;0;56;7
PA2025-2993;2025-09-23;Standard;8;Bestandskunde;Logistiktechnik;Bearbeitung;3;Stahl;pulverbeschichtet;28;28;15;0,009;4;9;9;1,0;4;0;0;24;3
PA2025-2994;2025-09-17;Standard;12;Bestandskunde;Automobilindustrie;Bearbeitung;8;Stahl;pulverbeschichtet;28;28;15;0,024;4;24;24;1,0;4;0;0;64;8
PA2025-2995;2025-09-19;Änderung;5;Bestandskunde;Automobilindustrie;Bearbeitung;5;Stahl;pulverbeschichtet;28;28;15;0,015;4;15;15;1,0;4;0;0;40;5
PA2025-2996;2025-09-18;Standard;6;Bestandskunde;Sonstige;Bearbeitung;17;Stahl;pulverbeschichtet;26;26;7;0,034;4;51;51;1,0;4;0;0;119;17
PA2025-2997;2025-09-18;Standard;13;Bestandskunde;Automobilindustrie;Bearbeitung;3;Stahl;pulverbeschichtet;26;26;7;0,006;4;9;9;1,0;4;0;0;21;3
PA2025-2998;2025-09-22;Standard;4;Bestandskunde;Maschinenbau;Bearbeitung;16;Stahl;pulverbeschichtet;28;28;15;0,048;4;48;48;1,0;4;0;0;128;16
PA2025-2999;2025-09-22;Standard;4;Bestandskunde;Haushaltsgeräte;Bearbeitung;12;Stahl;pulverbeschichtet;28;28;15;0,036;4;36;36;1,0;4;0;0;96;12
PA2025-3000;2025-09-22;Standard;15;Bestandskunde;Sonstige;Bearbeitung;9;Stahl;pulverbeschichtet;26;26;7;0,018;4;27;27;1,0;4;0;0;63;9
PA2025-3001;2025-09-21;Standard;7;Bestandskunde;Automobilindustrie;Bearbeitung;14;Stahl;pulverbeschichtet;26;26;7;0,028;4;42;42;1,0;4;0;0;98;14
PA2025-3002;2025-09-21;Änderung;6;Bestandskunde;Maschinenbau;Bearbeitung;19;Stahl;pulverbeschichtet;26;26;7;0,038;4;57;57;1,0;4;0;0;133;19
PA2025-3003;2025-09-19;Änderung;14;Bestandskunde;Maschinenbau;Bearbeitung;5;Stahl;pulverbeschichtet;26;26;7;0,01;4;15;15;1,0;4;0;0;35;5
PA2025-3004;2025-09-19;Änderung;11;Bestandskunde;Sonstige;Bearbeitung;20;Stahl;pulverbeschichtet;28;28;15;0,06;4;60;60;1,0;4;0;0;160;20
PA2025-3005;2025-09-23;Standard;6;Bestandskunde;Maschinenbau;Bearbeitung;10;Stahl;pulverbeschichtet;28;28;15;0,03;4;30;30;1,0;4;0;0;80;10
PA2025-3006;2025-09-19;Standard;8;Bestandskunde;Logistiktechnik;Bearbeitung;1;Stahl;pulverbeschichtet;26;26;7;0,002;4;3;3;1,0;4;0;0;7;1
PA2025-3007;2025-09-19;Änderung;5;Bestandskunde;Sonstige;Bearbeitung;15;Stahl;pulverbeschichtet;28;28;15;0,045;4;45;45;1,0;4;0;0;120;15
PA2025-3008;2025-09-20;Änderung;6;Bestandskunde;Maschinenbau;Bearbeitung;19;Stahl;pulverbeschichtet;28;28;15;0,057;4;57;57;1,0;4;0;0;152;19
PA2025-3009;2025-09-23;Änderung;13;Bestandskunde;Automobilindustrie;Bearbeitung;1;Stahl;pulverbeschichtet;28;28;15;0,003;4;3;3;1,0;4;0;0;8;1
PA2025-3010;2025-09-19;Standard;14;Bestandskunde;Maschinenbau;Bearbeitung;20;Stahl;pulverbeschichtet;26;26;7;0,04;4;60;60;1,0;4;0;0;140;20
PA2025-3011;2025-09-19;Standard;5;Bestandskunde;Sonstige;Bearbeitung;20;Stahl;pulverbeschichtet;28;28;15;0,06;4;60;60;1,0;4;0;0;160;20
PA2025-3012;2025-09-20;Änderung;14;Neukunde;Haushaltsgeräte;Bearbeitung;17;Stahl;pulverbeschichtet;28;28;15;0,051;4;51;51;1,0;4;0;0;136;17
PA2025-3013;2025-09-20;Standard;5;Bestandskunde;Logistiktechnik;Bearbeitung;19;Stahl;pulverbeschichtet;28;28;15;0,057;4;57;57;1,0;4;0;0;152;19
PA2025-3014;2025-09-19;Änderung;10;Bestandskunde;Logistiktechnik;Bearbeitung;17;Stahl;pulverbeschichtet;26;26;7;0,034;4;51;51;1,0;4;0;0;119;17
PA2025-3015;2025-09-19;Standard;6;Bestandskunde;Automobilindustrie;Bearbeitung;2;Stahl;pulverbeschichtet;28;28;15;0,006;4;6;6;1,0;4;0;0;16;2
PA2025-3016;2025-09-18;Standard;13;Bestandskunde;Maschinenbau;Bearbeitung;18;Stahl;pulverbeschichtet;26;26;7;0,036;4;54;54;1,0;4;0;0;126;18
PA2025-3017;2025-09-23;Änderung;8;Bestandskunde;Maschinenbau;Bearbeitung;12;Stahl;pulverbeschichtet;26;26;7;0,024;4;36;36;1,0;4;0;0;84;12
PA2025-3018;2025-09-17;Standard;7;Neukunde;Logistiktechnik;Bearbeitung;11;Stahl;pulverbeschichtet;26;26;7;0,022;4;33;33;1,0;4;0;0;77;11
PA2025-3019;2025-09-22;Standard;9;Bestandskunde;Sonstige;Bearbeitung;9;Stahl;pulverbeschichtet;28;28;15;0,027;4;27;27;1,0;4;0;0;72;9
PA2025-3020;2025-09-20;Standard;9;Bestandskunde;Logistiktechnik;Bearbeitung;15;Stahl;pulverbeschichtet;26;26;7;0,03;4;45;45;1,0;4;0;0;105;15
PA2025-3021;2025-09-17;Änderung;3;Bestandskunde;Logistiktechnik;Bearbeitung;13;Stahl;pulverbeschichtet;28;28;15;0,039;4;39;39;1,0;4;0;0;104;13
PA2025-3022;2025-09-21;Standard;12;Bestandskunde;Maschinenbau;Bearbeitung;12;Stahl;pulverbeschichtet;28;28;15;0,036;4;36;36;1,0;4;0;0;96;12
PA2025-3023;2025-09-17;Standard;9;Bestandskunde;Maschinenbau;Bearbeitung;15;Stahl;pulverbeschichtet;28;28;15;0,045;4;45;45;1,0;4;0;0;120;15
PA2025-3024;2025-09-20;Standard;5;Bestandskunde;Automobilindustrie;Bearbeitung;1;Stahl;pulverbeschichtet;28;28;15;0,003;4;3;3;1,0;4;0;0;8;1
PA2025-3025;2025-09-18;Standard;12;Bestandskunde;Haushaltsgeräte;Bearbeitung;1;Stahl;pulverbeschichtet;26;26;7;0,002;4;3;3;1,0;4;0;0;7;1
PA2025-3026;2025-09-20;Standard;11;Bestandskunde;Automobilindustrie;Bearbeitung;8;Stahl;pulverbeschichtet;26;26;7;0,016;4;24;24;1,0;4;0;0;56;8
PA2025-3027;2025-09-19;Änderung;9;Bestandskunde;Haushaltsgeräte;Bearbeitung;2;Stahl;pulverbeschichtet;28;28;15;0,006;4;6;6;1,0;4;0;0;16;2
PA2025-3028;2025-09-19;Änderung;10;Bestandskunde;Automobilindustrie;Bearbeitung;13;Stahl;pulverbeschichtet;28;28;15;0,039;4;39;39;1,0;4;0;0;104;13
PA2025-3029;2025-09-19;Änderung;4;Bestandskunde;Logistiktechnik;Bearbeitung;5;Stahl;pulverbeschichtet;28;28;15;0,015;4;15;15;1,0;4;0;0;40;5
PA2025-3030;2025-09-19;Standard;12;Bestandskunde;Logistiktechnik;Bearbeitung;14;Stahl;pulverbeschichtet;26;26;7;0,028;4;42;42;1,0;4;0;0;98;14
PA2025-3031;2025-09-30;Standard;8;Bestandskunde;Sonstige;Bearbeitung;8;Stahl;pulverbeschichtet;26;26;7;0,016;4;24;24;1,0;4;0;0;56;8
PA2025-3032;2025-09-27;Standard;4;Bestandskunde;Maschinenbau;Bearbeitung;13;Stahl;pulverbeschichtet;26;26;7;0,026;4;39;39;1,0;4;0;0;91;13
PA2025-3033;2025-09-26;Standard;10;Bestandskunde;Maschinenbau;Bearbeitung;14;Stahl;pulverbeschichtet;28;28;15;0,042;4;42;42;1,0;4;0;0;112;14
PA2025-3034;2025-09-24;Standard;8;Bestandskunde;Logistiktechnik;Bearbeitung;16;Stahl;pulverbeschichtet;28;28;15;0,048;4;48;48;1,0;4;0;0;128;16
PA2025-3035;2025-09-26;Standard;10;Bestandskunde;Logistiktechnik;Bearbeitung;6;Stahl;pulverbeschichtet;26;26;7;0,012;4;18;18;1,0;4;0;0;42;6
PA2025-3036;2025-09-29;Änderung;9;Bestandskunde;Automobilindustrie;Bearbeitung;3;Stahl;pulverbeschichtet;26;26;7;0,006;4;9;9;1,0;4;0;0;21;3
PA2025-3037;2025-09-25;Standard;6;Bestandskunde;Automobilindustrie;Bearbeitung;6;Stahl;pulverbeschichtet;26;26;7;0,012;4;18;18;1,0;4;0;0;42;6
PA2025-3038;2025-09-28;Änderung;10;Bestandskunde;Maschinenbau;Bearbeitung;11;Stahl;pulverbeschichtet;28;28;15;0,033;4;33;33;1,0;4;0;0;88;11
PA2025-3039;2025-09-25;Standard;10;Bestandskunde;Automobilindustrie;Bearbeitung;5;Stahl;pulverbeschichtet;28;28;15;0,015;4;15;15;1,0;4;0;0;40;5
PA2025-3040;2025-09-27;Änderung;5;Bestandskunde;Haushaltsgeräte;Bearbeitung;12;Stahl;pulverbeschichtet;28;28;15;0,036;4;36;36;1,0;4;0;0;96;12
PA2025-3041;2025-09-24;Standard;4;Bestandskunde;Automobilindustrie;Bearbeitung;2;Stahl;pulverbeschichtet;26;26;7;0,004;4;6;6;1,0;4;0;0;14;2
PA2025-3042;2025-09-28;Änderung;5;Bestandskunde;Automobilindustrie;Bearbeitung;9;Stahl;pulverbeschichtet;28;28;15;0,027;4;27;27;1,0;4;0;0;72;9
PA2025-3043;2025-09-30;Änderung;12;Bestandskunde;Automobilindustrie;Bearbeitung;5;Stahl;pulverbeschichtet;28;28;15;0,015;4;15;15;1,0;4;0;0;40;5
PA2025-3044;2025-09-30;Änderung;15;Bestandskunde;Logistiktechnik;Bearbeitung;10;Stahl;pulverbeschichtet;28;28;15;0,03;4;30;30;1,0;4;0;0;80;10
PA2025-3045;2025-09-24;Standard;12;Bestandskunde;Logistiktechnik;Bearbeitung;19;Stahl;pulverbeschichtet;26;26;7;0,038;4;57;57;1,0;4;0;0;133;19
PA2025-3046;2025-09-26;Standard;10;Bestandskunde;Automobilindustrie;Bearbeitung;2;Stahl;pulverbeschichtet;28;28;15;0,006;4;6;6;1,0;4;0;0;16;2
PA2025-3047;2025-09-27;Standard;15;Bestandskunde;Automobilindustrie;Bearbeitung;4;Stahl;pulverbeschichtet;28;28;15;0,012;4;12;12;1,0;4;0;0;32;4
PA2025-3048;2025-09-24;Standard;5;Bestandskunde;Sonstige;Bearbeitung;17;Stahl;pulverbeschichtet;26;26;7;0,034;4;51;51;1,0;4;0;0;119;17
PA2025-3049;2025-09-24;Standard;15;Bestandskunde;Automobilindustrie;Bearbeitung;6;Stahl;pulverbeschichtet;26;26;7;0,012;4;18;18;1,0;4;0;0;42;6
PA2025-3050;2025-09-30;Änderung;8;Bestandskunde;Automobilindustrie;Bearbeitung;1;Stahl;pulverbeschichtet;26;26;7;0,002;4;3;3;1,0;4;0;0;7;1
PA2025-3051;2025-09-27;Standard;7;Bestandskunde;Automobilindustrie;Bearbeitung;6;Stahl;pulverbeschichtet;28;28;15;0,018;4;18;18;1,0;4;0;0;48;6
PA2025-3052;2025-09-29;Standard;10;Bestandskunde;Logistiktechnik;Bearbeitung;7;Stahl;pulverbeschichtet;26;26;7;0,014;4;21;21;1,0;4;0;0;49;7
PA2025-3053;2025-09-25;Änderung;14;Neukunde;Logistiktechnik;Bearbeitung;2;Stahl;pulverbeschichtet;28;28;15;0,006;4;6;6;1,0;4;0;0;16;2
PA2025-3054;2025-09-26;Standard;12;Bestandskunde;Logistiktechnik;Bearbeitung;9;Stahl;pulverbeschichtet;26;26;7;0,018;4;27;27;1,0;4;0;0;63;9
PA2025-3055;2025-09-24;Änderung;14;Bestandskunde;Automobilindustrie;Bearbeitung;6;Stahl;pulverbeschichtet;28;28;15;0,018;4;18;18;1,0;4;0;0;48;6
PA2025-3056;2025-09-24;Änderung;10;Bestandskunde;Maschinenbau;Bearbeitung;5;Stahl;pulverbeschichtet;28;28;15;0,015;4;15;15;1,0;4;0;0;40;5
PA2025-3057;2025-09-29;Standard;14;Bestandskunde;Automobilindustrie;Bearbeitung;2;Stahl;pulverbeschichtet;28;28;15;0,006;4;6;6;1,0;4;0;0;16;2
PA2025-3058;2025-09-24;Standard;4;Bestandskunde;Automobilindustrie;Bearbeitung;16;Stahl;pulverbeschichtet;26;26;7;0,032;4;48;48;1,0;4;0;0;112;16
PA2025-3059;2025-09-28;Standard;10;Bestandskunde;Logistiktechnik;Bearbeitung;11;Stahl;pulverbeschichtet;26;26;7;0,022;4;33;33;1,0;4;0;0;77;11
PA2025-3060;2025-09-29;Standard;5;Bestandskunde;Logistiktechnik;Bearbeitung;17;Stahl;pulverbeschichtet;26;26;7;0,034;4;51;51;1,0;4;0;0;119;17
PA2025-3061;2025-09-25;Standard;10;Bestandskunde;Medizintechnik;Bearbeitung;17;Stahl;pulverbeschichtet;28;28;15;0,051;4;51;51;1,0;4;0;0;136;17
PA2025-3062;2025-09-30;Standard;13;Bestandskunde;Maschinenbau;Bearbeitung;18;Stahl;pulverbeschichtet;28;28;15;0,054;4;54;54;1,0;4;0;0;144;18
PA2025-3063;2025-09-26;Standard;10;Bestandskunde;Maschinenbau;Bearbeitung;17;Stahl;pulverbeschichtet;28;28;15;0,051;4;51;51;1,0;4;0;0;136;17
PA2025-3064;2025-09-25;Standard;6;Bestandskunde;Medizintechnik;Bearbeitung;15;Stahl;pulverbeschichtet;26;26;7;0,03;4;45;45;1,0;4;0;0;105;15
PA2025-3065;2025-09-26;Änderung;15;Bestandskunde;Automobilindustrie;Bearbeitung;15;Stahl;pulverbeschichtet;26;26;7;0,03;4;45;45;1,0;4;0;0;105;15
PA2025-3066;2025-09-24;Änderung;11;Bestandskunde;Maschinenbau;Bearbeitung;9;Stahl;pulverbeschichtet;26;26;7;0,018;4;27;27;1,0;4;0;0;63;9
PA2025-3067;2025-09-30;Änderung;9;Bestandskunde;Maschinenbau;Bearbeitung;16;Stahl;pulverbeschichtet;28;28;15;0,048;4;48;48;1,0;4;0;0;128;16
PA2025-3068;2025-09-28;Standard;6;Bestandskunde;Maschinenbau;Bearbeitung;1;Stahl;pulverbeschichtet;26;26;7;0,002;4;3;3;1,0;4;0;0;7;1
PA2025-3069;2025-09-30;Änderung;13;Bestandskunde;Automobilindustrie;Bearbeitung;3;Stahl;pulverbeschichtet;26;26;7;0,006;4;9;9;1,0;4;0;0;21;3
PA2025-3070;2025-09-30;Standard;5;Neukunde;Sonstige;Bearbeitung;19;Stahl;pulverbeschichtet;26;26;7;0,038;4;57;57;1,0;4;0;0;133;19
PA2025-3071;2025-09-29;Standard;8;Bestandskunde;Sonstige;Bearbeitung;19;Stahl;pulverbeschichtet;26;26;7;0,038;4;57;57;1,0;4;0;0;133;19
PA2025-3072;2025-09-26;Standard;5;Bestandskunde;Logistiktechnik;Bearbeitung;14;Stahl;pulverbeschichtet;26;26;7;0,028;4;42;42;1,0;4;0;0;98;14
PA2025-3073;2025-09-30;Änderung;12;Bestandskunde;Medizintechnik;Bearbeitung;11;Stahl;pulverbeschichtet;26;26;7;0,022;4;33;33;1,0;4;0;0;77;11
PA2025-3074;2025-09-29;Standard;4;Bestandskunde;Haushaltsgeräte;Bearbeitung;7;Stahl;pulverbeschichtet;26;26;7;0,014;4;21;21;1,0;4;0;0;49;7
PA2025-3075;2025-09-24;Standard;6;Bestandskunde;Sonstige;Bearbeitung;19;Stahl;pulverbeschichtet;26;26;7;0,038;4;57;57;1,0;4;0;0;133;19
PA2025-3076;2025-09-25;Standard;6;Bestandskunde;Maschinenbau;Bearbeitung;10;Stahl;pulverbeschichtet;26;26;7;0,02;4;30;30;1,0;4;0;0;70;10
PA2025-3077;2025-09-26;Standard;5;Bestandskunde;Logistiktechnik;Bearbeitung;19;Stahl;pulverbeschichtet;26;26;7;0,038;4;57;57;1,0;4;0;0;133;19
PA2025-3078;2025-09-30;Änderung;6;Neukunde;Automobilindustrie;Bearbeitung;2;Stahl;pulverbeschichtet;26;26;7;0,004;4;6;6;1,0;4;0;0;14;2
PA2025-3079;2025-09-24;Standard;7;Bestandskunde;Sonstige;Bearbeitung;7;Stahl;pulverbeschichtet;28;28;15;0,021;4;21;21;1,0;4;0;0;56;7
PA2025-3080;2025-09-26;Änderung;15;Bestandskunde;Sonstige;Bearbeitung;13;Stahl;pulverbeschichtet;28;28;15;0,039;4;39;39;1,0;4;0;0;104;13
PA2025-3081;2025-09-24;Standard;7;Bestandskunde;Maschinenbau;Bearbeitung;20;Stahl;pulverbeschichtet;26;26;7;0,04;4;60;60;1,0;4;0;0;140;20
PA2025-3082;2025-09-25;Standard;7;Bestandskunde;Maschinenbau;Bearbeitung;2;Stahl;pulverbeschichtet;28;28;15;0,006;4;6;6;1,0;4;0;0;16;2
PA2025-3083;2025-09-28;Änderung;11;Bestandskunde;Maschinenbau;Bearbeitung;14;Stahl;pulverbeschichtet;26;26;7;0,028;4;42;42;1,0;4;0;0;98;14
PA2025-3084;2025-09-29;Standard;10;Bestandskunde;Maschinenbau;Bearbeitung;11;Stahl;pulverbeschichtet;26;26;7;0,022;4;33;33;1,0;4;0;0;77;11
PA2025-3085;2025-09-25;Standard;14;Bestandskunde;Medizintechnik;Bearbeitung;4;Stahl;pulverbeschichtet;28;28;15;0,012;4;12;12;1,0;4;0;0;32;4
PA2025-3086;2025-09-26;Standard;8;Bestandskunde;Logistiktechnik;Bearbeitung;2;Stahl;pulverbeschichtet;26;26;7;0,004;4;6;6;1,0;4;0;0;14;2
PA2025-3087;2025-09-27;Standard;15;Bestandskunde;Automobilindustrie;Bearbeitung;6;Stahl;pulverbeschichtet;26;26;7;0,012;4;18;18;1,0;4;0;0;42;6
PA2025-3088;2025-09-27;Standard;13;Bestandskunde;Sonstige;Bearbeitung;10;Stahl;pulverbeschichtet;28;28;15;0,03;4;30;30;1,0;4;0;0;80;10
PA2025-3089;2025-09-27;Standard;10;Bestandskunde;Logistiktechnik;Bearbeitung;14;Stahl;pulverbeschichtet;26;26;7;0,028;4;42;42;1,0;4;0;0;98;14
PA2025-3090;2025-09-24;Standard;13;Bestandskunde;Maschinenbau;Bearbeitung;7;Stahl;pulverbeschichtet;26;26;7;0,014;4;21;21;1,0;4;0;0;49;7
PA2025-3091;2025-09-30;Änderung;10;Bestandskunde;Maschinenbau;Bearbeitung;12;Stahl;pulverbeschichtet;28;28;15;0,036;4;36;36;1,0;4;0;0;96;12
PA2025-3092;2025-09-25;Standard;3;Bestandskunde;Haushaltsgeräte;Bearbeitung;1;Stahl;pulverbeschichtet;26;26;7;0,002;4;3;3;1,0;4;0;0;7;1
PA2025-3093;2025-09-27;Änderung;13;Bestandskunde;Medizintechnik;Bearbeitung;17;Stahl;pulverbeschichtet;28;28;15;0,051;4;51;51;1,0;4;0;0;136;17
PA2025-3094;2025-09-29;Standard;9;Bestandskunde;Automobilindustrie;Bearbeitung;17;Stahl;pulverbeschichtet;26;26;7;0,034;4;51;51;1,0;4;0;0;119;17
PA2025-3095;2025-09-30;Standard;8;Bestandskunde;Medizintechnik;Bearbeitung;19;Stahl;pulverbeschichtet;26;26;7;0,038;4;57;57;1,0;4;0;0;133;19
PA2025-3096;2025-09-27;Standard;12;Bestandskunde;Sonstige;Bearbeitung;20;Stahl;pulverbeschichtet;26;26;7;0,04;4;60;60;1,0;4;0;0;140;20
PA2025-3097;2025-09-25;Änderung;15;Bestandskunde;Medizintechnik;Bearbeitung;20;Stahl;pulverbeschichtet;26;26;7;0,04;4;60;60;1,0;4;0;0;140;20
PA2025-3098;2025-09-30;Standard;11;Bestandskunde;Sonstige;Bearbeitung;8;Stahl;pulverbeschichtet;28;28;15;0,024;4;24;24;1,0;4;0;0;64;8
PA2025-3099;2025-09-29;Standard;14;Bestandskunde;Automobilindustrie;Bearbeitung;15;Stahl;pulverbeschichtet;28;28;15;0,045;4;45;45;1,0;4;0;0;120;15
PA2025-3100;2025-09-24;Standard;12;Bestandskunde;Maschinenbau;Bearbeitung;4;Stahl;pulverbeschichtet;28;28;15;0,012;4;12;12;1,0;4;0;0;32;4
PA2025-3101;2025-09-30;Standard;9;Bestandskunde;Automobilindustrie;Bearbeitung;2;Stahl;pulverbeschichtet;26;26;7;0,004;4;6;6;1,0;4;0;0;14;2
PA2025-3102;2025-09-25;Standard;15;Neukunde;Haushaltsgeräte;Bearbeitung;17;Stahl;pulverbeschichtet;26;26;7;0,034;4;51;51;1,0;4;0;0;119;17
PA2025-3103;2025-09-28;Standard;15;Neukunde;Haushaltsgeräte;Bearbeitung;17;Stahl;pulverbeschichtet;28;28;15;0,051;4;51;51;1,0;4;0;0;136;17
PA2025-3104;2025-09-25;Standard;11;Bestandskunde;Haushaltsgeräte;Bearbeitung;1;Stahl;pulverbeschichtet;26;26;7;0,002;4;3;3;1,0;4;0;0;7;1
PA2025-3105;2025-09-25;Standard;3;Bestandskunde;Sonstige;Bearbeitung;4;Stahl;pulverbeschichtet;28;28;15;0,012;4;12;12;1,0;4;0;0;32;4
PA2025-3106;2025-09-28;Standard;14;Bestandskunde;Logistiktechnik;Bearbeitung;5;Stahl;pulverbeschichtet;28;28;15;0,015;4;15;15;1,0;4;0;0;40;5
PA2025-3107;2025-09-26;Änderung;9;Neukunde;Sonstige;Bearbeitung;9;Stahl;pulverbeschichtet;28;28;15;0,027;4;27;27;1,0;4;0;0;72;9
PA2025-3108;2025-09-30;Standard;8;Bestandskunde;Logistiktechnik;Bearbeitung;12;Stahl;pulverbeschichtet;26;26;7;0,024;4;36;36;1,0;4;0;0;84;12
PA2025-3109;2025-09-25;Standard;3;Bestandskunde;Logistiktechnik;Bearbeitung;1;Stahl;pulverbeschichtet;28;28;15;0,003;4;3;3;1,0;4;0;0;8;1
PA2025-3110;2025-09-29;Standard;9;Bestandskunde;Medizintechnik;Bearbeitung;9;Stahl;pulverbeschichtet;26;26;7;0,018;4;27;27;1,0;4;0;0;63;9
PA2025-3111;2025-09-30;Standard;5;Bestandskunde;Automobilindustrie;Bearbeitung;20;Stahl;pulverbeschichtet;28;28;15;0,06;4;60;60;1,0;4;0;0;160;20
PA2025-3112;2025-09-29;Standard;7;Bestandskunde;Automobilindustrie;Bearbeitung;15;Stahl;pulverbeschichtet;28;28;15;0,045;4;45;45;1,0;4;0;0;120;15
PA2025-3113;2025-09-25;Standard;11;Bestandskunde;Maschinenbau;Bearbeitung;19;Stahl;pulverbeschichtet;26;26;7;0,038;4;57;57;1,0;4;0;0;133;19
PA2025-3114;2025-09-25;Standard;6;Bestandskunde;Maschinenbau;Bearbeitung;10;Stahl;pulverbeschichtet;28;28;15;0,03;4;30;30;1,0;4;0;0;80;10
PA2025-3115;2025-09-26;Änderung;3;Bestandskunde;Medizintechnik;Bearbeitung;7;Stahl;pulverbeschichtet;26;26;7;0,014;4;21;21;1,0;4;0;0;49;7
PA2025-3116;2025-09-24;Änderung;6;Bestandskunde;Logistiktechnik;Bearbeitung;2;Stahl;pulverbeschichtet;26;26;7;0,004;4;6;6;1,0;4;0;0;14;2
PA2025-3117;2025-09-27;Standard;15;Bestandskunde;Automobilindustrie;Bearbeitung;7;Stahl;pulverbeschichtet;26;26;7;0,014;4;21;21;1,0;4;0;0;49;7
PA2025-3118;2025-09-24;Standard;7;Bestandskunde;Medizintechnik;Bearbeitung;6;Stahl;pulverbeschichtet;26;26;7;0,012;4;18;18;1,0;4;0;0;42;6
PA2025-3119;2025-09-30;Standard;4;Bestandskunde;Sonstige;Bearbeitung;8;Stahl;pulverbeschichtet;26;26;7;0,016;4;24;24;1,0;4;0;0;56;8
PA2025-3120;2025-09-29;Änderung;7;Bestandskunde;Maschinenbau;Bearbeitung;14;Stahl;pulverbeschichtet;28;28;15;0,042;4;42;42;1,0;4;0;0;112;14
PA2025-3121;2025-10-03;Änderung;13;Bestandskunde;Haushaltsgeräte;Bearbeitung;2;Stahl;pulverbeschichtet;26;26;7;0,004;4;6;6;1,0;4;0;0;14;2
PA2025-3122;2025-10-02;Standard;6;Bestandskunde;Maschinenbau;Bearbeitung;1;Stahl;pulverbeschichtet;26;26;7;0,002;4;3;3;1,0;4;0;0;7;1
PA2025-3123;2025-10-02;Standard;13;Bestandskunde;Haushaltsgeräte;Bearbeitung;2;Stahl;pulverbeschichtet;26;26;7;0,004;4;6;6;1,0;4;0;0;14;2
PA2025-3124;2025-10-02;Änderung;5;Bestandskunde;Maschinenbau;Bearbeitung;13;Stahl;pulverbeschichtet;28;28;15;0,039;4;39;39;1,0;4;0;0;104;13
PA2025-3125;2025-10-01;Standard;12;Bestandskunde;Medizintechnik;Bearbeitung;1;Stahl;pulverbeschichtet;26;26;7;0,002;4;3;3;1,0;4;0;0;7;1
PA2025-3126;2025-10-07;Standard;9;Bestandskunde;Automobilindustrie;Bearbeitung;16;Stahl;pulverbeschichtet;28;28;15;0,048;4;48;48;1,0;4;0;0;128;16
PA2025-3127;2025-10-05;Standard;5;Bestandskunde;Haushaltsgeräte;Bearbeitung;9;Stahl;pulverbeschichtet;26;26;7;0,018;4;27;27;1,0;4;0;0;63;9
PA2025-3128;2025-10-04;Änderung;5;Bestandskunde;Automobilindustrie;Bearbeitung;8;Stahl;pulverbeschichtet;28;28;15;0,024;4;24;24;1,0;4;0;0;64;8
PA2025-3129;2025-10-07;Standard;7;Bestandskunde;Medizintechnik;Bearbeitung;13;Stahl;pulverbeschichtet;28;28;15;0,039;4;39;39;1,0;4;0;0;104;13
PA2025-3130;2025-10-03;Änderung;6;Bestandskunde;Logistiktechnik;Bearbeitung;3;Stahl;pulverbeschichtet;26;26;7;0,006;4;9;9;1,0;4;0;0;21;3
PA2025-3131;2025-10-05;Standard;10;Neukunde;Sonstige;Bearbeitung;16;Stahl;pulverbeschichtet;26;26;7;0,032;4;48;48;1,0;4;0;0;112;16
PA2025-3132;2025-10-05;Standard;5;Bestandskunde;Maschinenbau;Bearbeitung;12;Stahl;pulverbeschichtet;26;26;7;0,024;4;36;36;1,0;4;0;0;84;12
PA2025-3133;2025-10-02;Standard;6;Bestandskunde;Logistiktechnik;Bearbeitung;15;Stahl;pulverbeschichtet;28;28;15;0,045;4;45;45;1,0;4;0;0;120;15
PA2025-3134;2025-10-05;Standard;5;Bestandskunde;Haushaltsgeräte;Bearbeitung;9;Stahl;pulverbeschichtet;28;28;15;0,027;4;27;27;1,0;4;0;0;72;9
PA2025-3135;2025-10-03;Standard;10;Bestandskunde;Maschinenbau;Bearbeitung;4;Stahl;pulverbeschichtet;28;28;15;0,012;4;12;12;1,0;4;0;0;32;4
PA2025-3136;2025-10-03;Standard;5;Bestandskunde;Maschinenbau;Bearbeitung;13;Stahl;pulverbeschichtet;26;26;7;0,026;4;39;39;1,0;4;0;0;91;13
PA2025-3137;2025-10-05;Standard;14;Bestandskunde;Maschinenbau;Bearbeitung;17;Stahl;pulverbeschichtet;28;28;15;0,051;4;51;51;1,0;4;0;0;136;17
PA2025-3138;2025-10-02;Änderung;13;Bestandskunde;Sonstige;Bearbeitung;1;Stahl;pulverbeschichtet;28;28;15;0,003;4;3;3;1,0;4;0;0;8;1
PA2025-3139;2025-10-04;Standard;10;Bestandskunde;Maschinenbau;Bearbeitung;15;Stahl;pulverbeschichtet;28;28;15;0,045;4;45;45;1,0;4;0;0;120;15
PA2025-3140;2025-10-05;Standard;5;Bestandskunde;Medizintechnik;Bearbeitung;19;Stahl;pulverbeschichtet;26;26;7;0,038;4;57;57;1,0;4;0;0;133;19
PA2025-3141;2025-10-04;Änderung;10;Bestandskunde;Logistiktechnik;Bearbeitung;17;Stahl;pulverbeschichtet;26;26;7;0,034;4;51;51;1,0;4;0;0;119;17
PA2025-3142;2025-10-05;Änderung;7;Bestandskunde;Sonstige;Bearbeitung;8;Stahl;pulverbeschichtet;26;26;7;0,016;4;24;24;1,0;4;0;0;56;8
PA2025-3143;2025-10-03;Änderung;15;Bestandskunde;Logistiktechnik;Bearbeitung;2;Stahl;pulverbeschichtet;28;28;15;0,006;4;6;6;1,0;4;0;0;16;2
PA2025-3144;2025-10-02;Standard;15;Bestandskunde;Sonstige;Bearbeitung;6;Stahl;pulverbeschichtet;26;26;7;0,012;4;18;18;1,0;4;0;0;42;6
PA2025-3145;2025-10-02;Standard;5;Bestandskunde;Maschinenbau;Bearbeitung;16;Stahl;pulverbeschichtet;26;26;7;0,032;4;48;48;1,0;4;0;0;112;16
PA2025-3146;2025-10-03;Standard;10;Bestandskunde;Automobilindustrie;Bearbeitung;7;Stahl;pulverbeschichtet;26;26;7;0,014;4;21;21;1,0;4;0;0;49;7
PA2025-3147;2025-10-01;Änderung;3;Bestandskunde;Sonstige;Bearbeitung;10;Stahl;pulverbeschichtet;26;26;7;0,02;4;30;30;1,0;4;0;0;70;10
PA2025-3148;2025-10-02;Standard;6;Bestandskunde;Automobilindustrie;Bearbeitung;17;Stahl;pulverbeschichtet;28;28;15;0,051;4;51;51;1,0;4;0;0;136;17
PA2025-3149;2025-10-03;Änderung;5;Bestandskunde;Medizintechnik;Bearbeitung;19;Stahl;pulverbeschichtet;26;26;7;0,038;4;57;57;1,0;4;0;0;133;19
PA2025-3150;2025-10-05;Standard;7;Bestandskunde;Haushaltsgeräte;Bearbeitung;16;Stahl;pulverbeschichtet;26;26;7;0,032;4;48;48;1,0;4;0;0;112;16
PA2025-3151;2025-10-06;Standard;14;Bestandskunde;Haushaltsgeräte;Bearbeitung;13;Stahl;pulverbeschichtet;26;26;7;0,026;4;39;39;1,0;4;0;0;91;13
PA2025-3152;2025-10-03;Änderung;5;Bestandskunde;Medizintechnik;Bearbeitung;18;Stahl;pulverbeschichtet;26;26;7;0,036;4;54;54;1,0;4;0;0;126;18
PA2025-3153;2025-10-03;Standard;11;Bestandskunde;Medizintechnik;Bearbeitung;20;Stahl;pulverbeschichtet;28;28;15;0,06;4;60;60;1,0;4;0;0;160;20
PA2025-3154;2025-10-02;Standard;8;Bestandskunde;Maschinenbau;Bearbeitung;8;Stahl;pulverbeschichtet;28;28;15;0,024;4;24;24;1,0;4;0;0;64;8
PA2025-3155;2025-10-01;Standard;15;Bestandskunde;Sonstige;Bearbeitung;20;Stahl;pulverbeschichtet;28;28;15;0,06;4;60;60;1,0;4;0;0;160;20
PA2025-3156;2025-10-03;Standard;10;Bestandskunde;Haushaltsgeräte;Bearbeitung;10;Stahl;pulverbeschichtet;28;28;15;0,03;4;30;30;1,0;4;0;0;80;10
PA2025-3157;2025-10-02;Standard;9;Bestandskunde;Automobilindustrie;Bearbeitung;3;Stahl;pulverbeschichtet;26;26;7;0,006;4;9;9;1,0;4;0;0;21;3
PA2025-3158;2025-10-03;Änderung;8;Bestandskunde;Sonstige;Bearbeitung;15;Stahl;pulverbeschichtet;28;28;15;0,045;4;45;45;1,0;4;0;0;120;15
PA2025-3159;2025-10-05;Standard;10;Bestandskunde;Automobilindustrie;Bearbeitung;9;Stahl;pulverbeschichtet;28;28;15;0,027;4;27;27;1,0;4;0;0;72;9
PA2025-3160;2025-10-04;Standard;6;Bestandskunde;Logistiktechnik;Bearbeitung;18;Stahl;pulverbeschichtet;28;28;15;0,054;4;54;54;1,0;4;0;0;144;18
PA2025-3161;2025-10-06;Standard;4;Bestandskunde;Medizintechnik;Bearbeitung;18;Stahl;pulverbeschichtet;26;26;7;0,036;4;54;54;1,0;4;0;0;126;18
PA2025-3162;2025-10-02;Änderung;8;Bestandskunde;Logistiktechnik;Bearbeitung;10;Stahl;pulverbeschichtet;26;26;7;0,02;4;30;30;1,0;4;0;0;70;10
PA2025-3163;2025-10-04;Änderung;6;Bestandskunde;Automobilindustrie;Bearbeitung;3;Stahl;pulverbeschichtet;26;26;7;0,006;4;9;9;1,0;4;0;0;21;3
PA2025-3164;2025-10-06;Änderung;11;Bestandskunde;Logistiktechnik;Bearbeitung;12;Stahl;pulverbeschichtet;28;28;15;0,036;4;36;36;1,0;4;0;0;96;12
PA2025-3165;2025-10-03;Standard;6;Bestandskunde;Maschinenbau;Bearbeitung;15;Stahl;pulverbeschichtet;26;26;7;0,03;4;45;45;1,0;4;0;0;105;15
PA2025-3166;2025-10-03;Standard;5;Bestandskunde;Maschinenbau;Bearbeitung;18;Stahl;pulverbeschichtet;26;26;7;0,036;4;54;54;1,0;4;0;0;126;18
PA2025-3167;2025-10-01;Standard;6;Bestandskunde;Automobilindustrie;Bearbeitung;6;Stahl;pulverbeschichtet;26;26;7;0,012;4;18;18;1,0;4;0;0;42;6
PA2025-3168;2025-10-05;Standard;5;Bestandskunde;Automobilindustrie;Bearbeitung;13;Stahl;pulverbeschichtet;28;28;15;0,039;4;39;39;1,0;4;0;0;104;13
PA2025-3169;2025-10-01;Standard;13;Bestandskunde;Sonstige;Bearbeitung;9;Stahl;pulverbeschichtet;26;26;7;0,018;4;27;27;1,0;4;0;0;63;9
PA2025-3170;2025-10-01;Standard;4;Bestandskunde;Maschinenbau;Bearbeitung;17;Stahl;pulverbeschichtet;28;28;15;0,051;4;51;51;1,0;4;0;0;136;17
PA2025-3171;2025-10-01;Standard;3;Bestandskunde;Sonstige;Bearbeitung;6;Stahl;pulverbeschichtet;26;26;7;0,012;4;18;18;1,0;4;0;0;42;6
PA2025-3172;2025-10-05;Standard;14;Bestandskunde;Automobilindustrie;Bearbeitung;1;Stahl;pulverbeschichtet;26;26;7;0,002;4;3;3;1,0;4;0;0;7;1
PA2025-3173;2025-10-06;Standard;12;Bestandskunde;Maschinenbau;Bearbeitung;14;Stahl;pulverbeschichtet;28;28;15;0,042;4;42;42;1,0;4;0;0;112;14
PA2025-3174;2025-10-07;Standard;9;Bestandskunde;Automobilindustrie;Bearbeitung;10;Stahl;pulverbeschichtet;28;28;15;0,03;4;30;30;1,0;4;0;0;80;10
PA2025-3175;2025-10-04;Standard;13;Neukunde;Automobilindustrie;Bearbeitung;10;Stahl;pulverbeschichtet;26;26;7;0,02;4;30;30;1,0;4;0;0;70;10
PA2025-3176;2025-10-01;Standard;5;Bestandskunde;Maschinenbau;Bearbeitung;16;Stahl;pulverbeschichtet;28;28;15;0,048;4;48;48;1,0;4;0;0;128;16
PA2025-3177;2025-10-04;Standard;6;Bestandskunde;Maschinenbau;Bearbeitung;14;Stahl;pulverbeschichtet;26;26;7;0,028;4;42;42;1,0;4;0;0;98;14
PA2025-3178;2025-10-04;Änderung;7;Bestandskunde;Sonstige;Bearbeitung;4;Stahl;pulverbeschichtet;26;26;7;0,008;4;12;12;1,0;4;0;0;28;4
PA2025-3179;2025-10-06;Standard;8;Bestandskunde;Maschinenbau;Bearbeitung;17;Stahl;pulverbeschichtet;26;26;7;0,034;4;51;51;1,0;4;0;0;119;17
PA2025-3180;2025-10-06;Standard;13;Bestandskunde;Maschinenbau;Bearbeitung;13;Stahl;pulverbeschichtet;28;28;15;0,039;4;39;39;1,0;4;0;0;104;13
PA2025-3181;2025-10-03;Standard;5;Bestandskunde;Automobilindustrie;Bearbeitung;15;Stahl;pulverbeschichtet;26;26;7;0,03;4;45;45;1,0;4;0;0;105;15
PA2025-3182;2025-10-04;Standard;15;Bestandskunde;Automobilindustrie;Bearbeitung;20;Stahl;pulverbeschichtet;28;28;15;0,06;4;60;60;1,0;4;0;0;160;20
PA2025-3183;2025-10-04;Standard;5;Bestandskunde;Maschinenbau;Bearbeitung;7;Stahl;pulverbeschichtet;28;28;15;0,021;4;21;21;1,0;4;0;0;56;7
PA2025-3184;2025-10-01;Standard;12;Bestandskunde;Medizintechnik;Bearbeitung;17;Stahl;pulverbeschichtet;28;28;15;0,051;4;51;51;1,0;4;0;0;136;17
PA2025-3185;2025-10-05;Standard;15;Bestandskunde;Haushaltsgeräte;Bearbeitung;5;Stahl;pulverbeschichtet;28;28;15;0,015;4;15;15;1,0;4;0;0;40;5
PA2025-3186;2025-10-07;Standard;9;Bestandskunde;Maschinenbau;Bearbeitung;10;Stahl;pulverbeschichtet;26;26;7;0,02;4;30;30;1,0;4;0;0;70;10
PA2025-3187;2025-10-07;Standard;13;Bestandskunde;Medizintechnik;Bearbeitung;5;Stahl;pulverbeschichtet;28;28;15;0,015;4;15;15;1,0;4;0;0;40;5
PA2025-3188;2025-10-07;Standard;13;Bestandskunde;Haushaltsgeräte;Bearbeitung;12;Stahl;pulverbeschichtet;26;26;7;0,024;4;36;36;1,0;4;0;0;84;12
PA2025-3189;2025-10-03;Standard;6;Bestandskunde;Sonstige;Bearbeitung;9;Stahl;pulverbeschichtet;26;26;7;0,018;4;27;27;1,0;4;0;0;63;9
PA2025-3190;2025-10-07;Standard;5;Bestandskunde;Logistiktechnik;Bearbeitung;20;Stahl;pulverbeschichtet;28;28;15;0,06;4;60;60;1,0;4;0;0;160;20
PA2025-3191;2025-10-05;Standard;5;Bestandskunde;Logistiktechnik;Bearbeitung;1;Stahl;pulverbeschichtet;28;28;15;0,003;4;3;3;1,0;4;0;0;8;1
PA2025-3192;2025-10-03;Standard;8;Bestandskunde;Automobilindustrie;Bearbeitung;10;Stahl;pulverbeschichtet;28;28;15;0,03;4;30;30;1,0;4;0;0;80;10
PA2025-3193;2025-10-05;Standard;15;Bestandskunde;Sonstige;Bearbeitung;18;Stahl;pulverbeschichtet;26;26;7;0,036;4;54;54;1,0;4;0;0;126;18
PA2025-3194;2025-10-04;Standard;10;Bestandskunde;Automobilindustrie;Bearbeitung;4;Stahl;pulverbeschichtet;26;26;7;0,008;4;12;12;1,0;4;0;0;28;4
PA2025-3195;2025-10-02;Standard;5;Bestandskunde;Maschinenbau;Bearbeitung;10;Stahl;pulverbeschichtet;26;26;7;0,02;4;30;30;1,0;4;0;0;70;10
PA2025-3196;2025-10-01;Standard;7;Bestandskunde;Haushaltsgeräte;Bearbeitung;13;Stahl;pulverbeschichtet;26;26;7;0,026;4;39;39;1,0;4;0;0;91;13
PA2025-3197;2025-10-05;Standard;15;Bestandskunde;Sonstige;Bearbeitung;8;Stahl;pulverbeschichtet;26;26;7;0,016;4;24;24;1,0;4;0;0;56;8
PA2025-3198;2025-10-01;Änderung;15;Bestandskunde;Automobilindustrie;Bearbeitung;7;Stahl;pulverbeschichtet;28;28;15;0,021;4;21;21;1,0;4;0;0;56;7
PA2025-3199;2025-10-06;Standard;9;Bestandskunde;Automobilindustrie;Bearbeitung;19;Stahl;pulverbeschichtet;26;26;7;0,038;4;57;57;1,0;4;0;0;133;19
PA2025-3200;2025-10-01;Standard;9;Bestandskunde;Sonstige;Bearbeitung;10;Stahl;pulverbeschichtet;26;26;7;0,02;4;30;30;1,0;4;0;0;70;10
PA2025-3201;2025-10-02;Standard;6;Bestandskunde;Medizintechnik;Bearbeitung;4;Stahl;pulverbeschichtet;28;28;15;0,012;4;12;12;1,0;4;0;0;32;4
PA2025-3202;2025-10-05;Standard;14;Bestandskunde;Maschinenbau;Bearbeitung;13;Stahl;pulverbeschichtet;28;28;15;0,039;4;39;39;1,0;4;0;0;104;13
PA2025-3203;2025-10-06;Standard;4;Bestandskunde;Maschinenbau;Bearbeitung;19;Stahl;pulverbeschichtet;26;26;7;0,038;4;57;57;1,0;4;0;0;133;19
PA2025-3204;2025-10-04;Änderung;15;Bestandskunde;Haushaltsgeräte;Bearbeitung;1;Stahl;pulverbeschichtet;28;28;15;0,003;4;3;3;1,0;4;0;0;8;1
PA2025-3205;2025-10-02;Standard;13;Bestandskunde;Medizintechnik;Bearbeitung;6;Stahl;pulverbeschichtet;26;26;7;0,012;4;18;18;1,0;4;0;0;42;6
PA2025-3206;2025-10-04;Standard;7;Bestandskunde;Maschinenbau;Bearbeitung;15;Stahl;pulverbeschichtet;26;26;7;0,03;4;45;45;1,0;4;0;0;105;15
PA2025-3207;2025-10-02;Standard;13;Bestandskunde;Sonstige;Bearbeitung;8;Stahl;pulverbeschichtet;26;26;7;0,016;4;24;24;1,0;4;0;0;56;8
PA2025-3208;2025-10-04;Standard;5;Bestandskunde;Logistiktechnik;Bearbeitung;17;Stahl;pulverbeschichtet;28;28;15;0,051;4;51;51;1,0;4;0;0;136;17
PA2025-3209;2025-10-07;Standard;7;Bestandskunde;Maschinenbau;Bearbeitung;20;Stahl;pulverbeschichtet;26;26;7;0,04;4;60;60;1,0;4;0;0;140;20
PA2025-3210;2025-10-04;Standard;15;Bestandskunde;Logistiktechnik;Bearbeitung;16;Stahl;pulverbeschichtet;28;28;15;0,048;4;48;48;1,0;4;0;0;128;16
PA2025-3211;2025-10-08;Änderung;13;Bestandskunde;Automobilindustrie;Bearbeitung;4;Stahl;pulverbeschichtet;28;28;15;0,012;4;12;12;1,0;4;0;0;32;4
PA2025-3212;2025-10-14;Standard;10;Bestandskunde;Logistiktechnik;Bearbeitung;18;Stahl;pulverbeschichtet;26;26;7;0,036;4;54;54;1,0;4;0;0;126;18
PA2025-3213;2025-10-11;Standard;15;Bestandskunde;Automobilindustrie;Bearbeitung;9;Stahl;pulverbeschichtet;28;28;15;0,027;4;27;27;1,0;4;0;0;72;9
PA2025-3214;2025-10-14;Änderung;7;Bestandskunde;Logistiktechnik;Bearbeitung;6;Stahl;pulverbeschichtet;28;28;15;0,018;4;18;18;1,0;4;0;0;48;6
PA2025-3215;2025-10-11;Standard;5;Bestandskunde;Haushaltsgeräte;Bearbeitung;13;Stahl;pulverbeschichtet;26;26;7;0,026;4;39;39;1,0;4;0;0;91;13
PA2025-3216;2025-10-10;Änderung;11;Bestandskunde;Automobilindustrie;Bearbeitung;15;Stahl;pulverbeschichtet;28;28;15;0,045;4;45;45;1,0;4;0;0;120;15
PA2025-3217;2025-10-11;Standard;5;Bestandskunde;Sonstige;Bearbeitung;12;Stahl;pulverbeschichtet;28;28;15;0,036;4;36;36;1,0;4;0;0;96;12
PA2025-3218;2025-10-10;Änderung;4;Bestandskunde;Maschinenbau;Bearbeitung;10;Stahl;pulverbeschichtet;26;26;7;0,02;4;30;30;1,0;4;0;0;70;10
PA2025-3219;2025-10-08;Standard;3;Bestandskunde;Haushaltsgeräte;Bearbeitung;7;Stahl;pulverbeschichtet;26;26;7;0,014;4;21;21;1,0;4;0;0;49;7
PA2025-3220;2025-10-14;Standard;15;Bestandskunde;Sonstige;Bearbeitung;6;Stahl;pulverbeschichtet;28;28;15;0,018;4;18;18;1,0;4;0;0;48;6
PA2025-3221;2025-10-13;Änderung;6;Bestandskunde;Haushaltsgeräte;Bearbeitung;19;Stahl;pulverbeschichtet;28;28;15;0,057;4;57;57;1,0;4;0;0;152;19
PA2025-3222;2025-10-12;Standard;10;Bestandskunde;Maschinenbau;Bearbeitung;1;Stahl;pulverbeschichtet;26;26;7;0,002;4;3;3;1,0;4;0;0;7;1
PA2025-3223;2025-10-13;Standard;14;Bestandskunde;Maschinenbau;Bearbeitung;1;Stahl;pulverbeschichtet;28;28;15;0,003;4;3;3;1,0;4;0;0;8;1
PA2025-3224;2025-10-08;Standard;7;Bestandskunde;Automobilindustrie;Bearbeitung;13;Stahl;pulverbeschichtet;28;28;15;0,039;4;39;39;1,0;4;0;0;104;13
PA2025-3225;2025-10-10;Standard;11;Bestandskunde;Automobilindustrie;Bearbeitung;8;Stahl;pulverbeschichtet;28;28;15;0,024;4;24;24;1,0;4;0;0;64;8
PA2025-3226;2025-10-09;Standard;10;Bestandskunde;Sonstige;Bearbeitung;11;Stahl;pulverbeschichtet;26;26;7;0,022;4;33;33;1,0;4;0;0;77;11
PA2025-3227;2025-10-14;Änderung;9;Bestandskunde;Automobilindustrie;Bearbeitung;5;Stahl;pulverbeschichtet;26;26;7;0,01;4;15;15;1,0;4;0;0;35;5
PA2025-3228;2025-10-14;Standard;13;Bestandskunde;Automobilindustrie;Bearbeitung;16;Stahl;pulverbeschichtet;28;28;15;0,048;4;48;48;1,0;4;0;0;128;16
PA2025-3229;2025-10-10;Standard;5;Neukunde;Automobilindustrie;Bearbeitung;15;Stahl;pulverbeschichtet;26;26;7;0,03;4;45;45;1,0;4;0;0;105;15
PA2025-3230;2025-10-14;Standard;6;Bestandskunde;Sonstige;Bearbeitung;19;Stahl;pulverbeschichtet;28;28;15;0,057;4;57;57;1,0;4;0;0;152;19
PA2025-3231;2025-10-08;Standard;11;Bestandskunde;Medizintechnik;Bearbeitung;2;Stahl;pulverbeschichtet;28;28;15;0,006;4;6;6;1,0;4;0;0;16;2
PA2025-3232;2025-10-09;Änderung;11;Bestandskunde;Automobilindustrie;Bearbeitung;10;Stahl;pulverbeschichtet;28;28;15;0,03;4;30;30;1,0;4;0;0;80;10
PA2025-3233;2025-10-14;Standard;12;Bestandskunde;Maschinenbau;Bearbeitung;15;Stahl;pulverbeschichtet;28;28;15;0,045;4;45;45;1,0;4;0;0;120;15
PA2025-3234;2025-10-08;Änderung;12;Bestandskunde;Maschinenbau;Bearbeitung;15;Stahl;pulverbeschichtet;28;28;15;0,045;4;45;45;1,0;4;0;0;120;15
PA2025-3235;2025-10-14;Standard;15;Bestandskunde;Logistiktechnik;Bearbeitung;9;Stahl;pulverbeschichtet;26;26;7;0,018;4;27;27;1,0;4;0;0;63;9
PA2025-3236;2025-10-13;Standard;9;Bestandskunde;Medizintechnik;Bearbeitung;7;Stahl;pulverbeschichtet;28;28;15;0,021;4;21;21;1,0;4;0;0;56;7
PA2025-3237;2025-10-10;Standard;10;Bestandskunde;Logistiktechnik;Bearbeitung;6;Stahl;pulverbeschichtet;26;26;7;0,012;4;18;18;1,0;4;0;0;42;6
PA2025-3238;2025-10-14;Standard;5;Bestandskunde;Maschinenbau;Bearbeitung;11;Stahl;pulverbeschichtet;28;28;15;0,033;4;33;33;1,0;4;0;0;88;11
PA2025-3239;2025-10-09;Standard;11;Bestandskunde;Maschinenbau;Bearbeitung;11;Stahl;pulverbeschichtet;28;28;15;0,033;4;33;33;1,0;4;0;0;88;11
PA2025-3240;2025-10-13;Standard;15;Bestandskunde;Maschinenbau;Bearbeitung;15;Stahl;pulverbeschichtet;28;28;15;0,045;4;45;45;1,0;4;0;0;120;15
PA2025-3241;2025-10-08;Standard;13;Bestandskunde;Maschinenbau;Bearbeitung;1;Stahl;pulverbeschichtet;26;26;7;0,002;4;3;3;1,0;4;0;0;7;1
PA2025-3242;2025-10-11;Standard;8;Neukunde;Sonstige;Bearbeitung;7;Stahl;pulverbeschichtet;28;28;15;0,021;4;21;21;1,0;4;0;0;56;7
PA2025-3243;2025-10-13;Standard;13;Bestandskunde;Automobilindustrie;Bearbeitung;12;Stahl;pulverbeschichtet;28;28;15;0,036;4;36;36;1,0;4;0;0;96;12
PA2025-3244;2025-10-12;Standard;14;Bestandskunde;Maschinenbau;Bearbeitung;20;Stahl;pulverbeschichtet;26;26;7;0,04;4;60;60;1,0;4;0;0;140;20
PA2025-3245;2025-10-13;Standard;4;Bestandskunde;Automobilindustrie;Bearbeitung;17;Stahl;pulverbeschichtet;26;26;7;0,034;4;51;51;1,0;4;0;0;119;17
PA2025-3246;2025-10-13;Standard;9;Bestandskunde;Logistiktechnik;Bearbeitung;12;Stahl;pulverbeschichtet;28;28;15;0,036;4;36;36;1,0;4;0;0;96;12
PA2025-3247;2025-10-08;Standard;12;Neukunde;Automobilindustrie;Bearbeitung;20;Stahl;pulverbeschichtet;26;26;7;0,04;4;60;60;1,0;4;0;0;140;20
PA2025-3248;2025-10-09;Standard;12;Bestandskunde;Automobilindustrie;Bearbeitung;11;Stahl;pulverbeschichtet;26;26;7;0,022;4;33;33;1,0;4;0;0;77;11
PA2025-3249;2025-10-10;Standard;3;Bestandskunde;Maschinenbau;Bearbeitung;11;Stahl;pulverbeschichtet;28;28;15;0,033;4;33;33;1,0;4;0;0;88;11
PA2025-3250;2025-10-08;Standard;14;Neukunde;Maschinenbau;Bearbeitung;16;Stahl;pulverbeschichtet;28;28;15;0,048;4;48;48;1,0;4;0;0;128;16
PA2025-3251;2025-10-10;Standard;6;Bestandskunde;Logistiktechnik;Bearbeitung;1;Stahl;pulverbeschichtet;28;28;15;0,003;4;3;3;1,0;4;0;0;8;1
PA2025-3252;2025-10-09;Standard;6;Neukunde;Automobilindustrie;Bearbeitung;5;Stahl;pulverbeschichtet;26;26;7;0,01;4;15;15;1,0;4;0;0;35;5
PA2025-3253;2025-10-09;Standard;6;Bestandskunde;Automobilindustrie;Bearbeitung;5;Stahl;pulverbeschichtet;28;28;15;0,015;4;15;15;1,0;4;0;0;40;5
PA2025-3254;2025-10-08;Standard;5;Neukunde;Sonstige;Bearbeitung;16;Stahl;pulverbeschichtet;28;28;15;0,048;4;48;48;1,0;4;0;0;128;16
PA2025-3255;2025-10-08;Standard;14;Bestandskunde;Automobilindustrie;Bearbeitung;10;Stahl;pulverbeschichtet;28;28;15;0,03;4;30;30;1,0;4;0;0;80;10
PA2025-3256;2025-10-08;Standard;10;Bestandskunde;Automobilindustrie;Bearbeitung;19;Stahl;pulverbeschichtet;26;26;7;0,038;4;57;57;1,0;4;0;0;133;19
PA2025-3257;2025-10-10;Standard;6;Neukunde;Logistiktechnik;Bearbeitung;19;Stahl;pulverbeschichtet;26;26;7;0,038;4;57;57;1,0;4;0;0;133;19
PA2025-3258;2025-10-12;Standard;8;Bestandskunde;Sonstige;Bearbeitung;14;Stahl;pulverbeschichtet;26;26;7;0,028;4;42;42;1,0;4;0;0;98;14
PA2025-3259;2025-10-10;Standard;6;Bestandskunde;Sonstige;Bearbeitung;3;Stahl;pulverbeschichtet;26;26;7;0,006;4;9;9;1,0;4;0;0;21;3
PA2025-3260;2025-10-12;Änderung;5;Bestandskunde;Sonstige;Bearbeitung;1;Stahl;pulverbeschichtet;26;26;7;0,002;4;3;3;1,0;4;0;0;7;1
PA2025-3261;2025-10-11;Änderung;8;Bestandskunde;Sonstige;Bearbeitung;11;Stahl;pulverbeschichtet;26;26;7;0,022;4;33;33;1,0;4;0;0;77;11
PA2025-3262;2025-10-10;Änderung;7;Bestandskunde;Sonstige;Bearbeitung;15;Stahl;pulverbeschichtet;26;26;7;0,03;4;45;45;1,0;4;0;0;105;15
PA2025-3263;2025-10-10;Standard;11;Bestandskunde;Automobilindustrie;Bearbeitung;15;Stahl;pulverbeschichtet;26;26;7;0,03;4;45;45;1,0;4;0;0;105;15
PA2025-3264;2025-10-14;Standard;13;Bestandskunde;Sonstige;Bearbeitung;18;Stahl;pulverbeschichtet;26;26;7;0,036;4;54;54;1,0;4;0;0;126;18
PA2025-3265;2025-10-12;Änderung;5;Neukunde;Automobilindustrie;Bearbeitung;11;Stahl;pulverbeschichtet;26;26;7;0,022;4;33;33;1,0;4;0;0;77;11
PA2025-3266;2025-10-09;Standard;11;Bestandskunde;Automobilindustrie;Bearbeitung;18;Stahl;pulverbeschichtet;28;28;15;0,054;4;54;54;1,0;4;0;0;144;18
PA2025-3267;2025-10-13;Standard;9;Bestandskunde;Automobilindustrie;Bearbeitung;15;Stahl;pulverbeschichtet;28;28;15;0,045;4;45;45;1,0;4;0;0;120;15
PA2025-3268;2025-10-09;Standard;5;Bestandskunde;Automobilindustrie;Bearbeitung;13;Stahl;pulverbeschichtet;26;26;7;0,026;4;39;39;1,0;4;0;0;91;13
PA2025-3269;2025-10-13;Standard;4;Bestandskunde;Haushaltsgeräte;Bearbeitung;14;Stahl;pulverbeschichtet;26;26;7;0,028;4;42;42;1,0;4;0;0;98;14
PA2025-3270;2025-10-14;Standard;13;Bestandskunde;Haushaltsgeräte;Bearbeitung;11;Stahl;pulverbeschichtet;26;26;7;0,022;4;33;33;1,0;4;0;0;77;11
PA2025-3271;2025-10-21;Standard;8;Bestandskunde;Automobilindustrie;Bearbeitung;7;Stahl;pulverbeschichtet;26;26;7;0,014;4;21;21;1,0;4;0;0;49;7
PA2025-3272;2025-10-19;Standard;12;Bestandskunde;Maschinenbau;Bearbeitung;17;Stahl;pulverbeschichtet;28;28;15;0,051;4;51;51;1,0;4;0;0;136;17
PA2025-3273;2025-10-21;Standard;3;Bestandskunde;Medizintechnik;Bearbeitung;12;Stahl;pulverbeschichtet;28;28;15;0,036;4;36;36;1,0;4;0;0;96;12
PA2025-3274;2025-10-16;Standard;4;Bestandskunde;Medizintechnik;Bearbeitung;4;Stahl;pulverbeschichtet;28;28;15;0,012;4;12;12;1,0;4;0;0;32;4
PA2025-3275;2025-10-16;Änderung;6;Bestandskunde;Maschinenbau;Bearbeitung;10;Stahl;pulverbeschichtet;26;26;7;0,02;4;30;30;1,0;4;0;0;70;10
PA2025-3276;2025-10-17;Änderung;9;Bestandskunde;Automobilindustrie;Bearbeitung;19;Stahl;pulverbeschichtet;26;26;7;0,038;4;57;57;1,0;4;0;0;133;19
PA2025-3277;2025-10-16;Standard;11;Bestandskunde;Maschinenbau;Bearbeitung;6;Stahl;pulverbeschichtet;26;26;7;0,012;4;18;18;1,0;4;0;0;42;6
PA2025-3278;2025-10-16;Standard;11;Bestandskunde;Maschinenbau;Bearbeitung;12;Stahl;pulverbeschichtet;26;26;7;0,024;4;36;36;1,0;4;0;0;84;12
PA2025-3279;2025-10-21;Standard;4;Bestandskunde;Automobilindustrie;Bearbeitung;8;Stahl;pulverbeschichtet;28;28;15;0,024;4;24;24;1,0;4;0;0;64;8
PA2025-3280;2025-10-17;Standard;4;Bestandskunde;Sonstige;Bearbeitung;17;Stahl;pulverbeschichtet;28;28;15;0,051;4;51;51;1,0;4;0;0;136;17
PA2025-3281;2025-10-21;Änderung;8;Bestandskunde;Maschinenbau;Bearbeitung;8;Stahl;pulverbeschichtet;28;28;15;0,024;4;24;24;1,0;4;0;0;64;8
PA2025-3282;2025-10-17;Änderung;8;Bestandskunde;Logistiktechnik;Bearbeitung;14;Stahl;pulverbeschichtet;26;26;7;0,028;4;42;42;1,0;4;0;0;98;14
PA2025-3283;2025-10-21;Standard;3;Bestandskunde;Automobilindustrie;Bearbeitung;18;Stahl;pulverbeschichtet;26;26;7;0,036;4;54;54;1,0;4;0;0;126;18
PA2025-3284;2025-10-16;Standard;9;Bestandskunde;Automobilindustrie;Bearbeitung;19;Stahl;pulverbeschichtet;26;26;7;0,038;4;57;57;1,0;4;0;0;133;19
PA2025-3285;2025-10-21;Änderung;11;Bestandskunde;Automobilindustrie;Bearbeitung;20;Stahl;pulverbeschichtet;26;26;7;0,04;4;60;60;1,0;4;0;0;140;20
PA2025-3286;2025-10-15;Änderung;7;Bestandskunde;Maschinenbau;Bearbeitung;7;Stahl;pulverbeschichtet;26;26;7;0,014;4;21;21;1,0;4;0;0;49;7
PA2025-3287;2025-10-18;Änderung;10;Bestandskunde;Logistiktechnik;Bearbeitung;3;Stahl;pulverbeschichtet;26;26;7;0,006;4;9;9;1,0;4;0;0;21;3
PA2025-3288;2025-10-16;Standard;9;Bestandskunde;Medizintechnik;Bearbeitung;15;Stahl;pulverbeschichtet;26;26;7;0,03;4;45;45;1,0;4;0;0;105;15
PA2025-3289;2025-10-21;Standard;6;Bestandskunde;Haushaltsgeräte;Bearbeitung;15;Stahl;pulverbeschichtet;28;28;15;0,045;4;45;45;1,0;4;0;0;120;15
PA2025-3290;2025-10-15;Änderung;14;Bestandskunde;Automobilindustrie;Bearbeitung;5;Stahl;pulverbeschichtet;26;26;7;0,01;4;15;15;1,0;4;0;0;35;5
PA2025-3291;2025-10-18;Standard;10;Bestandskunde;Haushaltsgeräte;Bearbeitung;13;Stahl;pulverbeschichtet;28;28;15;0,039;4;39;39;1,0;4;0;0;104;13
PA2025-3292;2025-10-15;Standard;7;Bestandskunde;Haushaltsgeräte;Bearbeitung;14;Stahl;pulverbeschichtet;28;28;15;0,042;4;42;42;1,0;4;0;0;112;14
PA2025-3293;2025-10-21;Änderung;8;Bestandskunde;Maschinenbau;Bearbeitung;6;Stahl;pulverbeschichtet;26;26;7;0,012;4;18;18;1,0;4;0;0;42;6
PA2025-3294;2025-10-21;Änderung;7;Bestandskunde;Automobilindustrie;Bearbeitung;4;Stahl;pulverbeschichtet;28;28;15;0,012;4;12;12;1,0;4;0;0;32;4
PA2025-3295;2025-10-20;Änderung;9;Bestandskunde;Sonstige;Bearbeitung;11;Stahl;pulverbeschichtet;26;26;7;0,022;4;33;33;1,0;4;0;0;77;11
PA2025-3296;2025-10-16;Standard;6;Bestandskunde;Sonstige;Bearbeitung;10;Stahl;pulverbeschichtet;26;26;7;0,02;4;30;30;1,0;4;0;0;70;10
PA2025-3297;2025-10-19;Änderung;15;Bestandskunde;Automobilindustrie;Bearbeitung;5;Stahl;pulverbeschichtet;26;26;7;0,01;4;15;15;1,0;4;0;0;35;5
PA2025-3298;2025-10-19;Standard;7;Bestandskunde;Maschinenbau;Bearbeitung;5;Stahl;pulverbeschichtet;28;28;15;0,015;4;15;15;1,0;4;0;0;40;5
PA2025-3299;2025-10-19;Standard;10;Bestandskunde;Maschinenbau;Bearbeitung;11;Stahl;pulverbeschichtet;26;26;7;0,022;4;33;33;1,0;4;0;0;77;11
PA2025-3300;2025-10-20;Änderung;4;Bestandskunde;Maschinenbau;Bearbeitung;16;Stahl;pulverbeschichtet;26;26;7;0,032;4;48;48;1,0;4;0;0;112;16
PA2025-3301;2025-10-18;Änderung;12;Bestandskunde;Sonstige;Bearbeitung;7;Stahl;pulverbeschichtet;26;26;7;0,014;4;21;21;1,0;4;0;0;49;7
PA2025-3302;2025-10-19;Änderung;14;Bestandskunde;Maschinenbau;Bearbeitung;20;Stahl;pulverbeschichtet;26;26;7;0,04;4;60;60;1,0;4;0;0;140;20
PA2025-3303;2025-10-17;Standard;13;Bestandskunde;Maschinenbau;Bearbeitung;14;Stahl;pulverbeschichtet;26;26;7;0,028;4;42;42;1,0;4;0;0;98;14
PA2025-3304;2025-10-19;Standard;11;Bestandskunde;Logistiktechnik;Bearbeitung;12;Stahl;pulverbeschichtet;28;28;15;0,036;4;36;36;1,0;4;0;0;96;12
PA2025-3305;2025-10-21;Standard;11;Bestandskunde;Maschinenbau;Bearbeitung;16;Stahl;pulverbeschichtet;26;26;7;0,032;4;48;48;1,0;4;0;0;112;16
PA2025-3306;2025-10-21;Änderung;8;Bestandskunde;Maschinenbau;Bearbeitung;13;Stahl;pulverbeschichtet;26;26;7;0,026;4;39;39;1,0;4;0;0;91;13
PA2025-3307;2025-10-20;Standard;8;Bestandskunde;Automobilindustrie;Bearbeitung;11;Stahl;pulverbeschichtet;28;28;15;0,033;4;33;33;1,0;4;0;0;88;11
PA2025-3308;2025-10-21;Änderung;13;Bestandskunde;Automobilindustrie;Bearbeitung;6;Stahl;pulverbeschichtet;28;28;15;0,018;4;18;18;1,0;4;0;0;48;6
PA2025-3309;2025-10-21;Standard;6;Bestandskunde;Haushaltsgeräte;Bearbeitung;13;Stahl;pulverbeschichtet;28;28;15;0,039;4;39;39;1,0;4;0;0;104;13
PA2025-3310;2025-10-18;Änderung;7;Bestandskunde;Medizintechnik;Bearbeitung;9;Stahl;pulverbeschichtet;26;26;7;0,018;4;27;27;1,0;4;0;0;63;9
PA2025-3311;2025-10-15;Standard;7;Bestandskunde;Automobilindustrie;Bearbeitung;9;Stahl;pulverbeschichtet;26;26;7;0,018;4;27;27;1,0;4;0;0;63;9
PA2025-3312;2025-10-19;Änderung;8;Bestandskunde;Automobilindustrie;Bearbeitung;20;Stahl;pulverbeschichtet;26;26;7;0,04;4;60;60;1,0;4;0;0;140;20
PA2025-3313;2025-10-16;Standard;13;Bestandskunde;Haushaltsgeräte;Bearbeitung;1;Stahl;pulverbeschichtet;28;28;15;0,003;4;3;3;1,0;4;0;0;8;1
PA2025-3314;2025-10-21;Änderung;4;Bestandskunde;Medizintechnik;Bearbeitung;7;Stahl;pulverbeschichtet;28;28;15;0,021;4;21;21;1,0;4;0;0;56;7
PA2025-3315;2025-10-18;Standard;10;Bestandskunde;Maschinenbau;Bearbeitung;8;Stahl;pulverbeschichtet;26;26;7;0,016;4;24;24;1,0;4;0;0;56;8
PA2025-3316;2025-10-20;Standard;5;Bestandskunde;Logistiktechnik;Bearbeitung;7;Stahl;pulverbeschichtet;26;26;7;0,014;4;21;21;1,0;4;0;0;49;7
PA2025-3317;2025-10-16;Standard;10;Bestandskunde;Maschinenbau;Bearbeitung;19;Stahl;pulverbeschichtet;26;26;7;0,038;4;57;57;1,0;4;0;0;133;19
PA2025-3318;2025-10-21;Standard;3;Bestandskunde;Automobilindustrie;Bearbeitung;1;Stahl;pulverbeschichtet;26;26;7;0,002;4;3;3;1,0;4;0;0;7;1
PA2025-3319;2025-10-18;Standard;5;Bestandskunde;Maschinenbau;Bearbeitung;4;Stahl;pulverbeschichtet;26;26;7;0,008;4;12;12;1,0;4;0;0;28;4
PA2025-3320;2025-10-18;Änderung;13;Bestandskunde;Haushaltsgeräte;Bearbeitung;7;Stahl;pulverbeschichtet;28;28;15;0,021;4;21;21;1,0;4;0;0;56;7
PA2025-3321;2025-10-15;Standard;11;Bestandskunde;Haushaltsgeräte;Bearbeitung;9;Stahl;pulverbeschichtet;28;28;15;0,027;4;27;27;1,0;4;0;0;72;9
PA2025-3322;2025-10-18;Standard;13;Neukunde;Maschinenbau;Bearbeitung;4;Stahl;pulverbeschichtet;28;28;15;0,012;4;12;12;1,0;4;0;0;32;4
PA2025-3323;2025-10-21;Standard;13;Bestandskunde;Logistiktechnik;Bearbeitung;20;Stahl;pulverbeschichtet;26;26;7;0,04;4;60;60;1,0;4;0;0;140;20
PA2025-3324;2025-10-20;Standard;5;Bestandskunde;Maschinenbau;Bearbeitung;7;Stahl;pulverbeschichtet;28;28;15;0,021;4;21;21;1,0;4;0;0;56;7
PA2025-3325;2025-10-17;Änderung;9;Bestandskunde;Logistiktechnik;Bearbeitung;7;Stahl;pulverbeschichtet;26;26;7;0,014;4;21;21;1,0;4;0;0;49;7
PA2025-3326;2025-10-18;Änderung;15;Bestandskunde;Automobilindustrie;Bearbeitung;12;Stahl;pulverbeschichtet;28;28;15;0,036;4;36;36;1,0;4;0;0;96;12
PA2025-3327;2025-10-21;Änderung;4;Bestandskunde;Maschinenbau;Bearbeitung;9;Stahl;pulverbeschichtet;28;28;15;0,027;4;27;27;1,0;4;0;0;72;9
PA2025-3328;2025-10-19;Änderung;5;Bestandskunde;Logistiktechnik;Bearbeitung;3;Stahl;pulverbeschichtet;28;28;15;0,009;4;9;9;1,0;4;0;0;24;3
PA2025-3329;2025-10-21;Änderung;11;Bestandskunde;Sonstige;Bearbeitung;1;Stahl;pulverbeschichtet;28;28;15;0,003;4;3;3;1,0;4;0;0;8;1
PA2025-3330;2025-10-19;Standard;9;Neukunde;Automobilindustrie;Bearbeitung;2;Stahl;pulverbeschichtet;26;26;7;0,004;4;6;6;1,0;4;0;0;14;2
PA2025-3331;2025-10-26;Änderung;10;Bestandskunde;Logistiktechnik;Bearbeitung;9;Stahl;pulverbeschichtet;26;26;7;0,018;4;27;27;1,0;4;0;0;63;9
PA2025-3332;2025-10-23;Standard;8;Bestandskunde;Automobilindustrie;Bearbeitung;11;Stahl;pulverbeschichtet;26;26;7;0,022;4;33;33;1,0;4;0;0;77;11
PA2025-3333;2025-10-26;Standard;10;Bestandskunde;Sonstige;Bearbeitung;1;Stahl;pulverbeschichtet;26;26;7;0,002;4;3;3;1,0;4;0;0;7;1
PA2025-3334;2025-10-28;Änderung;10;Bestandskunde;Maschinenbau;Bearbeitung;8;Stahl;pulverbeschichtet;26;26;7;0,016;4;24;24;1,0;4;0;0;56;8
PA2025-3335;2025-10-25;Standard;5;Bestandskunde;Medizintechnik;Bearbeitung;7;Stahl;pulverbeschichtet;28;28;15;0,021;4;21;21;1,0;4;0;0;56;7
PA2025-3336;2025-10-27;Standard;9;Bestandskunde;Sonstige;Bearbeitung;1;Stahl;pulverbeschichtet;28;28;15;0,003;4;3;3;1,0;4;0;0;8;1
PA2025-3337;2025-10-26;Standard;11;Bestandskunde;Automobilindustrie;Bearbeitung;9;Stahl;pulverbeschichtet;28;28;15;0,027;4;27;27;1,0;4;0;0;72;9
PA2025-3338;2025-10-25;Änderung;10;Bestandskunde;Maschinenbau;Bearbeitung;20;Stahl;pulverbeschichtet;26;26;7;0,04;4;60;60;1,0;4;0;0;140;20
PA2025-3339;2025-10-26;Standard;10;Bestandskunde;Haushaltsgeräte;Bearbeitung;14;Stahl;pulverbeschichtet;26;26;7;0,028;4;42;42;1,0;4;0;0;98;14
PA2025-3340;2025-10-25;Standard;13;Bestandskunde;Haushaltsgeräte;Bearbeitung;15;Stahl;pulverbeschichtet;26;26;7;0,03;4;45;45;1,0;4;0;0;105;15
PA2025-3341;2025-10-23;Standard;13;Bestandskunde;Maschinenbau;Bearbeitung;3;Stahl;pulverbeschichtet;28;28;15;0,009;4;9;9;1,0;4;0;0;24;3
PA2025-3342;2025-10-28;Standard;12;Bestandskunde;Sonstige;Bearbeitung;14;Stahl;pulverbeschichtet;28;28;15;0,042;4;42;42;1,0;4;0;0;112;14
PA2025-3343;2025-10-27;Änderung;13;Bestandskunde;Automobilindustrie;Bearbeitung;3;Stahl;pulverbeschichtet;28;28;15;0,009;4;9;9;1,0;4;0;0;24;3
PA2025-3344;2025-10-24;Standard;5;Bestandskunde;Automobilindustrie;Bearbeitung;20;Stahl;pulverbeschichtet;28;28;15;0,06;4;60;60;1,0;4;0;0;160;20
PA2025-3345;2025-10-23;Standard;13;Bestandskunde;Logistiktechnik;Bearbeitung;19;Stahl;pulverbeschichtet;26;26;7;0,038;4;57;57;1,0;4;0;0;133;19
PA2025-3346;2025-10-28;Änderung;15;Bestandskunde;Maschinenbau;Bearbeitung;15;Stahl;pulverbeschichtet;26;26;7;0,03;4;45;45;1,0;4;0;0;105;15
PA2025-3347;2025-10-24;Standard;8;Bestandskunde;Logistiktechnik;Bearbeitung;14;Stahl;pulverbeschichtet;28;28;15;0,042;4;42;42;1,0;4;0;0;112;14
PA2025-3348;2025-10-22;Änderung;8;Bestandskunde;Automobilindustrie;Bearbeitung;14;Stahl;pulverbeschichtet;26;26;7;0,028;4;42;42;1,0;4;0;0;98;14
PA2025-3349;2025-10-22;Standard;12;Bestandskunde;Sonstige;Bearbeitung;7;Stahl;pulverbeschichtet;26;26;7;0,014;4;21;21;1,0;4;0;0;49;7
PA2025-3350;2025-10-25;Änderung;5;Bestandskunde;Automobilindustrie;Bearbeitung;6;Stahl;pulverbeschichtet;26;26;7;0,012;4;18;18;1,0;4;0;0;42;6
PA2025-3351;2025-10-28;Änderung;14;Bestandskunde;Maschinenbau;Bearbeitung;3;Stahl;pulverbeschichtet;28;28;15;0,009;4;9;9;1,0;4;0;0;24;3
PA2025-3352;2025-10-26;Standard;15;Bestandskunde;Maschinenbau;Bearbeitung;11;Stahl;pulverbeschichtet;26;26;7;0,022;4;33;33;1,0;4;0;0;77;11
PA2025-3353;2025-10-25;Standard;8;Bestandskunde;Maschinenbau;Bearbeitung;6;Stahl;pulverbeschichtet;26;26;7;0,012;4;18;18;1,0;4;0;0;42;6
PA2025-3354;2025-10-22;Standard;11;Bestandskunde;Sonstige;Bearbeitung;1;Stahl;pulverbeschichtet;28;28;15;0,003;4;3;3;1,0;4;0;0;8;1
PA2025-3355;2025-10-23;Änderung;6;Neukunde;Medizintechnik;Bearbeitung;2;Stahl;pulverbeschichtet;28;28;15;0,006;4;6;6;1,0;4;0;0;16;2
PA2025-3356;2025-10-28;Standard;13;Bestandskunde;Maschinenbau;Bearbeitung;18;Stahl;pulverbeschichtet;28;28;15;0,054;4;54;54;1,0;4;0;0;144;18
PA2025-3357;2025-10-27;Änderung;14;Bestandskunde;Sonstige;Bearbeitung;6;Stahl;pulverbeschichtet;28;28;15;0,018;4;18;18;1,0;4;0;0;48;6
PA2025-3358;2025-10-25;Standard;7;Bestandskunde;Logistiktechnik;Bearbeitung;1;Stahl;pulverbeschichtet;26;26;7;0,002;4;3;3;1,0;4;0;0;7;1
PA2025-3359;2025-10-28;Änderung;8;Bestandskunde;Maschinenbau;Bearbeitung;20;Stahl;pulverbeschichtet;28;28;15;0,06;4;60;60;1,0;4;0;0;160;20
PA2025-3360;2025-10-25;Standard;5;Bestandskunde;Maschinenbau;Bearbeitung;11;Stahl;pulverbeschichtet;26;26;7;0,022;4;33;33;1,0;4;0;0;77;11
PA2025-3361;2025-10-25;Standard;5;Neukunde;Logistiktechnik;Bearbeitung;1;Stahl;pulverbeschichtet;26;26;7;0,002;4;3;3;1,0;4;0;0;7;1
PA2025-3362;2025-10-26;Standard;10;Bestandskunde;Logistiktechnik;Bearbeitung;6;Stahl;pulverbeschichtet;28;28;15;0,018;4;18;18;1,0;4;0;0;48;6
PA2025-3363;2025-10-27;Standard;9;Bestandskunde;Haushaltsgeräte;Bearbeitung;8;Stahl;pulverbeschichtet;26;26;7;0,016;4;24;24;1,0;4;0;0;56;8
PA2025-3364;2025-10-27;Standard;4;Bestandskunde;Automobilindustrie;Bearbeitung;19;Stahl;pulverbeschichtet;28;28;15;0,057;4;57;57;1,0;4;0;0;152;19
PA2025-3365;2025-10-22;Standard;12;Bestandskunde;Maschinenbau;Bearbeitung;11;Stahl;pulverbeschichtet;28;28;15;0,033;4;33;33;1,0;4;0;0;88;11
PA2025-3366;2025-10-22;Standard;12;Bestandskunde;Logistiktechnik;Bearbeitung;6;Stahl;pulverbeschichtet;28;28;15;0,018;4;18;18;1,0;4;0;0;48;6
PA2025-3367;2025-10-26;Standard;15;Bestandskunde;Automobilindustrie;Bearbeitung;8;Stahl;pulverbeschichtet;28;28;15;0,024;4;24;24;1,0;4;0;0;64;8
PA2025-3368;2025-10-28;Änderung;5;Bestandskunde;Maschinenbau;Bearbeitung;14;Stahl;pulverbeschichtet;26;26;7;0,028;4;42;42;1,0;4;0;0;98;14
PA2025-3369;2025-10-28;Standard;3;Bestandskunde;Haushaltsgeräte;Bearbeitung;9;Stahl;pulverbeschichtet;28;28;15;0,027;4;27;27;1,0;4;0;0;72;9
PA2025-3370;2025-10-24;Änderung;15;Bestandskunde;Automobilindustrie;Bearbeitung;2;Stahl;pulverbeschichtet;26;26;7;0,004;4;6;6;1,0;4;0;0;14;2
PA2025-3371;2025-10-27;Standard;9;Bestandskunde;Automobilindustrie;Bearbeitung;5;Stahl;pulverbeschichtet;26;26;7;0,01;4;15;15;1,0;4;0;0;35;5
PA2025-3372;2025-10-22;Änderung;7;Bestandskunde;Maschinenbau;Bearbeitung;4;Stahl;pulverbeschichtet;26;26;7;0,008;4;12;12;1,0;4;0;0;28;4
PA2025-3373;2025-10-26;Standard;7;Bestandskunde;Maschinenbau;Bearbeitung;15;Stahl;pulverbeschichtet;28;28;15;0,045;4;45;45;1,0;4;0;0;120;15
PA2025-3374;2025-10-22;Standard;15;Bestandskunde;Automobilindustrie;Bearbeitung;3;Stahl;pulverbeschichtet;26;26;7;0,006;4;9;9;1,0;4;0;0;21;3
PA2025-3375;2025-10-25;Standard;6;Bestandskunde;Logistiktechnik;Bearbeitung;14;Stahl;pulverbeschichtet;28;28;15;0,042;4;42;42;1,0;4;0;0;112;14
PA2025-3376;2025-10-28;Standard;10;Bestandskunde;Automobilindustrie;Bearbeitung;1;Stahl;pulverbeschichtet;26;26;7;0,002;4;3;3;1,0;4;0;0;7;1
PA2025-3377;2025-10-23;Standard;15;Bestandskunde;Haushaltsgeräte;Bearbeitung;11;Stahl;pulverbeschichtet;26;26;7;0,022;4;33;33;1,0;4;0;0;77;11
PA2025-3378;2025-10-27;Änderung;9;Bestandskunde;Medizintechnik;Bearbeitung;1;Stahl;pulverbeschichtet;26;26;7;0,002;4;3;3;1,0;4;0;0;7;1
PA2025-3379;2025-10-27;Standard;6;Bestandskunde;Maschinenbau;Bearbeitung;13;Stahl;pulverbeschichtet;28;28;15;0,039;4;39;39;1,0;4;0;0;104;13
PA2025-3380;2025-10-28;Standard;14;Bestandskunde;Maschinenbau;Bearbeitung;18;Stahl;pulverbeschichtet;26;26;7;0,036;4;54;54;1,0;4;0;0;126;18
PA2025-3381;2025-10-28;Standard;3;Bestandskunde;Automobilindustrie;Bearbeitung;2;Stahl;pulverbeschichtet;26;26;7;0,004;4;6;6;1,0;4;0;0;14;2
PA2025-3382;2025-10-23;Änderung;9;Bestandskunde;Automobilindustrie;Bearbeitung;20;Stahl;pulverbeschichtet;26;26;7;0,04;4;60;60;1,0;4;0;0;140;20
PA2025-3383;2025-10-27;Standard;8;Bestandskunde;Automobilindustrie;Bearbeitung;17;Stahl;pulverbeschichtet;28;28;15;0,051;4;51;51;1,0;4;0;0;136;17
PA2025-3384;2025-10-22;Änderung;7;Bestandskunde;Sonstige;Bearbeitung;5;Stahl;pulverbeschichtet;28;28;15;0,015;4;15;15;1,0;4;0;0;40;5
PA2025-3385;2025-10-27;Standard;12;Bestandskunde;Automobilindustrie;Bearbeitung;19;Stahl;pulverbeschichtet;28;28;15;0,057;4;57;57;1,0;4;0;0;152;19
PA2025-3386;2025-10-23;Standard;13;Bestandskunde;Maschinenbau;Bearbeitung;18;Stahl;pulverbeschichtet;26;26;7;0,036;4;54;54;1,0;4;0;0;126;18
PA2025-3387;2025-10-25;Änderung;12;Bestandskunde;Haushaltsgeräte;Bearbeitung;2;Stahl;pulverbeschichtet;28;28;15;0,006;4;6;6;1,0;4;0;0;16;2
PA2025-3388;2025-10-27;Änderung;14;Bestandskunde;Maschinenbau;Bearbeitung;10;Stahl;pulverbeschichtet;26;26;7;0,02;4;30;30;1,0;4;0;0;70;10
PA2025-3389;2025-10-24;Standard;5;Bestandskunde;Logistiktechnik;Bearbeitung;10;Stahl;pulverbeschichtet;26;26;7;0,02;4;30;30;1,0;4;0;0;70;10
PA2025-3390;2025-10-24;Änderung;8;Bestandskunde;Sonstige;Bearbeitung;17;Stahl;pulverbeschichtet;26;26;7;0,034;4;51;51;1,0;4;0;0;119;17
PA2025-3391;2025-11-04;Standard;12;Bestandskunde;Automobilindustrie;Bearbeitung;1;Stahl;pulverbeschichtet;26;26;7;0,002;4;3;3;1,0;4;0;0;7;1
PA2025-3392;2025-11-04;Standard;9;Bestandskunde;Automobilindustrie;Bearbeitung;18;Stahl;pulverbeschichtet;26;26;7;0,036;4;54;54;1,0;4;0;0;126;18
PA2025-3393;2025-10-31;Standard;13;Bestandskunde;Sonstige;Bearbeitung;12;Stahl;pulverbeschichtet;26;26;7;0,024;4;36;36;1,0;4;0;0;84;12
PA2025-3394;2025-11-01;Standard;13;Bestandskunde;Sonstige;Bearbeitung;5;Stahl;pulverbeschichtet;28;28;15;0,015;4;15;15;1,0;4;0;0;40;5
PA2025-3395;2025-10-29;Standard;12;Bestandskunde;Automobilindustrie;Bearbeitung;20;Stahl;pulverbeschichtet;26;26;7;0,04;4;60;60;1,0;4;0;0;140;20
PA2025-3396;2025-11-02;Standard;5;Bestandskunde;Sonstige;Bearbeitung;19;Stahl;pulverbeschichtet;28;28;15;0,057;4;57;57;1,0;4;0;0;152;19
PA2025-3397;2025-10-30;Standard;6;Bestandskunde;Sonstige;Bearbeitung;6;Stahl;pulverbeschichtet;28;28;15;0,018;4;18;18;1,0;4;0;0;48;6
PA2025-3398;2025-10-30;Änderung;12;Bestandskunde;Maschinenbau;Bearbeitung;13;Stahl;pulverbeschichtet;28;28;15;0,039;4;39;39;1,0;4;0;0;104;13
PA2025-3399;2025-10-29;Standard;13;Bestandskunde;Haushaltsgeräte;Bearbeitung;14;Stahl;pulverbeschichtet;28;28;15;0,042;4;42;42;1,0;4;0;0;112;14
PA2025-3400;2025-10-31;Änderung;11;Bestandskunde;Maschinenbau;Bearbeitung;20;Stahl;pulverbeschichtet;26;26;7;0,04;4;60;60;1,0;4;0;0;140;20
PA2025-3401;2025-10-30;Änderung;11;Neukunde;Maschinenbau;Bearbeitung;13;Stahl;pulverbeschichtet;26;26;7;0,026;4;39;39;1,0;4;0;0;91;13
PA2025-3402;2025-11-01;Standard;14;Bestandskunde;Automobilindustrie;Bearbeitung;14;Stahl;pulverbeschichtet;28;28;15;0,042;4;42;42;1,0;4;0;0;112;14
PA2025-3403;2025-10-29;Standard;8;Bestandskunde;Maschinenbau;Bearbeitung;17;Stahl;pulverbeschichtet;26;26;7;0,034;4;51;51;1,0;4;0;0;119;17
PA2025-3404;2025-11-04;Standard;8;Bestandskunde;Sonstige;Bearbeitung;17;Stahl;pulverbeschichtet;28;28;15;0,051;4;51;51;1,0;4;0;0;136;17
PA2025-3405;2025-10-30;Standard;6;Bestandskunde;Haushaltsgeräte;Bearbeitung;3;Stahl;pulverbeschichtet;26;26;7;0,006;4;9;9;1,0;4;0;0;21;3
PA2025-3406;2025-10-29;Standard;13;Bestandskunde;Logistiktechnik;Bearbeitung;20;Stahl;pulverbeschichtet;28;28;15;0,06;4;60;60;1,0;4;0;0;160;20
PA2025-3407;2025-11-03;Standard;9;Bestandskunde;Logistiktechnik;Bearbeitung;19;Stahl;pulverbeschichtet;26;26;7;0,038;4;57;57;1,0;4;0;0;133;19
PA2025-3408;2025-10-31;Standard;5;Bestandskunde;Automobilindustrie;Bearbeitung;19;Stahl;pulverbeschichtet;26;26;7;0,038;4;57;57;1,0;4;0;0;133;19
PA2025-3409;2025-10-30;Standard;14;Bestandskunde;Automobilindustrie;Bearbeitung;18;Stahl;pulverbeschichtet;28;28;15;0,054;4;54;54;1,0;4;0;0;144;18
PA2025-3410;2025-10-31;Standard;11;Bestandskunde;Maschinenbau;Bearbeitung;5;Stahl;pulverbeschichtet;28;28;15;0,015;4;15;15;1,0;4;0;0;40;5
PA2025-3411;2025-10-31;Standard;5;Bestandskunde;Medizintechnik;Bearbeitung;11;Stahl;pulverbeschichtet;28;28;15;0,033;4;33;33;1,0;4;0;0;88;11
PA2025-3412;2025-11-02;Änderung;15;Bestandskunde;Maschinenbau;Bearbeitung;4;Stahl;pulverbeschichtet;26;26;7;0,008;4;12;12;1,0;4;0;0;28;4
PA2025-3413;2025-11-02;Standard;13;Bestandskunde;Haushaltsgeräte;Bearbeitung;18;Stahl;pulverbeschichtet;28;28;15;0,054;4;54;54;1,0;4;0;0;144;18
PA2025-3414;2025-11-01;Änderung;6;Bestandskunde;Maschinenbau;Bearbeitung;12;Stahl;pulverbeschichtet;26;26;7;0,024;4;36;36;1,0;4;0;0;84;12
PA2025-3415;2025-11-01;Änderung;13;Neukunde;Maschinenbau;Bearbeitung;14;Stahl;pulverbeschichtet;26;26;7;0,028;4;42;42;1,0;4;0;0;98;14
PA2025-3416;2025-10-30;Änderung;10;Bestandskunde;Sonstige;Bearbeitung;8;Stahl;pulverbeschichtet;28;28;15;0,024;4;24;24;1,0;4;0;0;64;8
PA2025-3417;2025-10-31;Standard;5;Bestandskunde;Medizintechnik;Bearbeitung;3;Stahl;pulverbeschichtet;28;28;15;0,009;4;9;9;1,0;4;0;0;24;3
PA2025-3418;2025-11-03;Änderung;11;Bestandskunde;Automobilindustrie;Bearbeitung;2;Stahl;pulverbeschichtet;26;26;7;0,004;4;6;6;1,0;4;0;0;14;2
PA2025-3419;2025-11-01;Standard;8;Bestandskunde;Automobilindustrie;Bearbeitung;12;Stahl;pulverbeschichtet;28;28;15;0,036;4;36;36;1,0;4;0;0;96;12
PA2025-3420;2025-11-01;Standard;5;Bestandskunde;Haushaltsgeräte;Bearbeitung;6;Stahl;pulverbeschichtet;26;26;7;0,012;4;18;18;1,0;4;0;0;42;6
PA2025-3421;2025-11-03;Standard;11;Bestandskunde;Maschinenbau;Bearbeitung;19;Stahl;pulverbeschichtet;26;26;7;0,038;4;57;57;1,0;4;0;0;133;19
PA2025-3422;2025-11-02;Standard;15;Bestandskunde;Maschinenbau;Bearbeitung;7;Stahl;pulverbeschichtet;26;26;7;0,014;4;21;21;1,0;4;0;0;49;7
PA2025-3423;2025-10-30;Standard;10;Bestandskunde;Automobilindustrie;Bearbeitung;15;Stahl;pulverbeschichtet;28;28;15;0,045;4;45;45;1,0;4;0;0;120;15
PA2025-3424;2025-11-02;Standard;5;Bestandskunde;Medizintechnik;Bearbeitung;1;Stahl;pulverbeschichtet;28;28;15;0,003;4;3;3;1,0;4;0;0;8;1
PA2025-3425;2025-11-02;Standard;14;Neukunde;Maschinenbau;Bearbeitung;11;Stahl;pulverbeschichtet;28;28;15;0,033;4;33;33;1,0;4;0;0;88;11
PA2025-3426;2025-11-03;Standard;14;Bestandskunde;Logistiktechnik;Bearbeitung;20;Stahl;pulverbeschichtet;26;26;7;0,04;4;60;60;1,0;4;0;0;140;20
PA2025-3427;2025-11-03;Änderung;4;Bestandskunde;Maschinenbau;Bearbeitung;12;Stahl;pulverbeschichtet;26;26;7;0,024;4;36;36;1,0;4;0;0;84;12
PA2025-3428;2025-11-03;Änderung;9;Bestandskunde;Sonstige;Bearbeitung;18;Stahl;pulverbeschichtet;26;26;7;0,036;4;54;54;1,0;4;0;0;126;18
PA2025-3429;2025-10-31;Standard;10;Bestandskunde;Sonstige;Bearbeitung;2;Stahl;pulverbeschichtet;28;28;15;0,006;4;6;6;1,0;4;0;0;16;2
PA2025-3430;2025-11-02;Änderung;5;Bestandskunde;Maschinenbau;Bearbeitung;3;Stahl;pulverbeschichtet;26;26;7;0,006;4;9;9;1,0;4;0;0;21;3
PA2025-3431;2025-11-04;Standard;13;Bestandskunde;Automobilindustrie;Bearbeitung;20;Stahl;pulverbeschichtet;26;26;7;0,04;4;60;60;1,0;4;0;0;140;20
PA2025-3432;2025-10-31;Standard;8;Bestandskunde;Maschinenbau;Bearbeitung;13;Stahl;pulverbeschichtet;28;28;15;0,039;4;39;39;1,0;4;0;0;104;13
PA2025-3433;2025-11-04;Änderung;14;Bestandskunde;Sonstige;Bearbeitung;19;Stahl;pulverbeschichtet;26;26;7;0,038;4;57;57;1,0;4;0;0;133;19
PA2025-3434;2025-11-03;Standard;10;Bestandskunde;Automobilindustrie;Bearbeitung;18;Stahl;pulverbeschichtet;26;26;7;0,036;4;54;54;1,0;4;0;0;126;18
PA2025-3435;2025-11-04;Standard;8;Bestandskunde;Logistiktechnik;Bearbeitung;18;Stahl;pulverbeschichtet;28;28;15;0,054;4;54;54;1,0;4;0;0;144;18
PA2025-3436;2025-10-29;Standard;3;Bestandskunde;Haushaltsgeräte;Bearbeitung;13;Stahl;pulverbeschichtet;26;26;7;0,026;4;39;39;1,0;4;0;0;91;13
PA2025-3437;2025-10-30;Standard;15;Bestandskunde;Maschinenbau;Bearbeitung;18;Stahl;pulverbeschichtet;26;26;7;0,036;4;54;54;1,0;4;0;0;126;18
PA2025-3438;2025-10-31;Änderung;3;Bestandskunde;Automobilindustrie;Bearbeitung;1;Stahl;pulverbeschichtet;28;28;15;0,003;4;3;3;1,0;4;0;0;8;1
PA2025-3439;2025-10-31;Änderung;6;Bestandskunde;Automobilindustrie;Bearbeitung;13;Stahl;pulverbeschichtet;26;26;7;0,026;4;39;39;1,0;4;0;0;91;13
PA2025-3440;2025-11-01;Standard;8;Bestandskunde;Medizintechnik;Bearbeitung;11;Stahl;pulverbeschichtet;28;28;15;0,033;4;33;33;1,0;4;0;0;88;11
PA2025-3441;2025-10-30;Änderung;4;Bestandskunde;Automobilindustrie;Bearbeitung;15;Stahl;pulverbeschichtet;28;28;15;0,045;4;45;45;1,0;4;0;0;120;15
PA2025-3442;2025-11-04;Änderung;3;Bestandskunde;Automobilindustrie;Bearbeitung;2;Stahl;pulverbeschichtet;28;28;15;0,006;4;6;6;1,0;4;0;0;16;2
PA2025-3443;2025-10-29;Änderung;15;Bestandskunde;Automobilindustrie;Bearbeitung;16;Stahl;pulverbeschichtet;28;28;15;0,048;4;48;48;1,0;4;0;0;128;16
PA2025-3444;2025-10-29;Standard;6;Bestandskunde;Medizintechnik;Bearbeitung;18;Stahl;pulverbeschichtet;26;26;7;0,036;4;54;54;1,0;4;0;0;126;18
PA2025-3445;2025-10-29;Standard;5;Bestandskunde;Automobilindustrie;Bearbeitung;5;Stahl;pulverbeschichtet;28;28;15;0,015;4;15;15;1,0;4;0;0;40;5
PA2025-3446;2025-10-29;Standard;6;Bestandskunde;Logistiktechnik;Bearbeitung;11;Stahl;pulverbeschichtet;28;28;15;0,033;4;33;33;1,0;4;0;0;88;11
PA2025-3447;2025-10-30;Änderung;11;Bestandskunde;Automobilindustrie;Bearbeitung;4;Stahl;pulverbeschichtet;26;26;7;0,008;4;12;12;1,0;4;0;0;28;4
PA2025-3448;2025-10-31;Änderung;13;Bestandskunde;Logistiktechnik;Bearbeitung;6;Stahl;pulverbeschichtet;28;28;15;0,018;4;18;18;1,0;4;0;0;48;6
PA2025-3449;2025-10-31;Änderung;8;Bestandskunde;Sonstige;Bearbeitung;1;Stahl;pulverbeschichtet;26;26;7;0,002;4;3;3;1,0;4;0;0;7;1
PA2025-3450;2025-10-31;Standard;10;Bestandskunde;Sonstige;Bearbeitung;2;Stahl;pulverbeschichtet;28;28;15;0,006;4;6;6;1,0;4;0;0;16;2
PA2025-3451;2025-11-05;Standard;13;Bestandskunde;Maschinenbau;Bearbeitung;3;Stahl;pulverbeschichtet;26;26;7;0,006;4;9;9;1,0;4;0;0;21;3
PA2025-3452;2025-11-06;Änderung;9;Bestandskunde;Medizintechnik;Bearbeitung;13;Stahl;pulverbeschichtet;28;28;15;0,039;4;39;39;1,0;4;0;0;104;13
PA2025-3453;2025-11-11;Standard;13;Bestandskunde;Automobilindustrie;Bearbeitung;19;Stahl;pulverbeschichtet;28;28;15;0,057;4;57;57;1,0;4;0;0;152;19
PA2025-3454;2025-11-07;Änderung;8;Bestandskunde;Medizintechnik;Bearbeitung;13;Stahl;pulverbeschichtet;28;28;15;0,039;4;39;39;1,0;4;0;0;104;13
PA2025-3455;2025-11-05;Standard;7;Bestandskunde;Automobilindustrie;Bearbeitung;15;Stahl;pulverbeschichtet;26;26;7;0,03;4;45;45;1,0;4;0;0;105;15
PA2025-3456;2025-11-08;Standard;15;Bestandskunde;Logistiktechnik;Bearbeitung;2;Stahl;pulverbeschichtet;26;26;7;0,004;4;6;6;1,0;4;0;0;14;2
PA2025-3457;2025-11-05;Standard;12;Bestandskunde;Medizintechnik;Bearbeitung;1;Stahl;pulverbeschichtet;28;28;15;0,003;4;3;3;1,0;4;0;0;8;1
PA2025-3458;2025-11-06;Standard;15;Bestandskunde;Sonstige;Bearbeitung;14;Stahl;pulverbeschichtet;28;28;15;0,042;4;42;42;1,0;4;0;0;112;14
PA2025-3459;2025-11-09;Standard;6;Bestandskunde;Sonstige;Bearbeitung;2;Stahl;pulverbeschichtet;28;28;15;0,006;4;6;6;1,0;4;0;0;16;2
PA2025-3460;2025-11-05;Änderung;8;Bestandskunde;Medizintechnik;Bearbeitung;5;Stahl;pulverbeschichtet;26;26;7;0,01;4;15;15;1,0;4;0;0;35;5
PA2025-3461;2025-11-07;Standard;6;Bestandskunde;Automobilindustrie;Bearbeitung;15;Stahl;pulverbeschichtet;26;26;7;0,03;4;45;45;1,0;4;0;0;105;15
PA2025-3462;2025-11-08;Änderung;11;Bestandskunde;Maschinenbau;Bearbeitung;6;Stahl;pulverbeschichtet;28;28;15;0,018;4;18;18;1,0;4;0;0;48;6
PA2025-3463;2025-11-05;Standard;12;Neukunde;Maschinenbau;Bearbeitung;15;Stahl;pulverbeschichtet;28;28;15;0,045;4;45;45;1,0;4;0;0;120;15
PA2025-3464;2025-11-07;Änderung;10;Bestandskunde;Haushaltsgeräte;Bearbeitung;19;Stahl;pulverbeschichtet;28;28;15;0,057;4;57;57;1,0;4;0;0;152;19
PA2025-3465;2025-11-07;Standard;10;Bestandskunde;Automobilindustrie;Bearbeitung;10;Stahl;pulverbeschichtet;26;26;7;0,02;4;30;30;1,0;4;0;0;70;10
PA2025-3466;2025-11-06;Standard;15;Bestandskunde;Sonstige;Bearbeitung;18;Stahl;pulverbeschichtet;28;28;15;0,054;4;54;54;1,0;4;0;0;144;18
PA2025-3467;2025-11-07;Standard;10;Bestandskunde;Sonstige;Bearbeitung;10;Stahl;pulverbeschichtet;26;26;7;0,02;4;30;30;1,0;4;0;0;70;10
PA2025-3468;2025-11-08;Standard;7;Bestandskunde;Medizintechnik;Bearbeitung;12;Stahl;pulverbeschichtet;28;28;15;0,036;4;36;36;1,0;4;0;0;96;12
PA2025-3469;2025-11-08;Standard;15;Bestandskunde;Maschinenbau;Bearbeitung;13;Stahl;pulverbeschichtet;26;26;7;0,026;4;39;39;1,0;4;0;0;91;13
PA2025-3470;2025-11-11;Standard;13;Bestandskunde;Automobilindustrie;Bearbeitung;5;Stahl;pulverbeschichtet;26;26;7;0,01;4;15;15;1,0;4;0;0;35;5
PA2025-3471;2025-11-08;Änderung;4;Bestandskunde;Maschinenbau;Bearbeitung;5;Stahl;pulverbeschichtet;28;28;15;0,015;4;15;15;1,0;4;0;0;40;5
PA2025-3472;2025-11-05;Standard;7;Bestandskunde;Sonstige;Bearbeitung;3;Stahl;pulverbeschichtet;28;28;15;0,009;4;9;9;1,0;4;0;0;24;3
PA2025-3473;2025-11-07;Standard;3;Bestandskunde;Haushaltsgeräte;Bearbeitung;1;Stahl;pulverbeschichtet;28;28;15;0,003;4;3;3;1,0;4;0;0;8;1
PA2025-3474;2025-11-06;Standard;5;Bestandskunde;Automobilindustrie;Bearbeitung;11;Stahl;pulverbeschichtet;26;26;7;0,022;4;33;33;1,0;4;0;0;77;11
PA2025-3475;2025-11-07;Änderung;15;Bestandskunde;Medizintechnik;Bearbeitung;5;Stahl;pulverbeschichtet;28;28;15;0,015;4;15;15;1,0;4;0;0;40;5
PA2025-3476;2025-11-07;Standard;5;Bestandskunde;Logistiktechnik;Bearbeitung;10;Stahl;pulverbeschichtet;26;26;7;0,02;4;30;30;1,0;4;0;0;70;10
PA2025-3477;2025-11-07;Standard;4;Bestandskunde;Logistiktechnik;Bearbeitung;12;Stahl;pulverbeschichtet;28;28;15;0,036;4;36;36;1,0;4;0;0;96;12
PA2025-3478;2025-11-10;Standard;11;Bestandskunde;Haushaltsgeräte;Bearbeitung;15;Stahl;pulverbeschichtet;26;26;7;0,03;4;45;45;1,0;4;0;0;105;15
PA2025-3479;2025-11-10;Änderung;14;Bestandskunde;Sonstige;Bearbeitung;3;Stahl;pulverbeschichtet;26;26;7;0,006;4;9;9;1,0;4;0;0;21;3
PA2025-3480;2025-11-10;Standard;10;Bestandskunde;Medizintechnik;Bearbeitung;7;Stahl;pulverbeschichtet;28;28;15;0,021;4;21;21;1,0;4;0;0;56;7
PA2025-3481;2025-11-08;Standard;5;Bestandskunde;Sonstige;Bearbeitung;11;Stahl;pulverbeschichtet;28;28;15;0,033;4;33;33;1,0;4;0;0;88;11
PA2025-3482;2025-11-10;Änderung;14;Bestandskunde;Logistiktechnik;Bearbeitung;12;Stahl;pulverbeschichtet;28;28;15;0,036;4;36;36;1,0;4;0;0;96;12
PA2025-3483;2025-11-11;Standard;8;Bestandskunde;Maschinenbau;Bearbeitung;16;Stahl;pulverbeschichtet;28;28;15;0,048;4;48;48;1,0;4;0;0;128;16
PA2025-3484;2025-11-05;Standard;9;Bestandskunde;Maschinenbau;Bearbeitung;4;Stahl;pulverbeschichtet;28;28;15;0,012;4;12;12;1,0;4;0;0;32;4
PA2025-3485;2025-11-05;Standard;12;Bestandskunde;Logistiktechnik;Bearbeitung;7;Stahl;pulverbeschichtet;26;26;7;0,014;4;21;21;1,0;4;0;0;49;7
PA2025-3486;2025-11-06;Standard;6;Bestandskunde;Haushaltsgeräte;Bearbeitung;13;Stahl;pulverbeschichtet;26;26;7;0,026;4;39;39;1,0;4;0;0;91;13
PA2025-3487;2025-11-05;Standard;7;Bestandskunde;Haushaltsgeräte;Bearbeitung;11;Stahl;pulverbeschichtet;28;28;15;0,033;4;33;33;1,0;4;0;0;88;11
PA2025-3488;2025-11-11;Standard;13;Neukunde;Maschinenbau;Bearbeitung;15;Stahl;pulverbeschichtet;26;26;7;0,03;4;45;45;1,0;4;0;0;105;15
PA2025-3489;2025-11-11;Standard;8;Bestandskunde;Logistiktechnik;Bearbeitung;8;Stahl;pulverbeschichtet;28;28;15;0,024;4;24;24;1,0;4;0;0;64;8
PA2025-3490;2025-11-10;Standard;11;Bestandskunde;Sonstige;Bearbeitung;8;Stahl;pulverbeschichtet;26;26;7;0,016;4;24;24;1,0;4;0;0;56;8
PA2025-3491;2025-11-09;Änderung;6;Bestandskunde;Logistiktechnik;Bearbeitung;3;Stahl;pulverbeschichtet;26;26;7;0,006;4;9;9;1,0;4;0;0;21;3
PA2025-3492;2025-11-06;Standard;8;Bestandskunde;Automobilindustrie;Bearbeitung;9;Stahl;pulverbeschichtet;28;28;15;0,027;4;27;27;1,0;4;0;0;72;9
PA2025-3493;2025-11-06;Standard;10;Bestandskunde;Automobilindustrie;Bearbeitung;19;Stahl;pulverbeschichtet;28;28;15;0,057;4;57;57;1,0;4;0;0;152;19
PA2025-3494;2025-11-11;Standard;14;Bestandskunde;Maschinenbau;Bearbeitung;3;Stahl;pulverbeschichtet;26;26;7;0,006;4;9;9;1,0;4;0;0;21;3
PA2025-3495;2025-11-10;Änderung;11;Bestandskunde;Sonstige;Bearbeitung;15;Stahl;pulverbeschichtet;28;28;15;0,045;4;45;45;1,0;4;0;0;120;15
PA2025-3496;2025-11-09;Standard;5;Bestandskunde;Sonstige;Bearbeitung;4;Stahl;pulverbeschichtet;28;28;15;0,012;4;12;12;1,0;4;0;0;32;4
PA2025-3497;2025-11-10;Standard;13;Bestandskunde;Maschinenbau;Bearbeitung;7;Stahl;pulverbeschichtet;26;26;7;0,014;4;21;21;1,0;4;0;0;49;7
PA2025-3498;2025-11-11;Standard;13;Bestandskunde;Automobilindustrie;Bearbeitung;5;Stahl;pulverbeschichtet;26;26;7;0,01;4;15;15;1,0;4;0;0;35;5
PA2025-3499;2025-11-08;Standard;14;Bestandskunde;Automobilindustrie;Bearbeitung;3;Stahl;pulverbeschichtet;26;26;7;0,006;4;9;9;1,0;4;0;0;21;3
PA2025-3500;2025-11-09;Standard;5;Bestandskunde;Sonstige;Bearbeitung;10;Stahl;pulverbeschichtet;28;28;15;0,03;4;30;30;1,0;4;0;0;80;10
PA2025-3501;2025-11-11;Änderung;13;Bestandskunde;Sonstige;Bearbeitung;2;Stahl;pulverbeschichtet;28;28;15;0,006;4;6;6;1,0;4;0;0;16;2
PA2025-3502;2025-11-11;Änderung;4;Bestandskunde;Maschinenbau;Bearbeitung;20;Stahl;pulverbeschichtet;26;26;7;0,04;4;60;60;1,0;4;0;0;140;20
PA2025-3503;2025-11-10;Standard;10;Bestandskunde;Automobilindustrie;Bearbeitung;16;Stahl;pulverbeschichtet;28;28;15;0,048;4;48;48;1,0;4;0;0;128;16
PA2025-3504;2025-11-05;Standard;7;Bestandskunde;Maschinenbau;Bearbeitung;14;Stahl;pulverbeschichtet;28;28;15;0,042;4;42;42;1,0;4;0;0;112;14
PA2025-3505;2025-11-09;Standard;8;Bestandskunde;Maschinenbau;Bearbeitung;12;Stahl;pulverbeschichtet;28;28;15;0,036;4;36;36;1,0;4;0;0;96;12
PA2025-3506;2025-11-11;Standard;8;Bestandskunde;Sonstige;Bearbeitung;13;Stahl;pulverbeschichtet;26;26;7;0,026;4;39;39;1,0;4;0;0;91;13
PA2025-3507;2025-11-10;Standard;13;Bestandskunde;Automobilindustrie;Bearbeitung;14;Stahl;pulverbeschichtet;26;26;7;0,028;4;42;42;1,0;4;0;0;98;14
PA2025-3508;2025-11-09;Standard;15;Bestandskunde;Maschinenbau;Bearbeitung;19;Stahl;pulverbeschichtet;26;26;7;0,038;4;57;57;1,0;4;0;0;133;19
PA2025-3509;2025-11-09;Standard;9;Bestandskunde;Logistiktechnik;Bearbeitung;19;Stahl;pulverbeschichtet;26;26;7;0,038;4;57;57;1,0;4;0;0;133;19
PA2025-3510;2025-11-09;Änderung;10;Bestandskunde;Maschinenbau;Bearbeitung;3;Stahl;pulverbeschichtet;28;28;15;0,009;4;9;9;1,0;4;0;0;24;3
PA2025-3511;2025-11-17;Standard;15;Bestandskunde;Maschinenbau;Bearbeitung;20;Stahl;pulverbeschichtet;28;28;15;0,06;4;60;60;1,0;4;0;0;160;20
PA2025-3512;2025-11-12;Standard;10;Bestandskunde;Automobilindustrie;Bearbeitung;7;Stahl;pulverbeschichtet;28;28;15;0,021;4;21;21;1,0;4;0;0;56;7
PA2025-3513;2025-11-18;Standard;13;Bestandskunde;Logistiktechnik;Bearbeitung;8;Stahl;pulverbeschichtet;26;26;7;0,016;4;24;24;1,0;4;0;0;56;8
PA2025-3514;2025-11-12;Standard;7;Bestandskunde;Sonstige;Bearbeitung;19;Stahl;pulverbeschichtet;28;28;15;0,057;4;57;57;1,0;4;0;0;152;19
PA2025-3515;2025-11-14;Änderung;10;Bestandskunde;Logistiktechnik;Bearbeitung;9;Stahl;pulverbeschichtet;26;26;7;0,018;4;27;27;1,0;4;0;0;63;9
PA2025-3516;2025-11-17;Änderung;5;Bestandskunde;Maschinenbau;Bearbeitung;6;Stahl;pulverbeschichtet;26;26;7;0,012;4;18;18;1,0;4;0;0;42;6
PA2025-3517;2025-11-18;Standard;15;Bestandskunde;Maschinenbau;Bearbeitung;16;Stahl;pulverbeschichtet;26;26;7;0,032;4;48;48;1,0;4;0;0;112;16
PA2025-3518;2025-11-18;Änderung;8;Bestandskunde;Automobilindustrie;Bearbeitung;17;Stahl;pulverbeschichtet;28;28;15;0,051;4;51;51;1,0;4;0;0;136;17
PA2025-3519;2025-11-18;Standard;15;Bestandskunde;Medizintechnik;Bearbeitung;5;Stahl;pulverbeschichtet;28;28;15;0,015;4;15;15;1,0;4;0;0;40;5
PA2025-3520;2025-11-16;Standard;15;Bestandskunde;Maschinenbau;Bearbeitung;10;Stahl;pulverbeschichtet;26;26;7;0,02;4;30;30;1,0;4;0;0;70;10
PA2025-3521;2025-11-16;Standard;5;Bestandskunde;Logistiktechnik;Bearbeitung;7;Stahl;pulverbeschichtet;26;26;7;0,014;4;21;21;1,0;4;0;0;49;7
PA2025-3522;2025-11-17;Standard;12;Bestandskunde;Automobilindustrie;Bearbeitung;19;Stahl;pulverbeschichtet;28;28;15;0,057;4;57;57;1,0;4;0;0;152;19
PA2025-3523;2025-11-12;Standard;11;Bestandskunde;Automobilindustrie;Bearbeitung;20;Stahl;pulverbeschichtet;28;28;15;0,06;4;60;60;1,0;4;0;0;160;20
PA2025-3524;2025-11-18;Änderung;13;Bestandskunde;Sonstige;Bearbeitung;8;Stahl;pulverbeschichtet;28;28;15;0,024;4;24;24;1,0;4;0;0;64;8
PA2025-3525;2025-11-13;Standard;7;Bestandskunde;Maschinenbau;Bearbeitung;18;Stahl;pulverbeschichtet;26;26;7;0,036;4;54;54;1,0;4;0;0;126;18
PA2025-3526;2025-11-15;Standard;5;Bestandskunde;Automobilindustrie;Bearbeitung;4;Stahl;pulverbeschichtet;26;26;7;0,008;4;12;12;1,0;4;0;0;28;4
PA2025-3527;2025-11-14;Änderung;10;Neukunde;Sonstige;Bearbeitung;14;Stahl;pulverbeschichtet;28;28;15;0,042;4;42;42;1,0;4;0;0;112;14
PA2025-3528;2025-11-15;Änderung;15;Bestandskunde;Medizintechnik;Bearbeitung;12;Stahl;pulverbeschichtet;28;28;15;0,036;4;36;36;1,0;4;0;0;96;12
PA2025-3529;2025-11-12;Standard;7;Bestandskunde;Automobilindustrie;Bearbeitung;1;Stahl;pulverbeschichtet;28;28;15;0,003;4;3;3;1,0;4;0;0;8;1
PA2025-3530;2025-11-15;Standard;15;Bestandskunde;Maschinenbau;Bearbeitung;14;Stahl;pulverbeschichtet;26;26;7;0,028;4;42;42;1,0;4;0;0;98;14
PA2025-3531;2025-11-17;Änderung;4;Bestandskunde;Maschinenbau;Bearbeitung;12;Stahl;pulverbeschichtet;26;26;7;0,024;4;36;36;1,0;4;0;0;84;12
PA2025-3532;2025-11-12;Standard;7;Bestandskunde;Haushaltsgeräte;Bearbeitung;10;Stahl;pulverbeschichtet;28;28;15;0,03;4;30;30;1,0;4;0;0;80;10
PA2025-3533;2025-11-18;Standard;15;Bestandskunde;Maschinenbau;Bearbeitung;10;Stahl;pulverbeschichtet;28;28;15;0,03;4;30;30;1,0;4;0;0;80;10
PA2025-3534;2025-11-18;Standard;8;Bestandskunde;Automobilindustrie;Bearbeitung;18;Stahl;pulverbeschichtet;26;26;7;0,036;4;54;54;1,0;4;0;0;126;18
PA2025-3535;2025-11-16;Standard;10;Bestandskunde;Haushaltsgeräte;Bearbeitung;2;Stahl;pulverbeschichtet;28;28;15;0,006;4;6;6;1,0;4;0;0;16;2
PA2025-3536;2025-11-12;Standard;8;Bestandskunde;Maschinenbau;Bearbeitung;20;Stahl;pulverbeschichtet;26;26;7;0,04;4;60;60;1,0;4;0;0;140;20
PA2025-3537;2025-11-13;Standard;7;Bestandskunde;Maschinenbau;Bearbeitung;6;Stahl;pulverbeschichtet;28;28;15;0,018;4;18;18;1,0;4;0;0;48;6
PA2025-3538;2025-11-17;Standard;4;Neukunde;Medizintechnik;Bearbeitung;8;Stahl;pulverbeschichtet;26;26;7;0,016;4;24;24;1,0;4;0;0;56;8
PA2025-3539;2025-11-17;Änderung;5;Bestandskunde;Haushaltsgeräte;Bearbeitung;1;Stahl;pulverbeschichtet;26;26;7;0,002;4;3;3;1,0;4;0;0;7;1
PA2025-3540;2025-11-12;Standard;14;Neukunde;Maschinenbau;Bearbeitung;19;Stahl;pulverbeschichtet;28;28;15;0,057;4;57;57;1,0;4;0;0;152;19
PA2025-3541;2025-11-18;Standard;9;Bestandskunde;Logistiktechnik;Bearbeitung;9;Stahl;pulverbeschichtet;28;28;15;0,027;4;27;27;1,0;4;0;0;72;9
PA2025-3542;2025-11-14;Standard;11;Bestandskunde;Maschinenbau;Bearbeitung;10;Stahl;pulverbeschichtet;26;26;7;0,02;4;30;30;1,0;4;0;0;70;10
PA2025-3543;2025-11-15;Standard;8;Bestandskunde;Maschinenbau;Bearbeitung;16;Stahl;pulverbeschichtet;28;28;15;0,048;4;48;48;1,0;4;0;0;128;16
PA2025-3544;2025-11-12;Standard;11;Bestandskunde;Maschinenbau;Bearbeitung;8;Stahl;pulverbeschichtet;28;28;15;0,024;4;24;24;1,0;4;0;0;64;8
PA2025-3545;2025-11-12;Standard;11;Bestandskunde;Sonstige;Bearbeitung;18;Stahl;pulverbeschichtet;28;28;15;0,054;4;54;54;1,0;4;0;0;144;18
PA2025-3546;2025-11-17;Standard;14;Bestandskunde;Sonstige;Bearbeitung;9;Stahl;pulverbeschichtet;26;26;7;0,018;4;27;27;1,0;4;0;0;63;9
PA2025-3547;2025-11-17;Änderung;4;Bestandskunde;Automobilindustrie;Bearbeitung;12;Stahl;pulverbeschichtet;28;28;15;0,036;4;36;36;1,0;4;0;0;96;12
PA2025-3548;2025-11-16;Standard;10;Bestandskunde;Maschinenbau;Bearbeitung;15;Stahl;pulverbeschichtet;26;26;7;0,03;4;45;45;1,0;4;0;0;105;15
PA2025-3549;2025-11-13;Standard;4;Bestandskunde;Logistiktechnik;Bearbeitung;15;Stahl;pulverbeschichtet;26;26;7;0,03;4;45;45;1,0;4;0;0;105;15
PA2025-3550;2025-11-14;Standard;12;Bestandskunde;Maschinenbau;Bearbeitung;4;Stahl;pulverbeschichtet;28;28;15;0,012;4;12;12;1,0;4;0;0;32;4
PA2025-3551;2025-11-16;Standard;14;Bestandskunde;Logistiktechnik;Bearbeitung;17;Stahl;pulverbeschichtet;28;28;15;0,051;4;51;51;1,0;4;0;0;136;17
PA2025-3552;2025-11-12;Standard;15;Bestandskunde;Maschinenbau;Bearbeitung;20;Stahl;pulverbeschichtet;26;26;7;0,04;4;60;60;1,0;4;0;0;140;20
PA2025-3553;2025-11-16;Standard;13;Bestandskunde;Logistiktechnik;Bearbeitung;9;Stahl;pulverbeschichtet;28;28;15;0,027;4;27;27;1,0;4;0;0;72;9
PA2025-3554;2025-11-13;Änderung;8;Bestandskunde;Sonstige;Bearbeitung;14;Stahl;pulverbeschichtet;26;26;7;0,028;4;42;42;1,0;4;0;0;98;14
PA2025-3555;2025-11-17;Standard;13;Bestandskunde;Logistiktechnik;Bearbeitung;6;Stahl;pulverbeschichtet;26;26;7;0,012;4;18;18;1,0;4;0;0;42;6
PA2025-3556;2025-11-18;Änderung;14;Bestandskunde;Maschinenbau;Bearbeitung;4;Stahl;pulverbeschichtet;28;28;15;0,012;4;12;12;1,0;4;0;0;32;4
PA2025-3557;2025-11-17;Standard;4;Bestandskunde;Automobilindustrie;Bearbeitung;19;Stahl;pulverbeschichtet;28;28;15;0,057;4;57;57;1,0;4;0;0;152;19
PA2025-3558;2025-11-14;Standard;5;Bestandskunde;Automobilindustrie;Bearbeitung;3;Stahl;pulverbeschichtet;26;26;7;0,006;4;9;9;1,0;4;0;0;21;3
PA2025-3559;2025-11-16;Änderung;7;Bestandskunde;Haushaltsgeräte;Bearbeitung;13;Stahl;pulverbeschichtet;28;28;15;0,039;4;39;39;1,0;4;0;0;104;13
PA2025-3560;2025-11-16;Standard;10;Bestandskunde;Logistiktechnik;Bearbeitung;1;Stahl;pulverbeschichtet;28;28;15;0,003;4;3;3;1,0;4;0;0;8;1
PA2025-3561;2025-11-13;Änderung;6;Bestandskunde;Haushaltsgeräte;Bearbeitung;16;Stahl;pulverbeschichtet;28;28;15;0,048;4;48;48;1,0;4;0;0;128;16
PA2025-3562;2025-11-16;Standard;15;Bestandskunde;Maschinenbau;Bearbeitung;5;Stahl;pulverbeschichtet;26;26;7;0,01;4;15;15;1,0;4;0;0;35;5
PA2025-3563;2025-11-15;Änderung;5;Neukunde;Logistiktechnik;Bearbeitung;14;Stahl;pulverbeschichtet;26;26;7;0,028;4;42;42;1,0;4;0;0;98;14
PA2025-3564;2025-11-18;Standard;13;Bestandskunde;Automobilindustrie;Bearbeitung;9;Stahl;pulverbeschichtet;28;28;15;0,027;4;27;27;1,0;4;0;0;72;9
PA2025-3565;2025-11-16;Standard;11;Bestandskunde;Medizintechnik;Bearbeitung;15;Stahl;pulverbeschichtet;28;28;15;0,045;4;45;45;1,0;4;0;0;120;15
PA2025-3566;2025-11-14;Standard;10;Bestandskunde;Maschinenbau;Bearbeitung;18;Stahl;pulverbeschichtet;28;28;15;0,054;4;54;54;1,0;4;0;0;144;18
PA2025-3567;2025-11-17;Standard;9;Bestandskunde;Automobilindustrie;Bearbeitung;19;Stahl;pulverbeschichtet;26;26;7;0,038;4;57;57;1,0;4;0;0;133;19
PA2025-3568;2025-11-15;Änderung;5;Bestandskunde;Haushaltsgeräte;Bearbeitung;17;Stahl;pulverbeschichtet;26;26;7;0,034;4;51;51;1,0;4;0;0;119;17
PA2025-3569;2025-11-15;Standard;8;Bestandskunde;Sonstige;Bearbeitung;15;Stahl;pulverbeschichtet;28;28;15;0,045;4;45;45;1,0;4;0;0;120;15
PA2025-3570;2025-11-16;Standard;5;Bestandskunde;Sonstige;Bearbeitung;16;Stahl;pulverbeschichtet;28;28;15;0,048;4;48;48;1,0;4;0;0;128;16
PA2025-3571;2025-11-20;Standard;8;Bestandskunde;Medizintechnik;Bearbeitung;6;Stahl;pulverbeschichtet;28;28;15;0,018;4;18;18;1,0;4;0;0;48;6
PA2025-3572;2025-11-24;Standard;11;Bestandskunde;Maschinenbau;Bearbeitung;18;Stahl;pulverbeschichtet;26;26;7;0,036;4;54;54;1,0;4;0;0;126;18
PA2025-3573;2025-11-23;Standard;15;Bestandskunde;Sonstige;Bearbeitung;4;Stahl;pulverbeschichtet;26;26;7;0,008;4;12;12;1,0;4;0;0;28;4
PA2025-3574;2025-11-24;Standard;14;Bestandskunde;Automobilindustrie;Bearbeitung;20;Stahl;pulverbeschichtet;26;26;7;0,04;4;60;60;1,0;4;0;0;140;20
PA2025-3575;2025-11-19;Standard;13;Bestandskunde;Automobilindustrie;Bearbeitung;5;Stahl;pulverbeschichtet;26;26;7;0,01;4;15;15;1,0;4;0;0;35;5
PA2025-3576;2025-11-23;Standard;10;Bestandskunde;Automobilindustrie;Bearbeitung;17;Stahl;pulverbeschichtet;26;26;7;0,034;4;51;51;1,0;4;0;0;119;17
PA2025-3577;2025-11-21;Änderung;13;Bestandskunde;Automobilindustrie;Bearbeitung;11;Stahl;pulverbeschichtet;28;28;15;0,033;4;33;33;1,0;4;0;0;88;11
PA2025-3578;2025-11-22;Standard;10;Bestandskunde;Sonstige;Bearbeitung;17;Stahl;pulverbeschichtet;26;26;7;0,034;4;51;51;1,0;4;0;0;119;17
PA2025-3579;2025-11-21;Änderung;10;Bestandskunde;Maschinenbau;Bearbeitung;16;Stahl;pulverbeschichtet;26;26;7;0,032;4;48;48;1,0;4;0;0;112;16
PA2025-3580;2025-11-24;Standard;6;Neukunde;Sonstige;Bearbeitung;7;Stahl;pulverbeschichtet;28;28;15;0,021;4;21;21;1,0;4;0;0;56;7
PA2025-3581;2025-11-21;Standard;10;Neukunde;Sonstige;Bearbeitung;11;Stahl;pulverbeschichtet;26;26;7;0,022;4;33;33;1,0;4;0;0;77;11
PA2025-3582;2025-11-19;Änderung;12;Bestandskunde;Haushaltsgeräte;Bearbeitung;16;Stahl;pulverbeschichtet;28;28;15;0,048;4;48;48;1,0;4;0;0;128;16
PA2025-3583;2025-11-24;Änderung;9;Bestandskunde;Haushaltsgeräte;Bearbeitung;17;Stahl;pulverbeschichtet;26;26;7;0,034;4;51;51;1,0;4;0;0;119;17
PA2025-3584;2025-11-19;Änderung;10;Neukunde;Maschinenbau;Bearbeitung;2;Stahl;pulverbeschichtet;26;26;7;0,004;4;6;6;1,0;4;0;0;14;2
PA2025-3585;2025-11-20;Standard;11;Bestandskunde;Sonstige;Bearbeitung;18;Stahl;pulverbeschichtet;26;26;7;0,036;4;54;54;1,0;4;0;0;126;18
PA2025-3586;2025-11-21;Standard;11;Bestandskunde;Maschinenbau;Bearbeitung;20;Stahl;pulverbeschichtet;28;28;15;0,06;4;60;60;1,0;4;0;0;160;20
PA2025-3587;2025-11-23;Standard;15;Bestandskunde;Haushaltsgeräte;Bearbeitung;15;Stahl;pulverbeschichtet;26;26;7;0,03;4;45;45;1,0;4;0;0;105;15
PA2025-3588;2025-11-20;Standard;10;Bestandskunde;Logistiktechnik;Bearbeitung;12;Stahl;pulverbeschichtet;26;26;7;0,024;4;36;36;1,0;4;0;0;84;12
PA2025-3589;2025-11-21;Standard;9;Bestandskunde;Maschinenbau;Bearbeitung;10;Stahl;pulverbeschichtet;28;28;15;0,03;4;30;30;1,0;4;0;0;80;10
PA2025-3590;2025-11-25;Änderung;13;Bestandskunde;Automobilindustrie;Bearbeitung;10;Stahl;pulverbeschichtet;26;26;7;0,02;4;30;30;1,0;4;0;0;70;10
PA2025-3591;2025-11-22;Standard;8;Bestandskunde;Medizintechnik;Bearbeitung;16;Stahl;pulverbeschichtet;26;26;7;0,032;4;48;48;1,0;4;0;0;112;16
PA2025-3592;2025-11-23;Standard;9;Bestandskunde;Sonstige;Bearbeitung;16;Stahl;pulverbeschichtet;26;26;7;0,032;4;48;48;1,0;4;0;0;112;16
PA2025-3593;2025-11-24;Standard;8;Bestandskunde;Maschinenbau;Bearbeitung;5;Stahl;pulverbeschichtet;28;28;15;0,015;4;15;15;1,0;4;0;0;40;5
PA2025-3594;2025-11-19;Standard;15;Bestandskunde;Maschinenbau;Bearbeitung;7;Stahl;pulverbeschichtet;28;28;15;0,021;4;21;21;1,0;4;0;0;56;7
PA2025-3595;2025-11-23;Änderung;5;Bestandskunde;Maschinenbau;Bearbeitung;10;Stahl;pulverbeschichtet;26;26;7;0,02;4;30;30;1,0;4;0;0;70;10
PA2025-3596;2025-11-20;Änderung;6;Bestandskunde;Medizintechnik;Bearbeitung;12;Stahl;pulverbeschichtet;26;26;7;0,024;4;36;36;1,0;4;0;0;84;12
PA2025-3597;2025-11-24;Standard;9;Bestandskunde;Medizintechnik;Bearbeitung;13;Stahl;pulverbeschichtet;26;26;7;0,026;4;39;39;1,0;4;0;0;91;13
PA2025-3598;2025-11-20;Standard;10;Bestandskunde;Automobilindustrie;Bearbeitung;16;Stahl;pulverbeschichtet;26;26;7;0,032;4;48;48;1,0;4;0;0;112;16
PA2025-3599;2025-11-20;Änderung;6;Bestandskunde;Sonstige;Bearbeitung;12;Stahl;pulverbeschichtet;28;28;15;0,036;4;36;36;1,0;4;0;0;96;12
PA2025-3600;2025-11-19;Standard;14;Bestandskunde;Maschinenbau;Bearbeitung;20;Stahl;pulverbeschichtet;28;28;15;0,06;4;60;60;1,0;4;0;0;160;20
PA2025-3601;2025-11-19;Standard;13;Bestandskunde;Sonstige;Bearbeitung;6;Stahl;pulverbeschichtet;26;26;7;0,012;4;18;18;1,0;4;0;0;42;6
PA2025-3602;2025-11-23;Standard;6;Bestandskunde;Haushaltsgeräte;Bearbeitung;10;Stahl;pulverbeschichtet;26;26;7;0,02;4;30;30;1,0;4;0;0;70;10
PA2025-3603;2025-11-25;Standard;10;Bestandskunde;Haushaltsgeräte;Bearbeitung;13;Stahl;pulverbeschichtet;26;26;7;0,026;4;39;39;1,0;4;0;0;91;13
PA2025-3604;2025-11-25;Änderung;8;Bestandskunde;Logistiktechnik;Bearbeitung;10;Stahl;pulverbeschichtet;26;26;7;0,02;4;30;30;1,0;4;0;0;70;10
PA2025-3605;2025-11-23;Änderung;7;Bestandskunde;Sonstige;Bearbeitung;8;Stahl;pulverbeschichtet;26;26;7;0,016;4;24;24;1,0;4;0;0;56;8
PA2025-3606;2025-11-25;Standard;7;Bestandskunde;Medizintechnik;Bearbeitung;12;Stahl;pulverbeschichtet;26;26;7;0,024;4;36;36;1,0;4;0;0;84;12
PA2025-3607;2025-11-24;Änderung;8;Neukunde;Maschinenbau;Bearbeitung;14;Stahl;pulverbeschichtet;26;26;7;0,028;4;42;42;1,0;4;0;0;98;14
PA2025-3608;2025-11-22;Standard;5;Bestandskunde;Medizintechnik;Bearbeitung;14;Stahl;pulverbeschichtet;28;28;15;0,042;4;42;42;1,0;4;0;0;112;14
PA2025-3609;2025-11-19;Standard;3;Bestandskunde;Medizintechnik;Bearbeitung;13;Stahl;pulverbeschichtet;28;28;15;0,039;4;39;39;1,0;4;0;0;104;13
PA2025-3610;2025-11-20;Änderung;4;Bestandskunde;Sonstige;Bearbeitung;5;Stahl;pulverbeschichtet;26;26;7;0,01;4;15;15;1,0;4;0;0;35;5
PA2025-3611;2025-11-21;Standard;4;Neukunde;Maschinenbau;Bearbeitung;15;Stahl;pulverbeschichtet;26;26;7;0,03;4;45;45;1,0;4;0;0;105;15
PA2025-3612;2025-11-20;Standard;12;Bestandskunde;Automobilindustrie;Bearbeitung;1;Stahl;pulverbeschichtet;28;28;15;0,003;4;3;3;1,0;4;0;0;8;1
PA2025-3613;2025-11-25;Standard;13;Bestandskunde;Haushaltsgeräte;Bearbeitung;10;Stahl;pulverbeschichtet;26;26;7;0,02;4;30;30;1,0;4;0;0;70;10
PA2025-3614;2025-11-19;Standard;9;Bestandskunde;Logistiktechnik;Bearbeitung;7;Stahl;pulverbeschichtet;28;28;15;0,021;4;21;21;1,0;4;0;0;56;7
PA2025-3615;2025-11-19;Änderung;13;Bestandskunde;Logistiktechnik;Bearbeitung;12;Stahl;pulverbeschichtet;26;26;7;0,024;4;36;36;1,0;4;0;0;84;12
PA2025-3616;2025-11-20;Änderung;11;Bestandskunde;Haushaltsgeräte;Bearbeitung;13;Stahl;pulverbeschichtet;28;28;15;0,039;4;39;39;1,0;4;0;0;104;13
PA2025-3617;2025-11-25;Standard;7;Bestandskunde;Automobilindustrie;Bearbeitung;19;Stahl;pulverbeschichtet;26;26;7;0,038;4;57;57;1,0;4;0;0;133;19
PA2025-3618;2025-11-24;Standard;13;Bestandskunde;Automobilindustrie;Bearbeitung;12;Stahl;pulverbeschichtet;28;28;15;0,036;4;36;36;1,0;4;0;0;96;12
PA2025-3619;2025-11-22;Standard;14;Bestandskunde;Medizintechnik;Bearbeitung;3;Stahl;pulverbeschichtet;26;26;7;0,006;4;9;9;1,0;4;0;0;21;3
PA2025-3620;2025-11-19;Standard;3;Neukunde;Medizintechnik;Bearbeitung;18;Stahl;pulverbeschichtet;28;28;15;0,054;4;54;54;1,0;4;0;0;144;18
PA2025-3621;2025-11-20;Standard;11;Bestandskunde;Logistiktechnik;Bearbeitung;7;Stahl;pulverbeschichtet;28;28;15;0,021;4;21;21;1,0;4;0;0;56;7
PA2025-3622;2025-11-24;Standard;9;Bestandskunde;Maschinenbau;Bearbeitung;5;Stahl;pulverbeschichtet;28;28;15;0,015;4;15;15;1,0;4;0;0;40;5
PA2025-3623;2025-11-23;Änderung;5;Bestandskunde;Logistiktechnik;Bearbeitung;8;Stahl;pulverbeschichtet;26;26;7;0,016;4;24;24;1,0;4;0;0;56;8
PA2025-3624;2025-11-21;Standard;9;Bestandskunde;Automobilindustrie;Bearbeitung;3;Stahl;pulverbeschichtet;26;26;7;0,006;4;9;9;1,0;4;0;0;21;3
PA2025-3625;2025-11-22;Standard;10;Bestandskunde;Sonstige;Bearbeitung;12;Stahl;pulverbeschichtet;28;28;15;0,036;4;36;36;1,0;4;0;0;96;12
PA2025-3626;2025-11-21;Standard;13;Bestandskunde;Maschinenbau;Bearbeitung;11;Stahl;pulverbeschichtet;26;26;7;0,022;4;33;33;1,0;4;0;0;77;11
PA2025-3627;2025-11-20;Standard;3;Bestandskunde;Maschinenbau;Bearbeitung;10;Stahl;pulverbeschichtet;26;26;7;0,02;4;30;30;1,0;4;0;0;70;10
PA2025-3628;2025-11-22;Standard;13;Bestandskunde;Logistiktechnik;Bearbeitung;2;Stahl;pulverbeschichtet;26;26;7;0,004;4;6;6;1,0;4;0;0;14;2
PA2025-3629;2025-11-19;Standard;4;Bestandskunde;Logistiktechnik;Bearbeitung;16;Stahl;pulverbeschichtet;28;28;15;0,048;4;48;48;1,0;4;0;0;128;16
PA2025-3630;2025-11-21;Standard;7;Bestandskunde;Automobilindustrie;Bearbeitung;3;Stahl;pulverbeschichtet;26;26;7;0,006;4;9;9;1,0;4;0;0;21;3
PA2025-3631;2025-11-29;Standard;15;Bestandskunde;Sonstige;Bearbeitung;4;Stahl;pulverbeschichtet;28;28;15;0,012;4;12;12;1,0;4;0;0;32;4
PA2025-3632;2025-12-02;Standard;5;Bestandskunde;Sonstige;Bearbeitung;20;Stahl;pulverbeschichtet;26;26;7;0,04;4;60;60;1,0;4;0;0;140;20
PA2025-3633;2025-11-30;Standard;11;Bestandskunde;Logistiktechnik;Bearbeitung;15;Stahl;pulverbeschichtet;28;28;15;0,045;4;45;45;1,0;4;0;0;120;15
PA2025-3634;2025-12-01;Änderung;4;Bestandskunde;Automobilindustrie;Bearbeitung;19;Stahl;pulverbeschichtet;26;26;7;0,038;4;57;57;1,0;4;0;0;133;19
PA2025-3635;2025-12-02;Standard;5;Bestandskunde;Haushaltsgeräte;Bearbeitung;7;Stahl;pulverbeschichtet;26;26;7;0,014;4;21;21;1,0;4;0;0;49;7
PA2025-3636;2025-11-26;Änderung;4;Bestandskunde;Automobilindustrie;Bearbeitung;17;Stahl;pulverbeschichtet;26;26;7;0,034;4;51;51;1,0;4;0;0;119;17
PA2025-3637;2025-12-01;Änderung;11;Bestandskunde;Maschinenbau;Bearbeitung;11;Stahl;pulverbeschichtet;28;28;15;0,033;4;33;33;1,0;4;0;0;88;11
PA2025-3638;2025-11-28;Standard;5;Bestandskunde;Maschinenbau;Bearbeitung;1;Stahl;pulverbeschichtet;26;26;7;0,002;4;3;3;1,0;4;0;0;7;1
PA2025-3639;2025-11-29;Standard;5;Bestandskunde;Logistiktechnik;Bearbeitung;11;Stahl;pulverbeschichtet;28;28;15;0,033;4;33;33;1,0;4;0;0;88;11
PA2025-3640;2025-11-26;Standard;12;Bestandskunde;Maschinenbau;Bearbeitung;17;Stahl;pulverbeschichtet;26;26;7;0,034;4;51;51;1,0;4;0;0;119;17
PA2025-3641;2025-11-27;Änderung;6;Bestandskunde;Automobilindustrie;Bearbeitung;11;Stahl;pulverbeschichtet;26;26;7;0,022;4;33;33;1,0;4;0;0;77;11
PA2025-3642;2025-11-27;Standard;6;Bestandskunde;Automobilindustrie;Bearbeitung;1;Stahl;pulverbeschichtet;26;26;7;0,002;4;3;3;1,0;4;0;0;7;1
PA2025-3643;2025-12-02;Änderung;5;Bestandskunde;Logistiktechnik;Bearbeitung;18;Stahl;pulverbeschichtet;26;26;7;0,036;4;54;54;1,0;4;0;0;126;18
PA2025-3644;2025-11-27;Änderung;6;Bestandskunde;Medizintechnik;Bearbeitung;12;Stahl;pulverbeschichtet;28;28;15;0,036;4;36;36;1,0;4;0;0;96;12
PA2025-3645;2025-11-26;Änderung;7;Bestandskunde;Maschinenbau;Bearbeitung;9;Stahl;pulverbeschichtet;26;26;7;0,018;4;27;27;1,0;4;0;0;63;9
PA2025-3646;2025-12-01;Standard;10;Bestandskunde;Medizintechnik;Bearbeitung;6;Stahl;pulverbeschichtet;28;28;15;0,018;4;18;18;1,0;4;0;0;48;6
PA2025-3647;2025-12-02;Standard;10;Bestandskunde;Medizintechnik;Bearbeitung;1;Stahl;pulverbeschichtet;28;28;15;0,003;4;3;3;1,0;4;0;0;8;1
PA2025-3648;2025-11-30;Standard;15;Bestandskunde;Haushaltsgeräte;Bearbeitung;6;Stahl;pulverbeschichtet;26;26;7;0,012;4;18;18;1,0;4;0;0;42;6
PA2025-3649;2025-11-27;Änderung;12;Bestandskunde;Automobilindustrie;Bearbeitung;16;Stahl;pulverbeschichtet;26;26;7;0,032;4;48;48;1,0;4;0;0;112;16
PA2025-3650;2025-12-01;Standard;12;Bestandskunde;Automobilindustrie;Bearbeitung;8;Stahl;pulverbeschichtet;26;26;7;0,016;4;24;24;1,0;4;0;0;56;8
PA2025-3651;2025-12-02;Standard;5;Bestandskunde;Automobilindustrie;Bearbeitung;13;Stahl;pulverbeschichtet;28;28;15;0,039;4;39;39;1,0;4;0;0;104;13
PA2025-3652;2025-12-02;Standard;11;Bestandskunde;Maschinenbau;Bearbeitung;16;Stahl;pulverbeschichtet;28;28;15;0,048;4;48;48;1,0;4;0;0;128;16
PA2025-3653;2025-11-28;Standard;8;Bestandskunde;Automobilindustrie;Bearbeitung;20;Stahl;pulverbeschichtet;28;28;15;0,06;4;60;60;1,0;4;0;0;160;20
PA2025-3654;2025-11-28;Standard;5;Bestandskunde;Logistiktechnik;Bearbeitung;12;Stahl;pulverbeschichtet;28;28;15;0,036;4;36;36;1,0;4;0;0;96;12
PA2025-3655;2025-11-29;Änderung;11;Bestandskunde;Automobilindustrie;Bearbeitung;9;Stahl;pulverbeschichtet;26;26;7;0,018;4;27;27;1,0;4;0;0;63;9
PA2025-3656;2025-12-01;Standard;11;Bestandskunde;Sonstige;Bearbeitung;18;Stahl;pulverbeschichtet;28;28;15;0,054;4;54;54;1,0;4;0;0;144;18
PA2025-3657;2025-12-02;Standard;11;Bestandskunde;Logistiktechnik;Bearbeitung;7;Stahl;pulverbeschichtet;28;28;15;0,021;4;21;21;1,0;4;0;0;56;7
PA2025-3658;2025-11-30;Standard;7;Bestandskunde;Sonstige;Bearbeitung;3;Stahl;pulverbeschichtet;28;28;15;0,009;4;9;9;1,0;4;0;0;24;3
PA2025-3659;2025-12-02;Standard;13;Bestandskunde;Haushaltsgeräte;Bearbeitung;18;Stahl;pulverbeschichtet;26;26;7;0,036;4;54;54;1,0;4;0;0;126;18
PA2025-3660;2025-11-28;Standard;7;Bestandskunde;Logistiktechnik;Bearbeitung;18;Stahl;pulverbeschichtet;26;26;7;0,036;4;54;54;1,0;4;0;0;126;18
PA2025-3661;2025-12-01;Standard;14;Bestandskunde;Sonstige;Bearbeitung;14;Stahl;pulverbeschichtet;28;28;15;0,042;4;42;42;1,0;4;0;0;112;14
PA2025-3662;2025-12-01;Standard;7;Bestandskunde;Automobilindustrie;Bearbeitung;8;Stahl;pulverbeschichtet;26;26;7;0,016;4;24;24;1,0;4;0;0;56;8
PA2025-3663;2025-11-26;Standard;12;Bestandskunde;Haushaltsgeräte;Bearbeitung;17;Stahl;pulverbeschichtet;26;26;7;0,034;4;51;51;1,0;4;0;0;119;17
PA2025-3664;2025-11-29;Standard;15;Bestandskunde;Medizintechnik;Bearbeitung;3;Stahl;pulverbeschichtet;26;26;7;0,006;4;9;9;1,0;4;0;0;21;3
PA2025-3665;2025-11-26;Standard;14;Bestandskunde;Sonstige;Bearbeitung;13;Stahl;pulverbeschichtet;26;26;7;0,026;4;39;39;1,0;4;0;0;91;13
PA2025-3666;2025-12-01;Standard;8;Bestandskunde;Logistiktechnik;Bearbeitung;4;Stahl;pulverbeschichtet;26;26;7;0,008;4;12;12;1,0;4;0;0;28;4
PA2025-3667;2025-11-30;Änderung;14;Bestandskunde;Sonstige;Bearbeitung;1;Stahl;pulverbeschichtet;28;28;15;0,003;4;3;3;1,0;4;0;0;8;1
PA2025-3668;2025-12-01;Standard;9;Bestandskunde;Sonstige;Bearbeitung;4;Stahl;pulverbeschichtet;26;26;7;0,008;4;12;12;1,0;4;0;0;28;4
PA2025-3669;2025-12-02;Standard;8;Bestandskunde;Maschinenbau;Bearbeitung;15;Stahl;pulverbeschichtet;28;28;15;0,045;4;45;45;1,0;4;0;0;120;15
PA2025-3670;2025-11-28;Standard;9;Bestandskunde;Automobilindustrie;Bearbeitung;6;Stahl;pulverbeschichtet;28;28;15;0,018;4;18;18;1,0;4;0;0;48;6
PA2025-3671;2025-11-28;Standard;10;Bestandskunde;Automobilindustrie;Bearbeitung;7;Stahl;pulverbeschichtet;28;28;15;0,021;4;21;21;1,0;4;0;0;56;7
PA2025-3672;2025-11-27;Standard;10;Bestandskunde;Haushaltsgeräte;Bearbeitung;19;Stahl;pulverbeschichtet;26;26;7;0,038;4;57;57;1,0;4;0;0;133;19
PA2025-3673;2025-12-02;Standard;5;Bestandskunde;Automobilindustrie;Bearbeitung;14;Stahl;pulverbeschichtet;28;28;15;0,042;4;42;42;1,0;4;0;0;112;14
PA2025-3674;2025-11-28;Änderung;13;Bestandskunde;Automobilindustrie;Bearbeitung;1;Stahl;pulverbeschichtet;28;28;15;0,003;4;3;3;1,0;4;0;0;8;1
PA2025-3675;2025-11-30;Standard;10;Bestandskunde;Sonstige;Bearbeitung;4;Stahl;pulverbeschichtet;28;28;15;0,012;4;12;12;1,0;4;0;0;32;4
PA2025-3676;2025-11-29;Änderung;5;Bestandskunde;Sonstige;Bearbeitung;19;Stahl;pulverbeschichtet;26;26;7;0,038;4;57;57;1,0;4;0;0;133;19
PA2025-3677;2025-11-29;Standard;9;Bestandskunde;Maschinenbau;Bearbeitung;19;Stahl;pulverbeschichtet;26;26;7;0,038;4;57;57;1,0;4;0;0;133;19
PA2025-3678;2025-11-27;Standard;8;Neukunde;Automobilindustrie;Bearbeitung;7;Stahl;pulverbeschichtet;26;26;7;0,014;4;21;21;1,0;4;0;0;49;7
PA2025-3679;2025-11-29;Standard;15;Bestandskunde;Logistiktechnik;Bearbeitung;9;Stahl;pulverbeschichtet;28;28;15;0,027;4;27;27;1,0;4;0;0;72;9
PA2025-3680;2025-11-26;Standard;9;Bestandskunde;Maschinenbau;Bearbeitung;3;Stahl;pulverbeschichtet;26;26;7;0,006;4;9;9;1,0;4;0;0;21;3
PA2025-3681;2025-11-30;Standard;9;Bestandskunde;Medizintechnik;Bearbeitung;18;Stahl;pulverbeschichtet;28;28;15;0,054;4;54;54;1,0;4;0;0;144;18
PA2025-3682;2025-11-29;Standard;4;Bestandskunde;Logistiktechnik;Bearbeitung;19;Stahl;pulverbeschichtet;26;26;7;0,038;4;57;57;1,0;4;0;0;133;19
PA2025-3683;2025-11-26;Änderung;10;Bestandskunde;Automobilindustrie;Bearbeitung;2;Stahl;pulverbeschichtet;26;26;7;0,004;4;6;6;1,0;4;0;0;14;2
PA2025-3684;2025-12-02;Standard;13;Bestandskunde;Automobilindustrie;Bearbeitung;18;Stahl;pulverbeschichtet;26;26;7;0,036;4;54;54;1,0;4;0;0;126;18
PA2025-3685;2025-11-30;Änderung;5;Bestandskunde;Maschinenbau;Bearbeitung;7;Stahl;pulverbeschichtet;26;26;7;0,014;4;21;21;1,0;4;0;0;49;7
PA2025-3686;2025-12-01;Änderung;11;Bestandskunde;Sonstige;Bearbeitung;5;Stahl;pulverbeschichtet;28;28;15;0,015;4;15;15;1,0;4;0;0;40;5
PA2025-3687;2025-11-28;Standard;7;Bestandskunde;Logistiktechnik;Bearbeitung;16;Stahl;pulverbeschichtet;26;26;7;0,032;4;48;48;1,0;4;0;0;112;16
PA2025-3688;2025-12-02;Standard;6;Bestandskunde;Maschinenbau;Bearbeitung;2;Stahl;pulverbeschichtet;26;26;7;0,004;4;6;6;1,0;4;0;0;14;2
PA2025-3689;2025-12-02;Standard;14;Bestandskunde;Maschinenbau;Bearbeitung;3;Stahl;pulverbeschichtet;26;26;7;0,006;4;9;9;1,0;4;0;0;21;3
PA2025-3690;2025-11-27;Änderung;6;Bestandskunde;Logistiktechnik;Bearbeitung;10;Stahl;pulverbeschichtet;28;28;15;0,03;4;30;30;1,0;4;0;0;80;10
PA2025-3691;2025-12-05;Standard;13;Bestandskunde;Medizintechnik;Bearbeitung;17;Stahl;pulverbeschichtet;26;26;7;0,034;4;51;51;1,0;4;0;0;119;17
PA2025-3692;2025-12-03;Standard;6;Bestandskunde;Logistiktechnik;Bearbeitung;10;Stahl;pulverbeschichtet;26;26;7;0,02;4;30;30;1,0;4;0;0;70;10
PA2025-3693;2025-12-06;Standard;5;Bestandskunde;Logistiktechnik;Bearbeitung;14;Stahl;pulverbeschichtet;28;28;15;0,042;4;42;42;1,0;4;0;0;112;14
PA2025-3694;2025-12-05;Änderung;14;Bestandskunde;Maschinenbau;Bearbeitung;7;Stahl;pulverbeschichtet;28;28;15;0,021;4;21;21;1,0;4;0;0;56;7
PA2025-3695;2025-12-07;Änderung;5;Bestandskunde;Automobilindustrie;Bearbeitung;10;Stahl;pulverbeschichtet;26;26;7;0,02;4;30;30;1,0;4;0;0;70;10
PA2025-3696;2025-12-03;Standard;10;Bestandskunde;Automobilindustrie;Bearbeitung;4;Stahl;pulverbeschichtet;26;26;7;0,008;4;12;12;1,0;4;0;0;28;4
PA2025-3697;2025-12-03;Standard;5;Bestandskunde;Sonstige;Bearbeitung;11;Stahl;pulverbeschichtet;28;28;15;0,033;4;33;33;1,0;4;0;0;88;11
PA2025-3698;2025-12-03;Änderung;12;Bestandskunde;Automobilindustrie;Bearbeitung;6;Stahl;pulverbeschichtet;26;26;7;0,012;4;18;18;1,0;4;0;0;42;6
PA2025-3699;2025-12-06;Änderung;10;Bestandskunde;Logistiktechnik;Bearbeitung;11;Stahl;pulverbeschichtet;28;28;15;0,033;4;33;33;1,0;4;0;0;88;11
PA2025-3700;2025-12-08;Standard;10;Bestandskunde;Sonstige;Bearbeitung;12;Stahl;pulverbeschichtet;26;26;7;0,024;4;36;36;1,0;4;0;0;84;12
PA2025-3701;2025-12-08;Änderung;5;Bestandskunde;Medizintechnik;Bearbeitung;18;Stahl;pulverbeschichtet;28;28;15;0,054;4;54;54;1,0;4;0;0;144;18
PA2025-3702;2025-12-07;Standard;12;Bestandskunde;Automobilindustrie;Bearbeitung;17;Stahl;pulverbeschichtet;28;28;15;0,051;4;51;51;1,0;4;0;0;136;17
PA2025-3703;2025-12-03;Standard;12;Bestandskunde;Logistiktechnik;Bearbeitung;11;Stahl;pulverbeschichtet;26;26;7;0,022;4;33;33;1,0;4;0;0;77;11
PA2025-3704;2025-12-05;Änderung;11;Bestandskunde;Medizintechnik;Bearbeitung;17;Stahl;pulverbeschichtet;28;28;15;0,051;4;51;51;1,0;4;0;0;136;17
PA2025-3705;2025-12-09;Standard;8;Bestandskunde;Logistiktechnik;Bearbeitung;15;Stahl;pulverbeschichtet;28;28;15;0,045;4;45;45;1,0;4;0;0;120;15
PA2025-3706;2025-12-06;Änderung;6;Bestandskunde;Maschinenbau;Bearbeitung;12;Stahl;pulverbeschichtet;26;26;7;0,024;4;36;36;1,0;4;0;0;84;12
PA2025-3707;2025-12-06;Standard;4;Bestandskunde;Haushaltsgeräte;Bearbeitung;3;Stahl;pulverbeschichtet;26;26;7;0,006;4;9;9;1,0;4;0;0;21;3
PA2025-3708;2025-12-05;Standard;5;Bestandskunde;Maschinenbau;Bearbeitung;13;Stahl;pulverbeschichtet;28;28;15;0,039;4;39;39;1,0;4;0;0;104;13
PA2025-3709;2025-12-05;Standard;4;Bestandskunde;Logistiktechnik;Bearbeitung;4;Stahl;pulverbeschichtet;28;28;15;0,012;4;12;12;1,0;4;0;0;32;4
PA2025-3710;2025-12-08;Standard;14;Bestandskunde;Automobilindustrie;Bearbeitung;9;Stahl;pulverbeschichtet;26;26;7;0,018;4;27;27;1,0;4;0;0;63;9
PA2025-3711;2025-12-04;Standard;6;Bestandskunde;Automobilindustrie;Bearbeitung;7;Stahl;pulverbeschichtet;26;26;7;0,014;4;21;21;1,0;4;0;0;49;7
PA2025-3712;2025-12-05;Standard;6;Bestandskunde;Logistiktechnik;Bearbeitung;5;Stahl;pulverbeschichtet;26;26;7;0,01;4;15;15;1,0;4;0;0;35;5
PA2025-3713;2025-12-07;Änderung;7;Bestandskunde;Automobilindustrie;Bearbeitung;16;Stahl;pulverbeschichtet;26;26;7;0,032;4;48;48;1,0;4;0;0;112;16
PA2025-3714;2025-12-07;Standard;9;Bestandskunde;Sonstige;Bearbeitung;20;Stahl;pulverbeschichtet;28;28;15;0,06;4;60;60;1,0;4;0;0;160;20
PA2025-3715;2025-12-03;Standard;9;Bestandskunde;Maschinenbau;Bearbeitung;18;Stahl;pulverbeschichtet;28;28;15;0,054;4;54;54;1,0;4;0;0;144;18
PA2025-3716;2025-12-07;Standard;6;Bestandskunde;Sonstige;Bearbeitung;4;Stahl;pulverbeschichtet;28;28;15;0,012;4;12;12;1,0;4;0;0;32;4
PA2025-3717;2025-12-05;Standard;3;Bestandskunde;Automobilindustrie;Bearbeitung;11;Stahl;pulverbeschichtet;26;26;7;0,022;4;33;33;1,0;4;0;0;77;11
PA2025-3718;2025-12-09;Standard;13;Bestandskunde;Haushaltsgeräte;Bearbeitung;17;Stahl;pulverbeschichtet;26;26;7;0,034;4;51;51;1,0;4;0;0;119;17
PA2025-3719;2025-12-09;Standard;13;Bestandskunde;Sonstige;Bearbeitung;12;Stahl;pulverbeschichtet;26;26;7;0,024;4;36;36;1,0;4;0;0;84;12
PA2025-3720;2025-12-03;Standard;13;Bestandskunde;Maschinenbau;Bearbeitung;18;Stahl;pulverbeschichtet;28;28;15;0,054;4;54;54;1,0;4;0;0;144;18
PA2025-3721;2025-12-03;Änderung;10;Bestandskunde;Haushaltsgeräte;Bearbeitung;11;Stahl;pulverbeschichtet;26;26;7;0,022;4;33;33;1,0;4;0;0;77;11
PA2025-3722;2025-12-03;Standard;11;Bestandskunde;Maschinenbau;Bearbeitung;17;Stahl;pulverbeschichtet;26;26;7;0,034;4;51;51;1,0;4;0;0;119;17
PA2025-3723;2025-12-05;Standard;14;Bestandskunde;Automobilindustrie;Bearbeitung;10;Stahl;pulverbeschichtet;26;26;7;0,02;4;30;30;1,0;4;0;0;70;10
PA2025-3724;2025-12-04;Änderung;5;Bestandskunde;Automobilindustrie;Bearbeitung;20;Stahl;pulverbeschichtet;26;26;7;0,04;4;60;60;1,0;4;0;0;140;20
PA2025-3725;2025-12-06;Standard;9;Bestandskunde;Maschinenbau;Bearbeitung;18;Stahl;pulverbeschichtet;26;26;7;0,036;4;54;54;1,0;4;0;0;126;18
PA2025-3726;2025-12-06;Änderung;5;Bestandskunde;Sonstige;Bearbeitung;20;Stahl;pulverbeschichtet;26;26;7;0,04;4;60;60;1,0;4;0;0;140;20
PA2025-3727;2025-12-04;Standard;11;Bestandskunde;Maschinenbau;Bearbeitung;11;Stahl;pulverbeschichtet;28;28;15;0,033;4;33;33;1,0;4;0;0;88;11
PA2025-3728;2025-12-06;Standard;11;Bestandskunde;Sonstige;Bearbeitung;1;Stahl;pulverbeschichtet;28;28;15;0,003;4;3;3;1,0;4;0;0;8;1
PA2025-3729;2025-12-07;Änderung;5;Bestandskunde;Sonstige;Bearbeitung;14;Stahl;pulverbeschichtet;28;28;15;0,042;4;42;42;1,0;4;0;0;112;14
PA2025-3730;2025-12-05;Änderung;5;Bestandskunde;Haushaltsgeräte;Bearbeitung;14;Stahl;pulverbeschichtet;26;26;7;0,028;4;42;42;1,0;4;0;0;98;14
PA2025-3731;2025-12-03;Standard;4;Bestandskunde;Maschinenbau;Bearbeitung;8;Stahl;pulverbeschichtet;26;26;7;0,016;4;24;24;1,0;4;0;0;56;8
PA2025-3732;2025-12-09;Standard;9;Bestandskunde;Logistiktechnik;Bearbeitung;3;Stahl;pulverbeschichtet;26;26;7;0,006;4;9;9;1,0;4;0;0;21;3
PA2025-3733;2025-12-04;Standard;13;Bestandskunde;Haushaltsgeräte;Bearbeitung;14;Stahl;pulverbeschichtet;28;28;15;0,042;4;42;42;1,0;4;0;0;112;14
PA2025-3734;2025-12-07;Änderung;5;Bestandskunde;Logistiktechnik;Bearbeitung;1;Stahl;pulverbeschichtet;26;26;7;0,002;4;3;3;1,0;4;0;0;7;1
PA2025-3735;2025-12-06;Änderung;12;Bestandskunde;Haushaltsgeräte;Bearbeitung;20;Stahl;pulverbeschichtet;28;28;15;0,06;4;60;60;1,0;4;0;0;160;20
PA2025-3736;2025-12-05;Standard;10;Bestandskunde;Medizintechnik;Bearbeitung;6;Stahl;pulverbeschichtet;28;28;15;0,018;4;18;18;1,0;4;0;0;48;6
PA2025-3737;2025-12-07;Standard;10;Bestandskunde;Maschinenbau;Bearbeitung;5;Stahl;pulverbeschichtet;28;28;15;0,015;4;15;15;1,0;4;0;0;40;5
PA2025-3738;2025-12-04;Änderung;10;Bestandskunde;Maschinenbau;Bearbeitung;9;Stahl;pulverbeschichtet;28;28;15;0,027;4;27;27;1,0;4;0;0;72;9
PA2025-3739;2025-12-08;Standard;7;Bestandskunde;Sonstige;Bearbeitung;11;Stahl;pulverbeschichtet;26;26;7;0,022;4;33;33;1,0;4;0;0;77;11
PA2025-3740;2025-12-07;Standard;6;Bestandskunde;Logistiktechnik;Bearbeitung;15;Stahl;pulverbeschichtet;26;26;7;0,03;4;45;45;1,0;4;0;0;105;15
PA2025-3741;2025-12-03;Standard;12;Bestandskunde;Sonstige;Bearbeitung;13;Stahl;pulverbeschichtet;28;28;15;0,039;4;39;39;1,0;4;0;0;104;13
PA2025-3742;2025-12-05;Änderung;6;Bestandskunde;Logistiktechnik;Bearbeitung;7;Stahl;pulverbeschichtet;26;26;7;0,014;4;21;21;1,0;4;0;0;49;7
PA2025-3743;2025-12-07;Standard;11;Bestandskunde;Maschinenbau;Bearbeitung;6;Stahl;pulverbeschichtet;26;26;7;0,012;4;18;18;1,0;4;0;0;42;6
PA2025-3744;2025-12-05;Standard;5;Bestandskunde;Automobilindustrie;Bearbeitung;9;Stahl;pulverbeschichtet;26;26;7;0,018;4;27;27;1,0;4;0;0;63;9
PA2025-3745;2025-12-07;Standard;14;Bestandskunde;Medizintechnik;Bearbeitung;20;Stahl;pulverbeschichtet;26;26;7;0,04;4;60;60;1,0;4;0;0;140;20
PA2025-3746;2025-12-04;Änderung;6;Bestandskunde;Automobilindustrie;Bearbeitung;20;Stahl;pulverbeschichtet;26;26;7;0,04;4;60;60;1,0;4;0;0;140;20
PA2025-3747;2025-12-03;Standard;10;Bestandskunde;Automobilindustrie;Bearbeitung;6;Stahl;pulverbeschichtet;26;26;7;0,012;4;18;18;1,0;4;0;0;42;6
PA2025-3748;2025-12-08;Standard;9;Bestandskunde;Maschinenbau;Bearbeitung;13;Stahl;pulverbeschichtet;26;26;7;0,026;4;39;39;1,0;4;0;0;91;13
PA2025-3749;2025-12-09;Standard;3;Bestandskunde;Sonstige;Bearbeitung;12;Stahl;pulverbeschichtet;26;26;7;0,024;4;36;36;1,0;4;0;0;84;12
PA2025-3750;2025-12-03;Standard;8;Bestandskunde;Automobilindustrie;Bearbeitung;10;Stahl;pulverbeschichtet;26;26;7;0,02;4;30;30;1,0;4;0;0;70;10
PA2025-3751;2025-12-11;Standard;6;Bestandskunde;Maschinenbau;Bearbeitung;19;Stahl;pulverbeschichtet;28;28;15;0,057;4;57;57;1,0;4;0;0;152;19
PA2025-3752;2025-12-14;Änderung;10;Bestandskunde;Logistiktechnik;Bearbeitung;20;Stahl;pulverbeschichtet;26;26;7;0,04;4;60;60;1,0;4;0;0;140;20
PA2025-3753;2025-12-14;Standard;15;Bestandskunde;Automobilindustrie;Bearbeitung;2;Stahl;pulverbeschichtet;26;26;7;0,004;4;6;6;1,0;4;0;0;14;2
PA2025-3754;2025-12-15;Standard;11;Bestandskunde;Sonstige;Bearbeitung;6;Stahl;pulverbeschichtet;26;26;7;0,012;4;18;18;1,0;4;0;0;42;6
PA2025-3755;2025-12-15;Standard;9;Bestandskunde;Sonstige;Bearbeitung;12;Stahl;pulverbeschichtet;28;28;15;0,036;4;36;36;1,0;4;0;0;96;12
PA2025-3756;2025-12-12;Standard;3;Bestandskunde;Logistiktechnik;Bearbeitung;20;Stahl;pulverbeschichtet;28;28;15;0,06;4;60;60;1,0;4;0;0;160;20
PA2025-3757;2025-12-10;Standard;10;Bestandskunde;Sonstige;Bearbeitung;7;Stahl;pulverbeschichtet;26;26;7;0,014;4;21;21;1,0;4;0;0;49;7
PA2025-3758;2025-12-10;Standard;12;Bestandskunde;Maschinenbau;Bearbeitung;18;Stahl;pulverbeschichtet;26;26;7;0,036;4;54;54;1,0;4;0;0;126;18
PA2025-3759;2025-12-12;Standard;11;Bestandskunde;Sonstige;Bearbeitung;8;Stahl;pulverbeschichtet;26;26;7;0,016;4;24;24;1,0;4;0;0;56;8
PA2025-3760;2025-12-16;Standard;6;Neukunde;Automobilindustrie;Bearbeitung;12;Stahl;pulverbeschichtet;28;28;15;0,036;4;36;36;1,0;4;0;0;96;12
PA2025-3761;2025-12-10;Standard;13;Bestandskunde;Logistiktechnik;Bearbeitung;14;Stahl;pulverbeschichtet;26;26;7;0,028;4;42;42;1,0;4;0;0;98;14
PA2025-3762;2025-12-10;Standard;12;Bestandskunde;Medizintechnik;Bearbeitung;14;Stahl;pulverbeschichtet;28;28;15;0,042;4;42;42;1,0;4;0;0;112;14
PA2025-3763;2025-12-10;Änderung;7;Neukunde;Automobilindustrie;Bearbeitung;11;Stahl;pulverbeschichtet;26;26;7;0,022;4;33;33;1,0;4;0;0;77;11
PA2025-3764;2025-12-10;Standard;12;Bestandskunde;Automobilindustrie;Bearbeitung;20;Stahl;pulverbeschichtet;28;28;15;0,06;4;60;60;1,0;4;0;0;160;20
PA2025-3765;2025-12-11;Standard;8;Bestandskunde;Sonstige;Bearbeitung;16;Stahl;pulverbeschichtet;26;26;7;0,032;4;48;48;1,0;4;0;0;112;16
PA2025-3766;2025-12-13;Standard;15;Bestandskunde;Medizintechnik;Bearbeitung;8;Stahl;pulverbeschichtet;28;28;15;0,024;4;24;24;1,0;4;0;0;64;8
PA2025-3767;2025-12-11;Standard;14;Bestandskunde;Automobilindustrie;Bearbeitung;5;Stahl;pulverbeschichtet;26;26;7;0,01;4;15;15;1,0;4;0;0;35;5
PA2025-3768;2025-12-13;Standard;15;Bestandskunde;Maschinenbau;Bearbeitung;12;Stahl;pulverbeschichtet;26;26;7;0,024;4;36;36;1,0;4;0;0;84;12
PA2025-3769;2025-12-13;Änderung;5;Bestandskunde;Sonstige;Bearbeitung;20;Stahl;pulverbeschichtet;28;28;15;0,06;4;60;60;1,0;4;0;0;160;20
PA2025-3770;2025-12-10;Standard;4;Bestandskunde;Automobilindustrie;Bearbeitung;15;Stahl;pulverbeschichtet;28;28;15;0,045;4;45;45;1,0;4;0;0;120;15
PA2025-3771;2025-12-14;Standard;7;Bestandskunde;Sonstige;Bearbeitung;3;Stahl;pulverbeschichtet;28;28;15;0,009;4;9;9;1,0;4;0;0;24;3
PA2025-3772;2025-12-12;Änderung;12;Bestandskunde;Logistiktechnik;Bearbeitung;17;Stahl;pulverbeschichtet;26;26;7;0,034;4;51;51;1,0;4;0;0;119;17
PA2025-3773;2025-12-14;Änderung;9;Bestandskunde;Medizintechnik;Bearbeitung;18;Stahl;pulverbeschichtet;28;28;15;0,054;4;54;54;1,0;4;0;0;144;18
PA2025-3774;2025-12-13;Änderung;8;Bestandskunde;Maschinenbau;Bearbeitung;11;Stahl;pulverbeschichtet;28;28;15;0,033;4;33;33;1,0;4;0;0;88;11
PA2025-3775;2025-12-11;Änderung;15;Bestandskunde;Maschinenbau;Bearbeitung;9;Stahl;pulverbeschichtet;26;26;7;0,018;4;27;27;1,0;4;0;0;63;9
PA2025-3776;2025-12-16;Standard;12;Bestandskunde;Sonstige;Bearbeitung;10;Stahl;pulverbeschichtet;26;26;7;0,02;4;30;30;1,0;4;0;0;70;10
PA2025-3777;2025-12-13;Änderung;9;Bestandskunde;Maschinenbau;Bearbeitung;5;Stahl;pulverbeschichtet;26;26;7;0,01;4;15;15;1,0;4;0;0;35;5
PA2025-3778;2025-12-12;Änderung;10;Bestandskunde;Haushaltsgeräte;Bearbeitung;8;Stahl;pulverbeschichtet;28;28;15;0,024;4;24;24;1,0;4;0;0;64;8
PA2025-3779;2025-12-15;Standard;13;Bestandskunde;Medizintechnik;Bearbeitung;20;Stahl;pulverbeschichtet;28;28;15;0,06;4;60;60;1,0;4;0;0;160;20
PA2025-3780;2025-12-12;Standard;15;Bestandskunde;Automobilindustrie;Bearbeitung;14;Stahl;pulverbeschichtet;28;28;15;0,042;4;42;42;1,0;4;0;0;112;14
PA2025-3781;2025-12-12;Standard;10;Bestandskunde;Sonstige;Bearbeitung;1;Stahl;pulverbeschichtet;26;26;7;0,002;4;3;3;1,0;4;0;0;7;1
PA2025-3782;2025-12-15;Standard;7;Bestandskunde;Maschinenbau;Bearbeitung;19;Stahl;pulverbeschichtet;28;28;15;0,057;4;57;57;1,0;4;0;0;152;19
PA2025-3783;2025-12-12;Standard;11;Bestandskunde;Maschinenbau;Bearbeitung;4;Stahl;pulverbeschichtet;26;26;7;0,008;4;12;12;1,0;4;0;0;28;4
PA2025-3784;2025-12-16;Standard;13;Bestandskunde;Logistiktechnik;Bearbeitung;14;Stahl;pulverbeschichtet;26;26;7;0,028;4;42;42;1,0;4;0;0;98;14
PA2025-3785;2025-12-14;Standard;10;Bestandskunde;Sonstige;Bearbeitung;20;Stahl;pulverbeschichtet;28;28;15;0,06;4;60;60;1,0;4;0;0;160;20
PA2025-3786;2025-12-16;Standard;8;Bestandskunde;Maschinenbau;Bearbeitung;5;Stahl;pulverbeschichtet;28;28;15;0,015;4;15;15;1,0;4;0;0;40;5
PA2025-3787;2025-12-14;Standard;6;Bestandskunde;Automobilindustrie;Bearbeitung;12;Stahl;pulverbeschichtet;26;26;7;0,024;4;36;36;1,0;4;0;0;84;12
PA2025-3788;2025-12-11;Standard;7;Bestandskunde;Logistiktechnik;Bearbeitung;18;Stahl;pulverbeschichtet;26;26;7;0,036;4;54;54;1,0;4;0;0;126;18
PA2025-3789;2025-12-12;Standard;14;Bestandskunde;Sonstige;Bearbeitung;5;Stahl;pulverbeschichtet;26;26;7;0,01;4;15;15;1,0;4;0;0;35;5
PA2025-3790;2025-12-16;Standard;15;Bestandskunde;Maschinenbau;Bearbeitung;15;Stahl;pulverbeschichtet;28;28;15;0,045;4;45;45;1,0;4;0;0;120;15
PA2025-3791;2025-12-11;Standard;15;Bestandskunde;Maschinenbau;Bearbeitung;18;Stahl;pulverbeschichtet;26;26;7;0,036;4;54;54;1,0;4;0;0;126;18
PA2025-3792;2025-12-11;Standard;13;Bestandskunde;Automobilindustrie;Bearbeitung;2;Stahl;pulverbeschichtet;26;26;7;0,004;4;6;6;1,0;4;0;0;14;2
PA2025-3793;2025-12-10;Änderung;12;Bestandskunde;Medizintechnik;Bearbeitung;15;Stahl;pulverbeschichtet;28;28;15;0,045;4;45;45;1,0;4;0;0;120;15
PA2025-3794;2025-12-11;Standard;12;Bestandskunde;Logistiktechnik;Bearbeitung;17;Stahl;pulverbeschichtet;26;26;7;0,034;4;51;51;1,0;4;0;0;119;17
PA2025-3795;2025-12-10;Standard;6;Bestandskunde;Sonstige;Bearbeitung;5;Stahl;pulverbeschichtet;28;28;15;0,015;4;15;15;1,0;4;0;0;40;5
PA2025-3796;2025-12-15;Standard;15;Bestandskunde;Sonstige;Bearbeitung;5;Stahl;pulverbeschichtet;26;26;7;0,01;4;15;15;1,0;4;0;0;35;5
PA2025-3797;2025-12-16;Standard;8;Neukunde;Sonstige;Bearbeitung;14;Stahl;pulverbeschichtet;28;28;15;0,042;4;42;42;1,0;4;0;0;112;14
PA2025-3798;2025-12-14;Änderung;13;Bestandskunde;Logistiktechnik;Bearbeitung;6;Stahl;pulverbeschichtet;28;28;15;0,018;4;18;18;1,0;4;0;0;48;6
PA2025-3799;2025-12-15;Änderung;5;Bestandskunde;Automobilindustrie;Bearbeitung;11;Stahl;pulverbeschichtet;28;28;15;0,033;4;33;33;1,0;4;0;0;88;11
PA2025-3800;2025-12-12;Standard;12;Bestandskunde;Logistiktechnik;Bearbeitung;1;Stahl;pulverbeschichtet;28;28;15;0,003;4;3;3;1,0;4;0;0;8;1
PA2025-3801;2025-12-12;Standard;4;Bestandskunde;Haushaltsgeräte;Bearbeitung;9;Stahl;pulverbeschichtet;28;28;15;0,027;4;27;27;1,0;4;0;0;72;9
PA2025-3802;2025-12-14;Änderung;9;Bestandskunde;Logistiktechnik;Bearbeitung;1;Stahl;pulverbeschichtet;28;28;15;0,003;4;3;3;1,0;4;0;0;8;1
PA2025-3803;2025-12-12;Standard;10;Bestandskunde;Automobilindustrie;Bearbeitung;17;Stahl;pulverbeschichtet;26;26;7;0,034;4;51;51;1,0;4;0;0;119;17
PA2025-3804;2025-12-11;Standard;15;Bestandskunde;Sonstige;Bearbeitung;2;Stahl;pulverbeschichtet;26;26;7;0,004;4;6;6;1,0;4;0;0;14;2
PA2025-3805;2025-12-15;Standard;5;Bestandskunde;Maschinenbau;Bearbeitung;8;Stahl;pulverbeschichtet;28;28;15;0,024;4;24;24;1,0;4;0;0;64;8
PA2025-3806;2025-12-13;Standard;12;Bestandskunde;Logistiktechnik;Bearbeitung;7;Stahl;pulverbeschichtet;26;26;7;0,014;4;21;21;1,0;4;0;0;49;7
PA2025-3807;2025-12-14;Standard;6;Bestandskunde;Haushaltsgeräte;Bearbeitung;16;Stahl;pulverbeschichtet;28;28;15;0,048;4;48;48;1,0;4;0;0;128;16
PA2025-3808;2025-12-12;Änderung;10;Bestandskunde;Haushaltsgeräte;Bearbeitung;20;Stahl;pulverbeschichtet;28;28;15;0,06;4;60;60;1,0;4;0;0;160;20
PA2025-3809;2025-12-13;Standard;15;Bestandskunde;Automobilindustrie;Bearbeitung;15;Stahl;pulverbeschichtet;26;26;7;0,03;4;45;45;1,0;4;0;0;105;15
PA2025-3810;2025-12-16;Standard;13;Bestandskunde;Medizintechnik;Bearbeitung;20;Stahl;pulverbeschichtet;26;26;7;0,04;4;60;60;1,0;4;0;0;140;20
PA2025-3811;2025-12-20;Änderung;5;Bestandskunde;Automobilindustrie;Bearbeitung;18;Stahl;pulverbeschichtet;26;26;7;0,036;4;54;54;1,0;4;0;0;126;18
PA2025-3812;2025-12-22;Standard;6;Bestandskunde;Maschinenbau;Bearbeitung;17;Stahl;pulverbeschichtet;26;26;7;0,034;4;51;51;1,0;4;0;0;119;17
PA2025-3813;2025-12-23;Standard;15;Bestandskunde;Medizintechnik;Bearbeitung;19;Stahl;pulverbeschichtet;28;28;15;0,057;4;57;57;1,0;4;0;0;152;19
PA2025-3814;2025-12-20;Änderung;11;Bestandskunde;Haushaltsgeräte;Bearbeitung;7;Stahl;pulverbeschichtet;28;28;15;0,021;4;21;21;1,0;4;0;0;56;7
PA2025-3815;2025-12-20;Standard;5;Bestandskunde;Sonstige;Bearbeitung;11;Stahl;pulverbeschichtet;26;26;7;0,022;4;33;33;1,0;4;0;0;77;11
PA2025-3816;2025-12-21;Änderung;9;Bestandskunde;Automobilindustrie;Bearbeitung;18;Stahl;pulverbeschichtet;26;26;7;0,036;4;54;54;1,0;4;0;0;126;18
PA2025-3817;2025-12-20;Standard;10;Bestandskunde;Sonstige;Bearbeitung;12;Stahl;pulverbeschichtet;26;26;7;0,024;4;36;36;1,0;4;0;0;84;12
PA2025-3818;2025-12-18;Änderung;8;Bestandskunde;Haushaltsgeräte;Bearbeitung;17;Stahl;pulverbeschichtet;26;26;7;0,034;4;51;51;1,0;4;0;0;119;17
PA2025-3819;2025-12-18;Standard;11;Bestandskunde;Logistiktechnik;Bearbeitung;15;Stahl;pulverbeschichtet;26;26;7;0,03;4;45;45;1,0;4;0;0;105;15
PA2025-3820;2025-12-21;Änderung;5;Bestandskunde;Logistiktechnik;Bearbeitung;9;Stahl;pulverbeschichtet;28;28;15;0,027;4;27;27;1,0;4;0;0;72;9
PA2025-3821;2025-12-21;Standard;15;Bestandskunde;Automobilindustrie;Bearbeitung;7;Stahl;pulverbeschichtet;28;28;15;0,021;4;21;21;1,0;4;0;0;56;7
PA2025-3822;2025-12-23;Standard;15;Bestandskunde;Maschinenbau;Bearbeitung;15;Stahl;pulverbeschichtet;26;26;7;0,03;4;45;45;1,0;4;0;0;105;15
PA2025-3823;2025-12-23;Standard;13;Bestandskunde;Automobilindustrie;Bearbeitung;8;Stahl;pulverbeschichtet;26;26;7;0,016;4;24;24;1,0;4;0;0;56;8
PA2025-3824;2025-12-17;Standard;12;Bestandskunde;Maschinenbau;Bearbeitung;6;Stahl;pulverbeschichtet;28;28;15;0,018;4;18;18;1,0;4;0;0;48;6
PA2025-3825;2025-12-23;Standard;15;Bestandskunde;Automobilindustrie;Bearbeitung;4;Stahl;pulverbeschichtet;28;28;15;0,012;4;12;12;1,0;4;0;0;32;4
PA2025-3826;2025-12-23;Änderung;13;Neukunde;Maschinenbau;Bearbeitung;1;Stahl;pulverbeschichtet;26;26;7;0,002;4;3;3;1,0;4;0;0;7;1
PA2025-3827;2025-12-22;Standard;4;Bestandskunde;Maschinenbau;Bearbeitung;8;Stahl;pulverbeschichtet;28;28;15;0,024;4;24;24;1,0;4;0;0;64;8
PA2025-3828;2025-12-23;Standard;14;Bestandskunde;Logistiktechnik;Bearbeitung;4;Stahl;pulverbeschichtet;26;26;7;0,008;4;12;12;1,0;4;0;0;28;4
PA2025-3829;2025-12-18;Standard;11;Neukunde;Automobilindustrie;Bearbeitung;17;Stahl;pulverbeschichtet;26;26;7;0,034;4;51;51;1,0;4;0;0;119;17
PA2025-3830;2025-12-17;Standard;4;Bestandskunde;Automobilindustrie;Bearbeitung;5;Stahl;pulverbeschichtet;28;28;15;0,015;4;15;15;1,0;4;0;0;40;5
PA2025-3831;2025-12-23;Änderung;7;Bestandskunde;Sonstige;Bearbeitung;7;Stahl;pulverbeschichtet;26;26;7;0,014;4;21;21;1,0;4;0;0;49;7
PA2025-3832;2025-12-19;Standard;14;Bestandskunde;Maschinenbau;Bearbeitung;2;Stahl;pulverbeschichtet;28;28;15;0,006;4;6;6;1,0;4;0;0;16;2
PA2025-3833;2025-12-22;Standard;14;Neukunde;Logistiktechnik;Bearbeitung;15;Stahl;pulverbeschichtet;28;28;15;0,045;4;45;45;1,0;4;0;0;120;15
PA2025-3834;2025-12-23;Standard;13;Bestandskunde;Sonstige;Bearbeitung;19;Stahl;pulverbeschichtet;28;28;15;0,057;4;57;57;1,0;4;0;0;152;19
PA2025-3835;2025-12-20;Standard;11;Bestandskunde;Logistiktechnik;Bearbeitung;13;Stahl;pulverbeschichtet;28;28;15;0,039;4;39;39;1,0;4;0;0;104;13
PA2025-3836;2025-12-20;Standard;10;Bestandskunde;Maschinenbau;Bearbeitung;13;Stahl;pulverbeschichtet;28;28;15;0,039;4;39;39;1,0;4;0;0;104;13
PA2025-3837;2025-12-19;Änderung;9;Bestandskunde;Haushaltsgeräte;Bearbeitung;12;Stahl;pulverbeschichtet;26;26;7;0,024;4;36;36;1,0;4;0;0;84;12
PA2025-3838;2025-12-23;Standard;10;Neukunde;Medizintechnik;Bearbeitung;13;Stahl;pulverbeschichtet;26;26;7;0,026;4;39;39;1,0;4;0;0;91;13
PA2025-3839;2025-12-23;Standard;13;Bestandskunde;Maschinenbau;Bearbeitung;6;Stahl;pulverbeschichtet;28;28;15;0,018;4;18;18;1,0;4;0;0;48;6
PA2025-3840;2025-12-21;Standard;5;Bestandskunde;Logistiktechnik;Bearbeitung;20;Stahl;pulverbeschichtet;26;26;7;0,04;4;60;60;1,0;4;0;0;140;20
PA2025-3841;2025-12-17;Änderung;12;Bestandskunde;Automobilindustrie;Bearbeitung;8;Stahl;pulverbeschichtet;26;26;7;0,016;4;24;24;1,0;4;0;0;56;8
PA2025-3842;2025-12-23;Standard;6;Bestandskunde;Sonstige;Bearbeitung;19;Stahl;pulverbeschichtet;28;28;15;0,057;4;57;57;1,0;4;0;0;152;19
PA2025-3843;2025-12-19;Standard;4;Bestandskunde;Maschinenbau;Bearbeitung;3;Stahl;pulverbeschichtet;26;26;7;0,006;4;9;9;1,0;4;0;0;21;3
PA2025-3844;2025-12-23;Standard;7;Bestandskunde;Medizintechnik;Bearbeitung;2;Stahl;pulverbeschichtet;28;28;15;0,006;4;6;6;1,0;4;0;0;16;2
PA2025-3845;2025-12-19;Standard;7;Bestandskunde;Sonstige;Bearbeitung;11;Stahl;pulverbeschichtet;26;26;7;0,022;4;33;33;1,0;4;0;0;77;11
PA2025-3846;2025-12-23;Standard;8;Bestandskunde;Maschinenbau;Bearbeitung;17;Stahl;pulverbeschichtet;28;28;15;0,051;4;51;51;1,0;4;0;0;136;17
PA2025-3847;2025-12-20;Änderung;5;Bestandskunde;Automobilindustrie;Bearbeitung;19;Stahl;pulverbeschichtet;26;26;7;0,038;4;57;57;1,0;4;0;0;133;19
PA2025-3848;2025-12-21;Änderung;5;Bestandskunde;Maschinenbau;Bearbeitung;17;Stahl;pulverbeschichtet;28;28;15;0,051;4;51;51;1,0;4;0;0;136;17
PA2025-3849;2025-12-20;Standard;10;Bestandskunde;Sonstige;Bearbeitung;5;Stahl;pulverbeschichtet;28;28;15;0,015;4;15;15;1,0;4;0;0;40;5
PA2025-3850;2025-12-17;Standard;14;Bestandskunde;Automobilindustrie;Bearbeitung;14;Stahl;pulverbeschichtet;26;26;7;0,028;4;42;42;1,0;4;0;0;98;14
PA2025-3851;2025-12-18;Standard;15;Bestandskunde;Sonstige;Bearbeitung;11;Stahl;pulverbeschichtet;28;28;15;0,033;4;33;33;1,0;4;0;0;88;11
PA2025-3852;2025-12-18;Änderung;14;Bestandskunde;Automobilindustrie;Bearbeitung;2;Stahl;pulverbeschichtet;28;28;15;0,006;4;6;6;1,0;4;0;0;16;2
PA2025-3853;2025-12-17;Änderung;12;Bestandskunde;Haushaltsgeräte;Bearbeitung;13;Stahl;pulverbeschichtet;26;26;7;0,026;4;39;39;1,0;4;0;0;91;13
PA2025-3854;2025-12-17;Standard;3;Bestandskunde;Automobilindustrie;Bearbeitung;7;Stahl;pulverbeschichtet;26;26;7;0,014;4;21;21;1,0;4;0;0;49;7
PA2025-3855;2025-12-17;Standard;12;Bestandskunde;Maschinenbau;Bearbeitung;2;Stahl;pulverbeschichtet;26;26;7;0,004;4;6;6;1,0;4;0;0;14;2
PA2025-3856;2025-12-19;Änderung;12;Bestandskunde;Automobilindustrie;Bearbeitung;13;Stahl;pulverbeschichtet;26;26;7;0,026;4;39;39;1,0;4;0;0;91;13
PA2025-3857;2025-12-17;Standard;4;Bestandskunde;Automobilindustrie;Bearbeitung;2;Stahl;pulverbeschichtet;26;26;7;0,004;4;6;6;1,0;4;0;0;14;2
PA2025-3858;2025-12-21;Standard;15;Bestandskunde;Maschinenbau;Bearbeitung;10;Stahl;pulverbeschichtet;26;26;7;0,02;4;30;30;1,0;4;0;0;70;10
PA2025-3859;2025-12-21;Standard;10;Bestandskunde;Maschinenbau;Bearbeitung;3;Stahl;pulverbeschichtet;26;26;7;0,006;4;9;9;1,0;4;0;0;21;3
PA2025-3860;2025-12-21;Standard;8;Bestandskunde;Sonstige;Bearbeitung;8;Stahl;pulverbeschichtet;28;28;15;0,024;4;24;24;1,0;4;0;0;64;8
PA2025-3861;2025-12-22;Standard;9;Bestandskunde;Sonstige;Bearbeitung;3;Stahl;pulverbeschichtet;26;26;7;0,006;4;9;9;1,0;4;0;0;21;3
PA2025-3862;2025-12-20;Standard;7;Bestandskunde;Maschinenbau;Bearbeitung;17;Stahl;pulverbeschichtet;26;26;7;0,034;4;51;51;1,0;4;0;0;119;17
PA2025-3863;2025-12-18;Änderung;12;Bestandskunde;Automobilindustrie;Bearbeitung;19;Stahl;pulverbeschichtet;26;26;7;0,038;4;57;57;1,0;4;0;0;133;19
PA2025-3864;2025-12-22;Änderung;9;Bestandskunde;Maschinenbau;Bearbeitung;12;Stahl;pulverbeschichtet;28;28;15;0,036;4;36;36;1,0;4;0;0;96;12
PA2025-3865;2025-12-23;Standard;5;Bestandskunde;Logistiktechnik;Bearbeitung;18;Stahl;pulverbeschichtet;26;26;7;0,036;4;54;54;1,0;4;0;0;126;18
PA2025-3866;2025-12-17;Standard;12;Bestandskunde;Automobilindustrie;Bearbeitung;15;Stahl;pulverbeschichtet;26;26;7;0,03;4;45;45;1,0;4;0;0;105;15
PA2025-3867;2025-12-17;Änderung;6;Bestandskunde;Maschinenbau;Bearbeitung;14;Stahl;pulverbeschichtet;28;28;15;0,042;4;42;42;1,0;4;0;0;112;14
PA2025-3868;2025-12-20;Änderung;11;Bestandskunde;Sonstige;Bearbeitung;4;Stahl;pulverbeschichtet;26;26;7;0,008;4;12;12;1,0;4;0;0;28;4
PA2025-3869;2025-12-20;Standard;15;Bestandskunde;Automobilindustrie;Bearbeitung;16;Stahl;pulverbeschichtet;28;28;15;0,048;4;48;48;1,0;4;0;0;128;16
PA2025-3870;2025-12-23;Änderung;7;Bestandskunde;Automobilindustrie;Bearbeitung;7;Stahl;pulverbeschichtet;28;28;15;0,021;4;21;21;1,0;4;0;0;56;7
PA2025-3871;2025-12-27;Änderung;15;Bestandskunde;Maschinenbau;Bearbeitung;1;Stahl;pulverbeschichtet;28;28;15;0,003;4;3;3;1,0;4;0;0;8;1
PA2025-3872;2025-12-30;Standard;8;Bestandskunde;Automobilindustrie;Bearbeitung;19;Stahl;pulverbeschichtet;26;26;7;0,038;4;57;57;1,0;4;0;0;133;19
PA2025-3873;2025-12-27;Änderung;13;Bestandskunde;Logistiktechnik;Bearbeitung;17;Stahl;pulverbeschichtet;26;26;7;0,034;4;51;51;1,0;4;0;0;119;17
PA2025-3874;2025-12-27;Standard;12;Bestandskunde;Maschinenbau;Bearbeitung;11;Stahl;pulverbeschichtet;26;26;7;0,022;4;33;33;1,0;4;0;0;77;11
PA2025-3875;2025-12-28;Änderung;5;Bestandskunde;Maschinenbau;Bearbeitung;8;Stahl;pulverbeschichtet;26;26;7;0,016;4;24;24;1,0;4;0;0;56;8
PA2025-3876;2025-12-28;Standard;6;Bestandskunde;Automobilindustrie;Bearbeitung;16;Stahl;pulverbeschichtet;28;28;15;0,048;4;48;48;1,0;4;0;0;128;16
PA2025-3877;2025-12-25;Standard;12;Bestandskunde;Maschinenbau;Bearbeitung;16;Stahl;pulverbeschichtet;28;28;15;0,048;4;48;48;1,0;4;0;0;128;16
PA2025-3878;2025-12-24;Standard;7;Bestandskunde;Sonstige;Bearbeitung;18;Stahl;pulverbeschichtet;28;28;15;0,054;4;54;54;1,0;4;0;0;144;18
PA2025-3879;2025-12-24;Standard;5;Bestandskunde;Haushaltsgeräte;Bearbeitung;10;Stahl;pulverbeschichtet;26;26;7;0,02;4;30;30;1,0;4;0;0;70;10
PA2025-3880;2025-12-24;Standard;12;Bestandskunde;Logistiktechnik;Bearbeitung;7;Stahl;pulverbeschichtet;26;26;7;0,014;4;21;21;1,0;4;0;0;49;7
PA2025-3881;2025-12-28;Änderung;12;Bestandskunde;Sonstige;Bearbeitung;3;Stahl;pulverbeschichtet;26;26;7;0,006;4;9;9;1,0;4;0;0;21;3
PA2025-3882;2025-12-29;Standard;6;Bestandskunde;Automobilindustrie;Bearbeitung;14;Stahl;pulverbeschichtet;28;28;15;0,042;4;42;42;1,0;4;0;0;112;14
PA2025-3883;2025-12-30;Standard;12;Bestandskunde;Haushaltsgeräte;Bearbeitung;20;Stahl;pulverbeschichtet;26;26;7;0,04;4;60;60;1,0;4;0;0;140;20
PA2025-3884;2025-12-26;Standard;6;Bestandskunde;Logistiktechnik;Bearbeitung;16;Stahl;pulverbeschichtet;26;26;7;0,032;4;48;48;1,0;4;0;0;112;16
PA2025-3885;2025-12-27;Standard;5;Bestandskunde;Logistiktechnik;Bearbeitung;5;Stahl;pulverbeschichtet;28;28;15;0,015;4;15;15;1,0;4;0;0;40;5
PA2025-3886;2025-12-24;Standard;6;Bestandskunde;Sonstige;Bearbeitung;1;Stahl;pulverbeschichtet;26;26;7;0,002;4;3;3;1,0;4;0;0;7;1
PA2025-3887;2025-12-30;Änderung;4;Bestandskunde;Medizintechnik;Bearbeitung;1;Stahl;pulverbeschichtet;26;26;7;0,002;4;3;3;1,0;4;0;0;7;1
PA2025-3888;2025-12-29;Standard;12;Bestandskunde;Logistiktechnik;Bearbeitung;8;Stahl;pulverbeschichtet;28;28;15;0,024;4;24;24;1,0;4;0;0;64;8
PA2025-3889;2025-12-28;Standard;9;Bestandskunde;Automobilindustrie;Bearbeitung;1;Stahl;pulverbeschichtet;26;26;7;0,002;4;3;3;1,0;4;0;0;7;1
PA2025-3890;2025-12-24;Änderung;3;Bestandskunde;Maschinenbau;Bearbeitung;7;Stahl;pulverbeschichtet;28;28;15;0,021;4;21;21;1,0;4;0;0;56;7
PA2025-3891;2025-12-30;Standard;9;Neukunde;Medizintechnik;Bearbeitung;14;Stahl;pulverbeschichtet;26;26;7;0,028;4;42;42;1,0;4;0;0;98;14
PA2025-3892;2025-12-29;Änderung;14;Bestandskunde;Automobilindustrie;Bearbeitung;10;Stahl;pulverbeschichtet;26;26;7;0,02;4;30;30;1,0;4;0;0;70;10
PA2025-3893;2025-12-27;Standard;5;Bestandskunde;Logistiktechnik;Bearbeitung;10;Stahl;pulverbeschichtet;26;26;7;0,02;4;30;30;1,0;4;0;0;70;10
PA2025-3894;2025-12-28;Standard;12;Bestandskunde;Logistiktechnik;Bearbeitung;16;Stahl;pulverbeschichtet;28;28;15;0,048;4;48;48;1,0;4;0;0;128;16
PA2025-3895;2025-12-29;Standard;13;Bestandskunde;Automobilindustrie;Bearbeitung;7;Stahl;pulverbeschichtet;28;28;15;0,021;4;21;21;1,0;4;0;0;56;7
PA2025-3896;2025-12-26;Standard;9;Bestandskunde;Maschinenbau;Bearbeitung;11;Stahl;pulverbeschichtet;28;28;15;0,033;4;33;33;1,0;4;0;0;88;11
PA2025-3897;2025-12-27;Änderung;13;Bestandskunde;Haushaltsgeräte;Bearbeitung;14;Stahl;pulverbeschichtet;26;26;7;0,028;4;42;42;1,0;4;0;0;98;14
PA2025-3898;2025-12-25;Änderung;9;Bestandskunde;Medizintechnik;Bearbeitung;18;Stahl;pulverbeschichtet;28;28;15;0,054;4;54;54;1,0;4;0;0;144;18
PA2025-3899;2025-12-29;Standard;14;Bestandskunde;Logistiktechnik;Bearbeitung;16;Stahl;pulverbeschichtet;26;26;7;0,032;4;48;48;1,0;4;0;0;112;16
PA2025-3900;2025-12-27;Standard;10;Bestandskunde;Logistiktechnik;Bearbeitung;1;Stahl;pulverbeschichtet;26;26;7;0,002;4;3;3;1,0;4;0;0;7;1
PA2025-3901;2025-12-26;Standard;15;Bestandskunde;Haushaltsgeräte;Bearbeitung;20;Stahl;pulverbeschichtet;28;28;15;0,06;4;60;60;1,0;4;0;0;160;20
PA2025-3902;2025-12-25;Standard;12;Bestandskunde;Automobilindustrie;Bearbeitung;7;Stahl;pulverbeschichtet;28;28;15;0,021;4;21;21;1,0;4;0;0;56;7
PA2025-3903;2025-12-25;Standard;12;Bestandskunde;Automobilindustrie;Bearbeitung;18;Stahl;pulverbeschichtet;28;28;15;0,054;4;54;54;1,0;4;0;0;144;18
PA2025-3904;2025-12-24;Änderung;10;Bestandskunde;Automobilindustrie;Bearbeitung;2;Stahl;pulverbeschichtet;26;26;7;0,004;4;6;6;1,0;4;0;0;14;2
PA2025-3905;2025-12-27;Standard;14;Bestandskunde;Maschinenbau;Bearbeitung;2;Stahl;pulverbeschichtet;26;26;7;0,004;4;6;6;1,0;4;0;0;14;2
PA2025-3906;2025-12-26;Änderung;6;Bestandskunde;Sonstige;Bearbeitung;7;Stahl;pulverbeschichtet;28;28;15;0,021;4;21;21;1,0;4;0;0;56;7
PA2025-3907;2025-12-27;Standard;9;Bestandskunde;Maschinenbau;Bearbeitung;5;Stahl;pulverbeschichtet;26;26;7;0,01;4;15;15;1,0;4;0;0;35;5
PA2025-3908;2025-12-29;Standard;12;Bestandskunde;Haushaltsgeräte;Bearbeitung;1;Stahl;pulverbeschichtet;28;28;15;0,003;4;3;3;1,0;4;0;0;8;1
PA2025-3909;2025-12-24;Standard;12;Bestandskunde;Logistiktechnik;Bearbeitung;12;Stahl;pulverbeschichtet;26;26;7;0,024;4;36;36;1,0;4;0;0;84;12
PA2025-3910;2025-12-24;Änderung;7;Bestandskunde;Automobilindustrie;Bearbeitung;10;Stahl;pulverbeschichtet;26;26;7;0,02;4;30;30;1,0;4;0;0;70;10
PA2025-3911;2025-12-29;Standard;8;Bestandskunde;Logistiktechnik;Bearbeitung;7;Stahl;pulverbeschichtet;28;28;15;0,021;4;21;21;1,0;4;0;0;56;7
PA2025-3912;2025-12-24;Standard;7;Bestandskunde;Logistiktechnik;Bearbeitung;8;Stahl;pulverbeschichtet;28;28;15;0,024;4;24;24;1,0;4;0;0;64;8
PA2025-3913;2025-12-28;Standard;11;Bestandskunde;Automobilindustrie;Bearbeitung;4;Stahl;pulverbeschichtet;26;26;7;0,008;4;12;12;1,0;4;0;0;28;4
PA2025-3914;2025-12-25;Standard;11;Bestandskunde;Automobilindustrie;Bearbeitung;6;Stahl;pulverbeschichtet;26;26;7;0,012;4;18;18;1,0;4;0;0;42;6
PA2025-3915;2025-12-25;Standard;13;Bestandskunde;Sonstige;Bearbeitung;14;Stahl;pulverbeschichtet;28;28;15;0,042;4;42;42;1,0;4;0;0;112;14
PA2025-3916;2025-12-30;Standard;12;Bestandskunde;Sonstige;Bearbeitung;12;Stahl;pulverbeschichtet;28;28;15;0,036;4;36;36;1,0;4;0;0;96;12
PA2025-3917;2025-12-28;Änderung;9;Bestandskunde;Medizintechnik;Bearbeitung;12;Stahl;pulverbeschichtet;28;28;15;0,036;4;36;36;1,0;4;0;0;96;12
PA2025-3918;2025-12-24;Änderung;9;Bestandskunde;Automobilindustrie;Bearbeitung;2;Stahl;pulverbeschichtet;28;28;15;0,006;4;6;6;1,0;4;0;0;16;2
PA2025-3919;2025-12-26;Änderung;5;Bestandskunde;Automobilindustrie;Bearbeitung;10;Stahl;pulverbeschichtet;26;26;7;0,02;4;30;30;1,0;4;0;0;70;10
PA2025-3920;2025-12-26;Standard;8;Neukunde;Sonstige;Bearbeitung;14;Stahl;pulverbeschichtet;28;28;15;0,042;4;42;42;1,0;4;0;0;112;14
PA2025-3921;2025-12-25;Standard;6;Bestandskunde;Logistiktechnik;Bearbeitung;15;Stahl;pulverbeschichtet;26;26;7;0,03;4;45;45;1,0;4;0;0;105;15
PA2025-3922;2025-12-24;Änderung;7;Bestandskunde;Automobilindustrie;Bearbeitung;16;Stahl;pulverbeschichtet;28;28;15;0,048;4;48;48;1,0;4;0;0;128;16
PA2025-3923;2025-12-29;Standard;8;Bestandskunde;Logistiktechnik;Bearbeitung;4;Stahl;pulverbeschichtet;28;28;15;0,012;4;12;12;1,0;4;0;0;32;4
PA2025-3924;2025-12-24;Standard;15;Bestandskunde;Sonstige;Bearbeitung;15;Stahl;pulverbeschichtet;26;26;7;0,03;4;45;45;1,0;4;0;0;105;15
PA2025-3925;2025-12-24;Standard;4;Bestandskunde;Maschinenbau;Bearbeitung;20;Stahl;pulverbeschichtet;28;28;15;0,06;4;60;60;1,0;4;0;0;160;20
PA2025-3926;2025-12-24;Änderung;8;Bestandskunde;Logistiktechnik;Bearbeitung;3;Stahl;pulverbeschichtet;28;28;15;0,009;4;9;9;1,0;4;0;0;24;3
PA2025-3927;2025-12-27;Standard;5;Bestandskunde;Maschinenbau;Bearbeitung;11;Stahl;pulverbeschichtet;28;28;15;0,033;4;33;33;1,0;4;0;0;88;11
PA2025-3928;2025-12-29;Standard;14;Bestandskunde;Medizintechnik;Bearbeitung;4;Stahl;pulverbeschichtet;26;26;7;0,008;4;12;12;1,0;4;0;0;28;4
PA2025-3929;2025-12-26;Änderung;8;Bestandskunde;Sonstige;Bearbeitung;18;Stahl;pulverbeschichtet;26;26;7;0,036;4;54;54;1,0;4;0;0;126;18
PA2025-3930;2025-12-28;Änderung;12;Bestandskunde;Automobilindustrie;Bearbeitung;10;Stahl;pulverbeschichtet;26;26;7;0,02;4;30;30;1,0;4;0;0;70;10
PA2026-3931;2026-01-01;Änderung;11;Bestandskunde;Sonstige;Bearbeitung;10;Stahl;pulverbeschichtet;26;26;7;0,02;4;30;30;1,0;4;0;0;70;10
PA2026-3932;2026-01-06;Standard;7;Bestandskunde;Sonstige;Bearbeitung;8;Stahl;pulverbeschichtet;28;28;15;0,024;4;24;24;1,0;4;0;0;64;8
PA2026-3933;2026-01-02;Standard;5;Neukunde;Maschinenbau;Bearbeitung;15;Stahl;pulverbeschichtet;26;26;7;0,03;4;45;45;1,0;4;0;0;105;15
PA2026-3934;2026-01-01;Standard;5;Bestandskunde;Medizintechnik;Bearbeitung;19;Stahl;pulverbeschichtet;28;28;15;0,057;4;57;57;1,0;4;0;0;152;19
PA2026-3935;2026-01-05;Standard;9;Bestandskunde;Maschinenbau;Bearbeitung;7;Stahl;pulverbeschichtet;26;26;7;0,014;4;21;21;1,0;4;0;0;49;7
PA2026-3936;2026-01-03;Änderung;11;Bestandskunde;Haushaltsgeräte;Bearbeitung;2;Stahl;pulverbeschichtet;28;28;15;0,006;4;6;6;1,0;4;0;0;16;2
PA2026-3937;2026-01-03;Standard;5;Bestandskunde;Logistiktechnik;Bearbeitung;1;Stahl;pulverbeschichtet;26;26;7;0,002;4;3;3;1,0;4;0;0;7;1
PA2026-3938;2026-01-05;Standard;6;Bestandskunde;Automobilindustrie;Bearbeitung;20;Stahl;pulverbeschichtet;28;28;15;0,06;4;60;60;1,0;4;0;0;160;20
PA2026-3939;2026-01-06;Standard;11;Bestandskunde;Maschinenbau;Bearbeitung;7;Stahl;pulverbeschichtet;26;26;7;0,014;4;21;21;1,0;4;0;0;49;7
PA2026-3940;2026-01-06;Standard;13;Bestandskunde;Haushaltsgeräte;Bearbeitung;2;Stahl;pulverbeschichtet;26;26;7;0,004;4;6;6;1,0;4;0;0;14;2
PA2026-3941;2026-01-06;Standard;7;Bestandskunde;Haushaltsgeräte;Bearbeitung;8;Stahl;pulverbeschichtet;28;28;15;0,024;4;24;24;1,0;4;0;0;64;8
PA2025-3942;2025-12-31;Standard;11;Bestandskunde;Medizintechnik;Bearbeitung;14;Stahl;pulverbeschichtet;28;28;15;0,042;4;42;42;1,0;4;0;0;112;14
PA2026-3943;2026-01-06;Standard;3;Bestandskunde;Sonstige;Bearbeitung;15;Stahl;pulverbeschichtet;28;28;15;0,045;4;45;45;1,0;4;0;0;120;15
PA2026-3944;2026-01-03;Standard;10;Bestandskunde;Maschinenbau;Bearbeitung;20;Stahl;pulverbeschichtet;28;28;15;0,06;4;60;60;1,0;4;0;0;160;20
PA2026-3945;2026-01-06;Standard;8;Bestandskunde;Maschinenbau;Bearbeitung;2;Stahl;pulverbeschichtet;26;26;7;0,004;4;6;6;1,0;4;0;0;14;2
PA2025-3946;2025-12-31;Standard;7;Bestandskunde;Maschinenbau;Bearbeitung;17;Stahl;pulverbeschichtet;26;26;7;0,034;4;51;51;1,0;4;0;0;119;17
PA2026-3947;2026-01-04;Standard;5;Bestandskunde;Automobilindustrie;Bearbeitung;10;Stahl;pulverbeschichtet;26;26;7;0,02;4;30;30;1,0;4;0;0;70;10
PA2026-3948;2026-01-01;Standard;11;Bestandskunde;Sonstige;Bearbeitung;13;Stahl;pulverbeschichtet;28;28;15;0,039;4;39;39;1,0;4;0;0;104;13
PA2026-3949;2026-01-05;Standard;4;Bestandskunde;Maschinenbau;Bearbeitung;7;Stahl;pulverbeschichtet;26;26;7;0,014;4;21;21;1,0;4;0;0;49;7
PA2026-3950;2026-01-05;Änderung;14;Bestandskunde;Logistiktechnik;Bearbeitung;3;Stahl;pulverbeschichtet;28;28;15;0,009;4;9;9;1,0;4;0;0;24;3
PA2026-3951;2026-01-06;Standard;13;Bestandskunde;Automobilindustrie;Bearbeitung;3;Stahl;pulverbeschichtet;26;26;7;0,006;4;9;9;1,0;4;0;0;21;3
PA2026-3952;2026-01-03;Standard;7;Bestandskunde;Medizintechnik;Bearbeitung;11;Stahl;pulverbeschichtet;26;26;7;0,022;4;33;33;1,0;4;0;0;77;11
PA2026-3953;2026-01-01;Standard;9;Bestandskunde;Automobilindustrie;Bearbeitung;10;Stahl;pulverbeschichtet;26;26;7;0,02;4;30;30;1,0;4;0;0;70;10
PA2025-3954;2025-12-31;Änderung;6;Bestandskunde;Medizintechnik;Bearbeitung;6;Stahl;pulverbeschichtet;26;26;7;0,012;4;18;18;1,0;4;0;0;42;6
PA2026-3955;2026-01-01;Änderung;4;Bestandskunde;Medizintechnik;Bearbeitung;3;Stahl;pulverbeschichtet;28;28;15;0,009;4;9;9;1,0;4;0;0;24;3
PA2025-3956;2025-12-31;Standard;12;Bestandskunde;Maschinenbau;Bearbeitung;8;Stahl;pulverbeschichtet;28;28;15;0,024;4;24;24;1,0;4;0;0;64;8
PA2026-3957;2026-01-01;Standard;11;Bestandskunde;Maschinenbau;Bearbeitung;17;Stahl;pulverbeschichtet;26;26;7;0,034;4;51;51;1,0;4;0;0;119;17
PA2026-3958;2026-01-03;Änderung;13;Bestandskunde;Medizintechnik;Bearbeitung;1;Stahl;pulverbeschichtet;28;28;15;0,003;4;3;3;1,0;4;0;0;8;1
PA2025-3959;2025-12-31;Änderung;9;Bestandskunde;Automobilindustrie;Bearbeitung;2;Stahl;pulverbeschichtet;28;28;15;0,006;4;6;6;1,0;4;0;0;16;2
PA2026-3960;2026-01-03;Standard;5;Bestandskunde;Maschinenbau;Bearbeitung;12;Stahl;pulverbeschichtet;28;28;15;0,036;4;36;36;1,0;4;0;0;96;12
PA2025-3961;2025-12-31;Standard;7;Bestandskunde;Automobilindustrie;Bearbeitung;12;Stahl;pulverbeschichtet;26;26;7;0,024;4;36;36;1,0;4;0;0;84;12
PA2026-3962;2026-01-06;Änderung;5;Bestandskunde;Sonstige;Bearbeitung;10;Stahl;pulverbeschichtet;26;26;7;0,02;4;30;30;1,0;4;0;0;70;10
PA2026-3963;2026-01-02;Standard;12;Bestandskunde;Maschinenbau;Bearbeitung;13;Stahl;pulverbeschichtet;28;28;15;0,039;4;39;39;1,0;4;0;0;104;13
PA2026-3964;2026-01-03;Standard;5;Bestandskunde;Logistiktechnik;Bearbeitung;16;Stahl;pulverbeschichtet;28;28;15;0,048;4;48;48;1,0;4;0;0;128;16
PA2026-3965;2026-01-03;Standard;14;Neukunde;Automobilindustrie;Bearbeitung;17;Stahl;pulverbeschichtet;26;26;7;0,034;4;51;51;1,0;4;0;0;119;17
PA2026-3966;2026-01-06;Standard;13;Bestandskunde;Haushaltsgeräte;Bearbeitung;4;Stahl;pulverbeschichtet;28;28;15;0,012;4;12;12;1,0;4;0;0;32;4
PA2026-3967;2026-01-06;Standard;13;Bestandskunde;Haushaltsgeräte;Bearbeitung;8;Stahl;pulverbeschichtet;26;26;7;0,016;4;24;24;1,0;4;0;0;56;8
PA2026-3968;2026-01-02;Standard;14;Bestandskunde;Maschinenbau;Bearbeitung;18;Stahl;pulverbeschichtet;26;26;7;0,036;4;54;54;1,0;4;0;0;126;18
PA2026-3969;2026-01-02;Änderung;4;Bestandskunde;Logistiktechnik;Bearbeitung;10;Stahl;pulverbeschichtet;28;28;15;0,03;4;30;30;1,0;4;0;0;80;10
PA2026-3970;2026-01-02;Standard;10;Bestandskunde;Automobilindustrie;Bearbeitung;6;Stahl;pulverbeschichtet;28;28;15;0,018;4;18;18;1,0;4;0;0;48;6
PA2026-3971;2026-01-01;Änderung;7;Bestandskunde;Automobilindustrie;Bearbeitung;4;Stahl;pulverbeschichtet;28;28;15;0,012;4;12;12;1,0;4;0;0;32;4
PA2026-3972;2026-01-03;Standard;5;Bestandskunde;Sonstige;Bearbeitung;4;Stahl;pulverbeschichtet;26;26;7;0,008;4;12;12;1,0;4;0;0;28;4
PA2026-3973;2026-01-02;Änderung;15;Bestandskunde;Logistiktechnik;Bearbeitung;18;Stahl;pulverbeschichtet;28;28;15;0,054;4;54;54;1,0;4;0;0;144;18
PA2026-3974;2026-01-03;Standard;10;Bestandskunde;Maschinenbau;Bearbeitung;13;Stahl;pulverbeschichtet;28;28;15;0,039;4;39;39;1,0;4;0;0;104;13
PA2026-3975;2026-01-04;Standard;13;Bestandskunde;Medizintechnik;Bearbeitung;1;Stahl;pulverbeschichtet;28;28;15;0,003;4;3;3;1,0;4;0;0;8;1
PA2026-3976;2026-01-04;Standard;10;Bestandskunde;Haushaltsgeräte;Bearbeitung;8;Stahl;pulverbeschichtet;26;26;7;0,016;4;24;24;1,0;4;0;0;56;8
PA2026-3977;2026-01-04;Standard;10;Bestandskunde;Maschinenbau;Bearbeitung;3;Stahl;pulverbeschichtet;28;28;15;0,009;4;9;9;1,0;4;0;0;24;3
PA2026-3978;2026-01-01;Änderung;6;Neukunde;Logistiktechnik;Bearbeitung;20;Stahl;pulverbeschichtet;28;28;15;0,06;4;60;60;1,0;4;0;0;160;20
PA2026-3979;2026-01-03;Änderung;5;Bestandskunde;Maschinenbau;Bearbeitung;9;Stahl;pulverbeschichtet;26;26;7;0,018;4;27;27;1,0;4;0;0;63;9
PA2026-3980;2026-01-02;Änderung;4;Bestandskunde;Maschinenbau;Bearbeitung;5;Stahl;pulverbeschichtet;26;26;7;0,01;4;15;15;1,0;4;0;0;35;5
PA2026-3981;2026-01-04;Standard;15;Bestandskunde;Logistiktechnik;Bearbeitung;9;Stahl;pulverbeschichtet;26;26;7;0,018;4;27;27;1,0;4;0;0;63;9
PA2026-3982;2026-01-04;Standard;9;Bestandskunde;Automobilindustrie;Bearbeitung;15;Stahl;pulverbeschichtet;28;28;15;0,045;4;45;45;1,0;4;0;0;120;15
PA2025-3983;2025-12-31;Standard;14;Bestandskunde;Automobilindustrie;Bearbeitung;20;Stahl;pulverbeschichtet;28;28;15;0,06;4;60;60;1,0;4;0;0;160;20
PA2026-3984;2026-01-03;Änderung;10;Bestandskunde;Medizintechnik;Bearbeitung;20;Stahl;pulverbeschichtet;28;28;15;0,06;4;60;60;1,0;4;0;0;160;20
PA2026-3985;2026-01-01;Änderung;6;Bestandskunde;Maschinenbau;Bearbeitung;9;Stahl;pulverbeschichtet;26;26;7;0,018;4;27;27;1,0;4;0;0;63;9
PA2026-3986;2026-01-03;Standard;11;Bestandskunde;Sonstige;Bearbeitung;20;Stahl;pulverbeschichtet;28;28;15;0,06;4;60;60;1,0;4;0;0;160;20
PA2026-3987;2026-01-03;Standard;5;Bestandskunde;Automobilindustrie;Bearbeitung;11;Stahl;pulverbeschichtet;26;26;7;0,022;4;33;33;1,0;4;0;0;77;11
PA2025-3988;2025-12-31;Standard;12;Bestandskunde;Automobilindustrie;Bearbeitung;20;Stahl;pulverbeschichtet;28;28;15;0,06;4;60;60;1,0;4;0;0;160;20
PA2026-3989;2026-01-06;Änderung;12;Bestandskunde;Logistiktechnik;Bearbeitung;14;Stahl;pulverbeschichtet;28;28;15;0,042;4;42;42;1,0;4;0;0;112;14
PA2026-3990;2026-01-04;Standard;10;Bestandskunde;Sonstige;Bearbeitung;18;Stahl;pulverbeschichtet;26;26;7;0,036;4;54;54;1,0;4;0;0;126;18
