order_id,customer,product_id,variant,order_date,due_date,is_rush,priority,quantity
O-00001,Becksbrauerei,P-KK,P-KK-V1,2024-01-06,2024-01-19,False,normal,4
O-00002,Becksbrauerei,P-KK,P-KK-V4,2024-01-01,2024-01-06,True,hoch,20
O-00003,Becksbrauerei,P-KK,P-KK-V2,2024-01-06,2024-01-24,False,normal,1
O-00004,"Rodriguez, Figueroa and Sanchez",P-KK,P-KK-V4,2024-01-03,2024-01-16,False,normal,11
O-00005,Becksbrauerei,P-KK,P-KK-V1,2024-01-04,2024-01-12,False,normal,9
O-00006,Becksbrauerei,P-KK,P-KK-V4,2024-01-05,2024-01-13,False,normal,18
O-00007,Doyle Ltd,P-DV,P-DV-V3,2024-01-05,2024-01-21,False,normal,2
O-00008,Becksbrauerei,P-KK,P-KK-V3,2024-01-01,2024-01-13,False,normal,15
O-00009,Becksbrauerei,P-DV,P-DV-V1,2024-01-03,2024-01-19,False,normal,3
O-00010,"Mcclain, Miller and Henderson",P-KK,P-KK-V2,2024-01-02,2024-01-21,False,normal,18
O-00011,Becksbrauerei,P-KK,P-KK-V3,2024-01-07,2024-01-13,False,normal,11
O-00012,Becksbrauerei,P-DV,P-DV-V2,2024-01-01,2024-01-12,False,normal,11
O-00013,Becksbrauerei,P-KK,P-KK-V4,2024-01-04,2024-01-23,False,normal,18
O-00014,Becksbrauerei,P-DV,P-DV-V3,2024-01-05,2024-01-23,False,normal,8
O-00015,Becksbrauerei,P-KK,P-KK-V4,2024-01-01,2024-01-07,False,normal,6
O-00016,Davis and Sons,P-DV,P-DV-V3,2024-01-01,2024-01-18,False,normal,17
O-00017,Becksbrauerei,P-DV,P-DV-V3,2024-01-07,2024-01-12,False,normal,18
O-00018,Becksbrauerei,P-DV,P-DV-V3,2024-01-03,2024-01-11,False,normal,1
O-00019,Becksbrauerei,P-DV,P-DV-V3,2024-01-07,2024-01-17,False,normal,10
O-00020,"Guzman, Hoffman and Baldwin",P-KK,P-KK-V2,2024-01-03,2024-01-13,False,normal,17
O-00021,Becksbrauerei,P-KK,P-KK-V3,2024-01-04,2024-01-09,True,hoch,10
O-00022,Becksbrauerei,P-KK,P-KK-V1,2024-01-02,2024-01-09,True,hoch,3
O-00023,Becksbrauerei,P-KK,P-KK-V2,2024-01-06,2024-01-26,False,normal,17
O-00024,Becksbrauerei,P-DV,P-DV-V1,2024-01-05,2024-01-16,False,normal,12
O-00025,Becksbrauerei,P-DV,P-DV-V3,2024-01-04,2024-01-12,False,normal,1
O-00026,Becksbrauerei,P-KK,P-KK-V2,2024-01-01,2024-01-08,False,normal,3
O-00027,Becksbrauerei,P-KK,P-KK-V3,2024-01-01,2024-01-22,False,normal,7
O-00028,Becksbrauerei,P-KK,P-KK-V4,2024-01-02,2024-01-22,False,normal,4
O-00029,"Gardner, Robinson and Lawrence",P-DV,P-DV-V2,2024-01-04,2024-01-22,False,normal,4
O-00030,Becksbrauerei,P-KK,P-KK-V4,2024-01-06,2024-01-21,False,normal,7
O-00031,Becksbrauerei,P-KK,P-KK-V4,2024-01-02,2024-01-20,False,normal,3
O-00032,Becksbrauerei,P-DV,P-DV-V3,2024-01-01,2024-01-07,False,normal,1
O-00033,Becksbrauerei,P-KK,P-KK-V2,2024-01-02,2024-01-20,False,normal,13
O-00034,Becksbrauerei,P-KK,P-KK-V2,2024-01-04,2024-01-09,False,normal,15
O-00035,Becksbrauerei,P-DV,P-DV-V2,2024-01-06,2024-01-26,False,normal,2
O-00036,Becksbrauerei,P-KK,P-KK-V3,2024-01-01,2024-01-07,False,normal,17
O-00037,Becksbrauerei,P-KK,P-KK-V1,2024-01-05,2024-01-12,False,normal,3
O-00038,Becksbrauerei,P-KK,P-KK-V4,2024-01-01,2024-01-13,False,normal,3
O-00039,Becksbrauerei,P-DV,P-DV-V3,2024-01-05,2024-01-26,False,normal,11
O-00040,Becksbrauerei,P-KK,P-KK-V3,2024-01-04,2024-01-13,False,normal,11
O-00041,Becksbrauerei,P-KK,P-KK-V1,2024-01-04,2024-01-12,True,hoch,9
O-00042,Becksbrauerei,P-KK,P-KK-V3,2024-01-01,2024-01-13,False,normal,18
O-00043,Blake and Sons,P-DV,P-DV-V3,2024-01-07,2024-01-28,True,hoch,10
O-00044,"Henderson, Ramirez and Lewis",P-KK,P-KK-V2,2024-01-03,2024-01-11,False,normal,5
O-00045,Becksbrauerei,P-DV,P-DV-V2,2024-01-05,2024-01-16,False,normal,9
O-00046,Becksbrauerei,P-DV,P-DV-V2,2024-01-07,2024-01-13,True,hoch,9
O-00047,Becksbrauerei,P-KK,P-KK-V1,2024-01-03,2024-01-12,False,normal,15
O-00048,Garcia-James,P-DV,P-DV-V3,2024-01-01,2024-01-09,True,hoch,5
O-00049,Becksbrauerei,P-KK,P-KK-V3,2024-01-05,2024-01-14,False,normal,12
O-00050,Becksbrauerei,P-KK,P-KK-V3,2024-01-02,2024-01-14,False,normal,18
O-00051,Becksbrauerei,P-DV,P-DV-V3,2024-01-06,2024-01-15,False,normal,6
O-00052,Becksbrauerei,P-KK,P-KK-V4,2024-01-01,2024-01-11,False,normal,14
O-00053,Becksbrauerei,P-KK,P-KK-V3,2024-01-02,2024-01-10,False,normal,16
O-00054,Abbott-Munoz,P-KK,P-KK-V2,2024-01-07,2024-01-26,False,normal,8
O-00055,Becksbrauerei,P-KK,P-KK-V1,2024-01-06,2024-01-17,False,normal,3
O-00056,Blair PLC,P-DV,P-DV-V2,2024-01-06,2024-01-27,False,normal,18
O-00057,Dudley Group,P-DV,P-DV-V1,2024-01-01,2024-01-14,False,normal,9
O-00058,Arnold Ltd,P-KK,P-KK-V1,2024-01-05,2024-01-23,False,normal,14
O-00059,"Mcclure, Ward and Lee",P-KK,P-KK-V4,2024-01-05,2024-01-16,False,normal,1
O-00060,Williams and Sons,P-KK,P-KK-V3,2024-01-04,2024-01-11,False,normal,20
O-00061,Becksbrauerei,P-DV,P-DV-V3,2024-01-14,2024-01-22,False,normal,10
O-00062,Becksbrauerei,P-DV,P-DV-V2,2024-01-11,2024-01-25,False,normal,13
O-00063,Becksbrauerei,P-KK,P-KK-V3,2024-01-11,2024-01-16,False,normal,19
O-00064,Becksbrauerei,P-DV,P-DV-V2,2024-01-11,2024-01-30,False,normal,6
O-00065,Galloway-Wyatt,P-KK,P-KK-V3,2024-01-12,2024-01-27,True,hoch,8
O-00066,Becksbrauerei,P-DV,P-DV-V1,2024-01-14,2024-01-25,False,normal,16
O-00067,Becksbrauerei,P-KK,P-KK-V4,2024-01-11,2024-01-22,False,normal,13
O-00068,James Group,P-KK,P-KK-V2,2024-01-13,2024-01-18,False,normal,4
O-00069,Becksbrauerei,P-DV,P-DV-V1,2024-01-09,2024-01-30,False,normal,4
O-00070,"Flowers, Martin and Kelly",P-DV,P-DV-V1,2024-01-14,2024-02-02,False,normal,20
O-00071,"Adams, Zuniga and Wong",P-DV,P-DV-V2,2024-01-12,2024-02-02,False,normal,15
O-00072,"Reid, Ferguson and Sanchez",P-KK,P-KK-V4,2024-01-11,2024-01-24,False,normal,9
O-00073,Gray-Mayo,P-DV,P-DV-V3,2024-01-09,2024-01-22,False,normal,8
O-00074,Becksbrauerei,P-DV,P-DV-V2,2024-01-10,2024-01-17,False,normal,5
O-00075,Becksbrauerei,P-KK,P-KK-V1,2024-01-11,2024-01-29,False,normal,2
O-00076,"Watts, Robinson and Nguyen",P-KK,P-KK-V4,2024-01-11,2024-01-16,False,normal,13
O-00077,Perez Inc,P-DV,P-DV-V1,2024-01-10,2024-01-24,False,normal,14
O-00078,Becksbrauerei,P-KK,P-KK-V4,2024-01-09,2024-01-22,False,normal,11
O-00079,Morales-Jones,P-DV,P-DV-V3,2024-01-09,2024-01-28,False,normal,18
O-00080,Becksbrauerei,P-KK,P-KK-V4,2024-01-12,2024-01-17,True,hoch,15
O-00081,Becksbrauerei,P-KK,P-KK-V1,2024-01-10,2024-01-27,False,normal,11
O-00082,Becksbrauerei,P-DV,P-DV-V2,2024-01-14,2024-02-01,False,normal,1
O-00083,Becksbrauerei,P-KK,P-KK-V3,2024-01-09,2024-01-16,False,normal,1
O-00084,Becksbrauerei,P-KK,P-KK-V2,2024-01-14,2024-01-19,False,normal,16
O-00085,Becksbrauerei,P-KK,P-KK-V2,2024-01-11,2024-01-24,False,normal,20
O-00086,"Walter, Edwards and Rios",P-KK,P-KK-V2,2024-01-10,2024-01-18,False,normal,19
O-00087,Wilkerson-Day,P-DV,P-DV-V2,2024-01-13,2024-01-24,True,hoch,8
O-00088,Becksbrauerei,P-KK,P-KK-V3,2024-01-14,2024-01-22,False,normal,2
O-00089,Becksbrauerei,P-DV,P-DV-V3,2024-01-11,2024-01-27,True,hoch,1
O-00090,Becksbrauerei,P-DV,P-DV-V2,2024-01-08,2024-01-26,False,normal,15
O-00091,Becksbrauerei,P-KK,P-KK-V4,2024-01-09,2024-01-30,False,normal,18
O-00092,Becksbrauerei,P-DV,P-DV-V2,2024-01-11,2024-01-24,False,normal,3
O-00093,Becksbrauerei,P-DV,P-DV-V2,2024-01-09,2024-01-28,False,normal,11
O-00094,Becksbrauerei,P-KK,P-KK-V4,2024-01-14,2024-01-29,False,normal,9
O-00095,Becksbrauerei,P-DV,P-DV-V2,2024-01-12,2024-01-25,False,normal,7
O-00096,Baker and Sons,P-KK,P-KK-V2,2024-01-13,2024-01-31,False,normal,16
O-00097,Becksbrauerei,P-DV,P-DV-V2,2024-01-14,2024-01-19,True,hoch,8
O-00098,Becksbrauerei,P-DV,P-DV-V3,2024-01-12,2024-01-28,False,normal,14
O-00099,Becksbrauerei,P-DV,P-DV-V2,2024-01-13,2024-02-01,False,normal,4
O-00100,"Hoffman, Baker and Richards",P-KK,P-KK-V3,2024-01-08,2024-01-18,False,normal,9
O-00101,Becksbrauerei,P-DV,P-DV-V1,2024-01-14,2024-01-25,False,normal,10
O-00102,Becksbrauerei,P-KK,P-KK-V2,2024-01-10,2024-01-16,False,normal,5
O-00103,Becksbrauerei,P-DV,P-DV-V1,2024-01-14,2024-01-19,False,normal,15
O-00104,Becksbrauerei,P-DV,P-DV-V1,2024-01-08,2024-01-21,False,normal,3
O-00105,"Ross, Robinson and Bright",P-DV,P-DV-V2,2024-01-08,2024-01-14,False,normal,10
O-00106,"Snyder, Campos and Callahan",P-KK,P-KK-V2,2024-01-08,2024-01-26,False,normal,8
O-00107,Burton Ltd,P-DV,P-DV-V2,2024-01-11,2024-01-25,False,normal,10
O-00108,Becksbrauerei,P-KK,P-KK-V1,2024-01-14,2024-01-25,False,normal,3
O-00109,Becksbrauerei,P-KK,P-KK-V2,2024-01-09,2024-01-16,False,normal,20
O-00110,Becksbrauerei,P-DV,P-DV-V2,2024-01-08,2024-01-20,False,normal,15
O-00111,Becksbrauerei,P-KK,P-KK-V2,2024-01-10,2024-01-21,False,normal,5
O-00112,Becksbrauerei,P-DV,P-DV-V1,2024-01-08,2024-01-14,False,normal,19
O-00113,Carlson-Cruz,P-DV,P-DV-V2,2024-01-08,2024-01-27,False,normal,9
O-00114,"Ferrell, Rice and Maddox",P-DV,P-DV-V2,2024-01-08,2024-01-14,False,normal,20
O-00115,Frazier Inc,P-DV,P-DV-V1,2024-01-08,2024-01-20,False,normal,19
O-00116,Becksbrauerei,P-KK,P-KK-V3,2024-01-12,2024-01-18,False,normal,17
O-00117,Becksbrauerei,P-DV,P-DV-V2,2024-01-09,2024-01-27,False,normal,3
O-00118,Becksbrauerei,P-DV,P-DV-V2,2024-01-11,2024-01-26,False,normal,6
O-00119,"Dyer, Potter and Mack",P-DV,P-DV-V2,2024-01-13,2024-02-02,False,normal,18
O-00120,Becksbrauerei,P-KK,P-KK-V4,2024-01-08,2024-01-23,False,normal,13
O-00121,Becksbrauerei,P-KK,P-KK-V4,2024-01-18,2024-01-24,False,normal,16
O-00122,Rodriguez-Graham,P-DV,P-DV-V1,2024-01-16,2024-01-29,False,normal,15
O-00123,Becksbrauerei,P-DV,P-DV-V1,2024-01-15,2024-01-27,False,normal,1
O-00124,Becksbrauerei,P-DV,P-DV-V1,2024-01-16,2024-01-24,False,normal,5
O-00125,Becksbrauerei,P-DV,P-DV-V3,2024-01-17,2024-02-07,False,normal,16
O-00126,Smith-Bowen,P-DV,P-DV-V1,2024-01-18,2024-01-27,False,normal,17
O-00127,"Baker, Mason and White",P-KK,P-KK-V1,2024-01-17,2024-02-04,False,normal,9
O-00128,Becksbrauerei,P-KK,P-KK-V3,2024-01-20,2024-02-03,False,normal,16
O-00129,Becksbrauerei,P-KK,P-KK-V4,2024-01-19,2024-02-08,False,normal,18
O-00130,Becksbrauerei,P-DV,P-DV-V2,2024-01-17,2024-01-28,False,normal,13
O-00131,Harrell LLC,P-KK,P-KK-V4,2024-01-15,2024-01-30,False,normal,13
O-00132,Becksbrauerei,P-DV,P-DV-V3,2024-01-21,2024-01-30,False,normal,17
O-00133,"Romero, Gonzalez and Brooks",P-DV,P-DV-V1,2024-01-21,2024-02-09,True,hoch,1
O-00134,Ryan PLC,P-KK,P-KK-V4,2024-01-21,2024-01-30,True,hoch,9
O-00135,George Group,P-DV,P-DV-V3,2024-01-20,2024-02-06,False,normal,18
O-00136,Becksbrauerei,P-DV,P-DV-V2,2024-01-20,2024-02-09,False,normal,3
O-00137,Becksbrauerei,P-KK,P-KK-V3,2024-01-16,2024-01-23,False,normal,4
O-00138,Becksbrauerei,P-DV,P-DV-V1,2024-01-20,2024-02-03,False,normal,2
O-00139,Becksbrauerei,P-DV,P-DV-V2,2024-01-17,2024-02-04,False,normal,19
O-00140,Becksbrauerei,P-KK,P-KK-V2,2024-01-16,2024-01-23,False,normal,8
O-00141,Becksbrauerei,P-DV,P-DV-V3,2024-01-16,2024-01-28,False,normal,9
O-00142,Rodriguez LLC,P-KK,P-KK-V4,2024-01-17,2024-01-27,True,hoch,19
O-00143,Becksbrauerei,P-DV,P-DV-V3,2024-01-18,2024-01-31,False,normal,13
O-00144,Becksbrauerei,P-DV,P-DV-V1,2024-01-16,2024-02-02,False,normal,10
O-00145,Allen-Allen,P-KK,P-KK-V4,2024-01-17,2024-01-22,False,normal,2
O-00146,Becksbrauerei,P-DV,P-DV-V2,2024-01-21,2024-02-02,False,normal,7
O-00147,"Arroyo, Miller and Tucker",P-DV,P-DV-V3,2024-01-21,2024-01-30,False,normal,2
O-00148,Becksbrauerei,P-DV,P-DV-V2,2024-01-15,2024-01-31,False,normal,10
O-00149,Spence PLC,P-DV,P-DV-V3,2024-01-18,2024-01-28,False,normal,12
O-00150,Becksbrauerei,P-DV,P-DV-V1,2024-01-17,2024-02-06,False,normal,11
O-00151,Becksbrauerei,P-KK,P-KK-V4,2024-01-15,2024-01-24,False,normal,13
O-00152,Becksbrauerei,P-DV,P-DV-V1,2024-01-21,2024-02-07,True,hoch,15
O-00153,Anderson Group,P-DV,P-DV-V3,2024-01-20,2024-02-02,False,normal,12
O-00154,"Martin, Rose and Obrien",P-KK,P-KK-V2,2024-01-18,2024-01-23,False,normal,11
O-00155,Becksbrauerei,P-KK,P-KK-V1,2024-01-20,2024-02-08,False,normal,14
O-00156,Becksbrauerei,P-KK,P-KK-V2,2024-01-15,2024-01-21,False,normal,4
O-00157,Hickman Ltd,P-KK,P-KK-V2,2024-01-18,2024-02-06,False,normal,18
O-00158,Becksbrauerei,P-DV,P-DV-V3,2024-01-20,2024-01-29,False,normal,16
O-00159,Becksbrauerei,P-DV,P-DV-V2,2024-01-15,2024-01-31,False,normal,8
O-00160,"Harris, Collins and Carney",P-DV,P-DV-V1,2024-01-20,2024-02-05,False,normal,12
O-00161,"Brooks, Lam and Hayes",P-KK,P-KK-V4,2024-01-17,2024-01-28,False,normal,15
O-00162,Becksbrauerei,P-KK,P-KK-V2,2024-01-20,2024-01-25,True,hoch,5
O-00163,Walker LLC,P-KK,P-KK-V1,2024-01-21,2024-02-01,False,normal,8
O-00164,Chapman and Sons,P-DV,P-DV-V1,2024-01-21,2024-01-26,False,normal,5
O-00165,Becksbrauerei,P-DV,P-DV-V1,2024-01-15,2024-01-20,False,normal,8
O-00166,"Robinson, Jones and Welch",P-DV,P-DV-V1,2024-01-16,2024-01-29,True,hoch,17
O-00167,Becksbrauerei,P-KK,P-KK-V1,2024-01-18,2024-02-06,False,normal,4
O-00168,Jones Inc,P-DV,P-DV-V3,2024-01-16,2024-01-22,False,normal,17
O-00169,Becksbrauerei,P-DV,P-DV-V2,2024-01-20,2024-01-25,True,hoch,13
O-00170,Becksbrauerei,P-DV,P-DV-V3,2024-01-15,2024-02-04,False,normal,3
O-00171,Becksbrauerei,P-DV,P-DV-V3,2024-01-16,2024-01-23,True,hoch,19
O-00172,Becksbrauerei,P-DV,P-DV-V2,2024-01-19,2024-02-09,False,normal,14
O-00173,Jones-Young,P-KK,P-KK-V1,2024-01-21,2024-02-01,False,normal,14
O-00174,Becksbrauerei,P-DV,P-DV-V2,2024-01-18,2024-02-05,False,normal,11
O-00175,"Washington, Ryan and Cummings",P-DV,P-DV-V2,2024-01-16,2024-02-05,True,hoch,3
O-00176,Becksbrauerei,P-DV,P-DV-V1,2024-01-20,2024-02-05,False,normal,19
O-00177,Becksbrauerei,P-DV,P-DV-V3,2024-01-15,2024-02-02,False,normal,14
O-00178,Becksbrauerei,P-KK,P-KK-V3,2024-01-19,2024-02-02,False,normal,7
O-00179,Becksbrauerei,P-KK,P-KK-V4,2024-01-16,2024-01-24,False,normal,4
O-00180,"Johnston, Sanchez and Kennedy",P-DV,P-DV-V3,2024-01-16,2024-02-03,False,normal,20
O-00181,Lee-Davis,P-KK,P-KK-V3,2024-01-22,2024-02-01,False,normal,11
O-00182,Becksbrauerei,P-DV,P-DV-V1,2024-01-23,2024-02-01,False,normal,5
O-00183,Becksbrauerei,P-KK,P-KK-V1,2024-01-27,2024-02-17,False,normal,11
O-00184,Becksbrauerei,P-KK,P-KK-V3,2024-01-24,2024-02-08,False,normal,3
O-00185,Becksbrauerei,P-KK,P-KK-V2,2024-01-23,2024-01-29,False,normal,14
O-00186,Gomez-Jenkins,P-DV,P-DV-V3,2024-01-25,2024-02-12,False,normal,4
O-00187,Becksbrauerei,P-DV,P-DV-V2,2024-01-22,2024-02-05,False,normal,17
O-00188,Becksbrauerei,P-DV,P-DV-V1,2024-01-23,2024-02-09,False,normal,7
O-00189,Becksbrauerei,P-DV,P-DV-V1,2024-01-28,2024-02-06,False,normal,4
O-00190,Becksbrauerei,P-KK,P-KK-V4,2024-01-27,2024-02-14,False,normal,8
O-00191,Becksbrauerei,P-DV,P-DV-V1,2024-01-25,2024-01-31,False,normal,3
O-00192,Becksbrauerei,P-DV,P-DV-V3,2024-01-25,2024-02-11,False,normal,4
O-00193,Becksbrauerei,P-DV,P-DV-V1,2024-01-24,2024-02-03,False,normal,12
O-00194,Becksbrauerei,P-KK,P-KK-V4,2024-01-28,2024-02-05,False,normal,17
O-00195,Becksbrauerei,P-KK,P-KK-V4,2024-01-28,2024-02-11,False,normal,6
O-00196,"Brown, Valdez and Lucas",P-KK,P-KK-V1,2024-01-26,2024-02-16,False,normal,12
O-00197,Becksbrauerei,P-KK,P-KK-V2,2024-01-22,2024-01-31,False,normal,5
O-00198,Becksbrauerei,P-KK,P-KK-V2,2024-01-28,2024-02-17,False,normal,19
O-00199,Becksbrauerei,P-DV,P-DV-V3,2024-01-26,2024-02-10,False,normal,5
O-00200,Powell LLC,P-DV,P-DV-V1,2024-01-25,2024-02-13,False,normal,19
O-00201,Becksbrauerei,P-KK,P-KK-V3,2024-01-26,2024-02-02,False,normal,2
O-00202,Becksbrauerei,P-DV,P-DV-V2,2024-01-22,2024-01-29,False,normal,15
O-00203,Becksbrauerei,P-KK,P-KK-V4,2024-01-28,2024-02-08,False,normal,5
O-00204,Becksbrauerei,P-KK,P-KK-V4,2024-01-22,2024-02-06,False,normal,6
O-00205,Becksbrauerei,P-KK,P-KK-V2,2024-01-27,2024-02-15,False,normal,20
O-00206,Wright and Sons,P-KK,P-KK-V3,2024-01-24,2024-02-07,False,normal,20
O-00207,Becksbrauerei,P-KK,P-KK-V3,2024-01-22,2024-02-06,True,hoch,10
O-00208,Becksbrauerei,P-DV,P-DV-V3,2024-01-28,2024-02-06,False,normal,5
O-00209,"West, Henderson and Ramirez",P-DV,P-DV-V2,2024-01-27,2024-02-13,True,hoch,3
O-00210,Becksbrauerei,P-DV,P-DV-V3,2024-01-25,2024-02-09,False,normal,17
O-00211,Becksbrauerei,P-KK,P-KK-V4,2024-01-26,2024-02-11,True,hoch,7
O-00212,Becksbrauerei,P-DV,P-DV-V2,2024-01-23,2024-02-04,False,normal,10
O-00213,Becksbrauerei,P-KK,P-KK-V1,2024-01-27,2024-02-11,False,normal,20
O-00214,Baxter Inc,P-DV,P-DV-V1,2024-01-23,2024-02-02,False,normal,6
O-00215,Becksbrauerei,P-DV,P-DV-V1,2024-01-25,2024-02-10,False,normal,15
O-00216,Becksbrauerei,P-DV,P-DV-V3,2024-01-28,2024-02-16,False,normal,16
O-00217,Becksbrauerei,P-KK,P-KK-V3,2024-01-27,2024-02-15,False,normal,13
O-00218,Becksbrauerei,P-DV,P-DV-V1,2024-01-28,2024-02-08,False,normal,9
O-00219,Becksbrauerei,P-KK,P-KK-V4,2024-01-28,2024-02-13,False,normal,17
O-00220,Morton-Chase,P-KK,P-KK-V3,2024-01-22,2024-02-01,False,normal,5
O-00221,Williams PLC,P-DV,P-DV-V1,2024-01-23,2024-02-11,False,normal,14
O-00222,Novak and Sons,P-KK,P-KK-V4,2024-01-26,2024-02-11,False,normal,12
O-00223,Becksbrauerei,P-KK,P-KK-V1,2024-01-24,2024-02-01,False,normal,5
O-00224,Becksbrauerei,P-KK,P-KK-V1,2024-01-24,2024-02-13,False,normal,16
O-00225,Becksbrauerei,P-DV,P-DV-V3,2024-01-22,2024-01-29,True,hoch,5
O-00226,Becksbrauerei,P-DV,P-DV-V1,2024-01-28,2024-02-11,False,normal,8
O-00227,Russell Group,P-DV,P-DV-V3,2024-01-28,2024-02-16,True,hoch,16
O-00228,Becksbrauerei,P-KK,P-KK-V2,2024-01-27,2024-02-05,False,normal,12
O-00229,Becksbrauerei,P-KK,P-KK-V4,2024-01-23,2024-01-30,False,normal,17
O-00230,Becksbrauerei,P-KK,P-KK-V4,2024-01-28,2024-02-17,True,hoch,12
O-00231,Becksbrauerei,P-DV,P-DV-V3,2024-01-22,2024-02-07,False,normal,4
O-00232,Hancock Inc,P-DV,P-DV-V1,2024-01-22,2024-02-07,False,normal,6
O-00233,Becksbrauerei,P-DV,P-DV-V3,2024-01-25,2024-02-04,False,normal,15
O-00234,Gray Group,P-KK,P-KK-V3,2024-01-23,2024-01-29,False,normal,11
O-00235,House-Glover,P-DV,P-DV-V3,2024-01-25,2024-02-14,False,normal,7
O-00236,Becksbrauerei,P-DV,P-DV-V2,2024-01-28,2024-02-03,False,normal,4
O-00237,Becksbrauerei,P-DV,P-DV-V2,2024-01-25,2024-02-13,False,normal,6
O-00238,Becksbrauerei,P-DV,P-DV-V3,2024-01-25,2024-02-10,False,normal,3
O-00239,Becksbrauerei,P-DV,P-DV-V1,2024-01-25,2024-02-04,False,normal,3
O-00240,Henderson-Bernard,P-DV,P-DV-V3,2024-01-24,2024-02-07,False,normal,6
O-00241,"Stanley, Tucker and Lee",P-DV,P-DV-V2,2024-02-01,2024-02-07,False,normal,20
O-00242,Becksbrauerei,P-DV,P-DV-V2,2024-02-03,2024-02-09,True,hoch,12
O-00243,Becksbrauerei,P-KK,P-KK-V1,2024-01-30,2024-02-18,True,hoch,12
O-00244,Becksbrauerei,P-DV,P-DV-V2,2024-02-02,2024-02-08,False,normal,12
O-00245,Becksbrauerei,P-DV,P-DV-V2,2024-02-04,2024-02-11,False,normal,13
O-00246,Becksbrauerei,P-DV,P-DV-V3,2024-01-31,2024-02-12,False,normal,6
O-00247,Becksbrauerei,P-DV,P-DV-V3,2024-02-01,2024-02-09,False,normal,15
O-00248,Becksbrauerei,P-KK,P-KK-V3,2024-02-03,2024-02-23,False,normal,3
O-00249,Novak PLC,P-DV,P-DV-V1,2024-02-03,2024-02-22,False,normal,11
O-00250,"Daniels, Adkins and Brown",P-DV,P-DV-V3,2024-01-29,2024-02-12,False,normal,6
O-00251,"Woods, Calhoun and Schmidt",P-DV,P-DV-V3,2024-01-30,2024-02-07,False,normal,8
O-00252,Yu Inc,P-DV,P-DV-V1,2024-01-31,2024-02-16,False,normal,5
O-00253,Jones Inc,P-KK,P-KK-V1,2024-01-31,2024-02-17,False,normal,17
O-00254,Becksbrauerei,P-DV,P-DV-V2,2024-02-04,2024-02-11,True,hoch,3
O-00255,"Hensley, Powell and David",P-DV,P-DV-V2,2024-02-03,2024-02-24,False,normal,18
O-00256,Becksbrauerei,P-KK,P-KK-V2,2024-02-01,2024-02-22,False,normal,4
O-00257,"Sanchez, Wheeler and Harvey",P-KK,P-KK-V3,2024-01-30,2024-02-09,False,normal,12
O-00258,Becksbrauerei,P-DV,P-DV-V1,2024-01-31,2024-02-11,False,normal,5
O-00259,Becksbrauerei,P-DV,P-DV-V3,2024-02-02,2024-02-09,False,normal,19
O-00260,Becksbrauerei,P-KK,P-KK-V2,2024-02-03,2024-02-18,False,normal,1
O-00261,Sandoval-Cunningham,P-KK,P-KK-V1,2024-02-03,2024-02-16,False,normal,14
O-00262,Becksbrauerei,P-KK,P-KK-V4,2024-02-03,2024-02-17,False,normal,8
O-00263,Becksbrauerei,P-DV,P-DV-V2,2024-02-01,2024-02-08,False,normal,14
O-00264,Becksbrauerei,P-DV,P-DV-V2,2024-01-30,2024-02-14,False,normal,11
O-00265,Becksbrauerei,P-DV,P-DV-V2,2024-01-30,2024-02-15,False,normal,8
O-00266,Becksbrauerei,P-DV,P-DV-V1,2024-01-31,2024-02-19,False,normal,10
O-00267,Donovan-Harris,P-DV,P-DV-V3,2024-02-01,2024-02-13,False,normal,11
O-00268,Becksbrauerei,P-DV,P-DV-V1,2024-02-04,2024-02-14,False,normal,16
O-00269,Becksbrauerei,P-DV,P-DV-V2,2024-01-29,2024-02-05,False,normal,8
O-00270,Becksbrauerei,P-KK,P-KK-V3,2024-01-29,2024-02-04,False,normal,16
O-00271,"Edwards, Baker and Anderson",P-DV,P-DV-V3,2024-01-29,2024-02-06,False,normal,12
O-00272,Becksbrauerei,P-DV,P-DV-V2,2024-01-29,2024-02-15,True,hoch,12
O-00273,Becksbrauerei,P-DV,P-DV-V1,2024-02-01,2024-02-22,False,normal,20
O-00274,"Evans, Stewart and Walton",P-KK,P-KK-V2,2024-01-29,2024-02-15,False,normal,18
O-00275,Becksbrauerei,P-DV,P-DV-V1,2024-01-30,2024-02-20,False,normal,2
O-00276,Becksbrauerei,P-KK,P-KK-V3,2024-02-04,2024-02-24,False,normal,17
O-00277,Smith PLC,P-KK,P-KK-V3,2024-02-02,2024-02-17,False,normal,10
O-00278,"Ferrell, Jones and Lewis",P-DV,P-DV-V3,2024-02-04,2024-02-25,False,normal,10
O-00279,Anderson-Bailey,P-DV,P-DV-V1,2024-01-31,2024-02-15,False,normal,19
O-00280,Becksbrauerei,P-DV,P-DV-V3,2024-02-04,2024-02-09,False,normal,19
O-00281,Becksbrauerei,P-KK,P-KK-V1,2024-02-02,2024-02-22,False,normal,20
O-00282,Suarez LLC,P-DV,P-DV-V1,2024-02-04,2024-02-16,True,hoch,4
O-00283,Becksbrauerei,P-KK,P-KK-V1,2024-02-01,2024-02-16,False,normal,7
O-00284,Moore-Bass,P-DV,P-DV-V3,2024-02-04,2024-02-24,False,normal,2
O-00285,Becksbrauerei,P-KK,P-KK-V2,2024-02-02,2024-02-17,False,normal,13
O-00286,Becksbrauerei,P-DV,P-DV-V1,2024-02-01,2024-02-16,False,normal,9
O-00287,Becksbrauerei,P-DV,P-DV-V1,2024-01-30,2024-02-12,False,normal,10
O-00288,Becksbrauerei,P-DV,P-DV-V3,2024-01-30,2024-02-19,False,normal,9
O-00289,Becksbrauerei,P-DV,P-DV-V1,2024-02-02,2024-02-19,False,normal,12
O-00290,Becksbrauerei,P-KK,P-KK-V3,2024-01-29,2024-02-12,False,normal,15
O-00291,Becksbrauerei,P-DV,P-DV-V3,2024-02-01,2024-02-12,False,normal,18
O-00292,Becksbrauerei,P-DV,P-DV-V1,2024-01-29,2024-02-10,False,normal,17
O-00293,"Turner, Riggs and Roman",P-KK,P-KK-V2,2024-01-29,2024-02-06,False,normal,4
O-00294,"Smith, Montoya and Evans",P-KK,P-KK-V1,2024-02-02,2024-02-12,False,normal,16
O-00295,Becksbrauerei,P-DV,P-DV-V3,2024-01-30,2024-02-13,False,normal,3
O-00296,Becksbrauerei,P-KK,P-KK-V1,2024-01-30,2024-02-17,False,normal,2
O-00297,Becksbrauerei,P-DV,P-DV-V2,2024-01-30,2024-02-13,False,normal,19
O-00298,Becksbrauerei,P-KK,P-KK-V3,2024-01-31,2024-02-19,False,normal,16
O-00299,Becksbrauerei,P-KK,P-KK-V4,2024-01-31,2024-02-11,False,normal,15
O-00300,"Garcia, Humphrey and Baker",P-DV,P-DV-V3,2024-01-30,2024-02-04,False,normal,19
O-00301,Becksbrauerei,P-KK,P-KK-V2,2024-02-09,2024-02-26,False,normal,3
O-00302,Becksbrauerei,P-DV,P-DV-V3,2024-02-05,2024-02-15,False,normal,8
O-00303,Becksbrauerei,P-KK,P-KK-V3,2024-02-08,2024-02-20,False,normal,11
O-00304,Becksbrauerei,P-DV,P-DV-V3,2024-02-10,2024-02-15,False,normal,8
O-00305,Newton and Sons,P-KK,P-KK-V1,2024-02-08,2024-02-22,False,normal,10
O-00306,Becksbrauerei,P-KK,P-KK-V3,2024-02-07,2024-02-19,False,normal,5
O-00307,Becksbrauerei,P-DV,P-DV-V3,2024-02-09,2024-02-25,False,normal,16
O-00308,Becksbrauerei,P-KK,P-KK-V2,2024-02-10,2024-02-17,False,normal,12
O-00309,Becksbrauerei,P-KK,P-KK-V1,2024-02-05,2024-02-26,False,normal,6
O-00310,Campbell-Clark,P-DV,P-DV-V3,2024-02-08,2024-02-16,False,normal,16
O-00311,Becksbrauerei,P-KK,P-KK-V4,2024-02-11,2024-02-17,False,normal,15
O-00312,Becksbrauerei,P-KK,P-KK-V4,2024-02-10,2024-02-24,False,normal,1
O-00313,Becksbrauerei,P-KK,P-KK-V1,2024-02-05,2024-02-23,False,normal,2
O-00314,Harris-Walters,P-KK,P-KK-V4,2024-02-05,2024-02-19,False,normal,14
O-00315,Wagner-King,P-DV,P-DV-V2,2024-02-08,2024-02-25,False,normal,18
O-00316,Becksbrauerei,P-KK,P-KK-V3,2024-02-05,2024-02-15,False,normal,5
O-00317,Becksbrauerei,P-KK,P-KK-V1,2024-02-11,2024-02-16,False,normal,18
O-00318,Becksbrauerei,P-DV,P-DV-V3,2024-02-08,2024-02-20,False,normal,9
O-00319,Davis Group,P-KK,P-KK-V1,2024-02-05,2024-02-23,False,normal,1
O-00320,Becksbrauerei,P-KK,P-KK-V2,2024-02-05,2024-02-13,False,normal,2
O-00321,Becksbrauerei,P-KK,P-KK-V1,2024-02-08,2024-02-27,False,normal,2
O-00322,Williams-Cook,P-KK,P-KK-V3,2024-02-06,2024-02-21,False,normal,11
O-00323,Becksbrauerei,P-KK,P-KK-V3,2024-02-06,2024-02-27,False,normal,2
O-00324,Becksbrauerei,P-KK,P-KK-V4,2024-02-09,2024-02-29,True,hoch,13
O-00325,Becksbrauerei,P-DV,P-DV-V3,2024-02-08,2024-02-26,False,normal,18
O-00326,Walsh LLC,P-DV,P-DV-V1,2024-02-11,2024-02-23,False,normal,15
O-00327,Becksbrauerei,P-KK,P-KK-V4,2024-02-08,2024-02-29,False,normal,7
O-00328,Becksbrauerei,P-DV,P-DV-V3,2024-02-05,2024-02-24,False,normal,7
O-00329,Becksbrauerei,P-KK,P-KK-V3,2024-02-08,2024-02-14,False,normal,19
O-00330,Figueroa PLC,P-KK,P-KK-V4,2024-02-06,2024-02-21,False,normal,7
O-00331,"Patterson, Smith and Jones",P-KK,P-KK-V1,2024-02-10,2024-03-01,False,normal,7
O-00332,Becksbrauerei,P-DV,P-DV-V1,2024-02-09,2024-02-24,False,normal,18
O-00333,Becksbrauerei,P-DV,P-DV-V2,2024-02-07,2024-02-23,False,normal,4
O-00334,Becksbrauerei,P-DV,P-DV-V2,2024-02-06,2024-02-22,False,normal,8
O-00335,Becksbrauerei,P-KK,P-KK-V1,2024-02-07,2024-02-25,False,normal,8
O-00336,Becksbrauerei,P-DV,P-DV-V3,2024-02-11,2024-02-23,False,normal,11
O-00337,"Mckee, Gardner and Davenport",P-DV,P-DV-V2,2024-02-10,2024-03-01,False,normal,12
O-00338,"Tran, Jordan and Williams",P-KK,P-KK-V2,2024-02-10,2024-03-01,False,normal,2
O-00339,Becksbrauerei,P-KK,P-KK-V1,2024-02-11,2024-02-17,False,normal,8
O-00340,Becksbrauerei,P-KK,P-KK-V2,2024-02-05,2024-02-16,False,normal,20
O-00341,Becksbrauerei,P-DV,P-DV-V3,2024-02-08,2024-02-13,True,hoch,1
O-00342,Nolan-Flynn,P-KK,P-KK-V3,2024-02-09,2024-02-23,True,hoch,14
O-00343,Becksbrauerei,P-KK,P-KK-V1,2024-02-05,2024-02-26,False,normal,17
O-00344,Nolan and Sons,P-DV,P-DV-V2,2024-02-07,2024-02-24,True,hoch,15
O-00345,"Wright, Garcia and Deleon",P-KK,P-KK-V2,2024-02-07,2024-02-14,False,normal,2
O-00346,Becksbrauerei,P-KK,P-KK-V4,2024-02-08,2024-02-25,False,normal,1
O-00347,Becksbrauerei,P-KK,P-KK-V1,2024-02-08,2024-02-26,False,normal,4
O-00348,Dickson-Brady,P-KK,P-KK-V2,2024-02-06,2024-02-26,False,normal,9
O-00349,Becksbrauerei,P-KK,P-KK-V2,2024-02-11,2024-02-26,True,hoch,5
O-00350,Becksbrauerei,P-DV,P-DV-V1,2024-02-07,2024-02-17,False,normal,13
O-00351,Hancock and Sons,P-DV,P-DV-V2,2024-02-11,2024-02-20,False,normal,3
O-00352,Becksbrauerei,P-DV,P-DV-V1,2024-02-05,2024-02-23,False,normal,20
O-00353,Becksbrauerei,P-DV,P-DV-V2,2024-02-05,2024-02-18,False,normal,8
O-00354,Becksbrauerei,P-DV,P-DV-V3,2024-02-08,2024-02-26,False,normal,13
O-00355,Becksbrauerei,P-KK,P-KK-V3,2024-02-11,2024-02-23,False,normal,5
O-00356,Becksbrauerei,P-DV,P-DV-V3,2024-02-11,2024-02-20,False,normal,4
O-00357,Becksbrauerei,P-KK,P-KK-V1,2024-02-07,2024-02-26,False,normal,5
O-00358,Becksbrauerei,P-KK,P-KK-V2,2024-02-08,2024-02-27,False,normal,4
O-00359,Johnson-Doyle,P-KK,P-KK-V1,2024-02-07,2024-02-14,False,normal,13
O-00360,Patton-Jenkins,P-KK,P-KK-V3,2024-02-08,2024-02-25,False,normal,18
O-00361,Becksbrauerei,P-KK,P-KK-V2,2024-02-17,2024-03-05,False,normal,9
O-00362,Becksbrauerei,P-DV,P-DV-V1,2024-02-12,2024-02-22,False,normal,16
O-00363,Becksbrauerei,P-KK,P-KK-V3,2024-02-14,2024-02-26,False,normal,20
O-00364,"Shields, Cochran and Adams",P-KK,P-KK-V4,2024-02-12,2024-02-21,False,normal,11
O-00365,"Rodriguez, Brennan and Garrison",P-DV,P-DV-V2,2024-02-15,2024-03-01,False,normal,20
O-00366,Becksbrauerei,P-KK,P-KK-V3,2024-02-14,2024-02-25,False,normal,13
O-00367,Gonzalez Group,P-DV,P-DV-V2,2024-02-17,2024-03-08,False,normal,11
O-00368,Torres-Pope,P-DV,P-DV-V2,2024-02-18,2024-03-06,False,normal,7
O-00369,Becksbrauerei,P-KK,P-KK-V1,2024-02-17,2024-03-07,False,normal,10
O-00370,Becksbrauerei,P-KK,P-KK-V4,2024-02-17,2024-03-08,False,normal,9
O-00371,Walker Ltd,P-KK,P-KK-V4,2024-02-18,2024-03-06,True,hoch,16
O-00372,Ross LLC,P-DV,P-DV-V3,2024-02-16,2024-03-05,False,normal,12
O-00373,Becksbrauerei,P-KK,P-KK-V1,2024-02-18,2024-03-01,False,normal,20
O-00374,Becksbrauerei,P-KK,P-KK-V4,2024-02-18,2024-03-04,False,normal,1
O-00375,Becksbrauerei,P-KK,P-KK-V3,2024-02-13,2024-03-05,False,normal,19
O-00376,Becksbrauerei,P-KK,P-KK-V4,2024-02-14,2024-03-02,False,normal,17
O-00377,Becksbrauerei,P-KK,P-KK-V3,2024-02-12,2024-03-03,True,hoch,3
O-00378,Rasmussen LLC,P-KK,P-KK-V2,2024-02-14,2024-02-28,False,normal,17
O-00379,May-Ross,P-DV,P-DV-V2,2024-02-15,2024-02-23,False,normal,11
O-00380,Becksbrauerei,P-KK,P-KK-V3,2024-02-12,2024-02-20,True,hoch,4
O-00381,Becksbrauerei,P-KK,P-KK-V2,2024-02-16,2024-02-26,False,normal,14
O-00382,Becksbrauerei,P-DV,P-DV-V1,2024-02-18,2024-03-06,False,normal,14
O-00383,Becksbrauerei,P-DV,P-DV-V1,2024-02-17,2024-02-28,False,normal,1
O-00384,"Rivera, Johnson and Wiley",P-KK,P-KK-V2,2024-02-14,2024-02-21,False,normal,18
O-00385,Becksbrauerei,P-KK,P-KK-V3,2024-02-14,2024-02-25,False,normal,16
O-00386,Becksbrauerei,P-DV,P-DV-V3,2024-02-15,2024-03-03,False,normal,15
O-00387,Becksbrauerei,P-KK,P-KK-V3,2024-02-16,2024-02-23,False,normal,8
O-00388,Becksbrauerei,P-DV,P-DV-V1,2024-02-13,2024-02-29,False,normal,14
O-00389,Becksbrauerei,P-KK,P-KK-V4,2024-02-15,2024-02-25,False,normal,6
O-00390,White-Estes,P-KK,P-KK-V4,2024-02-14,2024-02-23,False,normal,20
O-00391,Johnson-Carlson,P-KK,P-KK-V3,2024-02-12,2024-03-03,False,normal,18
O-00392,Chandler-Edwards,P-DV,P-DV-V2,2024-02-17,2024-03-08,False,normal,16
O-00393,Becksbrauerei,P-KK,P-KK-V1,2024-02-16,2024-02-21,False,normal,2
O-00394,Becksbrauerei,P-DV,P-DV-V1,2024-02-16,2024-03-01,False,normal,16
O-00395,"Joyce, Wilson and Lam",P-KK,P-KK-V1,2024-02-14,2024-03-01,False,normal,15
O-00396,Scott Ltd,P-KK,P-KK-V4,2024-02-12,2024-02-24,False,normal,15
O-00397,Smith-Frost,P-DV,P-DV-V2,2024-02-18,2024-02-25,False,normal,8
O-00398,Becksbrauerei,P-KK,P-KK-V3,2024-02-18,2024-03-07,False,normal,7
O-00399,Becksbrauerei,P-KK,P-KK-V1,2024-02-16,2024-03-03,False,normal,6
O-00400,"Mcdaniel, Bentley and Mclaughlin",P-DV,P-DV-V3,2024-02-14,2024-02-28,False,normal,17
O-00401,Diaz Inc,P-KK,P-KK-V2,2024-02-18,2024-03-07,False,normal,5
O-00402,"Mccall, Hanson and Alvarado",P-KK,P-KK-V2,2024-02-13,2024-02-28,False,normal,13
O-00403,Becksbrauerei,P-DV,P-DV-V1,2024-02-16,2024-02-29,False,normal,3
O-00404,Cortez LLC,P-KK,P-KK-V4,2024-02-16,2024-02-29,False,normal,15
O-00405,"Parker, Ortiz and Powell",P-DV,P-DV-V2,2024-02-16,2024-02-21,False,normal,3
O-00406,Spencer-Lee,P-DV,P-DV-V3,2024-02-17,2024-03-04,False,normal,13
O-00407,Becksbrauerei,P-KK,P-KK-V4,2024-02-18,2024-02-29,False,normal,10
O-00408,Becksbrauerei,P-DV,P-DV-V3,2024-02-16,2024-02-25,False,normal,11
O-00409,"Bentley, Byrd and Orr",P-KK,P-KK-V1,2024-02-12,2024-03-02,True,hoch,6
O-00410,"Carroll, Sullivan and Bass",P-DV,P-DV-V2,2024-02-12,2024-03-01,False,normal,5
O-00411,Becksbrauerei,P-DV,P-DV-V1,2024-02-18,2024-03-02,True,hoch,3
O-00412,Becksbrauerei,P-DV,P-DV-V3,2024-02-17,2024-02-27,True,hoch,8
O-00413,Becksbrauerei,P-DV,P-DV-V3,2024-02-12,2024-02-20,True,hoch,5
O-00414,Mitchell-Jordan,P-KK,P-KK-V4,2024-02-12,2024-02-17,False,normal,14
O-00415,"Lawson, Morris and Ramos",P-KK,P-KK-V4,2024-02-12,2024-02-24,False,normal,4
O-00416,"Lewis, Kennedy and Santana",P-KK,P-KK-V3,2024-02-14,2024-02-28,False,normal,5
O-00417,Becksbrauerei,P-KK,P-KK-V1,2024-02-16,2024-02-21,False,normal,12
O-00418,Becksbrauerei,P-KK,P-KK-V2,2024-02-15,2024-03-05,False,normal,4
O-00419,Becksbrauerei,P-KK,P-KK-V1,2024-02-16,2024-03-04,False,normal,5
O-00420,Becksbrauerei,P-KK,P-KK-V3,2024-02-17,2024-02-24,False,normal,20
O-00421,Becksbrauerei,P-DV,P-DV-V3,2024-02-19,2024-03-04,False,normal,7
O-00422,"Jackson, Miller and Robertson",P-DV,P-DV-V2,2024-02-24,2024-03-01,False,normal,8
O-00423,Becksbrauerei,P-DV,P-DV-V2,2024-02-19,2024-03-02,False,normal,17
O-00424,"Harvey, Davis and Crane",P-KK,P-KK-V3,2024-02-21,2024-03-01,False,normal,14
O-00425,Chambers and Sons,P-DV,P-DV-V3,2024-02-24,2024-03-05,False,normal,3
O-00426,Hernandez Inc,P-KK,P-KK-V1,2024-02-19,2024-03-03,False,normal,13
O-00427,Becksbrauerei,P-DV,P-DV-V3,2024-02-24,2024-03-16,False,normal,13
O-00428,Becksbrauerei,P-KK,P-KK-V2,2024-02-21,2024-02-28,False,normal,7
O-00429,Becksbrauerei,P-KK,P-KK-V3,2024-02-22,2024-02-29,False,normal,8
O-00430,Becksbrauerei,P-KK,P-KK-V2,2024-02-19,2024-03-08,True,hoch,2
O-00431,Riggs PLC,P-DV,P-DV-V3,2024-02-24,2024-03-05,True,hoch,1
O-00432,Gibson Ltd,P-KK,P-KK-V4,2024-02-21,2024-03-13,False,normal,9
O-00433,Becksbrauerei,P-KK,P-KK-V3,2024-02-20,2024-03-04,False,normal,1
O-00434,"Lee, Horton and Snyder",P-DV,P-DV-V2,2024-02-21,2024-03-13,True,hoch,19
O-00435,Becksbrauerei,P-KK,P-KK-V4,2024-02-22,2024-03-14,False,normal,19
O-00436,Hernandez Ltd,P-KK,P-KK-V3,2024-02-20,2024-03-04,False,normal,4
O-00437,Becksbrauerei,P-KK,P-KK-V1,2024-02-19,2024-02-24,False,normal,13
O-00438,Stafford Inc,P-KK,P-KK-V2,2024-02-25,2024-03-02,False,normal,14
O-00439,Becksbrauerei,P-KK,P-KK-V3,2024-02-20,2024-03-09,False,normal,3
O-00440,Robinson-Brock,P-DV,P-DV-V1,2024-02-23,2024-02-29,False,normal,2
O-00441,Becksbrauerei,P-DV,P-DV-V1,2024-02-22,2024-03-07,False,normal,3
O-00442,"Holmes, Williams and Wright",P-DV,P-DV-V1,2024-02-21,2024-03-03,False,normal,20
O-00443,Bryant Group,P-KK,P-KK-V4,2024-02-21,2024-03-12,False,normal,18
O-00444,Becksbrauerei,P-KK,P-KK-V2,2024-02-19,2024-03-08,True,hoch,1
O-00445,"Schmidt, Hansen and Stewart",P-DV,P-DV-V1,2024-02-25,2024-03-13,False,normal,4
O-00446,Salazar-Ball,P-KK,P-KK-V2,2024-02-22,2024-03-13,False,normal,5
O-00447,Becksbrauerei,P-DV,P-DV-V1,2024-02-19,2024-03-02,False,normal,12
O-00448,Becksbrauerei,P-DV,P-DV-V3,2024-02-19,2024-02-27,False,normal,13
O-00449,Becksbrauerei,P-KK,P-KK-V1,2024-02-22,2024-03-02,False,normal,11
O-00450,Becksbrauerei,P-DV,P-DV-V3,2024-02-25,2024-03-11,False,normal,3
O-00451,Becksbrauerei,P-KK,P-KK-V2,2024-02-25,2024-03-04,False,normal,15
O-00452,Becksbrauerei,P-DV,P-DV-V2,2024-02-19,2024-03-06,False,normal,10
O-00453,"Simmons, Meadows and Griffin",P-DV,P-DV-V2,2024-02-25,2024-03-04,True,hoch,10
O-00454,Manning Group,P-KK,P-KK-V2,2024-02-25,2024-03-11,False,normal,12
O-00455,Green-Wright,P-DV,P-DV-V3,2024-02-19,2024-03-04,False,normal,1
O-00456,Becksbrauerei,P-DV,P-DV-V2,2024-02-23,2024-03-06,True,hoch,5
O-00457,"Ramirez, Strickland and Washington",P-KK,P-KK-V1,2024-02-19,2024-03-02,False,normal,12
O-00458,Becksbrauerei,P-KK,P-KK-V3,2024-02-25,2024-03-03,True,hoch,15
O-00459,Hill Inc,P-KK,P-KK-V1,2024-02-25,2024-03-11,True,hoch,2
O-00460,Becksbrauerei,P-KK,P-KK-V4,2024-02-25,2024-03-13,False,normal,14
O-00461,Becksbrauerei,P-KK,P-KK-V3,2024-02-20,2024-03-01,False,normal,5
O-00462,"Mitchell, Nelson and Flores",P-KK,P-KK-V2,2024-02-24,2024-03-09,False,normal,16
O-00463,Becksbrauerei,P-KK,P-KK-V1,2024-02-21,2024-03-09,False,normal,17
O-00464,"Miller, Hernandez and Reyes",P-KK,P-KK-V1,2024-02-22,2024-03-09,False,normal,12
O-00465,Becksbrauerei,P-DV,P-DV-V2,2024-02-21,2024-03-02,True,hoch,1
O-00466,Mccarthy Inc,P-DV,P-DV-V1,2024-02-25,2024-03-16,False,normal,8
O-00467,Russell-Daniels,P-KK,P-KK-V1,2024-02-20,2024-03-03,False,normal,2
O-00468,Becksbrauerei,P-KK,P-KK-V4,2024-02-21,2024-03-02,False,normal,12
O-00469,Becksbrauerei,P-KK,P-KK-V3,2024-02-23,2024-03-03,False,normal,16
O-00470,Becksbrauerei,P-DV,P-DV-V1,2024-02-22,2024-02-28,True,hoch,8
O-00471,Becksbrauerei,P-KK,P-KK-V4,2024-02-19,2024-03-05,False,normal,5
O-00472,Becksbrauerei,P-DV,P-DV-V3,2024-02-20,2024-03-06,True,hoch,5
O-00473,Becksbrauerei,P-KK,P-KK-V3,2024-02-19,2024-03-06,False,normal,19
O-00474,Becksbrauerei,P-KK,P-KK-V3,2024-02-21,2024-03-07,False,normal,14
O-00475,Becksbrauerei,P-DV,P-DV-V3,2024-02-21,2024-03-02,False,normal,20
O-00476,Brown-Wall,P-DV,P-DV-V1,2024-02-24,2024-03-05,False,normal,10
O-00477,Stein-Silva,P-KK,P-KK-V2,2024-02-24,2024-02-29,False,normal,13
O-00478,"Smith, Gilmore and Johnston",P-KK,P-KK-V2,2024-02-23,2024-03-09,False,normal,8
O-00479,Becksbrauerei,P-KK,P-KK-V4,2024-02-20,2024-03-06,False,normal,11
O-00480,Becksbrauerei,P-KK,P-KK-V1,2024-02-25,2024-03-11,False,normal,8
O-00481,Becksbrauerei,P-KK,P-KK-V3,2024-02-28,2024-03-07,False,normal,15
O-00482,Becksbrauerei,P-DV,P-DV-V1,2024-02-29,2024-03-20,False,normal,13
O-00483,Becksbrauerei,P-KK,P-KK-V4,2024-03-03,2024-03-15,False,normal,2
O-00484,Becksbrauerei,P-DV,P-DV-V1,2024-02-28,2024-03-12,False,normal,6
O-00485,Smith-Bell,P-DV,P-DV-V1,2024-03-02,2024-03-09,False,normal,3
O-00486,Becksbrauerei,P-DV,P-DV-V3,2024-03-01,2024-03-21,False,normal,6
O-00487,Castaneda-Ashley,P-DV,P-DV-V1,2024-02-26,2024-03-05,False,normal,14
O-00488,Becksbrauerei,P-DV,P-DV-V3,2024-02-28,2024-03-13,False,normal,19
O-00489,Becksbrauerei,P-DV,P-DV-V1,2024-02-26,2024-03-13,True,hoch,20
O-00490,Becksbrauerei,P-DV,P-DV-V1,2024-02-26,2024-03-02,False,normal,3
O-00491,Medina-Navarro,P-DV,P-DV-V1,2024-02-28,2024-03-16,False,normal,9
O-00492,Becksbrauerei,P-KK,P-KK-V4,2024-02-27,2024-03-14,False,normal,15
O-00493,"Hurst, Freeman and Nelson",P-KK,P-KK-V3,2024-02-29,2024-03-19,False,normal,19
O-00494,Becksbrauerei,P-KK,P-KK-V2,2024-03-03,2024-03-11,True,hoch,18
O-00495,Johnson-Rogers,P-DV,P-DV-V3,2024-02-27,2024-03-04,False,normal,14
O-00496,Becksbrauerei,P-DV,P-DV-V3,2024-02-27,2024-03-18,False,normal,2
O-00497,"Yates, Ramsey and Pittman",P-KK,P-KK-V1,2024-03-03,2024-03-22,False,normal,7
O-00498,Hooper PLC,P-KK,P-KK-V2,2024-02-26,2024-03-15,True,hoch,7
O-00499,Becksbrauerei,P-KK,P-KK-V3,2024-02-28,2024-03-06,True,hoch,18
O-00500,Becksbrauerei,P-DV,P-DV-V2,2024-03-01,2024-03-20,False,normal,20
O-00501,Becksbrauerei,P-DV,P-DV-V1,2024-02-29,2024-03-09,False,normal,4
O-00502,Meadows PLC,P-KK,P-KK-V1,2024-03-03,2024-03-17,False,normal,14
O-00503,Becksbrauerei,P-DV,P-DV-V2,2024-03-02,2024-03-22,False,normal,6
O-00504,"Alvarado, Miller and Patterson",P-DV,P-DV-V2,2024-02-27,2024-03-15,True,hoch,11
O-00505,White-Green,P-KK,P-KK-V1,2024-03-02,2024-03-22,False,normal,1
O-00506,Lewis-Murphy,P-DV,P-DV-V2,2024-02-28,2024-03-12,False,normal,4
O-00507,Becksbrauerei,P-KK,P-KK-V2,2024-02-28,2024-03-18,False,normal,14
O-00508,Becksbrauerei,P-KK,P-KK-V2,2024-02-29,2024-03-11,False,normal,16
O-00509,Ramirez-Bean,P-DV,P-DV-V1,2024-03-01,2024-03-11,True,hoch,13
O-00510,Becksbrauerei,P-KK,P-KK-V1,2024-02-27,2024-03-09,False,normal,2
O-00511,King-Miller,P-KK,P-KK-V1,2024-02-29,2024-03-06,False,normal,9
O-00512,Becksbrauerei,P-DV,P-DV-V2,2024-03-01,2024-03-18,False,normal,1
O-00513,Curry Inc,P-KK,P-KK-V3,2024-02-29,2024-03-19,False,normal,19
O-00514,Walker-Jones,P-DV,P-DV-V2,2024-02-27,2024-03-11,False,normal,10
O-00515,"Williams, Johnson and Wright",P-KK,P-KK-V4,2024-02-26,2024-03-07,False,normal,7
O-00516,Becksbrauerei,P-KK,P-KK-V2,2024-03-02,2024-03-13,False,normal,1
O-00517,Becksbrauerei,P-KK,P-KK-V4,2024-02-27,2024-03-08,False,normal,9
O-00518,Becksbrauerei,P-DV,P-DV-V3,2024-03-02,2024-03-15,False,normal,12
O-00519,Becksbrauerei,P-DV,P-DV-V2,2024-02-27,2024-03-17,False,normal,20
O-00520,Becksbrauerei,P-DV,P-DV-V3,2024-02-26,2024-03-02,False,normal,12
O-00521,Becksbrauerei,P-DV,P-DV-V2,2024-03-02,2024-03-10,False,normal,9
O-00522,Becksbrauerei,P-DV,P-DV-V2,2024-02-28,2024-03-13,False,normal,8
O-00523,Howell and Sons,P-KK,P-KK-V4,2024-03-02,2024-03-17,False,normal,16
O-00524,Becksbrauerei,P-DV,P-DV-V2,2024-02-29,2024-03-17,False,normal,19
O-00525,Becksbrauerei,P-KK,P-KK-V3,2024-03-02,2024-03-14,False,normal,16
O-00526,Wells Inc,P-DV,P-DV-V3,2024-02-28,2024-03-09,False,normal,6
O-00527,"Gould, Marshall and Scott",P-DV,P-DV-V1,2024-02-29,2024-03-09,False,normal,18
O-00528,Becksbrauerei,P-KK,P-KK-V3,2024-03-02,2024-03-09,False,normal,10
O-00529,Becksbrauerei,P-DV,P-DV-V2,2024-02-28,2024-03-12,False,normal,4
O-00530,Becksbrauerei,P-DV,P-DV-V1,2024-03-03,2024-03-10,False,normal,4
O-00531,Jackson-Lawson,P-DV,P-DV-V3,2024-02-28,2024-03-17,True,hoch,5
O-00532,"Higgins, Strickland and Martin",P-KK,P-KK-V3,2024-02-29,2024-03-19,False,normal,6
O-00533,Becksbrauerei,P-KK,P-KK-V4,2024-02-28,2024-03-09,False,normal,15
O-00534,Becksbrauerei,P-DV,P-DV-V1,2024-03-03,2024-03-13,False,normal,3
O-00535,Rodriguez-Johnson,P-KK,P-KK-V4,2024-03-02,2024-03-20,False,normal,13
O-00536,Johnston-Odonnell,P-KK,P-KK-V1,2024-03-01,2024-03-12,False,normal,11
O-00537,Becksbrauerei,P-KK,P-KK-V1,2024-03-02,2024-03-07,False,normal,12
O-00538,Becksbrauerei,P-DV,P-DV-V1,2024-02-26,2024-03-14,False,normal,3
O-00539,Becksbrauerei,P-KK,P-KK-V3,2024-02-28,2024-03-18,False,normal,11
O-00540,Becksbrauerei,P-DV,P-DV-V3,2024-02-27,2024-03-13,False,normal,7
O-00541,Sanders-Espinoza,P-KK,P-KK-V4,2024-03-04,2024-03-16,False,normal,7
O-00542,Vargas Ltd,P-KK,P-KK-V2,2024-03-04,2024-03-20,False,normal,13
O-00543,Becksbrauerei,P-DV,P-DV-V3,2024-03-08,2024-03-14,False,normal,4
O-00544,Becksbrauerei,P-KK,P-KK-V1,2024-03-09,2024-03-17,False,normal,18
O-00545,Garcia LLC,P-DV,P-DV-V2,2024-03-09,2024-03-18,False,normal,1
O-00546,Becksbrauerei,P-DV,P-DV-V2,2024-03-09,2024-03-17,False,normal,20
O-00547,Becksbrauerei,P-KK,P-KK-V4,2024-03-10,2024-03-18,False,normal,10
O-00548,"Burke, Martinez and Riggs",P-KK,P-KK-V1,2024-03-07,2024-03-18,False,normal,17
O-00549,Becksbrauerei,P-KK,P-KK-V3,2024-03-09,2024-03-27,False,normal,16
O-00550,Becksbrauerei,P-KK,P-KK-V4,2024-03-06,2024-03-18,True,hoch,4
O-00551,Reed Group,P-DV,P-DV-V1,2024-03-04,2024-03-25,True,hoch,9
O-00552,Becksbrauerei,P-KK,P-KK-V4,2024-03-06,2024-03-19,False,normal,6
O-00553,Becksbrauerei,P-KK,P-KK-V3,2024-03-06,2024-03-21,False,normal,2
O-00554,"Wood, Hunter and Peterson",P-KK,P-KK-V2,2024-03-09,2024-03-19,False,normal,20
O-00555,Becksbrauerei,P-DV,P-DV-V3,2024-03-04,2024-03-20,False,normal,13
O-00556,Becksbrauerei,P-DV,P-DV-V2,2024-03-06,2024-03-23,False,normal,14
O-00557,Short-Garcia,P-KK,P-KK-V1,2024-03-05,2024-03-11,False,normal,4
O-00558,Becksbrauerei,P-DV,P-DV-V3,2024-03-07,2024-03-26,False,normal,12
O-00559,Becksbrauerei,P-KK,P-KK-V2,2024-03-07,2024-03-27,True,hoch,2
O-00560,Reid-Poole,P-KK,P-KK-V3,2024-03-09,2024-03-24,True,hoch,17
O-00561,Becksbrauerei,P-KK,P-KK-V3,2024-03-08,2024-03-29,False,normal,14
O-00562,"Hernandez, Thompson and Boyd",P-KK,P-KK-V4,2024-03-06,2024-03-23,False,normal,20
O-00563,Becksbrauerei,P-KK,P-KK-V1,2024-03-09,2024-03-19,False,normal,16
O-00564,Becksbrauerei,P-KK,P-KK-V1,2024-03-10,2024-03-30,False,normal,9
O-00565,Becksbrauerei,P-KK,P-KK-V2,2024-03-08,2024-03-25,False,normal,15
O-00566,Becksbrauerei,P-DV,P-DV-V3,2024-03-07,2024-03-14,False,normal,4
O-00567,Becksbrauerei,P-DV,P-DV-V3,2024-03-09,2024-03-14,True,hoch,18
O-00568,Becksbrauerei,P-KK,P-KK-V1,2024-03-10,2024-03-24,False,normal,15
O-00569,"Nelson, Morton and Medina",P-DV,P-DV-V2,2024-03-10,2024-03-16,False,normal,11
O-00570,Becksbrauerei,P-DV,P-DV-V3,2024-03-09,2024-03-25,False,normal,8
O-00571,Becksbrauerei,P-KK,P-KK-V3,2024-03-06,2024-03-20,False,normal,4
O-00572,Marshall-Petersen,P-KK,P-KK-V2,2024-03-07,2024-03-16,False,normal,14
O-00573,"Adams, Christian and Rivas",P-KK,P-KK-V3,2024-03-08,2024-03-19,False,normal,13
O-00574,Becksbrauerei,P-KK,P-KK-V4,2024-03-10,2024-03-21,False,normal,14
O-00575,Becksbrauerei,P-KK,P-KK-V1,2024-03-10,2024-03-29,False,normal,17
O-00576,Becksbrauerei,P-KK,P-KK-V4,2024-03-04,2024-03-25,False,normal,14
O-00577,Becksbrauerei,P-DV,P-DV-V3,2024-03-10,2024-03-20,False,normal,5
O-00578,Becksbrauerei,P-KK,P-KK-V4,2024-03-09,2024-03-24,False,normal,20
O-00579,Becksbrauerei,P-KK,P-KK-V3,2024-03-07,2024-03-22,False,normal,5
O-00580,Ramirez Group,P-KK,P-KK-V4,2024-03-08,2024-03-29,False,normal,11
O-00581,Christensen PLC,P-KK,P-KK-V2,2024-03-05,2024-03-19,False,normal,5
O-00582,Becksbrauerei,P-KK,P-KK-V3,2024-03-09,2024-03-17,False,normal,19
O-00583,Becksbrauerei,P-DV,P-DV-V3,2024-03-09,2024-03-23,False,normal,1
O-00584,Becksbrauerei,P-KK,P-KK-V1,2024-03-07,2024-03-16,True,hoch,9
O-00585,Becksbrauerei,P-KK,P-KK-V3,2024-03-09,2024-03-22,False,normal,10
O-00586,"Barnett, Rogers and Snyder",P-KK,P-KK-V1,2024-03-06,2024-03-25,True,hoch,18
O-00587,White-Lewis,P-KK,P-KK-V4,2024-03-05,2024-03-26,False,normal,10
O-00588,Peterson-Beard,P-KK,P-KK-V4,2024-03-07,2024-03-25,False,normal,11
O-00589,"Beard, Peters and Black",P-KK,P-KK-V1,2024-03-09,2024-03-22,False,normal,15
O-00590,Miller Ltd,P-KK,P-KK-V3,2024-03-10,2024-03-21,False,normal,10
O-00591,Becksbrauerei,P-DV,P-DV-V1,2024-03-09,2024-03-16,False,normal,17
O-00592,Becksbrauerei,P-KK,P-KK-V4,2024-03-04,2024-03-22,False,normal,6
O-00593,Becksbrauerei,P-DV,P-DV-V1,2024-03-06,2024-03-25,False,normal,5
O-00594,Becksbrauerei,P-DV,P-DV-V3,2024-03-04,2024-03-18,False,normal,12
O-00595,Becksbrauerei,P-KK,P-KK-V3,2024-03-08,2024-03-20,False,normal,17
O-00596,Becksbrauerei,P-KK,P-KK-V4,2024-03-08,2024-03-25,True,hoch,7
O-00597,Freeman-Chang,P-DV,P-DV-V2,2024-03-06,2024-03-20,False,normal,17
O-00598,Becksbrauerei,P-DV,P-DV-V3,2024-03-10,2024-03-15,True,hoch,8
O-00599,"Alvarez, Joseph and West",P-KK,P-KK-V1,2024-03-09,2024-03-24,False,normal,4
O-00600,Becksbrauerei,P-DV,P-DV-V2,2024-03-08,2024-03-22,True,hoch,12
O-00601,Becksbrauerei,P-DV,P-DV-V2,2024-03-11,2024-03-25,False,normal,17
O-00602,Becksbrauerei,P-KK,P-KK-V1,2024-03-12,2024-03-17,False,normal,7
O-00603,Davis and Sons,P-DV,P-DV-V1,2024-03-12,2024-03-30,False,normal,5
O-00604,Becksbrauerei,P-KK,P-KK-V4,2024-03-16,2024-03-31,True,hoch,6
O-00605,Becksbrauerei,P-DV,P-DV-V3,2024-03-11,2024-03-23,False,normal,15
O-00606,Becksbrauerei,P-DV,P-DV-V2,2024-03-13,2024-03-18,False,normal,1
O-00607,Becksbrauerei,P-KK,P-KK-V1,2024-03-16,2024-03-23,False,normal,10
O-00608,Becksbrauerei,P-DV,P-DV-V3,2024-03-11,2024-03-25,False,normal,13
O-00609,Becksbrauerei,P-KK,P-KK-V4,2024-03-12,2024-03-24,False,normal,18
O-00610,Holt-Torres,P-DV,P-DV-V3,2024-03-12,2024-03-26,False,normal,12
O-00611,Becksbrauerei,P-KK,P-KK-V2,2024-03-11,2024-03-17,True,hoch,18
O-00612,"Wood, Tran and Cooper",P-KK,P-KK-V3,2024-03-12,2024-03-28,False,normal,17
O-00613,Becksbrauerei,P-KK,P-KK-V2,2024-03-12,2024-03-24,False,normal,4
O-00614,Becksbrauerei,P-KK,P-KK-V1,2024-03-17,2024-04-05,False,normal,3
O-00615,Becksbrauerei,P-DV,P-DV-V1,2024-03-12,2024-04-01,False,normal,8
O-00616,Becksbrauerei,P-KK,P-KK-V3,2024-03-15,2024-03-22,False,normal,15
O-00617,Becksbrauerei,P-DV,P-DV-V3,2024-03-16,2024-03-30,False,normal,19
O-00618,Becksbrauerei,P-DV,P-DV-V2,2024-03-14,2024-03-24,True,hoch,8
O-00619,"Pierce, Bell and Chavez",P-DV,P-DV-V2,2024-03-17,2024-04-02,False,normal,16
O-00620,Becksbrauerei,P-DV,P-DV-V2,2024-03-13,2024-03-27,False,normal,20
O-00621,Becksbrauerei,P-KK,P-KK-V3,2024-03-17,2024-03-26,False,normal,3
O-00622,King-Martinez,P-KK,P-KK-V1,2024-03-17,2024-04-07,False,normal,19
O-00623,Becksbrauerei,P-DV,P-DV-V3,2024-03-12,2024-03-18,False,normal,18
O-00624,Becksbrauerei,P-DV,P-DV-V3,2024-03-17,2024-03-26,False,normal,19
O-00625,Becksbrauerei,P-DV,P-DV-V1,2024-03-14,2024-04-04,False,normal,17
O-00626,Becksbrauerei,P-KK,P-KK-V2,2024-03-17,2024-03-27,False,normal,6
O-00627,Becksbrauerei,P-KK,P-KK-V2,2024-03-16,2024-04-05,False,normal,16
O-00628,Becksbrauerei,P-KK,P-KK-V1,2024-03-13,2024-03-29,False,normal,17
O-00629,Becksbrauerei,P-DV,P-DV-V2,2024-03-14,2024-04-02,False,normal,11
O-00630,Becksbrauerei,P-KK,P-KK-V3,2024-03-17,2024-03-30,False,normal,13
O-00631,Becksbrauerei,P-DV,P-DV-V2,2024-03-15,2024-03-22,False,normal,8
O-00632,Becksbrauerei,P-DV,P-DV-V2,2024-03-17,2024-04-02,False,normal,20
O-00633,Becksbrauerei,P-KK,P-KK-V2,2024-03-14,2024-03-24,False,normal,9
O-00634,Stewart Ltd,P-KK,P-KK-V2,2024-03-12,2024-03-22,False,normal,4
O-00635,Becksbrauerei,P-KK,P-KK-V4,2024-03-17,2024-04-01,False,normal,16
O-00636,Becksbrauerei,P-DV,P-DV-V1,2024-03-15,2024-03-25,False,normal,8
O-00637,Becksbrauerei,P-KK,P-KK-V2,2024-03-15,2024-03-25,False,normal,19
O-00638,Becksbrauerei,P-KK,P-KK-V1,2024-03-12,2024-03-25,False,normal,13
O-00639,"Tapia, Vaughn and Lee",P-KK,P-KK-V3,2024-03-11,2024-03-22,False,normal,16
O-00640,"Washington, Hardy and Bray",P-KK,P-KK-V2,2024-03-17,2024-04-04,False,normal,6
O-00641,Becksbrauerei,P-DV,P-DV-V1,2024-03-16,2024-03-31,False,normal,3
O-00642,Becksbrauerei,P-KK,P-KK-V4,2024-03-14,2024-03-23,True,hoch,17
O-00643,"Carlson, Hooper and Wall",P-DV,P-DV-V1,2024-03-15,2024-03-23,False,normal,20
O-00644,Perez-White,P-KK,P-KK-V1,2024-03-11,2024-03-31,False,normal,18
O-00645,Becksbrauerei,P-KK,P-KK-V4,2024-03-15,2024-04-02,False,normal,17
O-00646,Becksbrauerei,P-DV,P-DV-V1,2024-03-17,2024-04-06,False,normal,19
O-00647,Becksbrauerei,P-KK,P-KK-V4,2024-03-12,2024-03-25,False,normal,3
O-00648,Becksbrauerei,P-DV,P-DV-V3,2024-03-15,2024-04-02,False,normal,1
O-00649,Becksbrauerei,P-KK,P-KK-V1,2024-03-14,2024-03-25,False,normal,12
O-00650,Becksbrauerei,P-KK,P-KK-V2,2024-03-14,2024-03-27,False,normal,19
O-00651,Becksbrauerei,P-DV,P-DV-V3,2024-03-13,2024-03-30,False,normal,18
O-00652,Becksbrauerei,P-DV,P-DV-V1,2024-03-13,2024-04-02,False,normal,12
O-00653,Becksbrauerei,P-DV,P-DV-V3,2024-03-12,2024-03-20,False,normal,6
O-00654,Erickson and Sons,P-KK,P-KK-V2,2024-03-15,2024-04-01,False,normal,20
O-00655,Williams-Brown,P-KK,P-KK-V2,2024-03-14,2024-03-19,False,normal,16
O-00656,Becksbrauerei,P-DV,P-DV-V1,2024-03-11,2024-03-24,False,normal,2
O-00657,Terry-Martinez,P-DV,P-DV-V2,2024-03-15,2024-04-05,False,normal,2
O-00658,Becksbrauerei,P-KK,P-KK-V4,2024-03-14,2024-03-19,False,normal,17
O-00659,Becksbrauerei,P-DV,P-DV-V1,2024-03-11,2024-04-01,False,normal,6
O-00660,Becksbrauerei,P-KK,P-KK-V3,2024-03-12,2024-03-17,False,normal,9
O-00661,Becksbrauerei,P-DV,P-DV-V2,2024-03-23,2024-04-09,False,normal,1
O-00662,Becksbrauerei,P-KK,P-KK-V1,2024-03-22,2024-04-05,False,normal,19
O-00663,Garcia-Smith,P-DV,P-DV-V2,2024-03-24,2024-04-06,False,normal,15
O-00664,Becksbrauerei,P-DV,P-DV-V3,2024-03-18,2024-03-31,False,normal,18
O-00665,Harrison-Alexander,P-KK,P-KK-V3,2024-03-20,2024-03-28,False,normal,18
O-00666,Sheppard LLC,P-DV,P-DV-V3,2024-03-21,2024-04-07,False,normal,11
O-00667,Becksbrauerei,P-DV,P-DV-V3,2024-03-21,2024-03-26,False,normal,13
O-00668,Becksbrauerei,P-KK,P-KK-V2,2024-03-24,2024-04-08,False,normal,18
O-00669,Becksbrauerei,P-KK,P-KK-V3,2024-03-19,2024-04-02,True,hoch,11
O-00670,Wilson-Jones,P-KK,P-KK-V2,2024-03-21,2024-04-05,False,normal,9
O-00671,Becksbrauerei,P-KK,P-KK-V2,2024-03-21,2024-04-01,False,normal,9
O-00672,Becksbrauerei,P-KK,P-KK-V2,2024-03-19,2024-03-31,False,normal,4
O-00673,Jones-Soto,P-KK,P-KK-V1,2024-03-23,2024-04-12,False,normal,18
O-00674,Hernandez PLC,P-KK,P-KK-V4,2024-03-20,2024-04-04,False,normal,19
O-00675,Becksbrauerei,P-DV,P-DV-V2,2024-03-19,2024-04-09,False,normal,19
O-00676,Becksbrauerei,P-KK,P-KK-V1,2024-03-22,2024-04-09,False,normal,17
O-00677,Becksbrauerei,P-DV,P-DV-V2,2024-03-24,2024-04-03,False,normal,17
O-00678,Becksbrauerei,P-DV,P-DV-V2,2024-03-23,2024-03-28,True,hoch,19
O-00679,Becksbrauerei,P-KK,P-KK-V3,2024-03-20,2024-04-02,False,normal,9
O-00680,Becksbrauerei,P-DV,P-DV-V3,2024-03-20,2024-04-05,False,normal,14
O-00681,Becksbrauerei,P-DV,P-DV-V2,2024-03-24,2024-04-10,False,normal,5
O-00682,Becksbrauerei,P-KK,P-KK-V1,2024-03-23,2024-04-05,False,normal,13
O-00683,Becksbrauerei,P-KK,P-KK-V2,2024-03-24,2024-04-02,False,normal,14
O-00684,Becksbrauerei,P-DV,P-DV-V1,2024-03-24,2024-04-14,False,normal,16
O-00685,Miller-Wright,P-DV,P-DV-V2,2024-03-22,2024-03-28,False,normal,2
O-00686,Becksbrauerei,P-KK,P-KK-V3,2024-03-21,2024-03-29,False,normal,12
O-00687,Becksbrauerei,P-DV,P-DV-V3,2024-03-22,2024-04-04,False,normal,12
O-00688,Becksbrauerei,P-KK,P-KK-V2,2024-03-24,2024-04-07,False,normal,16
O-00689,"Duran, Obrien and Gibbs",P-DV,P-DV-V1,2024-03-21,2024-04-04,False,normal,6
O-00690,Becksbrauerei,P-DV,P-DV-V2,2024-03-23,2024-04-09,False,normal,6
O-00691,Rowe Group,P-DV,P-DV-V1,2024-03-20,2024-04-04,False,normal,20
O-00692,Becksbrauerei,P-DV,P-DV-V2,2024-03-21,2024-04-06,False,normal,15
O-00693,Becksbrauerei,P-DV,P-DV-V1,2024-03-19,2024-03-24,True,hoch,9
O-00694,Becksbrauerei,P-KK,P-KK-V2,2024-03-19,2024-04-05,True,hoch,16
O-00695,Kerr-Evans,P-KK,P-KK-V1,2024-03-24,2024-04-10,False,normal,4
O-00696,"Branch, Torres and Oliver",P-DV,P-DV-V3,2024-03-19,2024-03-26,False,normal,10
O-00697,Becksbrauerei,P-KK,P-KK-V2,2024-03-23,2024-04-06,False,normal,17
O-00698,Becksbrauerei,P-KK,P-KK-V1,2024-03-18,2024-04-03,False,normal,16
O-00699,"Choi, Garcia and Farmer",P-DV,P-DV-V3,2024-03-20,2024-04-08,False,normal,18
O-00700,Becksbrauerei,P-KK,P-KK-V4,2024-03-23,2024-04-10,False,normal,10
O-00701,Becksbrauerei,P-DV,P-DV-V2,2024-03-22,2024-04-03,False,normal,12
O-00702,Becksbrauerei,P-DV,P-DV-V2,2024-03-19,2024-04-02,True,hoch,5
O-00703,Becksbrauerei,P-DV,P-DV-V2,2024-03-21,2024-03-26,False,normal,16
O-00704,Becksbrauerei,P-DV,P-DV-V1,2024-03-24,2024-04-11,False,normal,1
O-00705,Becksbrauerei,P-DV,P-DV-V1,2024-03-21,2024-04-08,False,normal,13
O-00706,Becksbrauerei,P-DV,P-DV-V1,2024-03-20,2024-03-27,False,normal,20
O-00707,"Clark, Guerrero and Moore",P-DV,P-DV-V2,2024-03-23,2024-04-05,False,normal,6
O-00708,Becksbrauerei,P-KK,P-KK-V3,2024-03-18,2024-04-06,False,normal,20
O-00709,Arnold and Sons,P-DV,P-DV-V1,2024-03-20,2024-03-25,False,normal,1
O-00710,Becksbrauerei,P-KK,P-KK-V1,2024-03-20,2024-04-02,True,hoch,1
O-00711,Becksbrauerei,P-KK,P-KK-V1,2024-03-19,2024-03-24,False,normal,10
O-00712,Ortiz Ltd,P-DV,P-DV-V2,2024-03-21,2024-03-27,False,normal,5
O-00713,Becksbrauerei,P-KK,P-KK-V3,2024-03-24,2024-04-10,True,hoch,7
O-00714,"Harrison, Johnson and Roberts",P-DV,P-DV-V2,2024-03-24,2024-03-29,True,hoch,8
O-00715,Warner-Gibson,P-DV,P-DV-V2,2024-03-19,2024-03-25,False,normal,4
O-00716,Becksbrauerei,P-KK,P-KK-V4,2024-03-21,2024-04-04,False,normal,2
O-00717,"Hall, Baker and Moody",P-KK,P-KK-V3,2024-03-21,2024-04-04,False,normal,7
O-00718,Becksbrauerei,P-KK,P-KK-V2,2024-03-23,2024-04-10,False,normal,9
O-00719,Becksbrauerei,P-KK,P-KK-V4,2024-03-24,2024-04-05,True,hoch,16
O-00720,Becksbrauerei,P-KK,P-KK-V3,2024-03-24,2024-03-31,False,normal,20
O-00721,Becksbrauerei,P-DV,P-DV-V3,2024-03-25,2024-03-31,False,normal,18
O-00722,Becksbrauerei,P-KK,P-KK-V2,2024-03-28,2024-04-09,False,normal,12
O-00723,Becksbrauerei,P-DV,P-DV-V3,2024-03-26,2024-03-31,False,normal,5
O-00724,Becksbrauerei,P-DV,P-DV-V1,2024-03-28,2024-04-16,False,normal,16
O-00725,Becksbrauerei,P-KK,P-KK-V2,2024-03-29,2024-04-14,False,normal,20
O-00726,"Guerrero, Peck and Coleman",P-KK,P-KK-V1,2024-03-29,2024-04-07,False,normal,18
O-00727,Becksbrauerei,P-DV,P-DV-V2,2024-03-25,2024-04-15,False,normal,1
O-00728,Becksbrauerei,P-DV,P-DV-V3,2024-03-26,2024-04-10,False,normal,18
O-00729,Becksbrauerei,P-DV,P-DV-V1,2024-03-29,2024-04-18,False,normal,10
O-00730,Becksbrauerei,P-DV,P-DV-V2,2024-03-30,2024-04-14,True,hoch,3
O-00731,Becksbrauerei,P-KK,P-KK-V2,2024-03-26,2024-04-01,False,normal,4
O-00732,"Walker, Hernandez and Baker",P-KK,P-KK-V4,2024-03-30,2024-04-19,False,normal,9
O-00733,Jones and Sons,P-KK,P-KK-V3,2024-03-26,2024-04-02,True,hoch,16
O-00734,Larson-Holloway,P-KK,P-KK-V4,2024-03-31,2024-04-06,False,normal,14
O-00735,Gonzales-Harrison,P-DV,P-DV-V3,2024-03-25,2024-04-07,False,normal,10
O-00736,Becksbrauerei,P-KK,P-KK-V2,2024-03-29,2024-04-06,True,hoch,13
O-00737,Lyons-Bender,P-KK,P-KK-V2,2024-03-29,2024-04-10,False,normal,18
O-00738,"Fernandez, Kim and George",P-DV,P-DV-V3,2024-03-25,2024-04-10,False,normal,14
O-00739,Becksbrauerei,P-KK,P-KK-V2,2024-03-31,2024-04-10,False,normal,6
O-00740,Becksbrauerei,P-DV,P-DV-V2,2024-03-27,2024-04-11,False,normal,14
O-00741,Becksbrauerei,P-DV,P-DV-V3,2024-03-26,2024-04-06,False,normal,9
O-00742,Becksbrauerei,P-DV,P-DV-V2,2024-03-28,2024-04-14,True,hoch,10
O-00743,Becksbrauerei,P-KK,P-KK-V2,2024-03-27,2024-04-01,False,normal,11
O-00744,Navarro-Munoz,P-KK,P-KK-V3,2024-03-29,2024-04-19,False,normal,5
O-00745,Becksbrauerei,P-KK,P-KK-V1,2024-03-28,2024-04-13,False,normal,19
O-00746,Becksbrauerei,P-KK,P-KK-V2,2024-03-27,2024-04-10,True,hoch,7
O-00747,Davis Ltd,P-KK,P-KK-V3,2024-03-31,2024-04-20,False,normal,19
O-00748,Becksbrauerei,P-KK,P-KK-V3,2024-03-25,2024-04-11,True,hoch,11
O-00749,Becksbrauerei,P-DV,P-DV-V2,2024-03-28,2024-04-05,False,normal,20
O-00750,Becksbrauerei,P-KK,P-KK-V4,2024-03-25,2024-04-08,False,normal,19
O-00751,Becksbrauerei,P-KK,P-KK-V3,2024-03-29,2024-04-10,False,normal,13
O-00752,Becksbrauerei,P-DV,P-DV-V3,2024-03-29,2024-04-19,True,hoch,13
O-00753,"Matthews, Smith and Hubbard",P-KK,P-KK-V2,2024-03-27,2024-04-03,False,normal,18
O-00754,Johnston-Hines,P-DV,P-DV-V2,2024-03-25,2024-04-11,False,normal,5
O-00755,Becksbrauerei,P-KK,P-KK-V4,2024-03-29,2024-04-09,False,normal,7
O-00756,Becksbrauerei,P-KK,P-KK-V2,2024-03-25,2024-04-07,False,normal,19
O-00757,Becksbrauerei,P-KK,P-KK-V1,2024-03-30,2024-04-17,False,normal,11
O-00758,Becksbrauerei,P-DV,P-DV-V3,2024-03-30,2024-04-04,False,normal,12
O-00759,Ruiz Ltd,P-DV,P-DV-V3,2024-03-26,2024-04-14,True,hoch,7
O-00760,Becksbrauerei,P-DV,P-DV-V1,2024-03-31,2024-04-07,True,hoch,20
O-00761,Becksbrauerei,P-KK,P-KK-V3,2024-03-25,2024-04-09,False,normal,15
O-00762,Becksbrauerei,P-DV,P-DV-V1,2024-03-27,2024-04-07,False,normal,18
O-00763,Becksbrauerei,P-DV,P-DV-V3,2024-03-28,2024-04-06,False,normal,13
O-00764,Moon-White,P-KK,P-KK-V3,2024-03-26,2024-04-01,False,normal,20
O-00765,Becksbrauerei,P-DV,P-DV-V1,2024-03-28,2024-04-02,True,hoch,12
O-00766,Becksbrauerei,P-KK,P-KK-V1,2024-03-27,2024-04-13,False,normal,4
O-00767,Becksbrauerei,P-DV,P-DV-V2,2024-03-31,2024-04-07,False,normal,15
O-00768,Becksbrauerei,P-KK,P-KK-V1,2024-03-26,2024-04-16,False,normal,6
O-00769,Becksbrauerei,P-KK,P-KK-V3,2024-03-30,2024-04-15,False,normal,17
O-00770,"Graham, Olsen and Costa",P-DV,P-DV-V1,2024-03-30,2024-04-12,False,normal,1
O-00771,Becksbrauerei,P-DV,P-DV-V1,2024-03-26,2024-04-10,False,normal,3
O-00772,Becksbrauerei,P-DV,P-DV-V3,2024-03-30,2024-04-11,False,normal,14
O-00773,Becksbrauerei,P-DV,P-DV-V3,2024-03-27,2024-04-15,False,normal,5
O-00774,Becksbrauerei,P-KK,P-KK-V2,2024-03-27,2024-04-17,False,normal,5
O-00775,Bailey-Cook,P-KK,P-KK-V3,2024-03-25,2024-04-02,False,normal,5
O-00776,"Garcia, Martin and Jenkins",P-KK,P-KK-V3,2024-03-28,2024-04-15,False,normal,9
O-00777,Roberts-Landry,P-KK,P-KK-V2,2024-03-25,2024-04-03,False,normal,20
O-00778,Becksbrauerei,P-DV,P-DV-V3,2024-03-29,2024-04-10,False,normal,1
O-00779,"Johnson, Miller and King",P-DV,P-DV-V1,2024-03-30,2024-04-19,False,normal,16
O-00780,Becksbrauerei,P-DV,P-DV-V1,2024-03-31,2024-04-17,False,normal,7
O-00781,Cordova Group,P-KK,P-KK-V1,2024-04-04,2024-04-09,False,normal,8
O-00782,"Bryan, Smith and Booth",P-KK,P-KK-V2,2024-04-01,2024-04-11,False,normal,20
O-00783,Becksbrauerei,P-DV,P-DV-V3,2024-04-03,2024-04-22,False,normal,2
O-00784,Gutierrez-Lopez,P-DV,P-DV-V3,2024-04-03,2024-04-20,False,normal,20
O-00785,Becksbrauerei,P-KK,P-KK-V1,2024-04-04,2024-04-23,False,normal,8
O-00786,Becksbrauerei,P-DV,P-DV-V3,2024-04-01,2024-04-18,False,normal,2
O-00787,Dean-Jimenez,P-KK,P-KK-V3,2024-04-04,2024-04-21,False,normal,10
O-00788,Becksbrauerei,P-DV,P-DV-V1,2024-04-04,2024-04-18,False,normal,17
O-00789,Becksbrauerei,P-KK,P-KK-V4,2024-04-07,2024-04-26,True,hoch,6
O-00790,Becksbrauerei,P-KK,P-KK-V4,2024-04-04,2024-04-19,False,normal,19
O-00791,Becksbrauerei,P-KK,P-KK-V4,2024-04-01,2024-04-14,False,normal,6
O-00792,Becksbrauerei,P-KK,P-KK-V1,2024-04-01,2024-04-20,False,normal,13
O-00793,Becksbrauerei,P-KK,P-KK-V4,2024-04-05,2024-04-22,True,hoch,11
O-00794,Wolf-Harris,P-KK,P-KK-V2,2024-04-07,2024-04-16,False,normal,14
O-00795,Becksbrauerei,P-DV,P-DV-V2,2024-04-06,2024-04-25,False,normal,5
O-00796,Becksbrauerei,P-KK,P-KK-V1,2024-04-05,2024-04-18,True,hoch,16
O-00797,Becksbrauerei,P-KK,P-KK-V4,2024-04-02,2024-04-13,False,normal,14
O-00798,Becksbrauerei,P-DV,P-DV-V1,2024-04-05,2024-04-10,False,normal,20
O-00799,Becksbrauerei,P-KK,P-KK-V1,2024-04-02,2024-04-11,True,hoch,5
O-00800,Becksbrauerei,P-KK,P-KK-V3,2024-04-03,2024-04-10,True,hoch,6
O-00801,"Anderson, Roberts and Gilmore",P-KK,P-KK-V3,2024-04-05,2024-04-15,False,normal,12
O-00802,Martinez-Dudley,P-KK,P-KK-V1,2024-04-07,2024-04-21,False,normal,3
O-00803,Becksbrauerei,P-DV,P-DV-V3,2024-04-01,2024-04-15,False,normal,9
O-00804,Becksbrauerei,P-DV,P-DV-V3,2024-04-04,2024-04-25,False,normal,2
O-00805,"Lloyd, Mckinney and Collins",P-KK,P-KK-V1,2024-04-04,2024-04-18,False,normal,9
O-00806,Becksbrauerei,P-DV,P-DV-V1,2024-04-05,2024-04-25,False,normal,16
O-00807,Becksbrauerei,P-KK,P-KK-V2,2024-04-06,2024-04-20,False,normal,1
O-00808,Becksbrauerei,P-DV,P-DV-V3,2024-04-07,2024-04-15,False,normal,20
O-00809,Tran Inc,P-DV,P-DV-V2,2024-04-01,2024-04-16,False,normal,7
O-00810,Becksbrauerei,P-KK,P-KK-V2,2024-04-06,2024-04-20,False,normal,10
O-00811,Gay Inc,P-DV,P-DV-V1,2024-04-01,2024-04-16,False,normal,20
O-00812,Valentine-Holland,P-KK,P-KK-V2,2024-04-02,2024-04-17,False,normal,16
O-00813,Becksbrauerei,P-DV,P-DV-V1,2024-04-06,2024-04-15,False,normal,18
O-00814,Becksbrauerei,P-DV,P-DV-V2,2024-04-07,2024-04-25,False,normal,17
O-00815,Becksbrauerei,P-DV,P-DV-V3,2024-04-06,2024-04-21,False,normal,19
O-00816,Becksbrauerei,P-DV,P-DV-V2,2024-04-01,2024-04-10,False,normal,13
O-00817,Jimenez Ltd,P-KK,P-KK-V4,2024-04-02,2024-04-10,False,normal,11
O-00818,Becksbrauerei,P-KK,P-KK-V3,2024-04-04,2024-04-11,False,normal,15
O-00819,Becksbrauerei,P-DV,P-DV-V1,2024-04-05,2024-04-19,False,normal,2
O-00820,Becksbrauerei,P-KK,P-KK-V1,2024-04-04,2024-04-25,True,hoch,17
O-00821,Becksbrauerei,P-KK,P-KK-V2,2024-04-03,2024-04-23,False,normal,11
O-00822,Becksbrauerei,P-KK,P-KK-V1,2024-04-07,2024-04-28,False,normal,2
O-00823,Becksbrauerei,P-DV,P-DV-V2,2024-04-06,2024-04-27,True,hoch,2
O-00824,Hicks-Hill,P-KK,P-KK-V3,2024-04-04,2024-04-10,True,hoch,10
O-00825,Becksbrauerei,P-KK,P-KK-V3,2024-04-06,2024-04-17,False,normal,9
O-00826,Becksbrauerei,P-DV,P-DV-V2,2024-04-06,2024-04-14,False,normal,4
O-00827,Becksbrauerei,P-KK,P-KK-V1,2024-04-02,2024-04-18,False,normal,10
O-00828,Becksbrauerei,P-KK,P-KK-V2,2024-04-01,2024-04-15,False,normal,15
O-00829,Becksbrauerei,P-KK,P-KK-V2,2024-04-01,2024-04-21,False,normal,13
O-00830,Becksbrauerei,P-KK,P-KK-V1,2024-04-04,2024-04-21,False,normal,19
O-00831,Becksbrauerei,P-DV,P-DV-V3,2024-04-03,2024-04-17,False,normal,18
O-00832,Baird-Sanchez,P-KK,P-KK-V4,2024-04-05,2024-04-14,True,hoch,15
O-00833,"Thomas, Lee and Greene",P-KK,P-KK-V4,2024-04-03,2024-04-22,False,normal,5
O-00834,Becksbrauerei,P-DV,P-DV-V2,2024-04-04,2024-04-14,False,normal,11
O-00835,Becksbrauerei,P-DV,P-DV-V2,2024-04-01,2024-04-08,False,normal,15
O-00836,Becksbrauerei,P-KK,P-KK-V3,2024-04-07,2024-04-23,False,normal,4
O-00837,Becksbrauerei,P-DV,P-DV-V3,2024-04-07,2024-04-15,False,normal,10
O-00838,Becksbrauerei,P-DV,P-DV-V2,2024-04-05,2024-04-23,False,normal,6
O-00839,"Suarez, Shields and Hill",P-DV,P-DV-V2,2024-04-01,2024-04-16,False,normal,14
O-00840,Becksbrauerei,P-DV,P-DV-V3,2024-04-07,2024-04-22,False,normal,3
O-00841,Becksbrauerei,P-DV,P-DV-V1,2024-04-05,2024-04-24,False,normal,15
O-00842,Morgan-French,P-KK,P-KK-V3,2024-04-04,2024-04-11,False,normal,20
O-00843,Hoover-Campbell,P-DV,P-DV-V2,2024-04-04,2024-04-10,True,hoch,19
O-00844,Becksbrauerei,P-KK,P-KK-V2,2024-04-06,2024-04-15,False,normal,20
O-00845,Monroe-Carpenter,P-DV,P-DV-V1,2024-04-02,2024-04-17,False,normal,10
O-00846,Becksbrauerei,P-DV,P-DV-V3,2024-04-03,2024-04-10,False,normal,17
O-00847,"Burns, Hernandez and Ryan",P-DV,P-DV-V1,2024-04-07,2024-04-21,True,hoch,2
O-00848,Becksbrauerei,P-KK,P-KK-V3,2024-04-01,2024-04-15,False,normal,19
O-00849,Becksbrauerei,P-DV,P-DV-V3,2024-04-03,2024-04-20,False,normal,7
O-00850,Cook-Hines,P-KK,P-KK-V4,2024-04-02,2024-04-13,False,normal,12
O-00851,Becksbrauerei,P-DV,P-DV-V1,2024-04-03,2024-04-12,False,normal,1
O-00852,Becksbrauerei,P-KK,P-KK-V4,2024-04-06,2024-04-24,False,normal,5
O-00853,Becksbrauerei,P-DV,P-DV-V2,2024-04-07,2024-04-25,False,normal,14
O-00854,Becksbrauerei,P-DV,P-DV-V2,2024-04-03,2024-04-15,False,normal,19
O-00855,Gibson-Morris,P-DV,P-DV-V3,2024-04-02,2024-04-23,False,normal,19
O-00856,Becksbrauerei,P-DV,P-DV-V1,2024-04-01,2024-04-21,False,normal,16
O-00857,Pollard and Sons,P-KK,P-KK-V2,2024-04-06,2024-04-27,False,normal,9
O-00858,Becksbrauerei,P-DV,P-DV-V3,2024-04-01,2024-04-22,False,normal,16
O-00859,Becksbrauerei,P-KK,P-KK-V3,2024-04-05,2024-04-11,False,normal,1
O-00860,Becksbrauerei,P-DV,P-DV-V2,2024-04-05,2024-04-25,False,normal,12
O-00861,Becksbrauerei,P-DV,P-DV-V2,2024-04-02,2024-04-08,False,normal,10
O-00862,Becksbrauerei,P-DV,P-DV-V1,2024-04-06,2024-04-26,False,normal,10
O-00863,Becksbrauerei,P-KK,P-KK-V3,2024-04-04,2024-04-11,True,hoch,9
O-00864,Becksbrauerei,P-DV,P-DV-V1,2024-04-05,2024-04-18,False,normal,4
O-00865,Becksbrauerei,P-KK,P-KK-V2,2024-04-06,2024-04-25,False,normal,8
O-00866,Becksbrauerei,P-DV,P-DV-V1,2024-04-07,2024-04-28,False,normal,3
O-00867,Becksbrauerei,P-KK,P-KK-V2,2024-04-07,2024-04-27,False,normal,13
O-00868,"Reyes, Chase and Jenkins",P-KK,P-KK-V4,2024-04-06,2024-04-16,False,normal,12
O-00869,Becksbrauerei,P-KK,P-KK-V3,2024-04-07,2024-04-15,True,hoch,16
O-00870,Garner-Thornton,P-DV,P-DV-V2,2024-04-06,2024-04-18,False,normal,16
O-00871,Hughes-Alvarado,P-DV,P-DV-V1,2024-04-12,2024-04-30,True,hoch,15
O-00872,Becksbrauerei,P-DV,P-DV-V3,2024-04-10,2024-05-01,False,normal,18
O-00873,Becksbrauerei,P-DV,P-DV-V2,2024-04-12,2024-04-25,False,normal,4
O-00874,Becksbrauerei,P-DV,P-DV-V3,2024-04-12,2024-04-29,False,normal,8
O-00875,Becksbrauerei,P-KK,P-KK-V3,2024-04-13,2024-04-23,False,normal,1
O-00876,"Pollard, Simpson and Johnson",P-KK,P-KK-V1,2024-04-11,2024-04-19,False,normal,12
O-00877,Becksbrauerei,P-KK,P-KK-V3,2024-04-10,2024-04-21,True,hoch,2
O-00878,Becksbrauerei,P-KK,P-KK-V1,2024-04-13,2024-04-21,True,hoch,13
O-00879,Becksbrauerei,P-KK,P-KK-V1,2024-04-13,2024-04-23,False,normal,3
O-00880,Becksbrauerei,P-DV,P-DV-V2,2024-04-14,2024-05-02,False,normal,11
O-00881,Becksbrauerei,P-DV,P-DV-V1,2024-04-14,2024-04-21,False,normal,13
O-00882,Becksbrauerei,P-DV,P-DV-V1,2024-04-10,2024-04-23,False,normal,7
O-00883,Becksbrauerei,P-DV,P-DV-V1,2024-04-13,2024-05-03,True,hoch,14
O-00884,Becksbrauerei,P-KK,P-KK-V1,2024-04-11,2024-04-24,True,hoch,19
O-00885,Becksbrauerei,P-DV,P-DV-V2,2024-04-08,2024-04-28,False,normal,2
O-00886,Becksbrauerei,P-DV,P-DV-V2,2024-04-09,2024-04-24,False,normal,17
O-00887,"Sanford, Rivera and Garcia",P-DV,P-DV-V2,2024-04-11,2024-04-28,False,normal,3
O-00888,Becksbrauerei,P-KK,P-KK-V1,2024-04-11,2024-05-01,True,hoch,12
O-00889,Garcia-Lozano,P-DV,P-DV-V3,2024-04-10,2024-04-27,True,hoch,3
O-00890,Becksbrauerei,P-DV,P-DV-V3,2024-04-14,2024-04-29,True,hoch,10
O-00891,Becksbrauerei,P-KK,P-KK-V2,2024-04-12,2024-04-18,False,normal,10
O-00892,Bowen Group,P-DV,P-DV-V1,2024-04-13,2024-04-29,False,normal,15
O-00893,"Booker, Jones and Harrington",P-KK,P-KK-V2,2024-04-08,2024-04-19,True,hoch,8
O-00894,Morgan-Schwartz,P-DV,P-DV-V2,2024-04-08,2024-04-22,False,normal,15
O-00895,"Miller, Murphy and Craig",P-KK,P-KK-V1,2024-04-10,2024-04-16,False,normal,13
O-00896,Becksbrauerei,P-KK,P-KK-V2,2024-04-14,2024-05-05,False,normal,18
O-00897,Becksbrauerei,P-KK,P-KK-V2,2024-04-08,2024-04-14,False,normal,1
O-00898,Becksbrauerei,P-DV,P-DV-V3,2024-04-08,2024-04-20,False,normal,6
O-00899,Becksbrauerei,P-KK,P-KK-V3,2024-04-14,2024-04-22,False,normal,19
O-00900,Becksbrauerei,P-KK,P-KK-V1,2024-04-08,2024-04-28,False,normal,3
O-00901,"James, Stewart and Higgins",P-KK,P-KK-V4,2024-04-10,2024-04-27,False,normal,19
O-00902,Becksbrauerei,P-KK,P-KK-V3,2024-04-14,2024-04-25,False,normal,11
O-00903,Becksbrauerei,P-KK,P-KK-V1,2024-04-10,2024-04-19,False,normal,12
O-00904,Brennan-Johnson,P-KK,P-KK-V4,2024-04-09,2024-04-15,False,normal,20
O-00905,Becksbrauerei,P-DV,P-DV-V1,2024-04-08,2024-04-28,True,hoch,3
O-00906,Becksbrauerei,P-DV,P-DV-V2,2024-04-13,2024-05-03,False,normal,9
O-00907,Becksbrauerei,P-DV,P-DV-V2,2024-04-09,2024-04-19,False,normal,6
O-00908,Becksbrauerei,P-DV,P-DV-V3,2024-04-08,2024-04-22,False,normal,8
O-00909,Young Ltd,P-KK,P-KK-V1,2024-04-12,2024-04-20,False,normal,18
O-00910,Becksbrauerei,P-KK,P-KK-V4,2024-04-14,2024-04-25,False,normal,5
O-00911,Becksbrauerei,P-DV,P-DV-V2,2024-04-09,2024-04-19,False,normal,12
O-00912,Bright-Francis,P-DV,P-DV-V1,2024-04-11,2024-04-24,False,normal,15
O-00913,Becksbrauerei,P-KK,P-KK-V1,2024-04-13,2024-04-19,False,normal,1
O-00914,Good-Hodges,P-DV,P-DV-V3,2024-04-08,2024-04-15,False,normal,19
O-00915,Becksbrauerei,P-DV,P-DV-V2,2024-04-09,2024-04-24,False,normal,8
O-00916,Becksbrauerei,P-KK,P-KK-V2,2024-04-13,2024-05-01,False,normal,8
O-00917,Becksbrauerei,P-KK,P-KK-V4,2024-04-12,2024-05-02,True,hoch,7
O-00918,"Brennan, Wallace and Benson",P-DV,P-DV-V1,2024-04-11,2024-04-27,False,normal,12
O-00919,Becksbrauerei,P-DV,P-DV-V1,2024-04-10,2024-04-19,True,hoch,9
O-00920,Becksbrauerei,P-KK,P-KK-V1,2024-04-14,2024-05-03,False,normal,11
O-00921,Becksbrauerei,P-KK,P-KK-V3,2024-04-12,2024-04-22,False,normal,20
O-00922,Becksbrauerei,P-KK,P-KK-V2,2024-04-08,2024-04-26,False,normal,7
O-00923,Williams Inc,P-DV,P-DV-V2,2024-04-10,2024-04-15,False,normal,8
O-00924,Becksbrauerei,P-KK,P-KK-V3,2024-04-11,2024-04-23,False,normal,5
O-00925,Howard-Jordan,P-KK,P-KK-V4,2024-04-08,2024-04-14,False,normal,17
O-00926,Schmidt PLC,P-KK,P-KK-V4,2024-04-12,2024-04-29,False,normal,4
O-00927,Becksbrauerei,P-DV,P-DV-V2,2024-04-09,2024-04-16,False,normal,14
O-00928,"Sparks, Jackson and Miller",P-KK,P-KK-V2,2024-04-10,2024-04-24,False,normal,1
O-00929,Harvey-Allen,P-DV,P-DV-V3,2024-04-10,2024-04-20,False,normal,19
O-00930,Becksbrauerei,P-KK,P-KK-V4,2024-04-11,2024-04-20,False,normal,12
O-00931,Becksbrauerei,P-DV,P-DV-V3,2024-04-13,2024-04-18,False,normal,11
O-00932,Becksbrauerei,P-KK,P-KK-V3,2024-04-11,2024-04-24,False,normal,19
O-00933,Becksbrauerei,P-KK,P-KK-V1,2024-04-12,2024-04-27,False,normal,12
O-00934,Becksbrauerei,P-KK,P-KK-V1,2024-04-11,2024-04-27,False,normal,12
O-00935,Becksbrauerei,P-KK,P-KK-V1,2024-04-12,2024-04-23,False,normal,18
O-00936,"Thomas, Murray and King",P-KK,P-KK-V4,2024-04-13,2024-04-24,False,normal,11
O-00937,Becksbrauerei,P-DV,P-DV-V2,2024-04-12,2024-04-30,False,normal,12
O-00938,Becksbrauerei,P-DV,P-DV-V2,2024-04-12,2024-05-03,False,normal,18
O-00939,Estrada-Nolan,P-DV,P-DV-V2,2024-04-12,2024-04-28,False,normal,3
O-00940,Becksbrauerei,P-KK,P-KK-V4,2024-04-08,2024-04-15,False,normal,3
O-00941,Becksbrauerei,P-KK,P-KK-V2,2024-04-10,2024-04-18,False,normal,7
O-00942,Becksbrauerei,P-KK,P-KK-V3,2024-04-11,2024-04-20,False,normal,1
O-00943,Becksbrauerei,P-DV,P-DV-V1,2024-04-08,2024-04-13,False,normal,17
O-00944,Santana-Byrd,P-DV,P-DV-V2,2024-04-12,2024-04-27,False,normal,16
O-00945,Becksbrauerei,P-DV,P-DV-V2,2024-04-10,2024-04-19,False,normal,9
O-00946,Becksbrauerei,P-KK,P-KK-V4,2024-04-10,2024-04-24,False,normal,12
O-00947,Becksbrauerei,P-DV,P-DV-V2,2024-04-09,2024-04-19,False,normal,6
O-00948,Becksbrauerei,P-KK,P-KK-V2,2024-04-09,2024-04-17,True,hoch,5
O-00949,Jones LLC,P-DV,P-DV-V2,2024-04-10,2024-04-20,False,normal,11
O-00950,Becksbrauerei,P-DV,P-DV-V1,2024-04-10,2024-04-29,False,normal,10
O-00951,"Evans, Hayden and Vaughn",P-KK,P-KK-V1,2024-04-11,2024-05-01,False,normal,11
O-00952,Bruce-Gonzalez,P-KK,P-KK-V1,2024-04-13,2024-05-04,False,normal,16
O-00953,Castaneda-Rodriguez,P-DV,P-DV-V3,2024-04-13,2024-04-22,False,normal,15
O-00954,Becksbrauerei,P-DV,P-DV-V3,2024-04-08,2024-04-28,False,normal,18
O-00955,Becksbrauerei,P-KK,P-KK-V3,2024-04-08,2024-04-25,False,normal,12
O-00956,Becksbrauerei,P-KK,P-KK-V3,2024-04-08,2024-04-19,False,normal,9
O-00957,Armstrong-Andrews,P-KK,P-KK-V1,2024-04-08,2024-04-27,False,normal,17
O-00958,Becksbrauerei,P-DV,P-DV-V1,2024-04-11,2024-04-26,False,normal,2
O-00959,Becksbrauerei,P-DV,P-DV-V2,2024-04-09,2024-04-27,False,normal,10
O-00960,Becksbrauerei,P-DV,P-DV-V2,2024-04-10,2024-04-29,False,normal,15
O-00961,"Phillips, Spence and Barrett",P-DV,P-DV-V2,2024-04-17,2024-04-27,False,normal,14
O-00962,Becksbrauerei,P-DV,P-DV-V1,2024-04-21,2024-04-28,False,normal,17
O-00963,Becksbrauerei,P-DV,P-DV-V1,2024-04-19,2024-05-06,True,hoch,9
O-00964,Smith-Grimes,P-DV,P-DV-V1,2024-04-19,2024-05-08,False,normal,5
O-00965,Becksbrauerei,P-KK,P-KK-V2,2024-04-21,2024-05-08,False,normal,10
O-00966,"Beltran, Lozano and Mcgee",P-DV,P-DV-V2,2024-04-19,2024-05-08,False,normal,5
O-00967,Becksbrauerei,P-DV,P-DV-V2,2024-04-20,2024-05-10,True,hoch,10
O-00968,Parsons-Hall,P-DV,P-DV-V1,2024-04-18,2024-04-30,True,hoch,16
O-00969,Robinson-Lee,P-KK,P-KK-V3,2024-04-19,2024-05-09,False,normal,16
O-00970,Becksbrauerei,P-KK,P-KK-V3,2024-04-19,2024-04-24,False,normal,2
O-00971,Becksbrauerei,P-KK,P-KK-V3,2024-04-18,2024-04-27,False,normal,12
O-00972,Becksbrauerei,P-DV,P-DV-V3,2024-04-17,2024-04-23,False,normal,3
O-00973,Becksbrauerei,P-KK,P-KK-V2,2024-04-21,2024-04-29,False,normal,11
O-00974,Byrd-Le,P-DV,P-DV-V3,2024-04-21,2024-05-05,False,normal,12
O-00975,Becksbrauerei,P-KK,P-KK-V3,2024-04-21,2024-04-30,True,hoch,12
O-00976,Becksbrauerei,P-DV,P-DV-V2,2024-04-17,2024-04-27,True,hoch,8
O-00977,Becksbrauerei,P-KK,P-KK-V1,2024-04-18,2024-05-07,False,normal,5
O-00978,Becksbrauerei,P-KK,P-KK-V4,2024-04-17,2024-05-01,False,normal,15
O-00979,"Becker, Taylor and Davis",P-DV,P-DV-V1,2024-04-20,2024-05-04,True,hoch,8
O-00980,Becksbrauerei,P-KK,P-KK-V2,2024-04-20,2024-05-02,False,normal,3
O-00981,"Lucas, Parker and Alexander",P-DV,P-DV-V3,2024-04-21,2024-04-29,True,hoch,14
O-00982,Becksbrauerei,P-KK,P-KK-V2,2024-04-15,2024-04-21,False,normal,2
O-00983,Becksbrauerei,P-DV,P-DV-V1,2024-04-17,2024-04-23,True,hoch,4
O-00984,Becksbrauerei,P-KK,P-KK-V2,2024-04-19,2024-04-30,False,normal,3
O-00985,"Diaz, Anderson and Browning",P-KK,P-KK-V3,2024-04-19,2024-05-05,False,normal,20
O-00986,Burgess-Thompson,P-KK,P-KK-V1,2024-04-15,2024-04-20,False,normal,10
O-00987,Buchanan LLC,P-KK,P-KK-V1,2024-04-20,2024-04-28,False,normal,16
O-00988,"Shaw, Nelson and Martin",P-DV,P-DV-V3,2024-04-19,2024-04-29,False,normal,6
O-00989,Becksbrauerei,P-DV,P-DV-V2,2024-04-18,2024-04-29,False,normal,11
O-00990,Coffey-Phillips,P-KK,P-KK-V4,2024-04-15,2024-05-06,False,normal,10
O-00991,Becksbrauerei,P-KK,P-KK-V1,2024-04-17,2024-05-07,True,hoch,20
O-00992,Becksbrauerei,P-DV,P-DV-V3,2024-04-21,2024-05-10,False,normal,14
O-00993,Becksbrauerei,P-KK,P-KK-V1,2024-04-21,2024-05-11,False,normal,1
O-00994,Becksbrauerei,P-DV,P-DV-V3,2024-04-15,2024-05-02,False,normal,3
O-00995,Brock-Mcdonald,P-KK,P-KK-V2,2024-04-18,2024-05-05,False,normal,6
O-00996,Taylor and Sons,P-KK,P-KK-V3,2024-04-16,2024-05-01,False,normal,13
O-00997,Becksbrauerei,P-KK,P-KK-V2,2024-04-21,2024-05-09,False,normal,19
O-00998,Becksbrauerei,P-DV,P-DV-V3,2024-04-18,2024-05-04,False,normal,13
O-00999,Becksbrauerei,P-DV,P-DV-V3,2024-04-17,2024-04-26,False,normal,9
O-01000,"Ramsey, Whitney and Coffey",P-DV,P-DV-V2,2024-04-16,2024-04-25,True,hoch,3
O-01001,Becksbrauerei,P-DV,P-DV-V3,2024-04-15,2024-04-25,False,normal,5
O-01002,Becksbrauerei,P-DV,P-DV-V3,2024-04-19,2024-04-27,False,normal,17
O-01003,Becksbrauerei,P-DV,P-DV-V2,2024-04-16,2024-04-30,False,normal,9
O-01004,Becksbrauerei,P-DV,P-DV-V3,2024-04-19,2024-04-24,False,normal,14
O-01005,Becksbrauerei,P-KK,P-KK-V4,2024-04-18,2024-05-03,False,normal,2
O-01006,Becksbrauerei,P-KK,P-KK-V2,2024-04-19,2024-05-03,False,normal,14
O-01007,Becksbrauerei,P-KK,P-KK-V3,2024-04-20,2024-05-07,False,normal,16
O-01008,Becksbrauerei,P-DV,P-DV-V2,2024-04-19,2024-04-29,False,normal,16
O-01009,Becksbrauerei,P-DV,P-DV-V3,2024-04-20,2024-05-06,False,normal,2
O-01010,"Diaz, Gibbs and Smith",P-KK,P-KK-V1,2024-04-16,2024-05-02,False,normal,1
O-01011,Becksbrauerei,P-DV,P-DV-V2,2024-04-15,2024-05-03,False,normal,12
O-01012,Becksbrauerei,P-KK,P-KK-V2,2024-04-16,2024-04-28,False,normal,3
O-01013,Becksbrauerei,P-DV,P-DV-V1,2024-04-17,2024-04-27,True,hoch,15
O-01014,"Martinez, Richardson and Curry",P-DV,P-DV-V3,2024-04-19,2024-05-07,False,normal,19
O-01015,Becksbrauerei,P-KK,P-KK-V3,2024-04-18,2024-05-05,False,normal,16
O-01016,Richards-Carson,P-KK,P-KK-V2,2024-04-17,2024-05-07,False,normal,11
O-01017,Becksbrauerei,P-KK,P-KK-V3,2024-04-17,2024-05-05,False,normal,3
O-01018,Becksbrauerei,P-KK,P-KK-V3,2024-04-17,2024-04-23,False,normal,8
O-01019,Becksbrauerei,P-KK,P-KK-V1,2024-04-19,2024-05-04,False,normal,17
O-01020,Becksbrauerei,P-DV,P-DV-V2,2024-04-16,2024-05-02,False,normal,10
O-01021,Becksbrauerei,P-DV,P-DV-V2,2024-04-20,2024-05-05,False,normal,20
O-01022,Becksbrauerei,P-DV,P-DV-V3,2024-04-21,2024-05-01,False,normal,17
O-01023,Becksbrauerei,P-KK,P-KK-V4,2024-04-16,2024-05-05,False,normal,20
O-01024,Becksbrauerei,P-DV,P-DV-V3,2024-04-20,2024-04-26,False,normal,5
O-01025,Becksbrauerei,P-KK,P-KK-V2,2024-04-20,2024-05-04,False,normal,3
O-01026,Becksbrauerei,P-KK,P-KK-V4,2024-04-17,2024-05-01,False,normal,20
O-01027,Becksbrauerei,P-KK,P-KK-V4,2024-04-16,2024-04-24,False,normal,10
O-01028,Rodriguez-Hall,P-DV,P-DV-V2,2024-04-19,2024-05-07,False,normal,7
O-01029,Harvey PLC,P-KK,P-KK-V3,2024-04-16,2024-04-21,False,normal,18
O-01030,Becksbrauerei,P-KK,P-KK-V1,2024-04-20,2024-05-10,False,normal,3
O-01031,Becksbrauerei,P-DV,P-DV-V3,2024-04-17,2024-04-24,False,normal,12
O-01032,Becksbrauerei,P-KK,P-KK-V4,2024-04-21,2024-04-30,False,normal,17
O-01033,Becksbrauerei,P-KK,P-KK-V3,2024-04-18,2024-04-25,False,normal,11
O-01034,Herman-Walker,P-DV,P-DV-V3,2024-04-20,2024-05-07,False,normal,14
O-01035,Becksbrauerei,P-KK,P-KK-V2,2024-04-15,2024-04-25,False,normal,14
O-01036,Reid Group,P-DV,P-DV-V3,2024-04-15,2024-05-05,False,normal,4
O-01037,"Turner, Ortiz and Taylor",P-DV,P-DV-V3,2024-04-18,2024-05-08,False,normal,5
O-01038,Becksbrauerei,P-DV,P-DV-V2,2024-04-20,2024-05-06,False,normal,20
O-01039,Becksbrauerei,P-KK,P-KK-V1,2024-04-20,2024-05-02,False,normal,12
O-01040,Torres Group,P-KK,P-KK-V2,2024-04-21,2024-05-10,False,normal,13
O-01041,Davis PLC,P-DV,P-DV-V2,2024-04-15,2024-04-27,False,normal,6
O-01042,Becksbrauerei,P-DV,P-DV-V3,2024-04-17,2024-05-05,False,normal,3
O-01043,Becksbrauerei,P-DV,P-DV-V2,2024-04-20,2024-05-08,False,normal,14
O-01044,Becksbrauerei,P-KK,P-KK-V2,2024-04-20,2024-05-03,False,normal,20
O-01045,Becksbrauerei,P-DV,P-DV-V2,2024-04-20,2024-04-25,False,normal,6
O-01046,Becksbrauerei,P-DV,P-DV-V3,2024-04-16,2024-04-21,False,normal,11
O-01047,Price LLC,P-KK,P-KK-V1,2024-04-16,2024-04-28,False,normal,5
O-01048,Becksbrauerei,P-DV,P-DV-V2,2024-04-18,2024-05-08,False,normal,6
O-01049,Becksbrauerei,P-DV,P-DV-V2,2024-04-16,2024-04-23,False,normal,13
O-01050,"Avery, Horton and Fernandez",P-KK,P-KK-V1,2024-04-15,2024-04-27,False,normal,7
O-01051,Becksbrauerei,P-DV,P-DV-V3,2024-04-28,2024-05-08,True,hoch,20
O-01052,Becksbrauerei,P-DV,P-DV-V1,2024-04-22,2024-05-08,False,normal,1
O-01053,"Newton, Moore and Perry",P-DV,P-DV-V2,2024-04-28,2024-05-18,True,hoch,7
O-01054,Becksbrauerei,P-DV,P-DV-V2,2024-04-27,2024-05-17,False,normal,7
O-01055,Becksbrauerei,P-KK,P-KK-V3,2024-04-27,2024-05-08,False,normal,5
O-01056,Bass PLC,P-KK,P-KK-V3,2024-04-24,2024-05-06,False,normal,12
O-01057,Becksbrauerei,P-DV,P-DV-V1,2024-04-22,2024-05-12,False,normal,13
O-01058,Becksbrauerei,P-KK,P-KK-V4,2024-04-27,2024-05-15,False,normal,4
O-01059,Becksbrauerei,P-KK,P-KK-V1,2024-04-24,2024-05-06,False,normal,20
O-01060,Becksbrauerei,P-KK,P-KK-V1,2024-04-24,2024-05-15,False,normal,13
O-01061,Becksbrauerei,P-DV,P-DV-V1,2024-04-26,2024-05-02,False,normal,17
O-01062,Crosby-Ramirez,P-DV,P-DV-V2,2024-04-25,2024-05-04,True,hoch,14
O-01063,Becksbrauerei,P-KK,P-KK-V3,2024-04-22,2024-05-07,True,hoch,9
O-01064,"Wood, Ramos and Sampson",P-DV,P-DV-V2,2024-04-24,2024-05-07,False,normal,9
O-01065,Becksbrauerei,P-DV,P-DV-V2,2024-04-23,2024-05-08,False,normal,5
O-01066,Becksbrauerei,P-DV,P-DV-V1,2024-04-23,2024-05-02,True,hoch,16
O-01067,Garcia-Jennings,P-DV,P-DV-V1,2024-04-27,2024-05-16,False,normal,16
O-01068,Becksbrauerei,P-KK,P-KK-V4,2024-04-24,2024-05-14,False,normal,5
O-01069,Becksbrauerei,P-KK,P-KK-V3,2024-04-22,2024-05-03,False,normal,6
O-01070,"Winters, Newman and Brown",P-DV,P-DV-V3,2024-04-27,2024-05-08,False,normal,17
O-01071,Becksbrauerei,P-KK,P-KK-V4,2024-04-22,2024-05-04,False,normal,11
O-01072,Becksbrauerei,P-KK,P-KK-V3,2024-04-27,2024-05-05,False,normal,4
O-01073,Lopez-Martinez,P-DV,P-DV-V1,2024-04-22,2024-04-29,False,normal,16
O-01074,Becksbrauerei,P-DV,P-DV-V3,2024-04-24,2024-04-29,False,normal,20
O-01075,Becksbrauerei,P-DV,P-DV-V2,2024-04-27,2024-05-06,False,normal,10
O-01076,Becksbrauerei,P-DV,P-DV-V1,2024-04-27,2024-05-04,False,normal,3
O-01077,Davis-Lewis,P-DV,P-DV-V2,2024-04-23,2024-05-05,False,normal,3
O-01078,Becksbrauerei,P-KK,P-KK-V2,2024-04-23,2024-05-10,False,normal,5
O-01079,"Harper, Smith and Buchanan",P-KK,P-KK-V3,2024-04-25,2024-05-13,False,normal,20
O-01080,Becksbrauerei,P-KK,P-KK-V3,2024-04-27,2024-05-05,False,normal,16
O-01081,Becksbrauerei,P-DV,P-DV-V2,2024-04-25,2024-05-08,False,normal,14
O-01082,Becksbrauerei,P-DV,P-DV-V3,2024-04-23,2024-05-11,False,normal,17
O-01083,Zhang PLC,P-DV,P-DV-V2,2024-04-27,2024-05-09,False,normal,16
O-01084,Jones PLC,P-KK,P-KK-V3,2024-04-25,2024-05-13,True,hoch,10
O-01085,Becksbrauerei,P-KK,P-KK-V2,2024-04-27,2024-05-11,False,normal,10
O-01086,Becksbrauerei,P-KK,P-KK-V1,2024-04-22,2024-05-13,True,hoch,4
O-01087,Becksbrauerei,P-DV,P-DV-V3,2024-04-27,2024-05-10,False,normal,17
O-01088,Becksbrauerei,P-KK,P-KK-V1,2024-04-27,2024-05-16,False,normal,13
O-01089,Willis and Sons,P-KK,P-KK-V1,2024-04-25,2024-05-09,False,normal,15
O-01090,Becksbrauerei,P-DV,P-DV-V2,2024-04-28,2024-05-08,False,normal,20
O-01091,Becksbrauerei,P-DV,P-DV-V3,2024-04-22,2024-05-10,False,normal,4
O-01092,Becksbrauerei,P-KK,P-KK-V2,2024-04-27,2024-05-17,False,normal,20
O-01093,Schroeder-Kramer,P-DV,P-DV-V2,2024-04-26,2024-05-12,False,normal,13
O-01094,Becksbrauerei,P-DV,P-DV-V1,2024-04-23,2024-05-02,True,hoch,1
O-01095,Becksbrauerei,P-KK,P-KK-V1,2024-04-23,2024-05-13,False,normal,14
O-01096,Becksbrauerei,P-KK,P-KK-V1,2024-04-24,2024-05-13,False,normal,4
O-01097,Becksbrauerei,P-KK,P-KK-V2,2024-04-27,2024-05-16,False,normal,15
O-01098,Becksbrauerei,P-KK,P-KK-V2,2024-04-24,2024-05-11,True,hoch,14
O-01099,Becksbrauerei,P-DV,P-DV-V2,2024-04-27,2024-05-11,True,hoch,17
O-01100,Becksbrauerei,P-DV,P-DV-V1,2024-04-27,2024-05-03,False,normal,11
O-01101,Becksbrauerei,P-KK,P-KK-V3,2024-04-27,2024-05-15,False,normal,20
O-01102,Becksbrauerei,P-DV,P-DV-V2,2024-04-27,2024-05-15,True,hoch,7
O-01103,Becksbrauerei,P-DV,P-DV-V2,2024-04-25,2024-05-07,False,normal,11
O-01104,"Smith, Garrison and Thomas",P-DV,P-DV-V1,2024-04-24,2024-05-11,False,normal,12
O-01105,Fernandez and Sons,P-DV,P-DV-V1,2024-04-26,2024-05-07,False,normal,16
O-01106,Becksbrauerei,P-KK,P-KK-V2,2024-04-23,2024-05-03,False,normal,14
O-01107,Guerrero Inc,P-DV,P-DV-V2,2024-04-23,2024-05-04,False,normal,12
O-01108,Smith and Sons,P-DV,P-DV-V2,2024-04-27,2024-05-07,False,normal,17
O-01109,Becksbrauerei,P-KK,P-KK-V1,2024-04-24,2024-05-12,True,hoch,18
O-01110,"Morris, Thompson and Williams",P-KK,P-KK-V4,2024-04-24,2024-05-09,False,normal,18
O-01111,Becksbrauerei,P-DV,P-DV-V1,2024-04-28,2024-05-19,False,normal,2
O-01112,"Fisher, Wilson and Brown",P-DV,P-DV-V2,2024-04-28,2024-05-06,False,normal,20
O-01113,Becksbrauerei,P-KK,P-KK-V1,2024-04-26,2024-05-04,False,normal,7
O-01114,Strickland-Palmer,P-DV,P-DV-V1,2024-04-27,2024-05-11,False,normal,16
O-01115,Becksbrauerei,P-KK,P-KK-V2,2024-04-27,2024-05-13,False,normal,7
O-01116,Hayes and Sons,P-DV,P-DV-V2,2024-04-28,2024-05-03,False,normal,11
O-01117,"Williams, Logan and Camacho",P-DV,P-DV-V3,2024-04-23,2024-04-30,False,normal,14
O-01118,"Turner, Schneider and Johnson",P-DV,P-DV-V3,2024-04-27,2024-05-09,False,normal,14
O-01119,Becksbrauerei,P-KK,P-KK-V2,2024-04-28,2024-05-16,False,normal,15
O-01120,Boone-Simmons,P-DV,P-DV-V1,2024-04-25,2024-05-04,False,normal,17
O-01121,Henry Group,P-KK,P-KK-V1,2024-04-24,2024-05-09,False,normal,14
O-01122,Becksbrauerei,P-KK,P-KK-V4,2024-04-28,2024-05-04,False,normal,19
O-01123,Lam LLC,P-KK,P-KK-V3,2024-04-25,2024-05-12,False,normal,10
O-01124,Becksbrauerei,P-DV,P-DV-V2,2024-04-22,2024-05-05,False,normal,5
O-01125,Becksbrauerei,P-DV,P-DV-V2,2024-04-27,2024-05-08,False,normal,20
O-01126,"Hernandez, Martinez and Weber",P-DV,P-DV-V3,2024-04-24,2024-05-11,False,normal,3
O-01127,Becksbrauerei,P-KK,P-KK-V3,2024-04-25,2024-05-04,False,normal,7
O-01128,Becksbrauerei,P-KK,P-KK-V3,2024-04-26,2024-05-11,False,normal,1
O-01129,"Kelley, Nguyen and Vang",P-DV,P-DV-V1,2024-04-28,2024-05-12,False,normal,4
O-01130,Becksbrauerei,P-KK,P-KK-V3,2024-04-24,2024-05-15,False,normal,4
O-01131,"Phillips, Wagner and Jordan",P-DV,P-DV-V2,2024-04-26,2024-05-01,False,normal,19
O-01132,"Wilson, Pena and Rich",P-KK,P-KK-V3,2024-04-24,2024-05-08,False,normal,19
O-01133,Becksbrauerei,P-KK,P-KK-V4,2024-04-26,2024-05-08,True,hoch,7
O-01134,"Le, Lewis and Hayes",P-DV,P-DV-V2,2024-04-22,2024-05-01,False,normal,3
O-01135,Becksbrauerei,P-KK,P-KK-V1,2024-04-25,2024-05-04,False,normal,12
O-01136,Gutierrez Group,P-DV,P-DV-V3,2024-04-26,2024-05-17,False,normal,19
O-01137,Perry-Davis,P-DV,P-DV-V3,2024-04-25,2024-05-14,False,normal,14
O-01138,Becksbrauerei,P-KK,P-KK-V2,2024-04-26,2024-05-05,False,normal,17
O-01139,Becksbrauerei,P-KK,P-KK-V2,2024-04-25,2024-05-15,True,hoch,18
O-01140,Becksbrauerei,P-DV,P-DV-V1,2024-04-26,2024-05-14,True,hoch,10
O-01141,Becksbrauerei,P-KK,P-KK-V2,2024-04-29,2024-05-15,False,normal,10
O-01142,Becksbrauerei,P-DV,P-DV-V1,2024-05-05,2024-05-14,False,normal,2
O-01143,Becksbrauerei,P-DV,P-DV-V2,2024-04-30,2024-05-10,False,normal,4
O-01144,Becksbrauerei,P-DV,P-DV-V1,2024-05-05,2024-05-11,False,normal,19
O-01145,Edwards-Scott,P-DV,P-DV-V2,2024-05-05,2024-05-22,False,normal,20
O-01146,Becksbrauerei,P-KK,P-KK-V2,2024-05-03,2024-05-22,False,normal,5
O-01147,Mcdaniel Group,P-DV,P-DV-V1,2024-05-05,2024-05-23,False,normal,11
O-01148,Davis Inc,P-KK,P-KK-V4,2024-05-04,2024-05-17,False,normal,1
O-01149,Becksbrauerei,P-DV,P-DV-V3,2024-05-04,2024-05-12,False,normal,20
O-01150,Becksbrauerei,P-KK,P-KK-V2,2024-05-05,2024-05-25,False,normal,18
O-01151,Reynolds Ltd,P-KK,P-KK-V1,2024-05-01,2024-05-12,False,normal,19
O-01152,Becksbrauerei,P-DV,P-DV-V1,2024-05-05,2024-05-20,False,normal,1
O-01153,Becksbrauerei,P-DV,P-DV-V2,2024-04-30,2024-05-18,True,hoch,13
O-01154,Becksbrauerei,P-DV,P-DV-V1,2024-04-29,2024-05-07,False,normal,6
O-01155,Becksbrauerei,P-DV,P-DV-V1,2024-04-30,2024-05-14,False,normal,2
O-01156,Becksbrauerei,P-DV,P-DV-V1,2024-04-29,2024-05-05,False,normal,5
O-01157,"Watson, Anderson and Brown",P-DV,P-DV-V2,2024-05-01,2024-05-18,False,normal,2
O-01158,"Hoffman, Santiago and Jenkins",P-KK,P-KK-V2,2024-05-05,2024-05-17,False,normal,13
O-01159,Becksbrauerei,P-KK,P-KK-V3,2024-04-29,2024-05-14,False,normal,16
O-01160,Becksbrauerei,P-KK,P-KK-V4,2024-05-04,2024-05-16,False,normal,18
O-01161,Becksbrauerei,P-KK,P-KK-V2,2024-05-05,2024-05-14,False,normal,3
O-01162,Becksbrauerei,P-KK,P-KK-V2,2024-05-01,2024-05-11,False,normal,14
O-01163,Becksbrauerei,P-DV,P-DV-V1,2024-04-29,2024-05-18,False,normal,6
O-01164,"Pugh, Henderson and Moon",P-KK,P-KK-V1,2024-05-02,2024-05-15,False,normal,13
O-01165,Becksbrauerei,P-DV,P-DV-V3,2024-04-30,2024-05-21,False,normal,18
O-01166,Schmitt PLC,P-KK,P-KK-V3,2024-04-29,2024-05-16,False,normal,18
O-01167,Becksbrauerei,P-DV,P-DV-V2,2024-04-30,2024-05-21,False,normal,11
O-01168,Bell-Lane,P-DV,P-DV-V3,2024-05-02,2024-05-15,False,normal,11
O-01169,Moore Group,P-KK,P-KK-V4,2024-05-03,2024-05-18,True,hoch,1
O-01170,Boone LLC,P-DV,P-DV-V1,2024-04-29,2024-05-09,False,normal,16
O-01171,"Richardson, Farmer and Andrews",P-DV,P-DV-V3,2024-04-29,2024-05-06,False,normal,15
O-01172,Becksbrauerei,P-KK,P-KK-V3,2024-05-05,2024-05-22,False,normal,6
O-01173,Becksbrauerei,P-KK,P-KK-V1,2024-05-02,2024-05-18,False,normal,8
O-01174,Bruce-Villegas,P-KK,P-KK-V3,2024-05-04,2024-05-20,False,normal,10
O-01175,Becksbrauerei,P-KK,P-KK-V2,2024-05-02,2024-05-18,True,hoch,20
O-01176,Becksbrauerei,P-KK,P-KK-V1,2024-04-30,2024-05-17,True,hoch,17
O-01177,Becksbrauerei,P-DV,P-DV-V1,2024-05-03,2024-05-14,False,normal,20
O-01178,Becksbrauerei,P-KK,P-KK-V1,2024-05-03,2024-05-12,False,normal,19
O-01179,"Austin, Day and Johnson",P-KK,P-KK-V3,2024-04-30,2024-05-05,False,normal,18
O-01180,Becksbrauerei,P-DV,P-DV-V3,2024-05-03,2024-05-22,True,hoch,2
O-01181,"Gallegos, Adams and White",P-DV,P-DV-V2,2024-05-05,2024-05-23,False,normal,15
O-01182,Becksbrauerei,P-DV,P-DV-V2,2024-05-03,2024-05-09,False,normal,9
O-01183,Becksbrauerei,P-DV,P-DV-V3,2024-05-02,2024-05-17,True,hoch,3
O-01184,"Farmer, Dorsey and Bell",P-KK,P-KK-V2,2024-05-04,2024-05-22,False,normal,7
O-01185,Becksbrauerei,P-KK,P-KK-V3,2024-05-01,2024-05-08,False,normal,16
O-01186,Becksbrauerei,P-DV,P-DV-V1,2024-05-03,2024-05-18,False,normal,16
O-01187,Becksbrauerei,P-KK,P-KK-V3,2024-05-05,2024-05-11,False,normal,8
O-01188,Becksbrauerei,P-KK,P-KK-V4,2024-05-05,2024-05-13,False,normal,3
O-01189,Kane PLC,P-KK,P-KK-V1,2024-05-02,2024-05-17,False,normal,5
O-01190,Becksbrauerei,P-KK,P-KK-V4,2024-04-29,2024-05-13,False,normal,4
O-01191,Becksbrauerei,P-KK,P-KK-V1,2024-05-01,2024-05-18,False,normal,14
O-01192,Becksbrauerei,P-KK,P-KK-V1,2024-05-02,2024-05-19,False,normal,20
O-01193,Becksbrauerei,P-KK,P-KK-V3,2024-05-04,2024-05-09,False,normal,7
O-01194,"Morales, Thomas and Schultz",P-KK,P-KK-V1,2024-04-29,2024-05-06,False,normal,19
O-01195,Becksbrauerei,P-KK,P-KK-V3,2024-05-01,2024-05-19,False,normal,6
O-01196,Becksbrauerei,P-KK,P-KK-V2,2024-05-05,2024-05-11,True,hoch,14
O-01197,Becksbrauerei,P-DV,P-DV-V2,2024-05-03,2024-05-12,False,normal,11
O-01198,Becksbrauerei,P-DV,P-DV-V2,2024-04-29,2024-05-20,False,normal,2
O-01199,Becksbrauerei,P-KK,P-KK-V1,2024-05-02,2024-05-18,False,normal,7
O-01200,Davis PLC,P-KK,P-KK-V3,2024-04-30,2024-05-20,False,normal,20
O-01201,Becksbrauerei,P-DV,P-DV-V3,2024-05-03,2024-05-18,False,normal,6
O-01202,Bennett Group,P-KK,P-KK-V4,2024-05-05,2024-05-11,False,normal,8
O-01203,Moore-Collins,P-KK,P-KK-V4,2024-05-03,2024-05-14,False,normal,11
O-01204,Becksbrauerei,P-DV,P-DV-V1,2024-05-02,2024-05-12,False,normal,1
O-01205,Becksbrauerei,P-KK,P-KK-V3,2024-04-29,2024-05-07,False,normal,19
O-01206,Becksbrauerei,P-DV,P-DV-V1,2024-04-29,2024-05-10,False,normal,9
O-01207,Becksbrauerei,P-KK,P-KK-V3,2024-05-05,2024-05-17,False,normal,9
O-01208,Frank-Bradley,P-KK,P-KK-V1,2024-05-05,2024-05-14,False,normal,4
O-01209,Ware and Sons,P-DV,P-DV-V1,2024-05-01,2024-05-20,False,normal,6
O-01210,Webster Inc,P-DV,P-DV-V3,2024-04-29,2024-05-07,False,normal,7
O-01211,Becksbrauerei,P-KK,P-KK-V4,2024-05-04,2024-05-20,False,normal,8
O-01212,Becksbrauerei,P-KK,P-KK-V2,2024-05-05,2024-05-19,False,normal,2
O-01213,"Miller, Ramos and Coleman",P-DV,P-DV-V1,2024-05-05,2024-05-26,False,normal,7
O-01214,Becksbrauerei,P-KK,P-KK-V4,2024-05-05,2024-05-12,False,normal,17
O-01215,"Ramos, Nelson and Fischer",P-DV,P-DV-V2,2024-05-03,2024-05-22,False,normal,17
O-01216,Becksbrauerei,P-DV,P-DV-V3,2024-05-02,2024-05-22,False,normal,19
O-01217,Becksbrauerei,P-KK,P-KK-V2,2024-04-30,2024-05-11,False,normal,7
O-01218,Becksbrauerei,P-DV,P-DV-V2,2024-05-02,2024-05-12,False,normal,18
O-01219,Becksbrauerei,P-KK,P-KK-V2,2024-05-05,2024-05-12,False,normal,8
O-01220,Becksbrauerei,P-KK,P-KK-V4,2024-05-03,2024-05-18,False,normal,14
O-01221,Becksbrauerei,P-DV,P-DV-V2,2024-05-01,2024-05-14,False,normal,8
O-01222,Becksbrauerei,P-DV,P-DV-V3,2024-04-29,2024-05-15,False,normal,17
O-01223,Becksbrauerei,P-KK,P-KK-V3,2024-04-30,2024-05-08,True,hoch,18
O-01224,Reed Inc,P-KK,P-KK-V3,2024-04-30,2024-05-15,False,normal,9
O-01225,Becksbrauerei,P-KK,P-KK-V2,2024-05-05,2024-05-18,True,hoch,12
O-01226,Becksbrauerei,P-DV,P-DV-V2,2024-05-05,2024-05-10,False,normal,5
O-01227,Becksbrauerei,P-DV,P-DV-V1,2024-04-30,2024-05-11,False,normal,18
O-01228,Becksbrauerei,P-DV,P-DV-V3,2024-05-05,2024-05-24,False,normal,7
O-01229,Gregory-Watkins,P-DV,P-DV-V3,2024-05-02,2024-05-13,False,normal,1
O-01230,"Estrada, Williams and Foster",P-DV,P-DV-V1,2024-05-03,2024-05-12,False,normal,16
O-01231,"Brown, Harris and Dougherty",P-DV,P-DV-V2,2024-05-07,2024-05-25,False,normal,18
O-01232,Becksbrauerei,P-DV,P-DV-V2,2024-05-10,2024-05-15,False,normal,5
O-01233,Becksbrauerei,P-KK,P-KK-V3,2024-05-10,2024-05-27,False,normal,13
O-01234,Becksbrauerei,P-KK,P-KK-V4,2024-05-07,2024-05-27,True,hoch,15
O-01235,Becksbrauerei,P-DV,P-DV-V1,2024-05-07,2024-05-15,False,normal,20
O-01236,Duran LLC,P-DV,P-DV-V1,2024-05-07,2024-05-18,True,hoch,10
O-01237,Becksbrauerei,P-KK,P-KK-V2,2024-05-08,2024-05-29,True,hoch,17
O-01238,Wilson-Jimenez,P-KK,P-KK-V2,2024-05-08,2024-05-26,False,normal,5
O-01239,Thompson-James,P-DV,P-DV-V2,2024-05-11,2024-05-18,False,normal,7
O-01240,Becksbrauerei,P-KK,P-KK-V2,2024-05-08,2024-05-26,False,normal,6
O-01241,Becksbrauerei,P-DV,P-DV-V3,2024-05-07,2024-05-28,False,normal,7
O-01242,Becksbrauerei,P-KK,P-KK-V2,2024-05-09,2024-05-16,False,normal,8
O-01243,Becksbrauerei,P-DV,P-DV-V3,2024-05-09,2024-05-28,False,normal,3
O-01244,"Hall, Hansen and Barnett",P-DV,P-DV-V3,2024-05-09,2024-05-25,False,normal,10
O-01245,Becksbrauerei,P-DV,P-DV-V3,2024-05-12,2024-05-22,False,normal,20
O-01246,Becksbrauerei,P-DV,P-DV-V2,2024-05-09,2024-05-19,False,normal,2
O-01247,Becksbrauerei,P-KK,P-KK-V2,2024-05-08,2024-05-22,False,normal,7
O-01248,Becksbrauerei,P-DV,P-DV-V2,2024-05-12,2024-05-20,False,normal,4
O-01249,Becksbrauerei,P-DV,P-DV-V2,2024-05-09,2024-05-19,False,normal,15
O-01250,Jones-Hensley,P-KK,P-KK-V1,2024-05-11,2024-05-30,False,normal,7
O-01251,Graham Group,P-DV,P-DV-V1,2024-05-06,2024-05-19,True,hoch,11
O-01252,Becksbrauerei,P-DV,P-DV-V2,2024-05-09,2024-05-16,True,hoch,15
O-01253,Becksbrauerei,P-KK,P-KK-V4,2024-05-12,2024-05-25,False,normal,1
O-01254,Becksbrauerei,P-KK,P-KK-V2,2024-05-08,2024-05-16,False,normal,3
O-01255,Becksbrauerei,P-KK,P-KK-V3,2024-05-07,2024-05-26,False,normal,2
O-01256,Atkins PLC,P-KK,P-KK-V4,2024-05-11,2024-05-17,False,normal,4
O-01257,Becksbrauerei,P-DV,P-DV-V3,2024-05-08,2024-05-27,True,hoch,13
O-01258,Becksbrauerei,P-KK,P-KK-V2,2024-05-08,2024-05-20,False,normal,1
O-01259,Becksbrauerei,P-KK,P-KK-V3,2024-05-12,2024-05-23,False,normal,4
O-01260,Berry-Mckinney,P-KK,P-KK-V2,2024-05-06,2024-05-24,False,normal,11
O-01261,Becksbrauerei,P-KK,P-KK-V2,2024-05-10,2024-05-27,False,normal,7
O-01262,Becksbrauerei,P-KK,P-KK-V3,2024-05-08,2024-05-18,True,hoch,1
O-01263,Roberts-Sullivan,P-DV,P-DV-V1,2024-05-09,2024-05-21,True,hoch,20
O-01264,Jackson-Meza,P-DV,P-DV-V1,2024-05-06,2024-05-17,False,normal,16
O-01265,Collier-Gillespie,P-KK,P-KK-V2,2024-05-08,2024-05-16,False,normal,13
O-01266,Becksbrauerei,P-KK,P-KK-V3,2024-05-07,2024-05-22,False,normal,3
O-01267,Becksbrauerei,P-DV,P-DV-V1,2024-05-10,2024-05-29,False,normal,8
O-01268,Kim Inc,P-KK,P-KK-V2,2024-05-06,2024-05-14,False,normal,8
O-01269,Becksbrauerei,P-KK,P-KK-V1,2024-05-07,2024-05-23,False,normal,13
O-01270,Becksbrauerei,P-KK,P-KK-V1,2024-05-07,2024-05-26,False,normal,9
O-01271,Graham Group,P-DV,P-DV-V3,2024-05-12,2024-05-18,False,normal,10
O-01272,Becksbrauerei,P-KK,P-KK-V2,2024-05-12,2024-05-27,False,normal,2
O-01273,Becksbrauerei,P-KK,P-KK-V2,2024-05-10,2024-05-27,False,normal,1
O-01274,"Miller, Harrell and Reese",P-KK,P-KK-V4,2024-05-06,2024-05-17,True,hoch,7
O-01275,Becksbrauerei,P-KK,P-KK-V1,2024-05-07,2024-05-18,False,normal,15
O-01276,Becksbrauerei,P-DV,P-DV-V1,2024-05-11,2024-05-22,False,normal,8
O-01277,Becksbrauerei,P-DV,P-DV-V2,2024-05-10,2024-05-29,False,normal,16
O-01278,Becksbrauerei,P-KK,P-KK-V3,2024-05-09,2024-05-26,False,normal,17
O-01279,Becksbrauerei,P-DV,P-DV-V1,2024-05-12,2024-06-01,True,hoch,3
O-01280,Becksbrauerei,P-DV,P-DV-V3,2024-05-10,2024-05-19,False,normal,13
O-01281,Becksbrauerei,P-DV,P-DV-V2,2024-05-09,2024-05-23,False,normal,3
O-01282,Cook and Sons,P-DV,P-DV-V1,2024-05-11,2024-05-31,False,normal,1
O-01283,Dixon Inc,P-KK,P-KK-V3,2024-05-09,2024-05-26,False,normal,12
O-01284,Becksbrauerei,P-DV,P-DV-V2,2024-05-08,2024-05-15,False,normal,4
O-01285,"Hicks, Bullock and Bailey",P-DV,P-DV-V3,2024-05-07,2024-05-18,False,normal,12
O-01286,Becksbrauerei,P-DV,P-DV-V3,2024-05-11,2024-05-27,False,normal,14
O-01287,Becksbrauerei,P-KK,P-KK-V2,2024-05-09,2024-05-15,False,normal,1
O-01288,Becksbrauerei,P-KK,P-KK-V3,2024-05-10,2024-05-29,False,normal,8
O-01289,"Mullen, Brewer and Hernandez",P-KK,P-KK-V1,2024-05-06,2024-05-13,False,normal,13
O-01290,Becksbrauerei,P-KK,P-KK-V2,2024-05-09,2024-05-19,False,normal,10
O-01291,Thomas and Sons,P-DV,P-DV-V3,2024-05-08,2024-05-26,False,normal,3
O-01292,Becksbrauerei,P-KK,P-KK-V3,2024-05-12,2024-05-21,False,normal,13
O-01293,Becksbrauerei,P-DV,P-DV-V1,2024-05-07,2024-05-27,True,hoch,14
O-01294,Becksbrauerei,P-DV,P-DV-V3,2024-05-08,2024-05-26,False,normal,5
O-01295,Becksbrauerei,P-KK,P-KK-V4,2024-05-07,2024-05-28,False,normal,7
O-01296,Becksbrauerei,P-KK,P-KK-V2,2024-05-06,2024-05-16,False,normal,14
O-01297,Becksbrauerei,P-DV,P-DV-V3,2024-05-10,2024-05-18,False,normal,10
O-01298,Becksbrauerei,P-KK,P-KK-V4,2024-05-06,2024-05-19,True,hoch,8
O-01299,Becksbrauerei,P-DV,P-DV-V2,2024-05-11,2024-05-19,True,hoch,1
O-01300,Becksbrauerei,P-KK,P-KK-V1,2024-05-07,2024-05-28,False,normal,17
O-01301,Becksbrauerei,P-DV,P-DV-V2,2024-05-09,2024-05-24,False,normal,11
O-01302,Becksbrauerei,P-DV,P-DV-V1,2024-05-08,2024-05-25,False,normal,12
O-01303,Becksbrauerei,P-DV,P-DV-V1,2024-05-06,2024-05-25,False,normal,5
O-01304,Morrison Ltd,P-KK,P-KK-V1,2024-05-12,2024-06-02,False,normal,8
O-01305,Becksbrauerei,P-DV,P-DV-V2,2024-05-10,2024-05-30,False,normal,1
O-01306,Thompson Ltd,P-DV,P-DV-V1,2024-05-11,2024-05-27,False,normal,11
O-01307,Becksbrauerei,P-DV,P-DV-V1,2024-05-10,2024-05-30,False,normal,3
O-01308,Becksbrauerei,P-DV,P-DV-V2,2024-05-09,2024-05-17,False,normal,7
O-01309,Becksbrauerei,P-KK,P-KK-V1,2024-05-07,2024-05-27,False,normal,18
O-01310,Becksbrauerei,P-DV,P-DV-V1,2024-05-09,2024-05-17,False,normal,8
O-01311,Marshall-Elliott,P-KK,P-KK-V2,2024-05-12,2024-05-19,True,hoch,1
O-01312,Becksbrauerei,P-KK,P-KK-V3,2024-05-09,2024-05-22,False,normal,16
O-01313,"Cole, Glass and Cunningham",P-KK,P-KK-V2,2024-05-10,2024-05-30,True,hoch,8
O-01314,"Downs, Morris and Maddox",P-KK,P-KK-V3,2024-05-09,2024-05-26,False,normal,14
O-01315,Becksbrauerei,P-KK,P-KK-V2,2024-05-08,2024-05-16,False,normal,11
O-01316,Becksbrauerei,P-KK,P-KK-V1,2024-05-10,2024-05-26,True,hoch,13
O-01317,Hernandez-Jones,P-KK,P-KK-V3,2024-05-06,2024-05-17,False,normal,11
O-01318,Becksbrauerei,P-DV,P-DV-V3,2024-05-12,2024-05-21,False,normal,8
O-01319,Welch-Hogan,P-KK,P-KK-V4,2024-05-06,2024-05-25,False,normal,10
O-01320,Becksbrauerei,P-KK,P-KK-V4,2024-05-11,2024-05-30,False,normal,2
O-01321,"Brown, Romero and Collins",P-DV,P-DV-V2,2024-05-17,2024-05-25,False,normal,19
O-01322,Johnson-Wood,P-DV,P-DV-V3,2024-05-19,2024-05-30,False,normal,13
O-01323,Jones-Lin,P-KK,P-KK-V3,2024-05-14,2024-05-25,False,normal,8
O-01324,Becksbrauerei,P-KK,P-KK-V2,2024-05-19,2024-06-08,False,normal,6
O-01325,Gilbert PLC,P-KK,P-KK-V4,2024-05-15,2024-06-02,False,normal,13
O-01326,Ford-Spencer,P-DV,P-DV-V1,2024-05-17,2024-05-31,False,normal,18
O-01327,Becksbrauerei,P-DV,P-DV-V1,2024-05-14,2024-05-29,False,normal,2
O-01328,Becksbrauerei,P-DV,P-DV-V2,2024-05-18,2024-05-28,False,normal,16
O-01329,Becksbrauerei,P-DV,P-DV-V1,2024-05-14,2024-05-25,False,normal,1
O-01330,"Huang, Cole and Pacheco",P-DV,P-DV-V3,2024-05-19,2024-05-27,False,normal,5
O-01331,Becksbrauerei,P-DV,P-DV-V2,2024-05-18,2024-05-28,False,normal,16
O-01332,Becksbrauerei,P-KK,P-KK-V1,2024-05-13,2024-06-03,False,normal,5
O-01333,Becksbrauerei,P-DV,P-DV-V1,2024-05-13,2024-05-21,False,normal,20
O-01334,"Lopez, Jacobs and Mason",P-KK,P-KK-V4,2024-05-19,2024-05-26,False,normal,13
O-01335,Becksbrauerei,P-DV,P-DV-V3,2024-05-18,2024-06-06,False,normal,3
O-01336,Becksbrauerei,P-KK,P-KK-V4,2024-05-18,2024-06-08,False,normal,19
O-01337,Becksbrauerei,P-DV,P-DV-V2,2024-05-18,2024-05-26,False,normal,16
O-01338,Becksbrauerei,P-DV,P-DV-V2,2024-05-17,2024-05-26,True,hoch,18
O-01339,Hayes LLC,P-KK,P-KK-V4,2024-05-19,2024-05-24,False,normal,17
O-01340,Becksbrauerei,P-DV,P-DV-V1,2024-05-17,2024-05-25,False,normal,4
O-01341,Becksbrauerei,P-KK,P-KK-V2,2024-05-13,2024-06-01,False,normal,5
O-01342,Becksbrauerei,P-KK,P-KK-V2,2024-05-13,2024-05-26,False,normal,4
O-01343,"Miller, Lucas and Williams",P-DV,P-DV-V2,2024-05-17,2024-05-27,False,normal,1
O-01344,Becksbrauerei,P-KK,P-KK-V3,2024-05-13,2024-06-03,False,normal,18
O-01345,Becksbrauerei,P-DV,P-DV-V1,2024-05-17,2024-06-06,False,normal,12
O-01346,Becksbrauerei,P-KK,P-KK-V1,2024-05-18,2024-05-24,False,normal,10
O-01347,Becksbrauerei,P-KK,P-KK-V2,2024-05-17,2024-05-28,False,normal,20
O-01348,Becksbrauerei,P-DV,P-DV-V1,2024-05-17,2024-05-30,False,normal,6
O-01349,"Kim, Gonzales and Mills",P-DV,P-DV-V2,2024-05-13,2024-05-26,False,normal,5
O-01350,Cox LLC,P-KK,P-KK-V1,2024-05-18,2024-05-31,False,normal,7
O-01351,Becksbrauerei,P-DV,P-DV-V3,2024-05-18,2024-06-08,False,normal,5
O-01352,Becksbrauerei,P-DV,P-DV-V2,2024-05-16,2024-05-21,False,normal,9
O-01353,Becksbrauerei,P-KK,P-KK-V1,2024-05-18,2024-06-05,True,hoch,12
O-01354,Becksbrauerei,P-DV,P-DV-V2,2024-05-14,2024-05-26,False,normal,8
O-01355,Ortiz-Morgan,P-DV,P-DV-V1,2024-05-19,2024-05-27,False,normal,10
O-01356,"Williams, Mccoy and Cook",P-DV,P-DV-V1,2024-05-17,2024-06-02,False,normal,18
O-01357,Davis-Gregory,P-DV,P-DV-V3,2024-05-13,2024-05-19,False,normal,13
O-01358,Becksbrauerei,P-KK,P-KK-V3,2024-05-19,2024-06-05,False,normal,1
O-01359,Becksbrauerei,P-KK,P-KK-V2,2024-05-14,2024-05-31,False,normal,12
O-01360,King-York,P-KK,P-KK-V4,2024-05-18,2024-06-06,False,normal,15
O-01361,"Marks, Cook and Aguilar",P-DV,P-DV-V2,2024-05-16,2024-06-06,False,normal,8
O-01362,Becksbrauerei,P-DV,P-DV-V3,2024-05-19,2024-05-26,False,normal,11
O-01363,Becksbrauerei,P-KK,P-KK-V1,2024-05-13,2024-05-25,False,normal,2
O-01364,Becksbrauerei,P-KK,P-KK-V3,2024-05-17,2024-06-06,False,normal,14
O-01365,Becksbrauerei,P-KK,P-KK-V4,2024-05-16,2024-06-06,False,normal,18
O-01366,Rangel LLC,P-KK,P-KK-V4,2024-05-13,2024-05-24,False,normal,14
O-01367,Becksbrauerei,P-DV,P-DV-V1,2024-05-18,2024-06-08,False,normal,15
O-01368,Becksbrauerei,P-KK,P-KK-V2,2024-05-14,2024-05-21,False,normal,12
O-01369,"Hale, Myers and Larson",P-KK,P-KK-V4,2024-05-16,2024-06-02,False,normal,11
O-01370,Becksbrauerei,P-KK,P-KK-V1,2024-05-15,2024-05-29,False,normal,1
O-01371,Becksbrauerei,P-DV,P-DV-V1,2024-05-15,2024-06-05,False,normal,15
O-01372,Becksbrauerei,P-DV,P-DV-V1,2024-05-15,2024-05-20,False,normal,12
O-01373,Becksbrauerei,P-KK,P-KK-V1,2024-05-15,2024-05-25,False,normal,14
O-01374,Becksbrauerei,P-DV,P-DV-V1,2024-05-13,2024-06-03,False,normal,4
O-01375,Becksbrauerei,P-DV,P-DV-V1,2024-05-14,2024-05-27,False,normal,10
O-01376,Becksbrauerei,P-DV,P-DV-V2,2024-05-14,2024-05-27,True,hoch,15
O-01377,Collins Group,P-KK,P-KK-V2,2024-05-15,2024-06-02,True,hoch,7
O-01378,Becksbrauerei,P-KK,P-KK-V2,2024-05-15,2024-05-21,False,normal,11
O-01379,"Conner, Li and Santiago",P-KK,P-KK-V2,2024-05-18,2024-05-29,False,normal,9
O-01380,"Osborn, Gaines and Davis",P-KK,P-KK-V4,2024-05-16,2024-06-05,False,normal,11
O-01381,"Henderson, Cox and Cox",P-DV,P-DV-V3,2024-05-18,2024-06-04,False,normal,1
O-01382,Bean LLC,P-KK,P-KK-V2,2024-05-15,2024-06-05,True,hoch,2
O-01383,Becksbrauerei,P-DV,P-DV-V2,2024-05-17,2024-05-22,False,normal,16
O-01384,Becksbrauerei,P-KK,P-KK-V4,2024-05-14,2024-05-23,False,normal,9
O-01385,Becksbrauerei,P-KK,P-KK-V3,2024-05-18,2024-05-30,False,normal,16
O-01386,Becksbrauerei,P-KK,P-KK-V2,2024-05-14,2024-05-23,False,normal,2
O-01387,Becksbrauerei,P-DV,P-DV-V1,2024-05-14,2024-06-01,True,hoch,2
O-01388,Lee-Cooke,P-DV,P-DV-V2,2024-05-17,2024-05-31,False,normal,8
O-01389,Becksbrauerei,P-DV,P-DV-V2,2024-05-16,2024-05-22,False,normal,10
O-01390,Jones Inc,P-KK,P-KK-V3,2024-05-15,2024-05-28,False,normal,8
O-01391,Becksbrauerei,P-DV,P-DV-V1,2024-05-14,2024-05-20,True,hoch,11
O-01392,Becksbrauerei,P-KK,P-KK-V3,2024-05-16,2024-05-29,False,normal,6
O-01393,Becksbrauerei,P-DV,P-DV-V2,2024-05-15,2024-05-30,False,normal,1
O-01394,Becksbrauerei,P-KK,P-KK-V3,2024-05-15,2024-05-31,False,normal,20
O-01395,Becksbrauerei,P-DV,P-DV-V1,2024-05-18,2024-05-31,False,normal,4
O-01396,Becksbrauerei,P-KK,P-KK-V1,2024-05-13,2024-05-24,False,normal,4
O-01397,Becksbrauerei,P-KK,P-KK-V3,2024-05-15,2024-06-04,False,normal,5
O-01398,Becksbrauerei,P-KK,P-KK-V2,2024-05-14,2024-06-01,False,normal,18
O-01399,Becksbrauerei,P-DV,P-DV-V2,2024-05-16,2024-05-24,False,normal,14
O-01400,Becksbrauerei,P-KK,P-KK-V2,2024-05-17,2024-05-30,False,normal,2
O-01401,Becksbrauerei,P-KK,P-KK-V2,2024-05-18,2024-06-04,False,normal,17
O-01402,"Wise, Conley and Stephenson",P-KK,P-KK-V2,2024-05-16,2024-06-06,False,normal,13
O-01403,Becksbrauerei,P-DV,P-DV-V1,2024-05-14,2024-05-19,False,normal,1
O-01404,Stanley PLC,P-DV,P-DV-V3,2024-05-18,2024-06-08,False,normal,10
O-01405,Becksbrauerei,P-DV,P-DV-V3,2024-05-13,2024-05-23,False,normal,10
O-01406,Harper and Sons,P-KK,P-KK-V2,2024-05-15,2024-05-24,False,normal,8
O-01407,White Ltd,P-KK,P-KK-V1,2024-05-13,2024-05-29,False,normal,11
O-01408,Becksbrauerei,P-KK,P-KK-V3,2024-05-18,2024-05-27,False,normal,11
O-01409,"Lamb, Martin and Kim",P-KK,P-KK-V1,2024-05-19,2024-06-04,False,normal,6
O-01410,Diaz-Ball,P-DV,P-DV-V1,2024-05-17,2024-05-25,False,normal,9
O-01411,Becksbrauerei,P-KK,P-KK-V4,2024-05-21,2024-06-05,False,normal,13
O-01412,Bishop-Goodwin,P-KK,P-KK-V4,2024-05-21,2024-06-08,False,normal,3
O-01413,Becksbrauerei,P-DV,P-DV-V1,2024-05-23,2024-06-02,False,normal,19
O-01414,Becksbrauerei,P-DV,P-DV-V3,2024-05-21,2024-06-04,True,hoch,6
O-01415,Becksbrauerei,P-DV,P-DV-V3,2024-05-24,2024-06-04,True,hoch,8
O-01416,Becksbrauerei,P-DV,P-DV-V3,2024-05-23,2024-05-31,False,normal,1
O-01417,Becksbrauerei,P-KK,P-KK-V4,2024-05-23,2024-05-28,True,hoch,2
O-01418,Young-Allen,P-KK,P-KK-V2,2024-05-26,2024-06-02,False,normal,20
O-01419,Mckee-Lee,P-KK,P-KK-V1,2024-05-26,2024-06-03,False,normal,3
O-01420,Becksbrauerei,P-KK,P-KK-V2,2024-05-23,2024-06-11,False,normal,16
O-01421,Becksbrauerei,P-KK,P-KK-V2,2024-05-20,2024-06-02,False,normal,2
O-01422,Becksbrauerei,P-KK,P-KK-V3,2024-05-20,2024-06-10,False,normal,1
O-01423,Becksbrauerei,P-KK,P-KK-V1,2024-05-21,2024-06-08,False,normal,10
O-01424,"Valentine, Joyce and Murray",P-KK,P-KK-V4,2024-05-25,2024-06-02,False,normal,8
O-01425,Becksbrauerei,P-KK,P-KK-V3,2024-05-22,2024-05-29,False,normal,3
O-01426,Becksbrauerei,P-KK,P-KK-V2,2024-05-21,2024-06-08,False,normal,14
O-01427,Becksbrauerei,P-KK,P-KK-V3,2024-05-24,2024-06-07,False,normal,16
O-01428,Strickland-Shaw,P-DV,P-DV-V2,2024-05-26,2024-06-02,False,normal,5
O-01429,Burch-Montoya,P-KK,P-KK-V3,2024-05-21,2024-06-07,False,normal,16
O-01430,Becksbrauerei,P-KK,P-KK-V1,2024-05-24,2024-06-11,False,normal,3
O-01431,Becksbrauerei,P-DV,P-DV-V1,2024-05-21,2024-06-07,False,normal,16
O-01432,"Taylor, Wright and Davidson",P-DV,P-DV-V3,2024-05-26,2024-06-10,False,normal,8
O-01433,Becksbrauerei,P-DV,P-DV-V2,2024-05-24,2024-06-13,False,normal,18
O-01434,Spencer-Garcia,P-KK,P-KK-V4,2024-05-20,2024-06-07,False,normal,8
O-01435,"Rosales, Mitchell and Hines",P-KK,P-KK-V2,2024-05-22,2024-05-27,False,normal,12
O-01436,Becksbrauerei,P-DV,P-DV-V1,2024-05-20,2024-05-26,False,normal,5
O-01437,Cole-Palmer,P-DV,P-DV-V2,2024-05-21,2024-06-08,False,normal,2
O-01438,Becksbrauerei,P-KK,P-KK-V1,2024-05-25,2024-06-03,False,normal,14
O-01439,Becksbrauerei,P-DV,P-DV-V1,2024-05-25,2024-06-02,False,normal,20
O-01440,Becksbrauerei,P-KK,P-KK-V1,2024-05-21,2024-06-06,False,normal,1
O-01441,Becksbrauerei,P-DV,P-DV-V1,2024-05-26,2024-06-05,False,normal,17
O-01442,Becksbrauerei,P-DV,P-DV-V2,2024-05-23,2024-06-07,False,normal,1
O-01443,Becksbrauerei,P-DV,P-DV-V1,2024-05-21,2024-05-27,False,normal,6
O-01444,Davis-Lozano,P-KK,P-KK-V1,2024-05-23,2024-06-10,False,normal,18
O-01445,Becksbrauerei,P-DV,P-DV-V3,2024-05-24,2024-06-07,False,normal,6
O-01446,Becksbrauerei,P-DV,P-DV-V1,2024-05-24,2024-06-10,False,normal,7
O-01447,Wilkerson-Arias,P-DV,P-DV-V3,2024-05-20,2024-06-01,False,normal,18
O-01448,Becksbrauerei,P-KK,P-KK-V4,2024-05-23,2024-06-07,False,normal,13
O-01449,Becksbrauerei,P-KK,P-KK-V1,2024-05-26,2024-06-11,False,normal,4
O-01450,Becksbrauerei,P-KK,P-KK-V1,2024-05-22,2024-06-06,True,hoch,18
O-01451,Becksbrauerei,P-KK,P-KK-V1,2024-05-21,2024-05-26,False,normal,18
O-01452,Becksbrauerei,P-KK,P-KK-V1,2024-05-21,2024-06-03,True,hoch,2
O-01453,Becksbrauerei,P-DV,P-DV-V1,2024-05-20,2024-06-04,True,hoch,12
O-01454,Becksbrauerei,P-DV,P-DV-V2,2024-05-24,2024-06-04,False,normal,12
O-01455,Becksbrauerei,P-KK,P-KK-V1,2024-05-22,2024-06-09,False,normal,17
O-01456,Brown-Shaw,P-KK,P-KK-V1,2024-05-24,2024-06-10,False,normal,2
O-01457,Becksbrauerei,P-DV,P-DV-V1,2024-05-21,2024-06-09,True,hoch,8
O-01458,Becksbrauerei,P-KK,P-KK-V2,2024-05-26,2024-06-05,False,normal,20
O-01459,Becksbrauerei,P-DV,P-DV-V2,2024-05-26,2024-06-04,False,normal,14
O-01460,Becksbrauerei,P-KK,P-KK-V4,2024-05-21,2024-06-01,False,normal,5
O-01461,Hughes Inc,P-DV,P-DV-V1,2024-05-26,2024-05-31,False,normal,18
O-01462,Walker-Flores,P-KK,P-KK-V4,2024-05-20,2024-06-08,False,normal,6
O-01463,Becksbrauerei,P-KK,P-KK-V3,2024-05-24,2024-06-09,False,normal,15
O-01464,Becksbrauerei,P-DV,P-DV-V2,2024-05-22,2024-06-10,False,normal,4
O-01465,Combs Ltd,P-DV,P-DV-V1,2024-05-22,2024-06-05,False,normal,5
O-01466,Moody-Taylor,P-DV,P-DV-V2,2024-05-24,2024-06-08,False,normal,17
O-01467,Becksbrauerei,P-DV,P-DV-V2,2024-05-25,2024-05-31,False,normal,8
O-01468,Becksbrauerei,P-KK,P-KK-V2,2024-05-26,2024-06-03,False,normal,13
O-01469,Becksbrauerei,P-KK,P-KK-V2,2024-05-23,2024-06-11,False,normal,15
O-01470,Lowery-Kennedy,P-DV,P-DV-V1,2024-05-20,2024-05-30,False,normal,13
O-01471,Becksbrauerei,P-DV,P-DV-V1,2024-05-23,2024-06-07,True,hoch,20
O-01472,Becksbrauerei,P-DV,P-DV-V1,2024-05-25,2024-06-14,True,hoch,18
O-01473,Becksbrauerei,P-KK,P-KK-V4,2024-05-21,2024-06-01,False,normal,20
O-01474,Blake Group,P-DV,P-DV-V1,2024-05-26,2024-06-11,False,normal,7
O-01475,Gilbert-Bullock,P-KK,P-KK-V2,2024-05-26,2024-05-31,False,normal,9
O-01476,Becksbrauerei,P-DV,P-DV-V3,2024-05-21,2024-05-28,False,normal,3
O-01477,Becksbrauerei,P-DV,P-DV-V3,2024-05-23,2024-06-10,False,normal,9
O-01478,Scott and Sons,P-KK,P-KK-V1,2024-05-20,2024-06-07,False,normal,6
O-01479,"Bentley, Lynch and Henderson",P-KK,P-KK-V3,2024-05-23,2024-06-12,False,normal,6
O-01480,Becksbrauerei,P-DV,P-DV-V2,2024-05-25,2024-06-11,False,normal,20
O-01481,Young-Martinez,P-KK,P-KK-V1,2024-05-25,2024-06-03,False,normal,11
O-01482,Becksbrauerei,P-KK,P-KK-V2,2024-05-23,2024-06-01,False,normal,14
O-01483,Barnes PLC,P-DV,P-DV-V3,2024-05-25,2024-05-30,False,normal,5
O-01484,Brown-Copeland,P-DV,P-DV-V3,2024-05-24,2024-06-01,True,hoch,7
O-01485,Becksbrauerei,P-DV,P-DV-V3,2024-05-24,2024-06-03,False,normal,7
O-01486,Carlson-Smith,P-KK,P-KK-V1,2024-05-22,2024-06-07,True,hoch,17
O-01487,Becksbrauerei,P-KK,P-KK-V4,2024-05-25,2024-06-13,False,normal,18
O-01488,Becksbrauerei,P-DV,P-DV-V3,2024-05-26,2024-06-10,True,hoch,14
O-01489,Becksbrauerei,P-DV,P-DV-V1,2024-05-24,2024-06-03,False,normal,14
O-01490,"Andrews, Higgins and Carter",P-DV,P-DV-V3,2024-05-24,2024-06-01,False,normal,4
O-01491,Mendez and Sons,P-KK,P-KK-V1,2024-05-24,2024-06-11,True,hoch,20
O-01492,"Butler, Beck and Miller",P-KK,P-KK-V4,2024-05-24,2024-05-30,False,normal,7
O-01493,Jones-Fox,P-KK,P-KK-V4,2024-05-24,2024-06-10,True,hoch,4
O-01494,Becksbrauerei,P-DV,P-DV-V2,2024-05-23,2024-06-09,True,hoch,8
O-01495,"Hartman, Romero and Smith",P-DV,P-DV-V2,2024-05-25,2024-06-07,False,normal,14
O-01496,Becksbrauerei,P-KK,P-KK-V1,2024-05-23,2024-05-29,True,hoch,12
O-01497,Williams-Hughes,P-DV,P-DV-V2,2024-05-21,2024-06-08,False,normal,7
O-01498,Becksbrauerei,P-DV,P-DV-V1,2024-05-26,2024-06-13,True,hoch,6
O-01499,Becksbrauerei,P-DV,P-DV-V2,2024-05-24,2024-06-03,False,normal,5
O-01500,Becksbrauerei,P-KK,P-KK-V4,2024-05-26,2024-06-08,False,normal,11
O-01501,Becksbrauerei,P-KK,P-KK-V1,2024-05-27,2024-06-01,False,normal,19
O-01502,Becksbrauerei,P-KK,P-KK-V1,2024-05-31,2024-06-07,False,normal,5
O-01503,Becksbrauerei,P-DV,P-DV-V3,2024-06-01,2024-06-17,False,normal,8
O-01504,King-Smith,P-DV,P-DV-V1,2024-05-31,2024-06-12,False,normal,13
O-01505,Becksbrauerei,P-DV,P-DV-V3,2024-05-27,2024-06-09,True,hoch,1
O-01506,Becksbrauerei,P-KK,P-KK-V1,2024-05-30,2024-06-07,True,hoch,6
O-01507,Becksbrauerei,P-KK,P-KK-V1,2024-05-30,2024-06-15,False,normal,4
O-01508,Becksbrauerei,P-DV,P-DV-V1,2024-05-30,2024-06-06,False,normal,7
O-01509,Becksbrauerei,P-DV,P-DV-V2,2024-05-29,2024-06-17,False,normal,1
O-01510,Becksbrauerei,P-KK,P-KK-V1,2024-05-27,2024-06-11,False,normal,20
O-01511,Becksbrauerei,P-KK,P-KK-V2,2024-05-31,2024-06-13,False,normal,1
O-01512,Becksbrauerei,P-KK,P-KK-V2,2024-05-28,2024-06-13,True,hoch,11
O-01513,Becksbrauerei,P-KK,P-KK-V2,2024-05-27,2024-06-05,False,normal,3
O-01514,Cooper Ltd,P-DV,P-DV-V3,2024-05-31,2024-06-14,False,normal,14
O-01515,"Fuller, Ingram and Moss",P-DV,P-DV-V1,2024-05-29,2024-06-08,False,normal,9
O-01516,Becksbrauerei,P-DV,P-DV-V1,2024-05-31,2024-06-14,False,normal,16
O-01517,Becksbrauerei,P-DV,P-DV-V2,2024-05-30,2024-06-12,False,normal,20
O-01518,Becksbrauerei,P-DV,P-DV-V2,2024-05-28,2024-06-13,False,normal,3
O-01519,Becksbrauerei,P-DV,P-DV-V1,2024-05-27,2024-06-17,False,normal,20
O-01520,Becksbrauerei,P-DV,P-DV-V2,2024-05-27,2024-06-04,False,normal,6
O-01521,Becksbrauerei,P-DV,P-DV-V1,2024-05-27,2024-06-07,False,normal,11
O-01522,Becksbrauerei,P-KK,P-KK-V1,2024-05-29,2024-06-03,False,normal,19
O-01523,Becksbrauerei,P-DV,P-DV-V1,2024-05-31,2024-06-07,False,normal,17
O-01524,Anderson-Bell,P-KK,P-KK-V1,2024-05-31,2024-06-13,False,normal,3
O-01525,Becksbrauerei,P-DV,P-DV-V3,2024-06-02,2024-06-20,False,normal,7
O-01526,Becksbrauerei,P-KK,P-KK-V4,2024-05-30,2024-06-05,False,normal,4
O-01527,Becksbrauerei,P-DV,P-DV-V1,2024-05-31,2024-06-15,False,normal,1
O-01528,Becksbrauerei,P-DV,P-DV-V1,2024-06-01,2024-06-06,False,normal,13
O-01529,Becksbrauerei,P-KK,P-KK-V1,2024-05-29,2024-06-03,True,hoch,14
O-01530,Becksbrauerei,P-DV,P-DV-V2,2024-05-29,2024-06-14,False,normal,11
O-01531,Li-Thompson,P-DV,P-DV-V3,2024-05-27,2024-06-13,False,normal,16
O-01532,Becksbrauerei,P-KK,P-KK-V3,2024-05-31,2024-06-08,True,hoch,1
O-01533,Becksbrauerei,P-KK,P-KK-V1,2024-05-29,2024-06-16,False,normal,12
O-01534,"Marshall, Dominguez and Welch",P-KK,P-KK-V1,2024-05-29,2024-06-04,True,hoch,3
O-01535,Becksbrauerei,P-DV,P-DV-V2,2024-06-01,2024-06-18,False,normal,5
O-01536,Brown Group,P-DV,P-DV-V1,2024-05-28,2024-06-12,False,normal,14
O-01537,Becksbrauerei,P-DV,P-DV-V3,2024-05-27,2024-06-17,False,normal,16
O-01538,Becksbrauerei,P-DV,P-DV-V2,2024-06-02,2024-06-22,False,normal,10
O-01539,Carter Inc,P-KK,P-KK-V3,2024-05-31,2024-06-12,False,normal,7
O-01540,Becksbrauerei,P-KK,P-KK-V1,2024-05-30,2024-06-05,False,normal,15
O-01541,Blackwell LLC,P-DV,P-DV-V1,2024-05-30,2024-06-07,False,normal,17
O-01542,Robertson-Hays,P-DV,P-DV-V2,2024-06-01,2024-06-20,False,normal,4
O-01543,"Kennedy, Johnson and Lucas",P-KK,P-KK-V2,2024-05-29,2024-06-15,False,normal,17
O-01544,Becksbrauerei,P-KK,P-KK-V4,2024-05-28,2024-06-04,False,normal,10
O-01545,Becksbrauerei,P-KK,P-KK-V2,2024-05-30,2024-06-07,False,normal,15
O-01546,Becksbrauerei,P-KK,P-KK-V3,2024-05-27,2024-06-16,False,normal,9
O-01547,Becksbrauerei,P-KK,P-KK-V1,2024-05-29,2024-06-16,False,normal,14
O-01548,Becksbrauerei,P-DV,P-DV-V1,2024-05-30,2024-06-12,False,normal,13
O-01549,Becksbrauerei,P-DV,P-DV-V1,2024-05-29,2024-06-09,False,normal,17
O-01550,Becksbrauerei,P-DV,P-DV-V3,2024-05-30,2024-06-07,False,normal,4
O-01551,Becksbrauerei,P-KK,P-KK-V1,2024-05-27,2024-06-02,False,normal,18
O-01552,Becksbrauerei,P-KK,P-KK-V3,2024-05-28,2024-06-14,False,normal,9
O-01553,Becksbrauerei,P-DV,P-DV-V1,2024-05-28,2024-06-08,False,normal,20
O-01554,Kelly-Norman,P-DV,P-DV-V3,2024-05-27,2024-06-04,False,normal,20
O-01555,"Rivera, Martinez and Richardson",P-DV,P-DV-V3,2024-05-29,2024-06-10,False,normal,6
O-01556,Becksbrauerei,P-KK,P-KK-V3,2024-05-30,2024-06-08,False,normal,14
O-01557,Becksbrauerei,P-DV,P-DV-V1,2024-05-28,2024-06-10,False,normal,1
O-01558,Becksbrauerei,P-DV,P-DV-V2,2024-05-31,2024-06-05,False,normal,4
O-01559,Becksbrauerei,P-KK,P-KK-V1,2024-05-31,2024-06-14,False,normal,6
O-01560,Becksbrauerei,P-KK,P-KK-V1,2024-05-27,2024-06-10,False,normal,16
O-01561,Becksbrauerei,P-DV,P-DV-V3,2024-05-29,2024-06-18,False,normal,12
O-01562,Paul-Kline,P-DV,P-DV-V3,2024-05-29,2024-06-19,False,normal,20
O-01563,Becksbrauerei,P-DV,P-DV-V1,2024-05-29,2024-06-19,False,normal,14
O-01564,Becksbrauerei,P-KK,P-KK-V2,2024-05-29,2024-06-18,True,hoch,14
O-01565,Morgan-Lopez,P-DV,P-DV-V1,2024-06-01,2024-06-08,False,normal,4
O-01566,"Jimenez, Glass and Stone",P-DV,P-DV-V3,2024-06-01,2024-06-20,False,normal,6
O-01567,Becksbrauerei,P-DV,P-DV-V3,2024-05-29,2024-06-13,False,normal,9
O-01568,Acosta Inc,P-DV,P-DV-V1,2024-05-27,2024-06-17,False,normal,4
O-01569,Morrison-Short,P-DV,P-DV-V2,2024-05-31,2024-06-16,False,normal,16
O-01570,Becksbrauerei,P-KK,P-KK-V4,2024-06-01,2024-06-10,False,normal,18
O-01571,Becksbrauerei,P-KK,P-KK-V3,2024-05-30,2024-06-13,True,hoch,15
O-01572,Becksbrauerei,P-KK,P-KK-V2,2024-05-29,2024-06-06,True,hoch,14
O-01573,Becksbrauerei,P-DV,P-DV-V3,2024-06-02,2024-06-07,True,hoch,10
O-01574,"Carter, Garcia and Murphy",P-KK,P-KK-V1,2024-06-01,2024-06-14,False,normal,14
O-01575,Becksbrauerei,P-KK,P-KK-V3,2024-05-28,2024-06-03,False,normal,13
O-01576,Becksbrauerei,P-DV,P-DV-V2,2024-05-27,2024-06-09,False,normal,6
O-01577,Becksbrauerei,P-DV,P-DV-V3,2024-05-29,2024-06-07,False,normal,5
O-01578,Becksbrauerei,P-DV,P-DV-V3,2024-05-28,2024-06-11,False,normal,15
O-01579,Becksbrauerei,P-KK,P-KK-V4,2024-06-02,2024-06-20,True,hoch,11
O-01580,Parker-Morrison,P-DV,P-DV-V2,2024-05-29,2024-06-16,False,normal,15
O-01581,Becksbrauerei,P-KK,P-KK-V1,2024-06-02,2024-06-20,True,hoch,10
O-01582,Jackson-Wallace,P-KK,P-KK-V3,2024-05-28,2024-06-11,True,hoch,5
O-01583,Williams-Berg,P-DV,P-DV-V3,2024-05-27,2024-06-15,False,normal,15
O-01584,Becksbrauerei,P-KK,P-KK-V1,2024-05-27,2024-06-09,False,normal,11
O-01585,Mendez-Graham,P-KK,P-KK-V3,2024-05-31,2024-06-20,False,normal,4
O-01586,"Whitney, Gould and Jones",P-KK,P-KK-V2,2024-05-31,2024-06-09,False,normal,5
O-01587,"Sullivan, Palmer and Brady",P-KK,P-KK-V2,2024-05-29,2024-06-12,False,normal,16
O-01588,Cisneros and Sons,P-KK,P-KK-V1,2024-05-27,2024-06-01,False,normal,17
O-01589,"Gregory, Kim and Martinez",P-KK,P-KK-V2,2024-05-28,2024-06-05,False,normal,15
O-01590,Osborne LLC,P-DV,P-DV-V1,2024-05-27,2024-06-10,False,normal,8
O-01591,Becksbrauerei,P-DV,P-DV-V3,2024-06-08,2024-06-27,False,normal,14
O-01592,Becksbrauerei,P-KK,P-KK-V1,2024-06-04,2024-06-13,False,normal,6
O-01593,Becksbrauerei,P-KK,P-KK-V4,2024-06-06,2024-06-20,False,normal,19
O-01594,Reyes-Bradley,P-DV,P-DV-V2,2024-06-08,2024-06-21,False,normal,4
O-01595,Becksbrauerei,P-DV,P-DV-V2,2024-06-09,2024-06-27,False,normal,4
O-01596,Becksbrauerei,P-DV,P-DV-V1,2024-06-07,2024-06-21,True,hoch,20
O-01597,"Hernandez, Cole and Watson",P-DV,P-DV-V1,2024-06-05,2024-06-14,False,normal,9
O-01598,Becksbrauerei,P-KK,P-KK-V2,2024-06-05,2024-06-26,False,normal,12
O-01599,Becksbrauerei,P-DV,P-DV-V3,2024-06-03,2024-06-13,False,normal,19
O-01600,Hines-Berry,P-DV,P-DV-V2,2024-06-08,2024-06-17,False,normal,10
O-01601,Becksbrauerei,P-DV,P-DV-V1,2024-06-09,2024-06-29,False,normal,6
O-01602,Becksbrauerei,P-DV,P-DV-V1,2024-06-08,2024-06-23,False,normal,19
O-01603,Becksbrauerei,P-DV,P-DV-V1,2024-06-03,2024-06-08,False,normal,4
O-01604,Becksbrauerei,P-KK,P-KK-V4,2024-06-08,2024-06-28,False,normal,8
O-01605,Becksbrauerei,P-KK,P-KK-V2,2024-06-08,2024-06-25,False,normal,3
O-01606,Becksbrauerei,P-KK,P-KK-V3,2024-06-03,2024-06-09,False,normal,12
O-01607,Becksbrauerei,P-KK,P-KK-V2,2024-06-05,2024-06-13,False,normal,19
O-01608,Becksbrauerei,P-KK,P-KK-V2,2024-06-05,2024-06-25,False,normal,7
O-01609,Becksbrauerei,P-KK,P-KK-V4,2024-06-09,2024-06-30,False,normal,19
O-01610,"Richardson, Edwards and Ramirez",P-KK,P-KK-V1,2024-06-04,2024-06-10,False,normal,12
O-01611,Johnson and Sons,P-DV,P-DV-V3,2024-06-07,2024-06-14,False,normal,17
O-01612,Becksbrauerei,P-DV,P-DV-V1,2024-06-09,2024-06-20,False,normal,12
O-01613,Becksbrauerei,P-DV,P-DV-V3,2024-06-07,2024-06-16,False,normal,13
O-01614,Becksbrauerei,P-KK,P-KK-V1,2024-06-04,2024-06-25,False,normal,8
O-01615,Becksbrauerei,P-KK,P-KK-V3,2024-06-03,2024-06-15,False,normal,9
O-01616,Becksbrauerei,P-DV,P-DV-V3,2024-06-05,2024-06-12,False,normal,10
O-01617,Becksbrauerei,P-KK,P-KK-V2,2024-06-09,2024-06-30,False,normal,13
O-01618,Holmes-Mcintyre,P-KK,P-KK-V1,2024-06-07,2024-06-27,False,normal,1
O-01619,Green LLC,P-KK,P-KK-V3,2024-06-06,2024-06-19,False,normal,2
O-01620,Becksbrauerei,P-KK,P-KK-V2,2024-06-07,2024-06-22,False,normal,2
O-01621,Becksbrauerei,P-KK,P-KK-V4,2024-06-03,2024-06-09,False,normal,14
O-01622,Becksbrauerei,P-KK,P-KK-V4,2024-06-04,2024-06-17,False,normal,16
O-01623,"Griffin, Davies and Mitchell",P-KK,P-KK-V3,2024-06-06,2024-06-26,False,normal,8
O-01624,Gonzalez-Taylor,P-KK,P-KK-V1,2024-06-03,2024-06-14,False,normal,1
O-01625,Becksbrauerei,P-DV,P-DV-V1,2024-06-06,2024-06-23,False,normal,14
O-01626,Hayes Ltd,P-KK,P-KK-V1,2024-06-06,2024-06-14,False,normal,12
O-01627,Becksbrauerei,P-DV,P-DV-V1,2024-06-05,2024-06-23,False,normal,3
O-01628,Becksbrauerei,P-KK,P-KK-V2,2024-06-06,2024-06-12,False,normal,8
O-01629,Becksbrauerei,P-KK,P-KK-V1,2024-06-03,2024-06-12,False,normal,11
O-01630,Becksbrauerei,P-DV,P-DV-V3,2024-06-08,2024-06-20,False,normal,13
O-01631,Osborn-Cochran,P-DV,P-DV-V3,2024-06-03,2024-06-10,True,hoch,7
O-01632,Contreras-Mckinney,P-DV,P-DV-V3,2024-06-08,2024-06-24,False,normal,15
O-01633,Becksbrauerei,P-DV,P-DV-V2,2024-06-09,2024-06-23,False,normal,9
O-01634,Becksbrauerei,P-DV,P-DV-V3,2024-06-07,2024-06-28,True,hoch,14
O-01635,"Daniels, Vance and York",P-DV,P-DV-V2,2024-06-03,2024-06-14,False,normal,17
O-01636,"Mckinney, Graves and Thompson",P-KK,P-KK-V3,2024-06-08,2024-06-19,True,hoch,5
O-01637,Becksbrauerei,P-KK,P-KK-V2,2024-06-08,2024-06-27,False,normal,4
O-01638,Becksbrauerei,P-KK,P-KK-V4,2024-06-09,2024-06-15,False,normal,10
O-01639,Hicks-Martinez,P-KK,P-KK-V1,2024-06-05,2024-06-22,False,normal,13
O-01640,Becksbrauerei,P-DV,P-DV-V1,2024-06-04,2024-06-15,False,normal,18
O-01641,Conner and Sons,P-KK,P-KK-V3,2024-06-03,2024-06-19,False,normal,11
O-01642,Johnson-Spencer,P-DV,P-DV-V3,2024-06-04,2024-06-09,False,normal,14
O-01643,Becksbrauerei,P-DV,P-DV-V3,2024-06-08,2024-06-14,False,normal,10
O-01644,Mcdonald-Bird,P-DV,P-DV-V2,2024-06-07,2024-06-28,False,normal,15
O-01645,Salazar Inc,P-KK,P-KK-V2,2024-06-03,2024-06-16,False,normal,3
O-01646,Becksbrauerei,P-KK,P-KK-V3,2024-06-05,2024-06-22,True,hoch,9
O-01647,Becksbrauerei,P-DV,P-DV-V3,2024-06-09,2024-06-14,True,hoch,11
O-01648,Becksbrauerei,P-DV,P-DV-V1,2024-06-06,2024-06-25,True,hoch,2
O-01649,Becksbrauerei,P-DV,P-DV-V2,2024-06-08,2024-06-19,False,normal,3
O-01650,Becksbrauerei,P-DV,P-DV-V3,2024-06-07,2024-06-22,False,normal,9
O-01651,Becksbrauerei,P-DV,P-DV-V2,2024-06-09,2024-06-29,True,hoch,5
O-01652,Becksbrauerei,P-KK,P-KK-V2,2024-06-03,2024-06-09,False,normal,15
O-01653,Parker Ltd,P-DV,P-DV-V1,2024-06-07,2024-06-19,True,hoch,9
O-01654,Becksbrauerei,P-DV,P-DV-V1,2024-06-08,2024-06-24,False,normal,8
O-01655,Becksbrauerei,P-DV,P-DV-V1,2024-06-03,2024-06-24,False,normal,8
O-01656,"Mendoza, Jenkins and Ortiz",P-KK,P-KK-V3,2024-06-07,2024-06-23,False,normal,3
O-01657,"Jones, Compton and Day",P-DV,P-DV-V2,2024-06-04,2024-06-09,False,normal,11
O-01658,Becksbrauerei,P-DV,P-DV-V3,2024-06-05,2024-06-25,False,normal,1
O-01659,Owens-Holmes,P-KK,P-KK-V3,2024-06-03,2024-06-17,False,normal,1
O-01660,Humphrey PLC,P-KK,P-KK-V2,2024-06-09,2024-06-24,False,normal,17
O-01661,Becksbrauerei,P-DV,P-DV-V1,2024-06-06,2024-06-12,False,normal,3
O-01662,Becksbrauerei,P-KK,P-KK-V2,2024-06-07,2024-06-28,False,normal,14
O-01663,Becksbrauerei,P-KK,P-KK-V1,2024-06-07,2024-06-27,False,normal,11
O-01664,Becksbrauerei,P-DV,P-DV-V1,2024-06-09,2024-06-23,False,normal,12
O-01665,Becksbrauerei,P-KK,P-KK-V4,2024-06-05,2024-06-13,False,normal,14
O-01666,Becksbrauerei,P-DV,P-DV-V1,2024-06-05,2024-06-26,True,hoch,16
O-01667,"Matthews, Saunders and Anderson",P-KK,P-KK-V4,2024-06-09,2024-06-27,False,normal,5
O-01668,"Bartlett, Brown and Martinez",P-KK,P-KK-V4,2024-06-08,2024-06-17,False,normal,11
O-01669,Torres and Sons,P-DV,P-DV-V1,2024-06-03,2024-06-21,False,normal,19
O-01670,Donovan-Perez,P-DV,P-DV-V3,2024-06-09,2024-06-20,False,normal,1
O-01671,"Jacobson, Singleton and King",P-KK,P-KK-V1,2024-06-06,2024-06-19,False,normal,16
O-01672,Becksbrauerei,P-KK,P-KK-V2,2024-06-09,2024-06-15,False,normal,6
O-01673,"Huber, Hill and Weber",P-KK,P-KK-V2,2024-06-07,2024-06-28,False,normal,12
O-01674,Becksbrauerei,P-KK,P-KK-V4,2024-06-08,2024-06-20,False,normal,11
O-01675,"Ferguson, Shaw and Jackson",P-KK,P-KK-V1,2024-06-03,2024-06-19,False,normal,15
O-01676,"Moore, Hopkins and Le",P-DV,P-DV-V2,2024-06-09,2024-06-29,False,normal,19
O-01677,Becksbrauerei,P-KK,P-KK-V2,2024-06-03,2024-06-19,False,normal,11
O-01678,Becksbrauerei,P-DV,P-DV-V1,2024-06-07,2024-06-20,False,normal,10
O-01679,Becksbrauerei,P-DV,P-DV-V2,2024-06-03,2024-06-24,False,normal,14
O-01680,"Morgan, Bradshaw and Williams",P-DV,P-DV-V2,2024-06-06,2024-06-21,False,normal,2
O-01681,Becksbrauerei,P-KK,P-KK-V4,2024-06-14,2024-06-27,False,normal,4
O-01682,Becksbrauerei,P-DV,P-DV-V2,2024-06-11,2024-06-19,False,normal,8
O-01683,Becksbrauerei,P-KK,P-KK-V3,2024-06-12,2024-06-20,False,normal,5
O-01684,Becksbrauerei,P-KK,P-KK-V2,2024-06-14,2024-07-05,False,normal,2
O-01685,Becksbrauerei,P-KK,P-KK-V1,2024-06-13,2024-06-18,False,normal,19
O-01686,Becksbrauerei,P-DV,P-DV-V3,2024-06-13,2024-07-04,True,hoch,4
O-01687,Miller Ltd,P-KK,P-KK-V4,2024-06-13,2024-07-03,False,normal,9
O-01688,Becksbrauerei,P-KK,P-KK-V3,2024-06-16,2024-06-23,False,normal,3
O-01689,Becksbrauerei,P-DV,P-DV-V1,2024-06-14,2024-06-29,False,normal,17
O-01690,"Baker, Clark and Armstrong",P-KK,P-KK-V3,2024-06-10,2024-06-28,True,hoch,17
O-01691,Becksbrauerei,P-DV,P-DV-V1,2024-06-16,2024-06-22,False,normal,8
O-01692,Becksbrauerei,P-KK,P-KK-V4,2024-06-16,2024-06-28,False,normal,5
O-01693,Becksbrauerei,P-DV,P-DV-V1,2024-06-15,2024-07-05,False,normal,3
O-01694,Becksbrauerei,P-KK,P-KK-V1,2024-06-13,2024-06-20,False,normal,6
O-01695,Becksbrauerei,P-KK,P-KK-V4,2024-06-15,2024-06-28,False,normal,8
O-01696,"Fowler, Jimenez and Burton",P-DV,P-DV-V2,2024-06-14,2024-06-24,False,normal,10
O-01697,Becksbrauerei,P-DV,P-DV-V2,2024-06-16,2024-07-03,False,normal,10
O-01698,Becksbrauerei,P-KK,P-KK-V2,2024-06-10,2024-06-24,False,normal,8
O-01699,Becksbrauerei,P-DV,P-DV-V1,2024-06-11,2024-06-30,False,normal,12
O-01700,May-Turner,P-DV,P-DV-V3,2024-06-11,2024-07-01,False,normal,20
O-01701,Becksbrauerei,P-DV,P-DV-V3,2024-06-11,2024-06-16,False,normal,14
O-01702,Ballard Ltd,P-KK,P-KK-V3,2024-06-12,2024-06-27,False,normal,14
O-01703,Becksbrauerei,P-DV,P-DV-V2,2024-06-10,2024-06-23,False,normal,2
O-01704,Becksbrauerei,P-DV,P-DV-V2,2024-06-13,2024-06-25,False,normal,7
O-01705,Becksbrauerei,P-KK,P-KK-V3,2024-06-11,2024-06-16,False,normal,13
O-01706,Becksbrauerei,P-KK,P-KK-V3,2024-06-12,2024-06-19,False,normal,12
O-01707,Becksbrauerei,P-KK,P-KK-V2,2024-06-16,2024-07-03,False,normal,6
O-01708,Becksbrauerei,P-DV,P-DV-V2,2024-06-13,2024-06-24,False,normal,1
O-01709,Becksbrauerei,P-KK,P-KK-V1,2024-06-16,2024-07-07,True,hoch,16
O-01710,Becksbrauerei,P-KK,P-KK-V2,2024-06-12,2024-06-26,True,hoch,8
O-01711,Becksbrauerei,P-KK,P-KK-V3,2024-06-15,2024-06-23,False,normal,13
O-01712,Becksbrauerei,P-KK,P-KK-V3,2024-06-16,2024-06-23,True,hoch,14
O-01713,Becksbrauerei,P-KK,P-KK-V1,2024-06-15,2024-06-24,True,hoch,13
O-01714,Evans-Jones,P-KK,P-KK-V3,2024-06-16,2024-07-01,False,normal,10
O-01715,Becksbrauerei,P-DV,P-DV-V2,2024-06-11,2024-06-19,False,normal,16
O-01716,Becksbrauerei,P-DV,P-DV-V2,2024-06-13,2024-06-20,False,normal,9
O-01717,Becksbrauerei,P-DV,P-DV-V2,2024-06-15,2024-07-06,False,normal,16
O-01718,Becksbrauerei,P-DV,P-DV-V2,2024-06-16,2024-06-24,False,normal,1
O-01719,Becksbrauerei,P-DV,P-DV-V1,2024-06-13,2024-06-29,False,normal,10
O-01720,Becksbrauerei,P-DV,P-DV-V1,2024-06-16,2024-06-23,True,hoch,16
O-01721,Becksbrauerei,P-KK,P-KK-V1,2024-06-11,2024-06-28,False,normal,19
O-01722,Becksbrauerei,P-KK,P-KK-V1,2024-06-16,2024-07-06,False,normal,11
O-01723,Becksbrauerei,P-KK,P-KK-V1,2024-06-12,2024-06-30,False,normal,7
O-01724,Becksbrauerei,P-DV,P-DV-V3,2024-06-13,2024-06-28,False,normal,15
O-01725,Becksbrauerei,P-DV,P-DV-V3,2024-06-14,2024-06-21,False,normal,3
O-01726,Moore Group,P-DV,P-DV-V1,2024-06-16,2024-06-21,False,normal,6
O-01727,Becksbrauerei,P-KK,P-KK-V4,2024-06-16,2024-06-24,True,hoch,6
O-01728,Becksbrauerei,P-DV,P-DV-V1,2024-06-15,2024-07-03,False,normal,14
O-01729,Becksbrauerei,P-DV,P-DV-V3,2024-06-15,2024-06-28,False,normal,12
O-01730,Marshall-Peterson,P-KK,P-KK-V2,2024-06-12,2024-07-03,False,normal,12
O-01731,Edwards Ltd,P-DV,P-DV-V2,2024-06-13,2024-06-24,False,normal,5
O-01732,Becksbrauerei,P-KK,P-KK-V4,2024-06-10,2024-06-25,False,normal,3
O-01733,Becksbrauerei,P-KK,P-KK-V3,2024-06-15,2024-06-26,False,normal,15
O-01734,Becksbrauerei,P-DV,P-DV-V1,2024-06-10,2024-06-29,False,normal,18
O-01735,Becksbrauerei,P-KK,P-KK-V3,2024-06-15,2024-06-20,False,normal,14
O-01736,Becksbrauerei,P-DV,P-DV-V2,2024-06-14,2024-07-01,False,normal,7
O-01737,Becksbrauerei,P-KK,P-KK-V2,2024-06-10,2024-06-21,False,normal,4
O-01738,Gross-Valencia,P-KK,P-KK-V4,2024-06-12,2024-06-25,False,normal,20
O-01739,Anderson-Wood,P-DV,P-DV-V1,2024-06-11,2024-06-16,False,normal,3
O-01740,Becksbrauerei,P-KK,P-KK-V2,2024-06-11,2024-07-01,False,normal,2
O-01741,Becksbrauerei,P-KK,P-KK-V4,2024-06-13,2024-07-03,False,normal,4
O-01742,Becksbrauerei,P-KK,P-KK-V4,2024-06-13,2024-06-30,False,normal,17
O-01743,"Rodriguez, Allen and Martinez",P-DV,P-DV-V3,2024-06-10,2024-06-21,False,normal,9
O-01744,Wright-Davis,P-KK,P-KK-V4,2024-06-14,2024-07-03,False,normal,4
O-01745,Becksbrauerei,P-DV,P-DV-V3,2024-06-12,2024-06-22,True,hoch,15
O-01746,Dougherty-Lin,P-DV,P-DV-V3,2024-06-13,2024-06-24,False,normal,7
O-01747,Becksbrauerei,P-DV,P-DV-V2,2024-06-11,2024-06-16,False,normal,7
O-01748,Wright-Grimes,P-KK,P-KK-V3,2024-06-12,2024-06-20,False,normal,17
O-01749,Becksbrauerei,P-KK,P-KK-V3,2024-06-10,2024-06-23,False,normal,9
O-01750,Li PLC,P-DV,P-DV-V3,2024-06-10,2024-06-15,False,normal,20
O-01751,Becksbrauerei,P-DV,P-DV-V2,2024-06-11,2024-07-01,False,normal,18
O-01752,"Edwards, Hines and Jimenez",P-KK,P-KK-V1,2024-06-12,2024-06-17,False,normal,6
O-01753,Becksbrauerei,P-KK,P-KK-V1,2024-06-13,2024-06-21,True,hoch,2
O-01754,Becksbrauerei,P-DV,P-DV-V1,2024-06-16,2024-06-29,False,normal,20
O-01755,Becksbrauerei,P-KK,P-KK-V3,2024-06-16,2024-07-01,False,normal,19
O-01756,Becksbrauerei,P-DV,P-DV-V3,2024-06-10,2024-06-27,False,normal,2
O-01757,Becksbrauerei,P-KK,P-KK-V2,2024-06-16,2024-07-07,False,normal,6
O-01758,Becksbrauerei,P-DV,P-DV-V1,2024-06-12,2024-06-23,False,normal,1
O-01759,Becksbrauerei,P-DV,P-DV-V2,2024-06-14,2024-06-30,True,hoch,3
O-01760,Becksbrauerei,P-DV,P-DV-V1,2024-06-10,2024-06-17,False,normal,11
O-01761,Becksbrauerei,P-KK,P-KK-V2,2024-06-16,2024-06-21,False,normal,3
O-01762,"Owens, Koch and Jimenez",P-KK,P-KK-V3,2024-06-16,2024-06-27,False,normal,10
O-01763,Becksbrauerei,P-KK,P-KK-V4,2024-06-15,2024-06-29,False,normal,11
O-01764,Becksbrauerei,P-DV,P-DV-V1,2024-06-16,2024-06-27,False,normal,10
O-01765,Becksbrauerei,P-DV,P-DV-V3,2024-06-13,2024-06-26,True,hoch,12
O-01766,Landry PLC,P-DV,P-DV-V3,2024-06-14,2024-07-03,False,normal,6
O-01767,Becksbrauerei,P-KK,P-KK-V4,2024-06-11,2024-06-22,False,normal,10
O-01768,Levy-Lewis,P-KK,P-KK-V3,2024-06-15,2024-07-06,False,normal,9
O-01769,Becksbrauerei,P-KK,P-KK-V2,2024-06-12,2024-06-23,False,normal,4
O-01770,Becksbrauerei,P-KK,P-KK-V4,2024-06-11,2024-06-30,False,normal,13
O-01771,Williams-Campbell,P-KK,P-KK-V3,2024-06-22,2024-06-30,False,normal,1
O-01772,"Khan, Pena and Ruiz",P-KK,P-KK-V4,2024-06-20,2024-07-05,False,normal,6
O-01773,"Smith, Rodriguez and Anderson",P-DV,P-DV-V2,2024-06-18,2024-07-07,False,normal,15
O-01774,Becksbrauerei,P-DV,P-DV-V3,2024-06-21,2024-07-09,False,normal,8
O-01775,Becksbrauerei,P-DV,P-DV-V3,2024-06-19,2024-07-04,False,normal,2
O-01776,Luna-Gallagher,P-KK,P-KK-V1,2024-06-20,2024-07-08,False,normal,13
O-01777,Williams-Williams,P-KK,P-KK-V2,2024-06-21,2024-07-01,False,normal,17
O-01778,Becksbrauerei,P-KK,P-KK-V2,2024-06-18,2024-07-03,False,normal,3
O-01779,Becksbrauerei,P-DV,P-DV-V1,2024-06-23,2024-07-09,False,normal,1
O-01780,Becksbrauerei,P-KK,P-KK-V2,2024-06-18,2024-07-02,False,normal,7
O-01781,Becksbrauerei,P-DV,P-DV-V1,2024-06-22,2024-07-04,False,normal,12
O-01782,Becksbrauerei,P-KK,P-KK-V4,2024-06-18,2024-07-04,True,hoch,13
O-01783,"Lee, Tran and Jones",P-KK,P-KK-V4,2024-06-22,2024-07-09,False,normal,4
O-01784,Becksbrauerei,P-DV,P-DV-V1,2024-06-19,2024-06-28,False,normal,10
O-01785,Becksbrauerei,P-DV,P-DV-V3,2024-06-20,2024-06-27,False,normal,19
O-01786,Becksbrauerei,P-KK,P-KK-V2,2024-06-21,2024-07-01,False,normal,11
O-01787,Becksbrauerei,P-KK,P-KK-V4,2024-06-17,2024-06-29,False,normal,7
O-01788,Becksbrauerei,P-DV,P-DV-V2,2024-06-17,2024-07-02,False,normal,5
O-01789,"Cole, Pierce and Bryan",P-DV,P-DV-V2,2024-06-20,2024-07-10,True,hoch,14
O-01790,Becksbrauerei,P-KK,P-KK-V2,2024-06-20,2024-07-11,False,normal,3
O-01791,Becksbrauerei,P-DV,P-DV-V3,2024-06-22,2024-06-30,False,normal,1
O-01792,Becksbrauerei,P-KK,P-KK-V3,2024-06-18,2024-07-09,False,normal,16
O-01793,Becksbrauerei,P-DV,P-DV-V2,2024-06-23,2024-06-29,False,normal,4
O-01794,"Becker, Wilson and Hester",P-DV,P-DV-V3,2024-06-19,2024-07-09,False,normal,12
O-01795,Becksbrauerei,P-KK,P-KK-V2,2024-06-20,2024-07-07,False,normal,1
O-01796,Brooks-Hatfield,P-DV,P-DV-V3,2024-06-21,2024-07-04,False,normal,15
O-01797,"Mcmillan, Fischer and Gonzalez",P-DV,P-DV-V1,2024-06-20,2024-07-04,True,hoch,15
O-01798,Becksbrauerei,P-DV,P-DV-V1,2024-06-21,2024-07-07,False,normal,10
O-01799,Becksbrauerei,P-KK,P-KK-V3,2024-06-18,2024-07-02,False,normal,11
O-01800,Becksbrauerei,P-DV,P-DV-V3,2024-06-17,2024-06-25,False,normal,13
O-01801,Becksbrauerei,P-KK,P-KK-V2,2024-06-17,2024-06-25,True,hoch,16
O-01802,Becksbrauerei,P-DV,P-DV-V2,2024-06-19,2024-07-08,False,normal,17
O-01803,Becksbrauerei,P-DV,P-DV-V1,2024-06-17,2024-07-02,False,normal,4
O-01804,Becksbrauerei,P-DV,P-DV-V3,2024-06-22,2024-06-29,False,normal,10
O-01805,Becksbrauerei,P-DV,P-DV-V2,2024-06-17,2024-06-27,False,normal,3
O-01806,"Morales, Williams and Williams",P-DV,P-DV-V1,2024-06-23,2024-07-04,False,normal,20
O-01807,"Cook, Wells and Bryant",P-KK,P-KK-V1,2024-06-19,2024-07-09,False,normal,9
O-01808,"Barry, Taylor and Velazquez",P-KK,P-KK-V3,2024-06-21,2024-06-27,False,normal,10
O-01809,Becksbrauerei,P-DV,P-DV-V1,2024-06-20,2024-07-01,True,hoch,5
O-01810,Becksbrauerei,P-DV,P-DV-V2,2024-06-20,2024-07-05,True,hoch,11
O-01811,Becksbrauerei,P-KK,P-KK-V1,2024-06-21,2024-07-05,False,normal,15
O-01812,Becksbrauerei,P-DV,P-DV-V3,2024-06-21,2024-07-06,False,normal,18
O-01813,Becksbrauerei,P-KK,P-KK-V3,2024-06-19,2024-07-04,False,normal,15
O-01814,Becksbrauerei,P-DV,P-DV-V1,2024-06-21,2024-07-01,False,normal,2
O-01815,Martin-Ewing,P-KK,P-KK-V4,2024-06-21,2024-07-07,True,hoch,17
O-01816,Becksbrauerei,P-DV,P-DV-V2,2024-06-19,2024-07-04,False,normal,5
O-01817,"Kirby, Wheeler and Romero",P-KK,P-KK-V3,2024-06-21,2024-07-09,False,normal,10
O-01818,"Patel, Erickson and Evans",P-DV,P-DV-V1,2024-06-20,2024-06-29,False,normal,4
O-01819,Becksbrauerei,P-KK,P-KK-V4,2024-06-18,2024-06-29,False,normal,6
O-01820,Becksbrauerei,P-KK,P-KK-V4,2024-06-21,2024-07-09,False,normal,20
O-01821,Becksbrauerei,P-DV,P-DV-V2,2024-06-23,2024-07-09,False,normal,11
O-01822,Becksbrauerei,P-DV,P-DV-V1,2024-06-23,2024-07-10,False,normal,15
O-01823,Richardson Ltd,P-KK,P-KK-V2,2024-06-20,2024-07-04,True,hoch,15
O-01824,Becksbrauerei,P-KK,P-KK-V1,2024-06-20,2024-07-08,False,normal,1
O-01825,Becksbrauerei,P-KK,P-KK-V2,2024-06-21,2024-07-12,False,normal,14
O-01826,Becksbrauerei,P-KK,P-KK-V3,2024-06-21,2024-07-03,False,normal,3
O-01827,Whitney PLC,P-DV,P-DV-V1,2024-06-22,2024-07-09,False,normal,6
O-01828,Robles-Swanson,P-DV,P-DV-V2,2024-06-22,2024-07-04,False,normal,7
O-01829,Becksbrauerei,P-DV,P-DV-V1,2024-06-19,2024-06-26,False,normal,15
O-01830,"Soto, Carlson and Baker",P-DV,P-DV-V1,2024-06-22,2024-07-11,False,normal,15
O-01831,"Patton, Parsons and Lane",P-KK,P-KK-V3,2024-06-23,2024-07-03,False,normal,3
O-01832,"Williams, Castillo and Warren",P-KK,P-KK-V1,2024-06-22,2024-07-10,False,normal,13
O-01833,Becksbrauerei,P-KK,P-KK-V4,2024-06-19,2024-06-27,False,normal,18
O-01834,Becksbrauerei,P-KK,P-KK-V4,2024-06-20,2024-06-26,False,normal,2
O-01835,Becksbrauerei,P-DV,P-DV-V2,2024-06-22,2024-07-13,False,normal,4
O-01836,Becksbrauerei,P-KK,P-KK-V2,2024-06-23,2024-07-06,False,normal,4
O-01837,Becksbrauerei,P-KK,P-KK-V3,2024-06-20,2024-07-05,False,normal,16
O-01838,Becksbrauerei,P-KK,P-KK-V3,2024-06-17,2024-07-02,False,normal,16
O-01839,Becksbrauerei,P-KK,P-KK-V3,2024-06-19,2024-07-03,False,normal,15
O-01840,Becksbrauerei,P-DV,P-DV-V3,2024-06-19,2024-06-25,False,normal,10
O-01841,Becksbrauerei,P-KK,P-KK-V2,2024-06-19,2024-07-05,False,normal,6
O-01842,Becksbrauerei,P-DV,P-DV-V2,2024-06-22,2024-07-11,False,normal,5
O-01843,Becksbrauerei,P-KK,P-KK-V3,2024-06-23,2024-07-10,False,normal,7
O-01844,"Harvey, Randall and Hernandez",P-DV,P-DV-V1,2024-06-21,2024-06-26,False,normal,17
O-01845,Becksbrauerei,P-DV,P-DV-V2,2024-06-21,2024-07-01,False,normal,19
O-01846,Becksbrauerei,P-DV,P-DV-V3,2024-06-19,2024-07-06,False,normal,6
O-01847,"Allen, Armstrong and Graves",P-DV,P-DV-V1,2024-06-20,2024-07-07,True,hoch,11
O-01848,Becksbrauerei,P-KK,P-KK-V3,2024-06-18,2024-06-30,False,normal,4
O-01849,Becksbrauerei,P-KK,P-KK-V3,2024-06-20,2024-07-09,False,normal,1
O-01850,Becksbrauerei,P-KK,P-KK-V2,2024-06-19,2024-06-25,False,normal,11
O-01851,Becksbrauerei,P-KK,P-KK-V3,2024-06-21,2024-06-28,False,normal,19
O-01852,Becksbrauerei,P-KK,P-KK-V2,2024-06-19,2024-06-29,False,normal,8
O-01853,Becksbrauerei,P-KK,P-KK-V4,2024-06-18,2024-06-24,False,normal,9
O-01854,Becksbrauerei,P-KK,P-KK-V2,2024-06-22,2024-06-29,False,normal,10
O-01855,Becksbrauerei,P-KK,P-KK-V2,2024-06-18,2024-06-30,False,normal,15
O-01856,Becksbrauerei,P-KK,P-KK-V1,2024-06-19,2024-06-26,False,normal,3
O-01857,Becksbrauerei,P-DV,P-DV-V1,2024-06-17,2024-06-28,False,normal,1
O-01858,Becksbrauerei,P-DV,P-DV-V1,2024-06-22,2024-07-11,False,normal,20
O-01859,Becksbrauerei,P-DV,P-DV-V1,2024-06-19,2024-07-07,False,normal,6
O-01860,Becksbrauerei,P-DV,P-DV-V3,2024-06-20,2024-07-11,False,normal,9
O-01861,Becksbrauerei,P-KK,P-KK-V3,2024-06-26,2024-07-17,False,normal,6
O-01862,Becksbrauerei,P-DV,P-DV-V1,2024-06-26,2024-07-17,False,normal,3
O-01863,Becksbrauerei,P-DV,P-DV-V3,2024-06-26,2024-07-04,False,normal,18
O-01864,Becksbrauerei,P-KK,P-KK-V2,2024-06-30,2024-07-08,False,normal,17
O-01865,Smith LLC,P-DV,P-DV-V2,2024-06-30,2024-07-21,False,normal,20
O-01866,Becksbrauerei,P-KK,P-KK-V2,2024-06-26,2024-07-06,False,normal,6
O-01867,Becksbrauerei,P-KK,P-KK-V2,2024-06-26,2024-07-17,False,normal,14
O-01868,Hernandez-Vaughn,P-DV,P-DV-V1,2024-06-26,2024-07-16,False,normal,12
O-01869,Becksbrauerei,P-KK,P-KK-V3,2024-06-26,2024-07-12,False,normal,10
O-01870,Shaw-Carr,P-DV,P-DV-V3,2024-06-27,2024-07-15,True,hoch,2
O-01871,Salas-Fitzgerald,P-DV,P-DV-V2,2024-06-29,2024-07-08,False,normal,1
O-01872,Becksbrauerei,P-KK,P-KK-V2,2024-06-29,2024-07-12,False,normal,11
O-01873,Becksbrauerei,P-DV,P-DV-V2,2024-06-26,2024-07-07,False,normal,15
O-01874,Thornton PLC,P-DV,P-DV-V1,2024-06-24,2024-07-06,False,normal,19
O-01875,Hoffman Ltd,P-DV,P-DV-V1,2024-06-30,2024-07-17,False,normal,16
O-01876,Becksbrauerei,P-KK,P-KK-V3,2024-06-28,2024-07-15,True,hoch,11
O-01877,Becksbrauerei,P-DV,P-DV-V3,2024-06-26,2024-07-15,False,normal,5
O-01878,Fox-Edwards,P-KK,P-KK-V3,2024-06-30,2024-07-18,False,normal,19
O-01879,Becksbrauerei,P-DV,P-DV-V3,2024-06-25,2024-07-02,False,normal,18
O-01880,Becksbrauerei,P-DV,P-DV-V3,2024-06-28,2024-07-12,False,normal,3
O-01881,Becksbrauerei,P-DV,P-DV-V2,2024-06-30,2024-07-19,False,normal,11
O-01882,Becksbrauerei,P-DV,P-DV-V1,2024-06-27,2024-07-13,False,normal,9
O-01883,Becksbrauerei,P-DV,P-DV-V3,2024-06-29,2024-07-04,False,normal,14
O-01884,Becksbrauerei,P-DV,P-DV-V2,2024-06-30,2024-07-06,False,normal,17
O-01885,Stevens PLC,P-DV,P-DV-V1,2024-06-28,2024-07-16,False,normal,11
O-01886,Payne-Lowe,P-DV,P-DV-V2,2024-06-28,2024-07-13,False,normal,19
O-01887,"Becker, Lara and Baker",P-KK,P-KK-V1,2024-06-28,2024-07-08,False,normal,3
O-01888,Lee-Wright,P-DV,P-DV-V3,2024-06-29,2024-07-10,False,normal,14
O-01889,Becksbrauerei,P-DV,P-DV-V2,2024-06-27,2024-07-06,False,normal,19
O-01890,Becksbrauerei,P-DV,P-DV-V2,2024-06-28,2024-07-16,False,normal,10
O-01891,Becksbrauerei,P-KK,P-KK-V4,2024-06-24,2024-06-29,False,normal,9
O-01892,Becksbrauerei,P-KK,P-KK-V3,2024-06-28,2024-07-17,False,normal,19
O-01893,Becksbrauerei,P-DV,P-DV-V3,2024-06-30,2024-07-09,False,normal,10
O-01894,Becksbrauerei,P-KK,P-KK-V1,2024-06-24,2024-06-30,False,normal,3
O-01895,Becksbrauerei,P-DV,P-DV-V2,2024-06-25,2024-07-06,False,normal,9
O-01896,"Evans, David and Hendrix",P-KK,P-KK-V2,2024-06-30,2024-07-16,True,hoch,15
O-01897,Bush-Vaughn,P-KK,P-KK-V4,2024-06-24,2024-07-13,False,normal,7
O-01898,Becksbrauerei,P-DV,P-DV-V1,2024-06-27,2024-07-16,False,normal,13
O-01899,Stewart-Bailey,P-KK,P-KK-V1,2024-06-25,2024-07-16,False,normal,4
O-01900,Becksbrauerei,P-KK,P-KK-V2,2024-06-24,2024-07-14,False,normal,11
O-01901,Becksbrauerei,P-DV,P-DV-V1,2024-06-25,2024-07-02,False,normal,9
O-01902,Becksbrauerei,P-KK,P-KK-V4,2024-06-24,2024-06-29,False,normal,4
O-01903,"Hill, Martinez and Rhodes",P-DV,P-DV-V2,2024-06-26,2024-07-03,False,normal,10
O-01904,Becksbrauerei,P-KK,P-KK-V1,2024-06-29,2024-07-16,False,normal,9
O-01905,Becksbrauerei,P-DV,P-DV-V1,2024-06-25,2024-07-07,False,normal,17
O-01906,Becksbrauerei,P-KK,P-KK-V2,2024-06-29,2024-07-19,False,normal,7
O-01907,Becksbrauerei,P-DV,P-DV-V2,2024-06-28,2024-07-16,False,normal,6
O-01908,Becksbrauerei,P-KK,P-KK-V2,2024-06-26,2024-07-04,False,normal,7
O-01909,Becksbrauerei,P-DV,P-DV-V2,2024-06-29,2024-07-15,False,normal,11
O-01910,Becksbrauerei,P-KK,P-KK-V1,2024-06-26,2024-07-01,False,normal,5
O-01911,Huang-Foster,P-DV,P-DV-V1,2024-06-28,2024-07-15,False,normal,6
O-01912,Becksbrauerei,P-KK,P-KK-V1,2024-06-24,2024-07-10,False,normal,3
O-01913,Becksbrauerei,P-KK,P-KK-V4,2024-06-27,2024-07-15,False,normal,5
O-01914,Becksbrauerei,P-KK,P-KK-V3,2024-06-27,2024-07-17,False,normal,11
O-01915,Blevins-Ballard,P-DV,P-DV-V3,2024-06-29,2024-07-07,False,normal,19
O-01916,Williams-Moses,P-KK,P-KK-V2,2024-06-25,2024-07-16,True,hoch,8
O-01917,Becksbrauerei,P-KK,P-KK-V1,2024-06-29,2024-07-16,False,normal,8
O-01918,Reed Group,P-KK,P-KK-V3,2024-06-25,2024-07-09,False,normal,19
O-01919,Becksbrauerei,P-DV,P-DV-V1,2024-06-26,2024-07-14,False,normal,2
O-01920,Becksbrauerei,P-DV,P-DV-V3,2024-06-24,2024-07-05,False,normal,2
O-01921,Becksbrauerei,P-KK,P-KK-V2,2024-06-27,2024-07-12,True,hoch,12
O-01922,Becksbrauerei,P-KK,P-KK-V4,2024-06-27,2024-07-08,False,normal,15
O-01923,Becksbrauerei,P-KK,P-KK-V3,2024-06-29,2024-07-20,False,normal,6
O-01924,Becksbrauerei,P-DV,P-DV-V2,2024-06-30,2024-07-20,False,normal,4
O-01925,Becksbrauerei,P-DV,P-DV-V3,2024-06-26,2024-07-03,False,normal,1
O-01926,Becksbrauerei,P-KK,P-KK-V1,2024-06-25,2024-07-14,False,normal,10
O-01927,"Scott, Mendoza and Harris",P-KK,P-KK-V3,2024-06-26,2024-07-15,False,normal,3
O-01928,"Nelson, Hoffman and Nelson",P-KK,P-KK-V4,2024-06-30,2024-07-21,False,normal,8
O-01929,Gilbert PLC,P-KK,P-KK-V2,2024-06-29,2024-07-15,False,normal,19
O-01930,Sanchez Ltd,P-KK,P-KK-V3,2024-06-28,2024-07-10,False,normal,6
O-01931,"Perez, Hall and Garcia",P-DV,P-DV-V1,2024-06-24,2024-07-04,False,normal,8
O-01932,Love-Garcia,P-KK,P-KK-V4,2024-06-30,2024-07-11,False,normal,13
O-01933,Becksbrauerei,P-DV,P-DV-V2,2024-06-28,2024-07-16,False,normal,5
O-01934,Becksbrauerei,P-DV,P-DV-V1,2024-06-24,2024-07-07,False,normal,7
O-01935,Becksbrauerei,P-KK,P-KK-V1,2024-06-30,2024-07-18,False,normal,6
O-01936,Becksbrauerei,P-KK,P-KK-V4,2024-06-30,2024-07-10,False,normal,7
O-01937,Becksbrauerei,P-KK,P-KK-V3,2024-06-24,2024-07-06,False,normal,13
O-01938,Becksbrauerei,P-KK,P-KK-V2,2024-06-25,2024-07-14,False,normal,11
O-01939,Smith PLC,P-KK,P-KK-V1,2024-06-28,2024-07-12,False,normal,20
O-01940,Becksbrauerei,P-DV,P-DV-V1,2024-06-29,2024-07-18,False,normal,20
O-01941,Russell Group,P-DV,P-DV-V1,2024-06-24,2024-07-09,False,normal,2
O-01942,Becksbrauerei,P-DV,P-DV-V2,2024-06-24,2024-07-13,False,normal,16
O-01943,Santos-Avila,P-DV,P-DV-V1,2024-06-28,2024-07-06,True,hoch,20
O-01944,Morris-Brewer,P-DV,P-DV-V1,2024-06-30,2024-07-20,False,normal,14
O-01945,Pearson and Sons,P-KK,P-KK-V1,2024-06-30,2024-07-13,False,normal,9
O-01946,Becksbrauerei,P-DV,P-DV-V2,2024-06-29,2024-07-12,False,normal,4
O-01947,Becksbrauerei,P-DV,P-DV-V1,2024-06-28,2024-07-18,False,normal,9
O-01948,"Rodgers, Jefferson and Johnson",P-KK,P-KK-V4,2024-06-28,2024-07-15,False,normal,13
O-01949,Becksbrauerei,P-KK,P-KK-V1,2024-06-28,2024-07-06,False,normal,8
O-01950,Butler and Sons,P-DV,P-DV-V3,2024-06-29,2024-07-17,False,normal,2
O-01951,Becksbrauerei,P-DV,P-DV-V3,2024-07-07,2024-07-26,False,normal,17
O-01952,Becksbrauerei,P-KK,P-KK-V4,2024-07-07,2024-07-25,False,normal,19
O-01953,Osborn Group,P-KK,P-KK-V1,2024-07-06,2024-07-21,True,hoch,1
O-01954,Lopez-Curry,P-DV,P-DV-V2,2024-07-03,2024-07-19,False,normal,9
O-01955,Becksbrauerei,P-DV,P-DV-V1,2024-07-03,2024-07-22,False,normal,6
O-01956,Mcdowell-Smith,P-KK,P-KK-V3,2024-07-06,2024-07-23,False,normal,6
O-01957,"Morrison, Hebert and Rogers",P-DV,P-DV-V1,2024-07-03,2024-07-19,False,normal,8
O-01958,Becksbrauerei,P-DV,P-DV-V2,2024-07-01,2024-07-08,False,normal,16
O-01959,Becksbrauerei,P-KK,P-KK-V4,2024-07-02,2024-07-15,False,normal,11
O-01960,Becksbrauerei,P-DV,P-DV-V2,2024-07-07,2024-07-17,False,normal,4
O-01961,Becksbrauerei,P-KK,P-KK-V3,2024-07-05,2024-07-19,False,normal,13
O-01962,Hays-Daniels,P-KK,P-KK-V2,2024-07-01,2024-07-08,False,normal,13
O-01963,Becksbrauerei,P-DV,P-DV-V1,2024-07-06,2024-07-21,False,normal,13
O-01964,Becksbrauerei,P-KK,P-KK-V3,2024-07-05,2024-07-12,False,normal,2
O-01965,Becksbrauerei,P-KK,P-KK-V2,2024-07-06,2024-07-19,True,hoch,8
O-01966,Becksbrauerei,P-KK,P-KK-V2,2024-07-04,2024-07-15,False,normal,1
O-01967,Small-Anderson,P-DV,P-DV-V2,2024-07-04,2024-07-15,False,normal,19
O-01968,"Mcdonald, Lee and Rodriguez",P-DV,P-DV-V3,2024-07-05,2024-07-22,False,normal,12
O-01969,Simon Ltd,P-DV,P-DV-V2,2024-07-03,2024-07-19,False,normal,11
O-01970,Higgins-Smith,P-DV,P-DV-V1,2024-07-06,2024-07-15,False,normal,8
O-01971,Becksbrauerei,P-KK,P-KK-V1,2024-07-07,2024-07-28,False,normal,4
O-01972,Becksbrauerei,P-KK,P-KK-V3,2024-07-06,2024-07-18,False,normal,2
O-01973,Becksbrauerei,P-DV,P-DV-V3,2024-07-04,2024-07-24,False,normal,6
O-01974,Becksbrauerei,P-KK,P-KK-V4,2024-07-05,2024-07-11,False,normal,5
O-01975,Gibbs-Bradley,P-KK,P-KK-V3,2024-07-01,2024-07-14,False,normal,1
O-01976,Becksbrauerei,P-DV,P-DV-V2,2024-07-06,2024-07-15,False,normal,15
O-01977,Becksbrauerei,P-DV,P-DV-V3,2024-07-06,2024-07-20,False,normal,17
O-01978,Thompson Ltd,P-DV,P-DV-V1,2024-07-07,2024-07-22,False,normal,2
O-01979,Becksbrauerei,P-DV,P-DV-V3,2024-07-01,2024-07-08,False,normal,6
O-01980,Becksbrauerei,P-KK,P-KK-V2,2024-07-05,2024-07-15,False,normal,16
O-01981,Becksbrauerei,P-KK,P-KK-V3,2024-07-01,2024-07-09,False,normal,13
O-01982,Becksbrauerei,P-DV,P-DV-V2,2024-07-06,2024-07-26,False,normal,4
O-01983,Becksbrauerei,P-DV,P-DV-V2,2024-07-02,2024-07-20,False,normal,6
O-01984,Becksbrauerei,P-DV,P-DV-V2,2024-07-02,2024-07-14,False,normal,3
O-01985,Becksbrauerei,P-DV,P-DV-V2,2024-07-07,2024-07-15,False,normal,20
O-01986,Becksbrauerei,P-KK,P-KK-V1,2024-07-06,2024-07-22,True,hoch,17
O-01987,Wilcox-Robertson,P-KK,P-KK-V1,2024-07-03,2024-07-20,False,normal,19
O-01988,Becksbrauerei,P-DV,P-DV-V1,2024-07-02,2024-07-13,False,normal,18
O-01989,Becksbrauerei,P-KK,P-KK-V3,2024-07-01,2024-07-10,False,normal,15
O-01990,Becksbrauerei,P-KK,P-KK-V2,2024-07-07,2024-07-26,True,hoch,18
O-01991,Becksbrauerei,P-KK,P-KK-V3,2024-07-03,2024-07-11,False,normal,17
O-01992,Morales Inc,P-KK,P-KK-V1,2024-07-04,2024-07-15,False,normal,11
O-01993,Holden Group,P-DV,P-DV-V3,2024-07-05,2024-07-22,False,normal,18
O-01994,Boyle-Smith,P-KK,P-KK-V3,2024-07-02,2024-07-18,False,normal,16
O-01995,Young-Molina,P-KK,P-KK-V4,2024-07-01,2024-07-17,True,hoch,16
O-01996,Becksbrauerei,P-KK,P-KK-V1,2024-07-06,2024-07-21,False,normal,18
O-01997,Becksbrauerei,P-DV,P-DV-V3,2024-07-06,2024-07-17,False,normal,7
O-01998,Becksbrauerei,P-DV,P-DV-V3,2024-07-04,2024-07-21,False,normal,1
O-01999,Becksbrauerei,P-DV,P-DV-V1,2024-07-03,2024-07-23,False,normal,10
O-02000,Becksbrauerei,P-KK,P-KK-V1,2024-07-02,2024-07-09,False,normal,19
O-02001,Becksbrauerei,P-KK,P-KK-V3,2024-07-06,2024-07-12,False,normal,10
O-02002,Turner-Sharp,P-DV,P-DV-V1,2024-07-03,2024-07-09,False,normal,14
O-02003,Becksbrauerei,P-KK,P-KK-V3,2024-07-06,2024-07-12,False,normal,6
O-02004,Becksbrauerei,P-KK,P-KK-V3,2024-07-01,2024-07-12,False,normal,20
O-02005,Becksbrauerei,P-KK,P-KK-V1,2024-07-04,2024-07-15,False,normal,10
O-02006,Green LLC,P-KK,P-KK-V2,2024-07-06,2024-07-21,False,normal,8
O-02007,Becksbrauerei,P-DV,P-DV-V2,2024-07-01,2024-07-10,False,normal,9
O-02008,"Young, Contreras and Marshall",P-DV,P-DV-V3,2024-07-05,2024-07-19,False,normal,9
O-02009,Becksbrauerei,P-DV,P-DV-V3,2024-07-01,2024-07-19,False,normal,7
O-02010,Becksbrauerei,P-DV,P-DV-V2,2024-07-05,2024-07-10,False,normal,15
O-02011,Sullivan PLC,P-KK,P-KK-V2,2024-07-01,2024-07-09,True,hoch,16
O-02012,"Carrillo, Vaughn and Fowler",P-KK,P-KK-V2,2024-07-05,2024-07-20,False,normal,13
O-02013,Becksbrauerei,P-DV,P-DV-V3,2024-07-03,2024-07-17,False,normal,4
O-02014,Becksbrauerei,P-DV,P-DV-V1,2024-07-01,2024-07-21,False,normal,2
O-02015,Richardson-Walker,P-DV,P-DV-V2,2024-07-01,2024-07-09,False,normal,6
O-02016,Becksbrauerei,P-KK,P-KK-V1,2024-07-02,2024-07-20,False,normal,5
O-02017,Becksbrauerei,P-DV,P-DV-V3,2024-07-07,2024-07-13,False,normal,7
O-02018,Becksbrauerei,P-KK,P-KK-V3,2024-07-01,2024-07-06,False,normal,9
O-02019,Becksbrauerei,P-KK,P-KK-V3,2024-07-04,2024-07-15,False,normal,13
O-02020,Becksbrauerei,P-KK,P-KK-V3,2024-07-05,2024-07-12,False,normal,11
O-02021,Becksbrauerei,P-DV,P-DV-V1,2024-07-07,2024-07-26,True,hoch,17
O-02022,Becksbrauerei,P-DV,P-DV-V3,2024-07-02,2024-07-11,False,normal,4
O-02023,Becksbrauerei,P-KK,P-KK-V4,2024-07-05,2024-07-10,False,normal,11
O-02024,Becksbrauerei,P-DV,P-DV-V1,2024-07-02,2024-07-10,False,normal,1
O-02025,Mendoza Group,P-KK,P-KK-V4,2024-07-07,2024-07-15,False,normal,2
O-02026,Becksbrauerei,P-KK,P-KK-V1,2024-07-06,2024-07-26,False,normal,10
O-02027,Becksbrauerei,P-DV,P-DV-V2,2024-07-06,2024-07-18,False,normal,12
O-02028,Becksbrauerei,P-DV,P-DV-V2,2024-07-02,2024-07-21,False,normal,5
O-02029,Becksbrauerei,P-DV,P-DV-V3,2024-07-06,2024-07-16,False,normal,9
O-02030,Becksbrauerei,P-KK,P-KK-V3,2024-07-06,2024-07-11,False,normal,2
O-02031,Becksbrauerei,P-DV,P-DV-V2,2024-07-06,2024-07-18,False,normal,12
O-02032,Becksbrauerei,P-KK,P-KK-V4,2024-07-04,2024-07-22,False,normal,13
O-02033,Becksbrauerei,P-DV,P-DV-V2,2024-07-03,2024-07-18,False,normal,17
O-02034,"Zhang, Brooks and Miles",P-KK,P-KK-V2,2024-07-02,2024-07-13,False,normal,20
O-02035,Becksbrauerei,P-DV,P-DV-V2,2024-07-05,2024-07-23,False,normal,13
O-02036,Todd-Pham,P-KK,P-KK-V4,2024-07-01,2024-07-20,False,normal,20
O-02037,Gill Ltd,P-DV,P-DV-V1,2024-07-02,2024-07-13,False,normal,13
O-02038,Becksbrauerei,P-DV,P-DV-V1,2024-07-04,2024-07-09,False,normal,6
O-02039,Becksbrauerei,P-DV,P-DV-V3,2024-07-06,2024-07-15,False,normal,7
O-02040,"Marks, Miller and Griffin",P-KK,P-KK-V4,2024-07-03,2024-07-22,False,normal,16
O-02041,"Cox, Stark and Rodriguez",P-DV,P-DV-V3,2024-07-14,2024-08-04,False,normal,4
O-02042,"Leach, Harris and Herrera",P-KK,P-KK-V1,2024-07-08,2024-07-13,False,normal,11
O-02043,Murphy PLC,P-KK,P-KK-V3,2024-07-10,2024-07-21,False,normal,10
O-02044,Wilson-Harris,P-KK,P-KK-V3,2024-07-12,2024-07-27,False,normal,16
O-02045,"Burns, Nolan and Griffin",P-DV,P-DV-V3,2024-07-09,2024-07-23,False,normal,6
O-02046,Becksbrauerei,P-KK,P-KK-V2,2024-07-11,2024-07-19,False,normal,6
O-02047,Becksbrauerei,P-DV,P-DV-V3,2024-07-10,2024-07-22,False,normal,5
O-02048,Becksbrauerei,P-DV,P-DV-V1,2024-07-14,2024-07-20,False,normal,13
O-02049,Chavez PLC,P-DV,P-DV-V1,2024-07-14,2024-07-19,False,normal,12
O-02050,Becksbrauerei,P-DV,P-DV-V3,2024-07-12,2024-07-22,False,normal,16
O-02051,Becksbrauerei,P-DV,P-DV-V2,2024-07-08,2024-07-24,True,hoch,10
O-02052,Becksbrauerei,P-DV,P-DV-V1,2024-07-08,2024-07-19,False,normal,3
O-02053,Bryant-Brown,P-DV,P-DV-V3,2024-07-14,2024-08-03,True,hoch,14
O-02054,Becksbrauerei,P-KK,P-KK-V3,2024-07-14,2024-07-27,False,normal,17
O-02055,Becksbrauerei,P-KK,P-KK-V4,2024-07-10,2024-07-20,True,hoch,10
O-02056,Chambers-Parker,P-DV,P-DV-V2,2024-07-11,2024-07-26,True,hoch,15
O-02057,Foster Inc,P-KK,P-KK-V3,2024-07-12,2024-07-18,False,normal,20
O-02058,Becksbrauerei,P-KK,P-KK-V1,2024-07-10,2024-07-27,False,normal,13
O-02059,"Robinson, Jones and Henderson",P-KK,P-KK-V3,2024-07-13,2024-07-30,False,normal,14
O-02060,"Brown, Mcknight and Michael",P-DV,P-DV-V3,2024-07-10,2024-07-19,False,normal,18
O-02061,Becksbrauerei,P-KK,P-KK-V4,2024-07-10,2024-07-23,True,hoch,3
O-02062,Andersen Group,P-DV,P-DV-V3,2024-07-08,2024-07-13,False,normal,4
O-02063,Becksbrauerei,P-KK,P-KK-V1,2024-07-09,2024-07-25,True,hoch,8
O-02064,Becksbrauerei,P-KK,P-KK-V1,2024-07-08,2024-07-13,False,normal,20
O-02065,Becksbrauerei,P-KK,P-KK-V2,2024-07-12,2024-07-31,False,normal,4
O-02066,Mitchell and Sons,P-KK,P-KK-V1,2024-07-13,2024-07-22,False,normal,3
O-02067,Cannon Ltd,P-KK,P-KK-V1,2024-07-13,2024-07-20,True,hoch,8
O-02068,Becksbrauerei,P-KK,P-KK-V1,2024-07-13,2024-07-20,False,normal,7
O-02069,Becksbrauerei,P-DV,P-DV-V1,2024-07-13,2024-08-02,False,normal,10
O-02070,Becksbrauerei,P-KK,P-KK-V4,2024-07-09,2024-07-30,True,hoch,7
O-02071,"Stuart, Brooks and Vance",P-DV,P-DV-V1,2024-07-12,2024-07-23,False,normal,3
O-02072,Becksbrauerei,P-KK,P-KK-V2,2024-07-14,2024-07-29,False,normal,13
O-02073,Becksbrauerei,P-DV,P-DV-V3,2024-07-11,2024-08-01,False,normal,9
O-02074,Kane-Knox,P-DV,P-DV-V3,2024-07-09,2024-07-30,True,hoch,9
O-02075,Becksbrauerei,P-DV,P-DV-V1,2024-07-08,2024-07-14,True,hoch,2
O-02076,Miller-Brandt,P-DV,P-DV-V1,2024-07-13,2024-08-01,True,hoch,3
O-02077,Becksbrauerei,P-DV,P-DV-V3,2024-07-14,2024-07-30,False,normal,3
O-02078,"Anderson, Dalton and Wilson",P-DV,P-DV-V3,2024-07-14,2024-07-29,False,normal,16
O-02079,"Long, Anderson and Irwin",P-DV,P-DV-V2,2024-07-10,2024-07-30,False,normal,7
O-02080,Avila LLC,P-KK,P-KK-V2,2024-07-08,2024-07-24,False,normal,11
O-02081,Becksbrauerei,P-DV,P-DV-V2,2024-07-14,2024-08-02,False,normal,13
O-02082,Becksbrauerei,P-DV,P-DV-V1,2024-07-14,2024-07-23,False,normal,5
O-02083,Becksbrauerei,P-DV,P-DV-V2,2024-07-08,2024-07-26,False,normal,6
O-02084,Becksbrauerei,P-KK,P-KK-V2,2024-07-09,2024-07-17,True,hoch,9
O-02085,Becksbrauerei,P-DV,P-DV-V1,2024-07-08,2024-07-28,False,normal,18
O-02086,Becksbrauerei,P-DV,P-DV-V1,2024-07-09,2024-07-29,False,normal,14
O-02087,Becksbrauerei,P-KK,P-KK-V4,2024-07-13,2024-07-19,False,normal,11
O-02088,Nunez-Stephens,P-DV,P-DV-V3,2024-07-10,2024-07-19,False,normal,7
O-02089,Becksbrauerei,P-DV,P-DV-V2,2024-07-08,2024-07-22,False,normal,10
O-02090,Becksbrauerei,P-DV,P-DV-V3,2024-07-08,2024-07-17,False,normal,12
O-02091,Becksbrauerei,P-KK,P-KK-V3,2024-07-12,2024-08-01,True,hoch,14
O-02092,"Gray, Hall and Murray",P-KK,P-KK-V2,2024-07-10,2024-07-22,False,normal,16
O-02093,Hill Ltd,P-DV,P-DV-V3,2024-07-10,2024-07-25,False,normal,11
O-02094,Becksbrauerei,P-KK,P-KK-V2,2024-07-14,2024-07-26,False,normal,1
O-02095,Becksbrauerei,P-DV,P-DV-V3,2024-07-08,2024-07-25,False,normal,3
O-02096,Becksbrauerei,P-DV,P-DV-V2,2024-07-12,2024-07-25,True,hoch,7
O-02097,Becksbrauerei,P-DV,P-DV-V3,2024-07-09,2024-07-25,False,normal,8
O-02098,Becksbrauerei,P-KK,P-KK-V1,2024-07-10,2024-07-26,False,normal,5
O-02099,Becksbrauerei,P-DV,P-DV-V2,2024-07-11,2024-07-26,False,normal,7
O-02100,Becksbrauerei,P-KK,P-KK-V3,2024-07-13,2024-07-19,False,normal,17
O-02101,Johnson Ltd,P-DV,P-DV-V1,2024-07-14,2024-07-31,False,normal,1
O-02102,Becksbrauerei,P-DV,P-DV-V2,2024-07-09,2024-07-18,False,normal,14
O-02103,Becksbrauerei,P-KK,P-KK-V3,2024-07-11,2024-07-20,False,normal,6
O-02104,Becksbrauerei,P-DV,P-DV-V2,2024-07-08,2024-07-21,False,normal,20
O-02105,Becksbrauerei,P-DV,P-DV-V2,2024-07-09,2024-07-18,False,normal,2
O-02106,Mendez-Mayer,P-DV,P-DV-V3,2024-07-11,2024-07-27,False,normal,13
O-02107,Becksbrauerei,P-KK,P-KK-V4,2024-07-13,2024-07-28,False,normal,2
O-02108,Becksbrauerei,P-DV,P-DV-V2,2024-07-12,2024-07-18,False,normal,5
O-02109,Becksbrauerei,P-DV,P-DV-V1,2024-07-08,2024-07-17,False,normal,8
O-02110,Becksbrauerei,P-KK,P-KK-V3,2024-07-10,2024-07-25,True,hoch,3
O-02111,Becksbrauerei,P-DV,P-DV-V2,2024-07-12,2024-07-18,False,normal,13
O-02112,Becksbrauerei,P-KK,P-KK-V1,2024-07-14,2024-07-25,False,normal,9
O-02113,Allen Inc,P-KK,P-KK-V2,2024-07-08,2024-07-13,True,hoch,8
O-02114,Wheeler Group,P-DV,P-DV-V1,2024-07-08,2024-07-20,False,normal,5
O-02115,"Powers, Brennan and Sanchez",P-DV,P-DV-V2,2024-07-11,2024-07-28,True,hoch,16
O-02116,Becksbrauerei,P-KK,P-KK-V4,2024-07-12,2024-07-19,True,hoch,7
O-02117,Becksbrauerei,P-KK,P-KK-V4,2024-07-08,2024-07-24,False,normal,12
O-02118,Morales and Sons,P-KK,P-KK-V4,2024-07-09,2024-07-18,False,normal,20
O-02119,Becksbrauerei,P-DV,P-DV-V2,2024-07-12,2024-07-28,False,normal,7
O-02120,Becksbrauerei,P-DV,P-DV-V2,2024-07-09,2024-07-24,False,normal,10
O-02121,Becksbrauerei,P-DV,P-DV-V1,2024-07-11,2024-08-01,False,normal,4
O-02122,"Robinson, Shields and Brown",P-KK,P-KK-V4,2024-07-14,2024-07-22,False,normal,7
O-02123,"Holder, Young and Hendricks",P-DV,P-DV-V3,2024-07-13,2024-07-24,False,normal,12
O-02124,"Flores, Harper and Chambers",P-DV,P-DV-V1,2024-07-13,2024-07-25,False,normal,9
O-02125,Becksbrauerei,P-KK,P-KK-V1,2024-07-10,2024-07-15,False,normal,11
O-02126,Becksbrauerei,P-KK,P-KK-V4,2024-07-13,2024-07-30,False,normal,13
O-02127,Becksbrauerei,P-KK,P-KK-V4,2024-07-11,2024-07-25,False,normal,8
O-02128,Young-Walter,P-KK,P-KK-V1,2024-07-08,2024-07-13,False,normal,9
O-02129,"Boyd, Gutierrez and Hill",P-KK,P-KK-V3,2024-07-11,2024-07-28,False,normal,4
O-02130,"Fry, Hobbs and Buck",P-KK,P-KK-V3,2024-07-09,2024-07-20,False,normal,12
O-02131,Becksbrauerei,P-KK,P-KK-V3,2024-07-18,2024-07-23,False,normal,4
O-02132,"Shelton, Peters and Williams",P-DV,P-DV-V1,2024-07-17,2024-08-05,False,normal,7
O-02133,Becksbrauerei,P-KK,P-KK-V1,2024-07-18,2024-07-28,True,hoch,8
O-02134,David-Powers,P-DV,P-DV-V3,2024-07-20,2024-08-02,False,normal,16
O-02135,Becksbrauerei,P-KK,P-KK-V2,2024-07-16,2024-07-23,False,normal,2
O-02136,"Flores, Butler and Hernandez",P-DV,P-DV-V2,2024-07-21,2024-08-09,False,normal,19
O-02137,White-Medina,P-KK,P-KK-V1,2024-07-21,2024-08-03,False,normal,7
O-02138,Becksbrauerei,P-DV,P-DV-V1,2024-07-20,2024-08-02,False,normal,15
O-02139,Atkinson LLC,P-KK,P-KK-V1,2024-07-21,2024-08-08,False,normal,8
O-02140,Becksbrauerei,P-KK,P-KK-V3,2024-07-17,2024-07-24,False,normal,16
O-02141,Becksbrauerei,P-KK,P-KK-V3,2024-07-20,2024-08-05,False,normal,11
O-02142,"Thomas, Ford and Brown",P-DV,P-DV-V2,2024-07-16,2024-08-02,False,normal,10
O-02143,Becksbrauerei,P-KK,P-KK-V4,2024-07-20,2024-08-07,False,normal,20
O-02144,Becksbrauerei,P-DV,P-DV-V1,2024-07-17,2024-08-02,False,normal,18
O-02145,Faulkner-Grant,P-KK,P-KK-V1,2024-07-17,2024-08-07,False,normal,5
O-02146,Becksbrauerei,P-DV,P-DV-V3,2024-07-20,2024-07-30,False,normal,7
O-02147,Price LLC,P-DV,P-DV-V1,2024-07-21,2024-08-08,False,normal,18
O-02148,Becksbrauerei,P-KK,P-KK-V1,2024-07-19,2024-07-24,False,normal,6
O-02149,Rivera Inc,P-KK,P-KK-V3,2024-07-18,2024-07-26,False,normal,12
O-02150,Becksbrauerei,P-DV,P-DV-V3,2024-07-20,2024-08-06,False,normal,14
O-02151,Boone-Davis,P-KK,P-KK-V2,2024-07-20,2024-08-08,False,normal,7
O-02152,"Calderon, Williams and Bennett",P-KK,P-KK-V1,2024-07-18,2024-07-27,False,normal,10
O-02153,Becksbrauerei,P-KK,P-KK-V4,2024-07-17,2024-07-28,False,normal,7
O-02154,Becksbrauerei,P-KK,P-KK-V1,2024-07-15,2024-07-29,True,hoch,3
O-02155,Becksbrauerei,P-KK,P-KK-V3,2024-07-18,2024-07-26,False,normal,13
O-02156,Becksbrauerei,P-KK,P-KK-V3,2024-07-17,2024-08-03,False,normal,20
O-02157,"Morrison, Russo and Lopez",P-DV,P-DV-V3,2024-07-19,2024-07-25,False,normal,16
O-02158,"Ramsey, Hansen and Mendoza",P-DV,P-DV-V2,2024-07-15,2024-07-28,False,normal,13
O-02159,Turner-Stout,P-KK,P-KK-V4,2024-07-20,2024-08-05,False,normal,1
O-02160,Becksbrauerei,P-DV,P-DV-V1,2024-07-18,2024-07-25,False,normal,3
O-02161,Becksbrauerei,P-KK,P-KK-V1,2024-07-18,2024-08-04,False,normal,16
O-02162,Becksbrauerei,P-KK,P-KK-V3,2024-07-17,2024-08-05,False,normal,1
O-02163,Becksbrauerei,P-KK,P-KK-V1,2024-07-19,2024-08-07,True,hoch,9
O-02164,Becksbrauerei,P-DV,P-DV-V3,2024-07-20,2024-07-26,False,normal,17
O-02165,Becksbrauerei,P-DV,P-DV-V1,2024-07-18,2024-08-01,False,normal,20
O-02166,Becksbrauerei,P-DV,P-DV-V2,2024-07-15,2024-07-24,False,normal,16
O-02167,Giles Ltd,P-DV,P-DV-V1,2024-07-15,2024-08-01,False,normal,6
O-02168,Burgess Group,P-DV,P-DV-V1,2024-07-17,2024-07-27,False,normal,19
O-02169,Dominguez Ltd,P-DV,P-DV-V1,2024-07-20,2024-08-08,False,normal,4
O-02170,Sanders and Sons,P-KK,P-KK-V2,2024-07-16,2024-07-25,False,normal,19
O-02171,Becksbrauerei,P-KK,P-KK-V4,2024-07-18,2024-08-03,False,normal,17
O-02172,Becksbrauerei,P-DV,P-DV-V3,2024-07-19,2024-07-27,False,normal,14
O-02173,"Morris, Campbell and Owens",P-DV,P-DV-V1,2024-07-15,2024-07-22,False,normal,12
O-02174,"Howard, Green and Hunt",P-DV,P-DV-V2,2024-07-19,2024-07-31,False,normal,4
O-02175,Becksbrauerei,P-KK,P-KK-V2,2024-07-15,2024-07-25,False,normal,18
O-02176,Owens-Lang,P-DV,P-DV-V3,2024-07-17,2024-08-06,True,hoch,6
O-02177,Becksbrauerei,P-DV,P-DV-V1,2024-07-19,2024-07-25,False,normal,5
O-02178,Becksbrauerei,P-DV,P-DV-V1,2024-07-17,2024-07-23,False,normal,17
O-02179,"Harrison, Franco and Rocha",P-DV,P-DV-V3,2024-07-19,2024-07-24,False,normal,11
O-02180,Becksbrauerei,P-KK,P-KK-V4,2024-07-21,2024-08-01,False,normal,16
O-02181,Becksbrauerei,P-KK,P-KK-V1,2024-07-16,2024-08-02,False,normal,3
O-02182,Edwards-Williams,P-KK,P-KK-V2,2024-07-21,2024-08-11,False,normal,16
O-02183,Becksbrauerei,P-KK,P-KK-V2,2024-07-16,2024-08-03,False,normal,8
O-02184,Becksbrauerei,P-DV,P-DV-V2,2024-07-15,2024-08-02,True,hoch,13
O-02185,Becksbrauerei,P-KK,P-KK-V2,2024-07-20,2024-08-05,False,normal,8
O-02186,Becksbrauerei,P-KK,P-KK-V4,2024-07-19,2024-08-09,False,normal,6
O-02187,Becksbrauerei,P-KK,P-KK-V3,2024-07-18,2024-07-25,False,normal,3
O-02188,Becksbrauerei,P-KK,P-KK-V2,2024-07-21,2024-07-27,False,normal,15
O-02189,Figueroa Inc,P-DV,P-DV-V2,2024-07-21,2024-08-05,False,normal,16
O-02190,Becksbrauerei,P-DV,P-DV-V2,2024-07-21,2024-07-30,False,normal,16
O-02191,Becksbrauerei,P-DV,P-DV-V3,2024-07-19,2024-07-26,False,normal,9
O-02192,Tran-Silva,P-DV,P-DV-V3,2024-07-19,2024-07-31,False,normal,8
O-02193,Becksbrauerei,P-KK,P-KK-V3,2024-07-17,2024-07-28,False,normal,14
O-02194,Becksbrauerei,P-DV,P-DV-V2,2024-07-19,2024-08-06,False,normal,20
O-02195,Becksbrauerei,P-KK,P-KK-V3,2024-07-16,2024-08-01,False,normal,7
O-02196,"Butler, Hernandez and Rivera",P-DV,P-DV-V3,2024-07-19,2024-07-29,True,hoch,10
O-02197,Becksbrauerei,P-KK,P-KK-V2,2024-07-19,2024-08-03,False,normal,16
O-02198,Hudson-Sanchez,P-DV,P-DV-V1,2024-07-18,2024-08-07,False,normal,15
O-02199,"Pena, Cohen and Scott",P-DV,P-DV-V1,2024-07-17,2024-07-24,False,normal,18
O-02200,Becksbrauerei,P-DV,P-DV-V1,2024-07-15,2024-07-26,False,normal,16
O-02201,Becksbrauerei,P-DV,P-DV-V3,2024-07-19,2024-08-01,False,normal,9
O-02202,Becksbrauerei,P-KK,P-KK-V4,2024-07-20,2024-08-09,False,normal,13
O-02203,Levy-May,P-DV,P-DV-V1,2024-07-16,2024-07-26,True,hoch,2
O-02204,Becksbrauerei,P-KK,P-KK-V1,2024-07-17,2024-07-25,False,normal,4
O-02205,Becksbrauerei,P-DV,P-DV-V1,2024-07-15,2024-07-21,True,hoch,20
O-02206,Becksbrauerei,P-DV,P-DV-V2,2024-07-18,2024-07-30,False,normal,19
O-02207,Becksbrauerei,P-DV,P-DV-V3,2024-07-17,2024-07-29,False,normal,11
O-02208,Becksbrauerei,P-KK,P-KK-V2,2024-07-21,2024-08-07,False,normal,6
O-02209,Becksbrauerei,P-KK,P-KK-V3,2024-07-21,2024-08-10,True,hoch,14
O-02210,Murray-Oconnor,P-KK,P-KK-V2,2024-07-18,2024-07-28,False,normal,9
O-02211,Jackson-Cortez,P-KK,P-KK-V1,2024-07-16,2024-07-30,False,normal,13
O-02212,Becksbrauerei,P-DV,P-DV-V1,2024-07-16,2024-07-24,False,normal,15
O-02213,White-Preston,P-DV,P-DV-V1,2024-07-20,2024-08-06,False,normal,1
O-02214,"Bernard, Warren and Combs",P-DV,P-DV-V1,2024-07-20,2024-08-09,False,normal,11
O-02215,Landry Ltd,P-DV,P-DV-V1,2024-07-18,2024-08-08,False,normal,20
O-02216,Duran Group,P-KK,P-KK-V3,2024-07-16,2024-07-23,False,normal,13
O-02217,Becksbrauerei,P-KK,P-KK-V4,2024-07-16,2024-07-27,False,normal,8
O-02218,Kirby and Sons,P-DV,P-DV-V1,2024-07-18,2024-08-07,False,normal,19
O-02219,Becksbrauerei,P-KK,P-KK-V1,2024-07-18,2024-07-23,False,normal,13
O-02220,Becksbrauerei,P-KK,P-KK-V4,2024-07-18,2024-08-06,False,normal,9
O-02221,Becksbrauerei,P-DV,P-DV-V1,2024-07-24,2024-08-09,False,normal,6
O-02222,Mann Inc,P-KK,P-KK-V2,2024-07-28,2024-08-18,False,normal,2
O-02223,Wagner LLC,P-DV,P-DV-V2,2024-07-22,2024-08-03,True,hoch,3
O-02224,Becksbrauerei,P-KK,P-KK-V3,2024-07-22,2024-08-12,False,normal,10
O-02225,Becksbrauerei,P-KK,P-KK-V4,2024-07-24,2024-08-03,False,normal,17
O-02226,Becksbrauerei,P-KK,P-KK-V2,2024-07-28,2024-08-04,False,normal,6
O-02227,Becksbrauerei,P-DV,P-DV-V3,2024-07-25,2024-08-12,False,normal,7
O-02228,Williamson Ltd,P-KK,P-KK-V1,2024-07-28,2024-08-05,False,normal,18
O-02229,Becksbrauerei,P-KK,P-KK-V4,2024-07-26,2024-08-11,False,normal,6
O-02230,Becksbrauerei,P-KK,P-KK-V1,2024-07-24,2024-08-03,False,normal,1
O-02231,Becksbrauerei,P-KK,P-KK-V4,2024-07-23,2024-08-02,True,hoch,5
O-02232,Becksbrauerei,P-KK,P-KK-V3,2024-07-26,2024-08-08,False,normal,4
O-02233,Becksbrauerei,P-KK,P-KK-V2,2024-07-27,2024-08-02,True,hoch,1
O-02234,Becksbrauerei,P-DV,P-DV-V2,2024-07-26,2024-08-15,False,normal,18
O-02235,Becksbrauerei,P-DV,P-DV-V3,2024-07-25,2024-08-15,False,normal,13
O-02236,Becksbrauerei,P-DV,P-DV-V3,2024-07-25,2024-08-04,False,normal,2
O-02237,Becksbrauerei,P-KK,P-KK-V1,2024-07-26,2024-08-11,False,normal,14
O-02238,Becksbrauerei,P-DV,P-DV-V2,2024-07-24,2024-08-09,True,hoch,1
O-02239,Becksbrauerei,P-KK,P-KK-V4,2024-07-28,2024-08-06,False,normal,5
O-02240,Becksbrauerei,P-DV,P-DV-V2,2024-07-23,2024-08-01,True,hoch,15
O-02241,Becksbrauerei,P-DV,P-DV-V2,2024-07-25,2024-08-13,False,normal,7
O-02242,Becksbrauerei,P-DV,P-DV-V1,2024-07-25,2024-07-31,False,normal,4
O-02243,Becksbrauerei,P-DV,P-DV-V2,2024-07-22,2024-08-07,False,normal,14
O-02244,Becksbrauerei,P-KK,P-KK-V3,2024-07-24,2024-08-14,False,normal,16
O-02245,Becksbrauerei,P-KK,P-KK-V3,2024-07-24,2024-08-04,False,normal,1
O-02246,Becksbrauerei,P-KK,P-KK-V2,2024-07-27,2024-08-09,True,hoch,17
O-02247,Becksbrauerei,P-DV,P-DV-V1,2024-07-25,2024-08-11,False,normal,12
O-02248,Becksbrauerei,P-DV,P-DV-V2,2024-07-24,2024-07-30,False,normal,15
O-02249,"Durham, Hopkins and Smith",P-DV,P-DV-V2,2024-07-28,2024-08-18,True,hoch,19
O-02250,"Arnold, Smith and Moreno",P-KK,P-KK-V2,2024-07-28,2024-08-14,False,normal,9
O-02251,Becksbrauerei,P-KK,P-KK-V2,2024-07-28,2024-08-08,True,hoch,13
O-02252,Becksbrauerei,P-KK,P-KK-V1,2024-07-22,2024-08-05,True,hoch,14
O-02253,Becksbrauerei,P-KK,P-KK-V4,2024-07-28,2024-08-06,False,normal,7
O-02254,Becksbrauerei,P-KK,P-KK-V1,2024-07-23,2024-07-29,False,normal,3
O-02255,Becksbrauerei,P-KK,P-KK-V4,2024-07-23,2024-08-12,True,hoch,11
O-02256,Becksbrauerei,P-DV,P-DV-V2,2024-07-24,2024-08-08,False,normal,5
O-02257,Becksbrauerei,P-DV,P-DV-V3,2024-07-28,2024-08-09,False,normal,16
O-02258,Nichols-Mitchell,P-DV,P-DV-V2,2024-07-26,2024-08-09,False,normal,13
O-02259,Becksbrauerei,P-KK,P-KK-V3,2024-07-28,2024-08-10,True,hoch,8
O-02260,"Li, Craig and Drake",P-KK,P-KK-V2,2024-07-25,2024-08-03,False,normal,17
O-02261,Becksbrauerei,P-DV,P-DV-V2,2024-07-27,2024-08-13,False,normal,3
O-02262,Becksbrauerei,P-KK,P-KK-V2,2024-07-26,2024-08-15,False,normal,11
O-02263,Becksbrauerei,P-KK,P-KK-V4,2024-07-25,2024-08-12,False,normal,1
O-02264,Rodriguez Inc,P-DV,P-DV-V2,2024-07-22,2024-08-05,False,normal,16
O-02265,Becksbrauerei,P-DV,P-DV-V3,2024-07-23,2024-08-09,False,normal,8
O-02266,"Hernandez, Lee and Fox",P-KK,P-KK-V3,2024-07-23,2024-08-07,False,normal,4
O-02267,Becksbrauerei,P-KK,P-KK-V1,2024-07-28,2024-08-02,False,normal,3
O-02268,Becksbrauerei,P-KK,P-KK-V1,2024-07-22,2024-08-11,False,normal,12
O-02269,Adams-Sanders,P-DV,P-DV-V3,2024-07-26,2024-08-02,True,hoch,11
O-02270,Becksbrauerei,P-KK,P-KK-V1,2024-07-26,2024-08-02,False,normal,7
O-02271,Becksbrauerei,P-KK,P-KK-V4,2024-07-28,2024-08-17,True,hoch,20
O-02272,Chung-Stevens,P-KK,P-KK-V3,2024-07-23,2024-07-30,False,normal,6
O-02273,Becksbrauerei,P-KK,P-KK-V4,2024-07-26,2024-08-07,False,normal,11
O-02274,Becksbrauerei,P-KK,P-KK-V4,2024-07-28,2024-08-16,False,normal,10
O-02275,Branch and Sons,P-DV,P-DV-V2,2024-07-28,2024-08-09,False,normal,11
O-02276,Becksbrauerei,P-KK,P-KK-V2,2024-07-25,2024-08-03,False,normal,2
O-02277,Sutton-Abbott,P-KK,P-KK-V2,2024-07-22,2024-08-10,True,hoch,10
O-02278,Becksbrauerei,P-DV,P-DV-V3,2024-07-24,2024-08-05,False,normal,4
O-02279,Becksbrauerei,P-DV,P-DV-V3,2024-07-23,2024-08-12,False,normal,13
O-02280,"Frey, Santos and Johnson",P-KK,P-KK-V3,2024-07-22,2024-07-28,True,hoch,9
O-02281,Gray-Tran,P-DV,P-DV-V1,2024-07-28,2024-08-17,False,normal,11
O-02282,Walsh Ltd,P-DV,P-DV-V1,2024-07-28,2024-08-12,False,normal,11
O-02283,Becksbrauerei,P-KK,P-KK-V1,2024-07-28,2024-08-07,False,normal,16
O-02284,Becksbrauerei,P-DV,P-DV-V1,2024-07-22,2024-07-31,False,normal,9
O-02285,Becksbrauerei,P-KK,P-KK-V2,2024-07-25,2024-07-31,False,normal,11
O-02286,Miller Group,P-DV,P-DV-V2,2024-07-22,2024-07-30,False,normal,17
O-02287,"Mueller, Knight and Hodge",P-KK,P-KK-V2,2024-07-23,2024-08-07,False,normal,17
O-02288,Becksbrauerei,P-DV,P-DV-V3,2024-07-25,2024-08-15,False,normal,20
O-02289,Jacobson Inc,P-KK,P-KK-V4,2024-07-28,2024-08-03,False,normal,18
O-02290,Becksbrauerei,P-DV,P-DV-V3,2024-07-28,2024-08-16,True,hoch,14
O-02291,Lewis Ltd,P-KK,P-KK-V4,2024-07-28,2024-08-15,False,normal,20
O-02292,Becksbrauerei,P-KK,P-KK-V3,2024-07-28,2024-08-09,False,normal,2
O-02293,Becksbrauerei,P-KK,P-KK-V3,2024-07-25,2024-08-07,True,hoch,8
O-02294,"Alvarez, Williams and Jones",P-DV,P-DV-V1,2024-07-25,2024-07-30,False,normal,9
O-02295,Becksbrauerei,P-DV,P-DV-V1,2024-07-26,2024-08-09,False,normal,16
O-02296,Lam-Elliott,P-KK,P-KK-V3,2024-07-28,2024-08-05,False,normal,13
O-02297,Becksbrauerei,P-DV,P-DV-V1,2024-07-26,2024-08-06,True,hoch,11
O-02298,White LLC,P-KK,P-KK-V4,2024-07-22,2024-07-30,True,hoch,9
O-02299,Ali PLC,P-KK,P-KK-V3,2024-07-27,2024-08-09,False,normal,7
O-02300,Becksbrauerei,P-KK,P-KK-V3,2024-07-22,2024-08-05,False,normal,18
O-02301,Becksbrauerei,P-KK,P-KK-V1,2024-07-23,2024-07-31,False,normal,8
O-02302,Becksbrauerei,P-KK,P-KK-V3,2024-07-23,2024-07-31,False,normal,17
O-02303,Becksbrauerei,P-DV,P-DV-V3,2024-07-22,2024-08-11,False,normal,3
O-02304,Becksbrauerei,P-DV,P-DV-V1,2024-07-24,2024-08-03,False,normal,9
O-02305,Becksbrauerei,P-KK,P-KK-V1,2024-07-22,2024-08-01,False,normal,18
O-02306,Goodwin Ltd,P-KK,P-KK-V4,2024-07-28,2024-08-13,True,hoch,14
O-02307,Becksbrauerei,P-KK,P-KK-V4,2024-07-23,2024-08-02,False,normal,19
O-02308,Becksbrauerei,P-KK,P-KK-V2,2024-07-28,2024-08-17,False,normal,11
O-02309,Becksbrauerei,P-DV,P-DV-V1,2024-07-22,2024-07-28,False,normal,12
O-02310,Hickman-Evans,P-KK,P-KK-V3,2024-07-27,2024-08-11,False,normal,11
O-02311,Becksbrauerei,P-DV,P-DV-V1,2024-07-30,2024-08-07,False,normal,4
O-02312,"Allen, Davenport and Price",P-KK,P-KK-V4,2024-08-01,2024-08-16,True,hoch,11
O-02313,"Rivera, Campos and Taylor",P-KK,P-KK-V3,2024-08-02,2024-08-20,False,normal,2
O-02314,"Ramsey, Mason and Mccann",P-DV,P-DV-V3,2024-07-30,2024-08-12,False,normal,9
O-02315,Becksbrauerei,P-DV,P-DV-V2,2024-07-29,2024-08-19,False,normal,10
O-02316,Davis and Sons,P-DV,P-DV-V1,2024-07-29,2024-08-12,False,normal,5
O-02317,Peterson PLC,P-KK,P-KK-V3,2024-07-29,2024-08-06,False,normal,11
O-02318,Becksbrauerei,P-KK,P-KK-V2,2024-08-02,2024-08-13,False,normal,2
O-02319,Becksbrauerei,P-DV,P-DV-V2,2024-08-04,2024-08-11,False,normal,19
O-02320,Becksbrauerei,P-DV,P-DV-V3,2024-08-03,2024-08-17,True,hoch,2
O-02321,Becksbrauerei,P-DV,P-DV-V2,2024-07-29,2024-08-13,False,normal,3
O-02322,"Sanders, Ayala and Johnson",P-KK,P-KK-V1,2024-07-29,2024-08-18,True,hoch,13
O-02323,Becksbrauerei,P-KK,P-KK-V3,2024-07-30,2024-08-11,True,hoch,19
O-02324,Becksbrauerei,P-KK,P-KK-V1,2024-08-01,2024-08-12,False,normal,17
O-02325,Becksbrauerei,P-KK,P-KK-V4,2024-07-29,2024-08-19,False,normal,7
O-02326,Becksbrauerei,P-DV,P-DV-V3,2024-07-30,2024-08-05,False,normal,13
O-02327,Becksbrauerei,P-KK,P-KK-V3,2024-07-31,2024-08-09,False,normal,19
O-02328,Becksbrauerei,P-DV,P-DV-V2,2024-07-30,2024-08-07,False,normal,20
O-02329,Bowers-Hayes,P-DV,P-DV-V1,2024-07-29,2024-08-15,False,normal,5
O-02330,Becksbrauerei,P-KK,P-KK-V1,2024-08-03,2024-08-15,False,normal,8
O-02331,Becksbrauerei,P-KK,P-KK-V1,2024-08-03,2024-08-20,False,normal,4
O-02332,Becksbrauerei,P-KK,P-KK-V2,2024-08-03,2024-08-11,False,normal,4
O-02333,Becksbrauerei,P-DV,P-DV-V1,2024-08-01,2024-08-10,False,normal,4
O-02334,Kelly Group,P-DV,P-DV-V2,2024-08-01,2024-08-18,False,normal,15
O-02335,Lopez-Willis,P-KK,P-KK-V2,2024-07-30,2024-08-16,False,normal,8
O-02336,Becksbrauerei,P-DV,P-DV-V2,2024-07-31,2024-08-18,True,hoch,15
O-02337,Becksbrauerei,P-KK,P-KK-V1,2024-08-04,2024-08-10,False,normal,7
O-02338,Becksbrauerei,P-DV,P-DV-V1,2024-07-31,2024-08-09,False,normal,1
O-02339,Becksbrauerei,P-DV,P-DV-V3,2024-07-29,2024-08-17,False,normal,15
O-02340,Becksbrauerei,P-KK,P-KK-V3,2024-08-04,2024-08-24,False,normal,16
O-02341,Becksbrauerei,P-KK,P-KK-V4,2024-07-30,2024-08-04,False,normal,13
O-02342,Becksbrauerei,P-KK,P-KK-V2,2024-07-29,2024-08-11,False,normal,4
O-02343,Becksbrauerei,P-DV,P-DV-V3,2024-08-02,2024-08-16,False,normal,19
O-02344,Miller-Montgomery,P-KK,P-KK-V2,2024-07-31,2024-08-13,False,normal,18
O-02345,Becksbrauerei,P-KK,P-KK-V4,2024-08-02,2024-08-07,False,normal,18
O-02346,Becksbrauerei,P-DV,P-DV-V3,2024-07-31,2024-08-05,False,normal,10
O-02347,Becksbrauerei,P-DV,P-DV-V2,2024-08-03,2024-08-16,False,normal,20
O-02348,Marquez Inc,P-DV,P-DV-V1,2024-08-01,2024-08-21,False,normal,11
O-02349,Becksbrauerei,P-KK,P-KK-V3,2024-07-31,2024-08-20,False,normal,16
O-02350,Becksbrauerei,P-KK,P-KK-V4,2024-08-02,2024-08-07,False,normal,5
O-02351,Becksbrauerei,P-KK,P-KK-V4,2024-08-04,2024-08-10,False,normal,3
O-02352,Becksbrauerei,P-KK,P-KK-V4,2024-08-03,2024-08-12,False,normal,12
O-02353,Becksbrauerei,P-KK,P-KK-V1,2024-07-31,2024-08-05,False,normal,9
O-02354,Becksbrauerei,P-DV,P-DV-V1,2024-07-29,2024-08-13,False,normal,3
O-02355,Moore-Dawson,P-DV,P-DV-V3,2024-08-02,2024-08-14,True,hoch,18
O-02356,Becksbrauerei,P-KK,P-KK-V1,2024-08-04,2024-08-24,False,normal,14
O-02357,"Moore, Price and Ward",P-DV,P-DV-V1,2024-07-29,2024-08-19,False,normal,9
O-02358,Smith LLC,P-KK,P-KK-V4,2024-08-03,2024-08-19,False,normal,18
O-02359,Becksbrauerei,P-KK,P-KK-V1,2024-08-03,2024-08-11,False,normal,9
O-02360,Becksbrauerei,P-KK,P-KK-V2,2024-08-04,2024-08-14,False,normal,6
O-02361,Becksbrauerei,P-KK,P-KK-V2,2024-07-30,2024-08-08,False,normal,15
O-02362,Ward-Nelson,P-KK,P-KK-V2,2024-07-29,2024-08-06,False,normal,12
O-02363,Miller Group,P-DV,P-DV-V3,2024-08-01,2024-08-10,False,normal,6
O-02364,Becksbrauerei,P-DV,P-DV-V2,2024-07-29,2024-08-08,False,normal,14
O-02365,Becksbrauerei,P-KK,P-KK-V1,2024-08-04,2024-08-14,False,normal,4
O-02366,Becksbrauerei,P-DV,P-DV-V1,2024-08-03,2024-08-13,False,normal,18
O-02367,Becksbrauerei,P-DV,P-DV-V2,2024-07-30,2024-08-10,False,normal,20
O-02368,Hawkins-Hunt,P-DV,P-DV-V2,2024-07-31,2024-08-13,False,normal,1
O-02369,Becksbrauerei,P-KK,P-KK-V4,2024-07-31,2024-08-17,False,normal,3
O-02370,Becksbrauerei,P-KK,P-KK-V2,2024-07-29,2024-08-10,False,normal,4
O-02371,Becksbrauerei,P-DV,P-DV-V2,2024-08-03,2024-08-12,True,hoch,8
O-02372,Becksbrauerei,P-KK,P-KK-V2,2024-07-29,2024-08-19,False,normal,3
O-02373,Becksbrauerei,P-KK,P-KK-V1,2024-07-31,2024-08-21,False,normal,11
O-02374,Johnson LLC,P-KK,P-KK-V2,2024-07-29,2024-08-16,False,normal,5
O-02375,Becksbrauerei,P-KK,P-KK-V1,2024-08-02,2024-08-11,False,normal,18
O-02376,"Davis, George and Nguyen",P-KK,P-KK-V3,2024-08-01,2024-08-11,False,normal,11
O-02377,Smith-Gutierrez,P-KK,P-KK-V1,2024-08-04,2024-08-09,False,normal,1
O-02378,Hardy PLC,P-KK,P-KK-V1,2024-07-31,2024-08-10,False,normal,19
O-02379,Armstrong and Sons,P-KK,P-KK-V1,2024-08-03,2024-08-14,False,normal,15
O-02380,"James, Taylor and Turner",P-DV,P-DV-V1,2024-08-04,2024-08-09,False,normal,11
O-02381,Thomas-Jackson,P-DV,P-DV-V3,2024-07-29,2024-08-19,False,normal,9
O-02382,Becksbrauerei,P-KK,P-KK-V1,2024-08-02,2024-08-11,False,normal,16
O-02383,Fisher-Washington,P-DV,P-DV-V2,2024-08-02,2024-08-09,False,normal,10
O-02384,Becksbrauerei,P-KK,P-KK-V3,2024-08-01,2024-08-21,True,hoch,1
O-02385,Becksbrauerei,P-KK,P-KK-V1,2024-07-29,2024-08-11,False,normal,11
O-02386,Becksbrauerei,P-KK,P-KK-V3,2024-08-03,2024-08-24,False,normal,13
O-02387,Becksbrauerei,P-KK,P-KK-V2,2024-08-01,2024-08-10,False,normal,11
O-02388,Becksbrauerei,P-DV,P-DV-V3,2024-07-29,2024-08-14,False,normal,19
O-02389,Becksbrauerei,P-DV,P-DV-V3,2024-07-29,2024-08-04,False,normal,7
O-02390,Ward and Sons,P-KK,P-KK-V4,2024-08-02,2024-08-21,False,normal,1
O-02391,Becksbrauerei,P-KK,P-KK-V2,2024-07-29,2024-08-04,False,normal,4
O-02392,Becksbrauerei,P-DV,P-DV-V2,2024-08-04,2024-08-25,True,hoch,17
O-02393,Becksbrauerei,P-KK,P-KK-V3,2024-08-03,2024-08-16,False,normal,18
O-02394,"Weber, Wheeler and Gonzalez",P-DV,P-DV-V2,2024-07-30,2024-08-20,False,normal,7
O-02395,Becksbrauerei,P-KK,P-KK-V4,2024-07-31,2024-08-12,False,normal,13
O-02396,Becksbrauerei,P-DV,P-DV-V3,2024-07-30,2024-08-20,False,normal,10
O-02397,Becksbrauerei,P-DV,P-DV-V2,2024-07-30,2024-08-04,False,normal,5
O-02398,Becksbrauerei,P-DV,P-DV-V3,2024-08-03,2024-08-24,False,normal,9
O-02399,Becksbrauerei,P-KK,P-KK-V4,2024-08-04,2024-08-10,False,normal,13
O-02400,Taylor Inc,P-KK,P-KK-V3,2024-08-04,2024-08-20,False,normal,2
O-02401,Becksbrauerei,P-KK,P-KK-V4,2024-08-11,2024-08-23,False,normal,18
O-02402,Becksbrauerei,P-KK,P-KK-V3,2024-08-06,2024-08-11,False,normal,10
O-02403,Cook-Oliver,P-DV,P-DV-V2,2024-08-11,2024-08-25,False,normal,17
O-02404,Becksbrauerei,P-KK,P-KK-V2,2024-08-10,2024-08-18,False,normal,17
O-02405,Alexander-Jordan,P-KK,P-KK-V3,2024-08-07,2024-08-16,False,normal,2
O-02406,Becksbrauerei,P-DV,P-DV-V1,2024-08-07,2024-08-13,False,normal,7
O-02407,Becksbrauerei,P-KK,P-KK-V2,2024-08-11,2024-08-27,False,normal,19
O-02408,"Mccann, Taylor and Flores",P-DV,P-DV-V3,2024-08-05,2024-08-22,False,normal,4
O-02409,"Harris, Edwards and Oconnell",P-KK,P-KK-V1,2024-08-10,2024-08-29,False,normal,4
O-02410,Becksbrauerei,P-KK,P-KK-V2,2024-08-06,2024-08-13,False,normal,7
O-02411,Becksbrauerei,P-KK,P-KK-V4,2024-08-10,2024-08-25,False,normal,14
O-02412,Carter-Neal,P-KK,P-KK-V1,2024-08-05,2024-08-26,False,normal,13
O-02413,Faulkner-Casey,P-KK,P-KK-V4,2024-08-09,2024-08-27,False,normal,17
O-02414,Bennett-Velasquez,P-KK,P-KK-V1,2024-08-06,2024-08-17,False,normal,1
O-02415,Becksbrauerei,P-KK,P-KK-V3,2024-08-11,2024-08-29,True,hoch,20
O-02416,Becksbrauerei,P-KK,P-KK-V2,2024-08-10,2024-08-27,False,normal,16
O-02417,Diaz-Frederick,P-DV,P-DV-V3,2024-08-07,2024-08-15,False,normal,1
O-02418,Becksbrauerei,P-KK,P-KK-V4,2024-08-07,2024-08-23,False,normal,10
O-02419,Becksbrauerei,P-KK,P-KK-V1,2024-08-11,2024-09-01,False,normal,4
O-02420,Becksbrauerei,P-DV,P-DV-V1,2024-08-06,2024-08-23,False,normal,1
O-02421,Becksbrauerei,P-KK,P-KK-V4,2024-08-06,2024-08-16,False,normal,7
O-02422,Becksbrauerei,P-KK,P-KK-V1,2024-08-06,2024-08-25,False,normal,3
O-02423,Becksbrauerei,P-KK,P-KK-V3,2024-08-05,2024-08-19,False,normal,2
O-02424,Vargas PLC,P-DV,P-DV-V3,2024-08-05,2024-08-20,False,normal,14
O-02425,Becksbrauerei,P-DV,P-DV-V3,2024-08-05,2024-08-26,False,normal,5
O-02426,Becksbrauerei,P-DV,P-DV-V1,2024-08-05,2024-08-16,False,normal,7
O-02427,Maldonado PLC,P-DV,P-DV-V2,2024-08-08,2024-08-15,False,normal,13
O-02428,Becksbrauerei,P-KK,P-KK-V4,2024-08-05,2024-08-20,False,normal,6
O-02429,Becksbrauerei,P-KK,P-KK-V3,2024-08-07,2024-08-23,True,hoch,18
O-02430,Benton Group,P-KK,P-KK-V4,2024-08-09,2024-08-17,False,normal,14
O-02431,"Clark, Salinas and Guerra",P-KK,P-KK-V2,2024-08-09,2024-08-22,False,normal,4
O-02432,Fuentes Group,P-KK,P-KK-V3,2024-08-09,2024-08-14,False,normal,7
O-02433,"Porter, Schultz and Allen",P-DV,P-DV-V2,2024-08-06,2024-08-26,False,normal,17
O-02434,Becksbrauerei,P-KK,P-KK-V4,2024-08-05,2024-08-16,False,normal,4
O-02435,"Moore, Henderson and Bennett",P-KK,P-KK-V1,2024-08-10,2024-08-26,False,normal,20
O-02436,Becksbrauerei,P-KK,P-KK-V3,2024-08-09,2024-08-16,False,normal,6
O-02437,Becksbrauerei,P-KK,P-KK-V4,2024-08-07,2024-08-17,False,normal,19
O-02438,Becksbrauerei,P-DV,P-DV-V3,2024-08-09,2024-08-26,False,normal,18
O-02439,Ewing-Mendoza,P-DV,P-DV-V1,2024-08-09,2024-08-23,False,normal,19
O-02440,Becksbrauerei,P-DV,P-DV-V3,2024-08-09,2024-08-21,False,normal,10
O-02441,Ferguson-Mclean,P-KK,P-KK-V3,2024-08-09,2024-08-20,False,normal,4
O-02442,Becksbrauerei,P-KK,P-KK-V2,2024-08-07,2024-08-16,False,normal,19
O-02443,Becksbrauerei,P-KK,P-KK-V4,2024-08-09,2024-08-14,False,normal,13
O-02444,Becksbrauerei,P-KK,P-KK-V4,2024-08-11,2024-08-29,False,normal,15
O-02445,Becksbrauerei,P-KK,P-KK-V2,2024-08-07,2024-08-19,False,normal,20
O-02446,"Barnes, Johnson and Schmitt",P-DV,P-DV-V3,2024-08-06,2024-08-27,False,normal,1
O-02447,Becksbrauerei,P-DV,P-DV-V1,2024-08-07,2024-08-25,False,normal,5
O-02448,"Woodard, Herrera and Little",P-DV,P-DV-V2,2024-08-05,2024-08-14,False,normal,18
O-02449,Becksbrauerei,P-KK,P-KK-V4,2024-08-10,2024-08-23,True,hoch,19
O-02450,Becksbrauerei,P-DV,P-DV-V2,2024-08-08,2024-08-15,False,normal,18
O-02451,Rodriguez and Sons,P-DV,P-DV-V2,2024-08-05,2024-08-14,False,normal,11
O-02452,Becksbrauerei,P-DV,P-DV-V1,2024-08-07,2024-08-18,False,normal,5
O-02453,"Ortega, Jackson and Salazar",P-KK,P-KK-V3,2024-08-11,2024-09-01,False,normal,1
O-02454,Becksbrauerei,P-KK,P-KK-V4,2024-08-11,2024-08-23,True,hoch,17
O-02455,Becksbrauerei,P-DV,P-DV-V3,2024-08-08,2024-08-25,True,hoch,13
O-02456,Becksbrauerei,P-KK,P-KK-V1,2024-08-05,2024-08-16,False,normal,1
O-02457,Becksbrauerei,P-KK,P-KK-V1,2024-08-08,2024-08-29,True,hoch,3
O-02458,Becksbrauerei,P-DV,P-DV-V3,2024-08-09,2024-08-16,False,normal,15
O-02459,Becksbrauerei,P-DV,P-DV-V1,2024-08-11,2024-09-01,False,normal,15
O-02460,Becksbrauerei,P-DV,P-DV-V3,2024-08-06,2024-08-12,False,normal,9
O-02461,Becksbrauerei,P-DV,P-DV-V1,2024-08-08,2024-08-27,False,normal,6
O-02462,Becksbrauerei,P-KK,P-KK-V4,2024-08-06,2024-08-23,False,normal,5
O-02463,Becksbrauerei,P-KK,P-KK-V3,2024-08-05,2024-08-12,False,normal,16
O-02464,Becksbrauerei,P-DV,P-DV-V1,2024-08-06,2024-08-13,False,normal,13
O-02465,Becksbrauerei,P-DV,P-DV-V1,2024-08-06,2024-08-17,False,normal,5
O-02466,"Terrell, Byrd and Ross",P-DV,P-DV-V2,2024-08-10,2024-08-20,False,normal,13
O-02467,Becksbrauerei,P-KK,P-KK-V4,2024-08-09,2024-08-16,False,normal,6
O-02468,Becksbrauerei,P-KK,P-KK-V1,2024-08-09,2024-08-19,True,hoch,14
O-02469,Becksbrauerei,P-KK,P-KK-V3,2024-08-06,2024-08-25,False,normal,12
O-02470,Sheppard-Jordan,P-DV,P-DV-V1,2024-08-06,2024-08-17,False,normal,18
O-02471,Becksbrauerei,P-DV,P-DV-V2,2024-08-07,2024-08-13,False,normal,19
O-02472,Becksbrauerei,P-DV,P-DV-V1,2024-08-06,2024-08-23,False,normal,4
O-02473,Becksbrauerei,P-DV,P-DV-V2,2024-08-07,2024-08-13,False,normal,9
O-02474,Garcia and Sons,P-KK,P-KK-V4,2024-08-08,2024-08-16,False,normal,16
O-02475,Becksbrauerei,P-KK,P-KK-V2,2024-08-05,2024-08-10,False,normal,16
O-02476,"Burgess, Grant and Watts",P-KK,P-KK-V1,2024-08-10,2024-08-21,False,normal,14
O-02477,Griffin Group,P-KK,P-KK-V3,2024-08-10,2024-08-30,False,normal,15
O-02478,Becksbrauerei,P-KK,P-KK-V4,2024-08-11,2024-08-23,False,normal,4
O-02479,Becksbrauerei,P-KK,P-KK-V3,2024-08-08,2024-08-13,False,normal,15
O-02480,Barton-Chapman,P-KK,P-KK-V4,2024-08-11,2024-08-29,False,normal,4
O-02481,"Hernandez, Cuevas and Webb",P-DV,P-DV-V2,2024-08-10,2024-08-16,False,normal,8
O-02482,Becksbrauerei,P-DV,P-DV-V3,2024-08-11,2024-08-20,False,normal,1
O-02483,Becksbrauerei,P-DV,P-DV-V3,2024-08-06,2024-08-13,False,normal,8
O-02484,Becksbrauerei,P-DV,P-DV-V2,2024-08-10,2024-08-20,True,hoch,12
O-02485,Perry-Nixon,P-KK,P-KK-V3,2024-08-09,2024-08-28,False,normal,13
O-02486,Becksbrauerei,P-KK,P-KK-V1,2024-08-09,2024-08-19,True,hoch,11
O-02487,Becksbrauerei,P-DV,P-DV-V2,2024-08-11,2024-08-17,False,normal,9
O-02488,Guerra Ltd,P-KK,P-KK-V4,2024-08-09,2024-08-23,False,normal,6
O-02489,Bailey LLC,P-KK,P-KK-V1,2024-08-11,2024-08-26,False,normal,8
O-02490,Becksbrauerei,P-DV,P-DV-V3,2024-08-09,2024-08-22,False,normal,5
O-02491,Becksbrauerei,P-DV,P-DV-V3,2024-08-14,2024-09-04,False,normal,3
O-02492,Mueller-Boyd,P-DV,P-DV-V2,2024-08-15,2024-09-05,False,normal,2
O-02493,Becksbrauerei,P-DV,P-DV-V1,2024-08-14,2024-08-24,False,normal,15
O-02494,Becksbrauerei,P-DV,P-DV-V2,2024-08-13,2024-08-23,True,hoch,9
O-02495,Becksbrauerei,P-DV,P-DV-V1,2024-08-16,2024-08-23,False,normal,15
O-02496,Becksbrauerei,P-DV,P-DV-V3,2024-08-16,2024-09-05,False,normal,20
O-02497,Becksbrauerei,P-DV,P-DV-V3,2024-08-15,2024-08-24,False,normal,17
O-02498,Becksbrauerei,P-KK,P-KK-V4,2024-08-17,2024-08-23,False,normal,17
O-02499,Alvarez-Kim,P-KK,P-KK-V4,2024-08-17,2024-08-27,False,normal,12
O-02500,Becksbrauerei,P-KK,P-KK-V3,2024-08-12,2024-08-28,False,normal,20
O-02501,Becksbrauerei,P-DV,P-DV-V3,2024-08-15,2024-08-21,True,hoch,9
O-02502,Becksbrauerei,P-KK,P-KK-V3,2024-08-18,2024-09-03,False,normal,17
O-02503,Becksbrauerei,P-DV,P-DV-V2,2024-08-16,2024-09-02,False,normal,20
O-02504,Becksbrauerei,P-DV,P-DV-V1,2024-08-17,2024-08-29,False,normal,18
O-02505,Becksbrauerei,P-DV,P-DV-V2,2024-08-18,2024-08-30,False,normal,19
O-02506,"Chavez, Jones and Williams",P-KK,P-KK-V3,2024-08-15,2024-08-25,False,normal,11
O-02507,"Wilson, Sweeney and Wong",P-KK,P-KK-V3,2024-08-17,2024-09-06,False,normal,13
O-02508,Becksbrauerei,P-KK,P-KK-V2,2024-08-15,2024-08-27,False,normal,17
O-02509,"Marsh, Spears and Yang",P-DV,P-DV-V1,2024-08-13,2024-09-03,True,hoch,12
O-02510,"Thompson, Moore and Castro",P-DV,P-DV-V1,2024-08-17,2024-09-06,False,normal,18
O-02511,Hall-Sullivan,P-DV,P-DV-V1,2024-08-16,2024-08-31,False,normal,10
O-02512,Becksbrauerei,P-DV,P-DV-V1,2024-08-12,2024-08-23,False,normal,17
O-02513,Becksbrauerei,P-KK,P-KK-V1,2024-08-15,2024-09-04,False,normal,11
O-02514,Becksbrauerei,P-KK,P-KK-V3,2024-08-18,2024-08-24,True,hoch,13
O-02515,Becksbrauerei,P-DV,P-DV-V1,2024-08-14,2024-08-28,False,normal,11
O-02516,Lopez Ltd,P-KK,P-KK-V1,2024-08-13,2024-08-23,False,normal,14
O-02517,Foster-Mclaughlin,P-DV,P-DV-V3,2024-08-18,2024-09-08,True,hoch,15
O-02518,Becksbrauerei,P-DV,P-DV-V1,2024-08-12,2024-08-25,False,normal,4
O-02519,Becksbrauerei,P-DV,P-DV-V1,2024-08-12,2024-08-28,False,normal,17
O-02520,Cole Group,P-KK,P-KK-V4,2024-08-16,2024-08-22,False,normal,16
O-02521,Becksbrauerei,P-KK,P-KK-V3,2024-08-14,2024-08-23,False,normal,18
O-02522,Becksbrauerei,P-DV,P-DV-V2,2024-08-13,2024-08-22,False,normal,14
O-02523,Smith-Lewis,P-DV,P-DV-V1,2024-08-14,2024-09-04,False,normal,18
O-02524,Goodwin-Stokes,P-DV,P-DV-V2,2024-08-14,2024-08-24,False,normal,17
O-02525,Becksbrauerei,P-DV,P-DV-V3,2024-08-17,2024-08-30,False,normal,19
O-02526,Ray PLC,P-DV,P-DV-V2,2024-08-18,2024-09-02,False,normal,10
O-02527,Diaz and Sons,P-KK,P-KK-V2,2024-08-14,2024-08-22,False,normal,14
O-02528,Becksbrauerei,P-DV,P-DV-V1,2024-08-13,2024-08-18,False,normal,10
O-02529,Becksbrauerei,P-DV,P-DV-V3,2024-08-13,2024-08-25,True,hoch,4
O-02530,Becksbrauerei,P-DV,P-DV-V2,2024-08-12,2024-08-23,True,hoch,2
O-02531,Becksbrauerei,P-KK,P-KK-V4,2024-08-16,2024-08-26,False,normal,10
O-02532,Wilson-Lambert,P-DV,P-DV-V2,2024-08-16,2024-09-05,False,normal,8
O-02533,Becksbrauerei,P-DV,P-DV-V2,2024-08-17,2024-09-05,False,normal,14
O-02534,Rose-Fowler,P-KK,P-KK-V1,2024-08-13,2024-08-29,False,normal,6
O-02535,"Price, Long and Wilson",P-DV,P-DV-V2,2024-08-13,2024-08-20,False,normal,6
O-02536,Becksbrauerei,P-KK,P-KK-V2,2024-08-13,2024-08-20,True,hoch,1
O-02537,Becksbrauerei,P-DV,P-DV-V3,2024-08-12,2024-08-18,False,normal,3
O-02538,Bruce-Williamson,P-KK,P-KK-V4,2024-08-14,2024-09-03,False,normal,15
O-02539,Becksbrauerei,P-DV,P-DV-V1,2024-08-16,2024-08-26,False,normal,3
O-02540,Becksbrauerei,P-DV,P-DV-V1,2024-08-18,2024-08-28,False,normal,11
O-02541,Becksbrauerei,P-DV,P-DV-V3,2024-08-14,2024-08-27,False,normal,19
O-02542,"Mccarthy, Evans and Mendez",P-KK,P-KK-V3,2024-08-13,2024-08-20,False,normal,15
O-02543,Becksbrauerei,P-DV,P-DV-V3,2024-08-16,2024-08-28,False,normal,18
O-02544,Becksbrauerei,P-KK,P-KK-V4,2024-08-12,2024-09-01,False,normal,7
O-02545,Becksbrauerei,P-KK,P-KK-V4,2024-08-18,2024-08-29,False,normal,6
O-02546,Powers LLC,P-KK,P-KK-V3,2024-08-13,2024-08-23,False,normal,20
O-02547,Allen Inc,P-KK,P-KK-V4,2024-08-13,2024-08-21,False,normal,19
O-02548,Becksbrauerei,P-KK,P-KK-V3,2024-08-13,2024-08-22,False,normal,12
O-02549,Becksbrauerei,P-KK,P-KK-V2,2024-08-14,2024-08-28,False,normal,15
O-02550,Brooks and Sons,P-DV,P-DV-V1,2024-08-13,2024-08-30,False,normal,19
O-02551,"Price, Carlson and Andrews",P-DV,P-DV-V2,2024-08-18,2024-08-31,False,normal,16
O-02552,Becksbrauerei,P-KK,P-KK-V2,2024-08-15,2024-09-03,True,hoch,15
O-02553,Lopez-Reid,P-KK,P-KK-V2,2024-08-12,2024-08-27,False,normal,15
O-02554,"Ellison, Arias and Thompson",P-DV,P-DV-V3,2024-08-12,2024-08-23,False,normal,11
O-02555,Becksbrauerei,P-KK,P-KK-V2,2024-08-13,2024-08-22,True,hoch,4
O-02556,Becksbrauerei,P-KK,P-KK-V3,2024-08-15,2024-08-21,False,normal,2
O-02557,Becksbrauerei,P-DV,P-DV-V3,2024-08-15,2024-09-03,False,normal,19
O-02558,Burns and Sons,P-DV,P-DV-V2,2024-08-17,2024-08-28,False,normal,12
O-02559,Edwards Group,P-DV,P-DV-V1,2024-08-13,2024-08-30,False,normal,2
O-02560,Becksbrauerei,P-KK,P-KK-V1,2024-08-14,2024-08-28,False,normal,3
O-02561,"Brown, Howard and Smith",P-DV,P-DV-V1,2024-08-15,2024-08-22,False,normal,7
O-02562,Becksbrauerei,P-KK,P-KK-V1,2024-08-18,2024-08-27,False,normal,19
O-02563,Becksbrauerei,P-DV,P-DV-V3,2024-08-12,2024-08-19,False,normal,17
O-02564,Becksbrauerei,P-KK,P-KK-V1,2024-08-16,2024-08-27,False,normal,16
O-02565,Lee Group,P-KK,P-KK-V2,2024-08-17,2024-09-06,True,hoch,5
O-02566,Becksbrauerei,P-DV,P-DV-V1,2024-08-17,2024-08-26,False,normal,6
O-02567,Becksbrauerei,P-KK,P-KK-V4,2024-08-15,2024-09-03,False,normal,4
O-02568,Becksbrauerei,P-KK,P-KK-V1,2024-08-12,2024-08-29,False,normal,6
O-02569,"Wagner, Simpson and Cohen",P-KK,P-KK-V1,2024-08-16,2024-08-22,False,normal,17
O-02570,Becksbrauerei,P-DV,P-DV-V1,2024-08-13,2024-08-24,True,hoch,14
O-02571,Becksbrauerei,P-DV,P-DV-V2,2024-08-13,2024-08-18,False,normal,10
O-02572,Becksbrauerei,P-KK,P-KK-V2,2024-08-18,2024-09-01,False,normal,1
O-02573,Mckinney-Wallace,P-DV,P-DV-V3,2024-08-16,2024-08-25,False,normal,19
O-02574,Becksbrauerei,P-DV,P-DV-V1,2024-08-13,2024-08-27,False,normal,19
O-02575,Becksbrauerei,P-KK,P-KK-V3,2024-08-14,2024-08-31,False,normal,1
O-02576,Miller Inc,P-KK,P-KK-V3,2024-08-13,2024-09-02,False,normal,8
O-02577,Carter LLC,P-DV,P-DV-V1,2024-08-13,2024-08-26,False,normal,18
O-02578,Medina and Sons,P-DV,P-DV-V3,2024-08-14,2024-08-31,False,normal,7
O-02579,Cunningham-Barton,P-KK,P-KK-V3,2024-08-12,2024-08-21,True,hoch,2
O-02580,Becksbrauerei,P-DV,P-DV-V1,2024-08-14,2024-08-24,False,normal,9
O-02581,Dunn-Wilson,P-KK,P-KK-V2,2024-08-23,2024-08-29,False,normal,3
O-02582,Becksbrauerei,P-DV,P-DV-V2,2024-08-25,2024-08-30,False,normal,10
O-02583,Becksbrauerei,P-KK,P-KK-V3,2024-08-21,2024-09-03,False,normal,1
O-02584,Becksbrauerei,P-KK,P-KK-V3,2024-08-19,2024-08-31,True,hoch,12
O-02585,Adams PLC,P-DV,P-DV-V2,2024-08-23,2024-09-11,False,normal,10
O-02586,Becksbrauerei,P-KK,P-KK-V3,2024-08-22,2024-09-07,False,normal,6
O-02587,Weaver-Sherman,P-KK,P-KK-V3,2024-08-22,2024-08-30,False,normal,15
O-02588,"Alexander, Robinson and Coleman",P-DV,P-DV-V1,2024-08-19,2024-08-25,False,normal,17
O-02589,"Greer, Potter and Evans",P-KK,P-KK-V1,2024-08-20,2024-08-25,False,normal,14
O-02590,Cole LLC,P-KK,P-KK-V1,2024-08-22,2024-09-08,False,normal,16
O-02591,Becksbrauerei,P-KK,P-KK-V4,2024-08-23,2024-08-29,False,normal,12
O-02592,Becksbrauerei,P-DV,P-DV-V1,2024-08-20,2024-08-25,False,normal,11
O-02593,Becksbrauerei,P-KK,P-KK-V4,2024-08-19,2024-08-30,False,normal,4
O-02594,Gonzales Inc,P-KK,P-KK-V1,2024-08-22,2024-09-03,False,normal,10
O-02595,Clark Ltd,P-DV,P-DV-V3,2024-08-21,2024-09-10,False,normal,6
O-02596,Becksbrauerei,P-KK,P-KK-V2,2024-08-19,2024-08-24,False,normal,18
O-02597,Becksbrauerei,P-DV,P-DV-V2,2024-08-22,2024-09-09,False,normal,7
O-02598,"Norris, Callahan and Bishop",P-KK,P-KK-V1,2024-08-21,2024-09-01,False,normal,7
O-02599,Martin-Taylor,P-DV,P-DV-V1,2024-08-25,2024-09-13,False,normal,13
O-02600,Becksbrauerei,P-DV,P-DV-V1,2024-08-19,2024-09-04,False,normal,5
O-02601,Becksbrauerei,P-DV,P-DV-V1,2024-08-19,2024-08-25,False,normal,14
O-02602,Li Inc,P-KK,P-KK-V3,2024-08-21,2024-08-26,False,normal,2
O-02603,Becksbrauerei,P-DV,P-DV-V3,2024-08-22,2024-09-10,True,hoch,1
O-02604,Becksbrauerei,P-DV,P-DV-V3,2024-08-20,2024-08-27,False,normal,9
O-02605,Becksbrauerei,P-KK,P-KK-V3,2024-08-20,2024-08-27,False,normal,9
O-02606,Becksbrauerei,P-KK,P-KK-V3,2024-08-24,2024-09-13,False,normal,20
O-02607,Becksbrauerei,P-DV,P-DV-V3,2024-08-20,2024-08-27,False,normal,4
O-02608,"Bell, Campbell and Ryan",P-DV,P-DV-V2,2024-08-23,2024-09-06,True,hoch,4
O-02609,Becksbrauerei,P-KK,P-KK-V2,2024-08-22,2024-09-05,False,normal,19
O-02610,Becksbrauerei,P-DV,P-DV-V1,2024-08-20,2024-08-30,False,normal,7
O-02611,Becksbrauerei,P-DV,P-DV-V3,2024-08-23,2024-08-31,False,normal,1
O-02612,Werner-Carter,P-KK,P-KK-V3,2024-08-20,2024-09-07,False,normal,5
O-02613,"Adams, Hodge and Duke",P-KK,P-KK-V2,2024-08-22,2024-08-28,False,normal,18
O-02614,Becksbrauerei,P-KK,P-KK-V1,2024-08-19,2024-09-06,True,hoch,1
O-02615,"Ochoa, Taylor and Brady",P-DV,P-DV-V1,2024-08-25,2024-09-01,False,normal,20
O-02616,Sellers-Riddle,P-DV,P-DV-V1,2024-08-19,2024-08-26,False,normal,18
O-02617,"Martinez, Cline and Wright",P-DV,P-DV-V3,2024-08-23,2024-08-28,False,normal,18
O-02618,Becksbrauerei,P-DV,P-DV-V2,2024-08-21,2024-08-30,False,normal,12
O-02619,Becksbrauerei,P-KK,P-KK-V4,2024-08-23,2024-09-08,False,normal,6
O-02620,Becksbrauerei,P-KK,P-KK-V1,2024-08-21,2024-08-27,False,normal,3
O-02621,Becksbrauerei,P-KK,P-KK-V2,2024-08-22,2024-08-29,False,normal,3
O-02622,Becksbrauerei,P-KK,P-KK-V4,2024-08-24,2024-09-06,False,normal,14
O-02623,"Morris, Wright and Bridges",P-KK,P-KK-V4,2024-08-24,2024-09-10,False,normal,16
O-02624,Becksbrauerei,P-KK,P-KK-V3,2024-08-19,2024-09-04,False,normal,3
O-02625,Burns-Ray,P-DV,P-DV-V1,2024-08-21,2024-09-08,True,hoch,8
O-02626,Becksbrauerei,P-KK,P-KK-V4,2024-08-21,2024-09-02,False,normal,4
O-02627,Becksbrauerei,P-DV,P-DV-V3,2024-08-25,2024-09-11,False,normal,20
O-02628,Becksbrauerei,P-DV,P-DV-V3,2024-08-24,2024-09-07,False,normal,18
O-02629,Becksbrauerei,P-KK,P-KK-V3,2024-08-23,2024-09-10,True,hoch,10
O-02630,Becksbrauerei,P-KK,P-KK-V1,2024-08-22,2024-08-27,False,normal,13
O-02631,Becksbrauerei,P-KK,P-KK-V2,2024-08-21,2024-09-02,False,normal,18
O-02632,Becksbrauerei,P-KK,P-KK-V1,2024-08-23,2024-09-04,False,normal,17
O-02633,Becksbrauerei,P-KK,P-KK-V1,2024-08-22,2024-08-31,False,normal,5
O-02634,Becksbrauerei,P-DV,P-DV-V3,2024-08-23,2024-08-30,False,normal,3
O-02635,Becksbrauerei,P-KK,P-KK-V3,2024-08-19,2024-08-30,False,normal,8
O-02636,Burton-Brooks,P-DV,P-DV-V3,2024-08-25,2024-09-04,False,normal,14
O-02637,Schultz Inc,P-KK,P-KK-V2,2024-08-20,2024-09-09,False,normal,11
O-02638,Becksbrauerei,P-KK,P-KK-V2,2024-08-19,2024-09-01,False,normal,13
O-02639,Robertson-Ramirez,P-DV,P-DV-V3,2024-08-19,2024-08-29,False,normal,10
O-02640,Becksbrauerei,P-DV,P-DV-V1,2024-08-21,2024-08-29,False,normal,2
O-02641,Becksbrauerei,P-KK,P-KK-V3,2024-08-21,2024-08-26,False,normal,3
O-02642,Becksbrauerei,P-DV,P-DV-V3,2024-08-22,2024-08-29,False,normal,9
O-02643,Becksbrauerei,P-KK,P-KK-V1,2024-08-25,2024-09-11,False,normal,4
O-02644,Gibson-Freeman,P-DV,P-DV-V1,2024-08-22,2024-09-04,False,normal,4
O-02645,Becksbrauerei,P-KK,P-KK-V3,2024-08-23,2024-09-02,False,normal,9
O-02646,Becksbrauerei,P-DV,P-DV-V3,2024-08-24,2024-09-05,False,normal,20
O-02647,"Smith, Schroeder and Oconnor",P-DV,P-DV-V2,2024-08-23,2024-09-09,False,normal,3
O-02648,"Stanton, Reid and Terry",P-DV,P-DV-V2,2024-08-23,2024-09-05,False,normal,2
O-02649,Becksbrauerei,P-KK,P-KK-V1,2024-08-23,2024-09-01,False,normal,2
O-02650,Becksbrauerei,P-DV,P-DV-V2,2024-08-20,2024-09-06,False,normal,4
O-02651,Becksbrauerei,P-KK,P-KK-V4,2024-08-19,2024-09-06,False,normal,20
O-02652,Flynn Group,P-DV,P-DV-V1,2024-08-22,2024-09-06,False,normal,5
O-02653,Becksbrauerei,P-KK,P-KK-V3,2024-08-21,2024-09-06,False,normal,1
O-02654,Becksbrauerei,P-KK,P-KK-V1,2024-08-23,2024-09-06,False,normal,19
O-02655,Donaldson and Sons,P-DV,P-DV-V1,2024-08-19,2024-09-02,False,normal,9
O-02656,Adams-Clayton,P-DV,P-DV-V2,2024-08-22,2024-09-09,True,hoch,9
O-02657,Kelley-Anderson,P-KK,P-KK-V1,2024-08-25,2024-09-08,False,normal,16
O-02658,Kramer-Shannon,P-DV,P-DV-V2,2024-08-23,2024-08-28,False,normal,10
O-02659,Becksbrauerei,P-DV,P-DV-V1,2024-08-20,2024-09-10,False,normal,5
O-02660,Williams Ltd,P-KK,P-KK-V3,2024-08-21,2024-09-07,False,normal,6
O-02661,Becksbrauerei,P-DV,P-DV-V2,2024-08-24,2024-09-07,True,hoch,11
O-02662,Becksbrauerei,P-DV,P-DV-V1,2024-08-19,2024-08-24,False,normal,6
O-02663,Smith-Noble,P-KK,P-KK-V1,2024-08-20,2024-08-29,False,normal,15
O-02664,Becksbrauerei,P-DV,P-DV-V2,2024-08-24,2024-09-13,False,normal,11
O-02665,Becksbrauerei,P-KK,P-KK-V4,2024-08-19,2024-08-27,True,hoch,4
O-02666,Becksbrauerei,P-KK,P-KK-V3,2024-08-25,2024-09-15,False,normal,17
O-02667,Becksbrauerei,P-DV,P-DV-V1,2024-08-19,2024-08-24,True,hoch,13
O-02668,Becksbrauerei,P-DV,P-DV-V3,2024-08-22,2024-08-31,False,normal,19
O-02669,Becksbrauerei,P-DV,P-DV-V2,2024-08-25,2024-08-30,False,normal,5
O-02670,Becksbrauerei,P-DV,P-DV-V2,2024-08-25,2024-09-04,False,normal,5
O-02671,Becksbrauerei,P-KK,P-KK-V2,2024-08-26,2024-09-06,False,normal,16
O-02672,Alexander Inc,P-DV,P-DV-V1,2024-08-29,2024-09-14,False,normal,18
O-02673,Becksbrauerei,P-KK,P-KK-V4,2024-08-30,2024-09-15,False,normal,12
O-02674,Becksbrauerei,P-DV,P-DV-V3,2024-08-27,2024-09-10,True,hoch,8
O-02675,Becksbrauerei,P-DV,P-DV-V2,2024-08-28,2024-09-10,True,hoch,14
O-02676,Becksbrauerei,P-DV,P-DV-V2,2024-08-31,2024-09-16,False,normal,5
O-02677,Becksbrauerei,P-KK,P-KK-V1,2024-08-26,2024-09-04,False,normal,15
O-02678,Becksbrauerei,P-DV,P-DV-V3,2024-08-30,2024-09-19,False,normal,3
O-02679,Becksbrauerei,P-DV,P-DV-V2,2024-09-01,2024-09-18,False,normal,10
O-02680,Harris-Barker,P-KK,P-KK-V4,2024-08-27,2024-09-01,False,normal,18
O-02681,Becksbrauerei,P-DV,P-DV-V3,2024-08-27,2024-09-03,False,normal,1
O-02682,Khan LLC,P-KK,P-KK-V1,2024-08-30,2024-09-16,False,normal,9
O-02683,Becksbrauerei,P-DV,P-DV-V3,2024-08-31,2024-09-11,True,hoch,8
O-02684,Becksbrauerei,P-DV,P-DV-V3,2024-08-30,2024-09-20,False,normal,8
O-02685,Baxter LLC,P-DV,P-DV-V1,2024-08-28,2024-09-02,True,hoch,4
O-02686,Becksbrauerei,P-KK,P-KK-V4,2024-08-29,2024-09-18,False,normal,3
O-02687,Pena LLC,P-DV,P-DV-V2,2024-08-27,2024-09-09,False,normal,12
O-02688,Becksbrauerei,P-DV,P-DV-V2,2024-08-29,2024-09-04,False,normal,18
O-02689,Becksbrauerei,P-DV,P-DV-V3,2024-08-26,2024-09-15,False,normal,18
O-02690,Becksbrauerei,P-KK,P-KK-V1,2024-08-31,2024-09-15,False,normal,5
O-02691,Watson Ltd,P-DV,P-DV-V3,2024-08-30,2024-09-12,False,normal,20
O-02692,Williams Ltd,P-DV,P-DV-V3,2024-08-30,2024-09-20,False,normal,20
O-02693,Becksbrauerei,P-KK,P-KK-V3,2024-08-28,2024-09-17,False,normal,16
O-02694,Becksbrauerei,P-KK,P-KK-V3,2024-09-01,2024-09-20,False,normal,8
O-02695,Becksbrauerei,P-KK,P-KK-V1,2024-09-01,2024-09-18,False,normal,5
O-02696,Becksbrauerei,P-KK,P-KK-V2,2024-08-30,2024-09-18,False,normal,19
O-02697,Barber-Fischer,P-KK,P-KK-V2,2024-08-26,2024-09-15,True,hoch,6
O-02698,Rios-Padilla,P-KK,P-KK-V2,2024-08-30,2024-09-20,False,normal,18
O-02699,Becksbrauerei,P-KK,P-KK-V2,2024-08-27,2024-09-04,True,hoch,6
O-02700,Becksbrauerei,P-KK,P-KK-V2,2024-08-26,2024-08-31,True,hoch,15
O-02701,Becksbrauerei,P-DV,P-DV-V2,2024-08-26,2024-09-01,False,normal,20
O-02702,Becksbrauerei,P-DV,P-DV-V3,2024-08-29,2024-09-06,True,hoch,10
O-02703,Lewis Inc,P-KK,P-KK-V3,2024-08-29,2024-09-05,False,normal,8
O-02704,Becksbrauerei,P-DV,P-DV-V2,2024-08-31,2024-09-12,False,normal,17
O-02705,Wheeler PLC,P-KK,P-KK-V4,2024-08-28,2024-09-15,False,normal,18
O-02706,"Wallace, Smith and Cooper",P-KK,P-KK-V2,2024-08-28,2024-09-11,False,normal,11
O-02707,Mcneil Group,P-KK,P-KK-V1,2024-08-26,2024-09-06,False,normal,15
O-02708,Becksbrauerei,P-DV,P-DV-V1,2024-08-26,2024-09-11,False,normal,11
O-02709,"Anderson, Jones and Reyes",P-DV,P-DV-V2,2024-09-01,2024-09-08,False,normal,2
O-02710,Becksbrauerei,P-DV,P-DV-V2,2024-08-31,2024-09-17,False,normal,1
O-02711,"Shaffer, Garcia and Richardson",P-DV,P-DV-V2,2024-08-28,2024-09-04,False,normal,8
O-02712,Becksbrauerei,P-DV,P-DV-V1,2024-09-01,2024-09-20,False,normal,20
O-02713,Becksbrauerei,P-DV,P-DV-V3,2024-08-29,2024-09-04,False,normal,18
O-02714,Becksbrauerei,P-KK,P-KK-V4,2024-08-29,2024-09-09,False,normal,18
O-02715,Becksbrauerei,P-DV,P-DV-V1,2024-08-29,2024-09-17,False,normal,18
O-02716,Becksbrauerei,P-DV,P-DV-V3,2024-08-30,2024-09-20,False,normal,16
O-02717,Taylor-Ayala,P-DV,P-DV-V3,2024-08-26,2024-09-11,True,hoch,14
O-02718,May Ltd,P-KK,P-KK-V3,2024-08-29,2024-09-05,False,normal,1
O-02719,Jones PLC,P-KK,P-KK-V2,2024-08-26,2024-09-02,False,normal,12
O-02720,Becksbrauerei,P-DV,P-DV-V3,2024-08-30,2024-09-09,False,normal,3
O-02721,Becksbrauerei,P-KK,P-KK-V3,2024-08-27,2024-09-03,False,normal,17
O-02722,Bishop and Sons,P-DV,P-DV-V1,2024-08-29,2024-09-18,False,normal,5
O-02723,Becksbrauerei,P-DV,P-DV-V2,2024-08-29,2024-09-08,False,normal,18
O-02724,Becksbrauerei,P-KK,P-KK-V3,2024-08-26,2024-09-12,False,normal,6
O-02725,Becksbrauerei,P-KK,P-KK-V2,2024-08-30,2024-09-19,False,normal,15
O-02726,Becksbrauerei,P-KK,P-KK-V3,2024-08-31,2024-09-16,False,normal,18
O-02727,Bell-Lewis,P-DV,P-DV-V3,2024-08-28,2024-09-13,False,normal,11
O-02728,Becksbrauerei,P-DV,P-DV-V3,2024-08-27,2024-09-01,False,normal,12
O-02729,Becksbrauerei,P-DV,P-DV-V1,2024-08-31,2024-09-05,False,normal,13
O-02730,Becksbrauerei,P-KK,P-KK-V3,2024-08-29,2024-09-11,False,normal,7
O-02731,Becksbrauerei,P-KK,P-KK-V3,2024-09-01,2024-09-21,False,normal,18
O-02732,Becksbrauerei,P-DV,P-DV-V3,2024-09-01,2024-09-14,True,hoch,17
O-02733,Becksbrauerei,P-KK,P-KK-V2,2024-08-31,2024-09-13,False,normal,5
O-02734,Becksbrauerei,P-DV,P-DV-V1,2024-08-29,2024-09-14,True,hoch,12
O-02735,Becksbrauerei,P-KK,P-KK-V1,2024-08-26,2024-09-11,False,normal,15
O-02736,"Hernandez, Jenkins and Parks",P-KK,P-KK-V1,2024-08-28,2024-09-07,False,normal,2
O-02737,Becksbrauerei,P-DV,P-DV-V1,2024-09-01,2024-09-20,True,hoch,7
O-02738,Becksbrauerei,P-KK,P-KK-V1,2024-08-29,2024-09-05,False,normal,1
O-02739,Becksbrauerei,P-KK,P-KK-V4,2024-08-28,2024-09-04,False,normal,10
O-02740,Becksbrauerei,P-DV,P-DV-V3,2024-08-28,2024-09-09,False,normal,19
O-02741,Becksbrauerei,P-DV,P-DV-V2,2024-08-30,2024-09-10,False,normal,5
O-02742,Miller Inc,P-DV,P-DV-V2,2024-08-29,2024-09-06,False,normal,20
O-02743,Becksbrauerei,P-KK,P-KK-V4,2024-08-27,2024-09-10,False,normal,3
O-02744,Goodwin PLC,P-KK,P-KK-V3,2024-08-28,2024-09-03,False,normal,20
O-02745,"Cruz, Richmond and Edwards",P-DV,P-DV-V1,2024-08-31,2024-09-10,True,hoch,7
O-02746,Wright Ltd,P-DV,P-DV-V2,2024-08-28,2024-09-18,False,normal,11
O-02747,Becksbrauerei,P-KK,P-KK-V4,2024-08-30,2024-09-05,False,normal,18
O-02748,Becksbrauerei,P-DV,P-DV-V1,2024-08-31,2024-09-18,False,normal,8
O-02749,Becksbrauerei,P-DV,P-DV-V2,2024-08-30,2024-09-20,False,normal,6
O-02750,Becksbrauerei,P-DV,P-DV-V1,2024-08-29,2024-09-12,False,normal,2
O-02751,Wright PLC,P-DV,P-DV-V2,2024-08-26,2024-09-14,False,normal,2
O-02752,Becksbrauerei,P-DV,P-DV-V2,2024-08-29,2024-09-13,False,normal,13
O-02753,Becksbrauerei,P-KK,P-KK-V2,2024-08-30,2024-09-09,False,normal,2
O-02754,"Griffith, Mitchell and Pugh",P-DV,P-DV-V2,2024-08-26,2024-09-01,False,normal,1
O-02755,Becksbrauerei,P-KK,P-KK-V2,2024-08-26,2024-09-02,False,normal,17
O-02756,Abbott Ltd,P-DV,P-DV-V1,2024-08-30,2024-09-04,False,normal,15
O-02757,Becksbrauerei,P-DV,P-DV-V1,2024-08-31,2024-09-10,False,normal,20
O-02758,Becksbrauerei,P-DV,P-DV-V1,2024-08-28,2024-09-10,False,normal,6
O-02759,Harris-Lawson,P-KK,P-KK-V1,2024-08-31,2024-09-09,False,normal,19
O-02760,Adkins LLC,P-DV,P-DV-V1,2024-08-26,2024-09-05,False,normal,2
O-02761,"Brown, Hurst and Blevins",P-KK,P-KK-V3,2024-09-02,2024-09-17,False,normal,6
O-02762,Cruz-Allen,P-DV,P-DV-V3,2024-09-07,2024-09-20,False,normal,11
O-02763,Becksbrauerei,P-KK,P-KK-V4,2024-09-04,2024-09-10,False,normal,15
O-02764,"Wheeler, Rice and Levine",P-KK,P-KK-V2,2024-09-05,2024-09-11,False,normal,19
O-02765,Peck-Anderson,P-DV,P-DV-V3,2024-09-02,2024-09-14,False,normal,2
O-02766,"Fisher, Payne and Thompson",P-KK,P-KK-V4,2024-09-04,2024-09-15,False,normal,1
O-02767,Best-Townsend,P-KK,P-KK-V1,2024-09-02,2024-09-15,False,normal,7
O-02768,Becksbrauerei,P-DV,P-DV-V1,2024-09-06,2024-09-20,True,hoch,20
O-02769,Becksbrauerei,P-KK,P-KK-V2,2024-09-07,2024-09-22,False,normal,6
O-02770,Matthews Inc,P-DV,P-DV-V2,2024-09-08,2024-09-20,False,normal,11
O-02771,Becksbrauerei,P-KK,P-KK-V1,2024-09-04,2024-09-21,True,hoch,16
O-02772,Lewis-Livingston,P-KK,P-KK-V1,2024-09-05,2024-09-23,False,normal,18
O-02773,Becksbrauerei,P-KK,P-KK-V1,2024-09-06,2024-09-23,False,normal,2
O-02774,Becksbrauerei,P-KK,P-KK-V4,2024-09-06,2024-09-19,False,normal,7
O-02775,Becksbrauerei,P-KK,P-KK-V3,2024-09-04,2024-09-20,False,normal,13
O-02776,Becksbrauerei,P-DV,P-DV-V2,2024-09-05,2024-09-15,False,normal,6
O-02777,Becksbrauerei,P-DV,P-DV-V1,2024-09-02,2024-09-22,False,normal,9
O-02778,Becksbrauerei,P-KK,P-KK-V4,2024-09-03,2024-09-17,True,hoch,6
O-02779,Becksbrauerei,P-KK,P-KK-V2,2024-09-07,2024-09-16,False,normal,11
O-02780,Becksbrauerei,P-KK,P-KK-V1,2024-09-02,2024-09-08,False,normal,14
O-02781,Hunter-Fuller,P-KK,P-KK-V3,2024-09-03,2024-09-08,False,normal,18
O-02782,"Wang, Henderson and Morales",P-DV,P-DV-V3,2024-09-04,2024-09-16,True,hoch,4
O-02783,Becksbrauerei,P-KK,P-KK-V4,2024-09-05,2024-09-24,False,normal,1
O-02784,"Herrera, Jensen and Ramirez",P-DV,P-DV-V3,2024-09-04,2024-09-23,False,normal,19
O-02785,Becksbrauerei,P-DV,P-DV-V2,2024-09-08,2024-09-18,True,hoch,19
O-02786,Miller-Mccall,P-DV,P-DV-V2,2024-09-03,2024-09-20,True,hoch,8
O-02787,Herrera Group,P-DV,P-DV-V3,2024-09-08,2024-09-18,False,normal,5
O-02788,Becksbrauerei,P-DV,P-DV-V2,2024-09-04,2024-09-25,False,normal,15
O-02789,"Walters, Davenport and Becker",P-KK,P-KK-V2,2024-09-02,2024-09-21,True,hoch,6
O-02790,Collins Group,P-KK,P-KK-V1,2024-09-03,2024-09-14,False,normal,4
O-02791,Becksbrauerei,P-KK,P-KK-V1,2024-09-04,2024-09-25,False,normal,16
O-02792,"Ashley, Allen and Sanchez",P-KK,P-KK-V3,2024-09-06,2024-09-14,False,normal,17
O-02793,Becksbrauerei,P-DV,P-DV-V1,2024-09-06,2024-09-22,False,normal,19
O-02794,Becksbrauerei,P-DV,P-DV-V3,2024-09-07,2024-09-26,False,normal,4
O-02795,Wilson-Salazar,P-DV,P-DV-V3,2024-09-06,2024-09-12,False,normal,11
O-02796,Parker Ltd,P-KK,P-KK-V4,2024-09-06,2024-09-17,True,hoch,20
O-02797,"Yang, Wilson and Zimmerman",P-KK,P-KK-V4,2024-09-03,2024-09-24,False,normal,10
O-02798,"Smith, Crawford and Reed",P-KK,P-KK-V1,2024-09-06,2024-09-15,False,normal,6
O-02799,Becksbrauerei,P-KK,P-KK-V1,2024-09-03,2024-09-14,False,normal,8
O-02800,Becksbrauerei,P-KK,P-KK-V2,2024-09-02,2024-09-15,True,hoch,9
O-02801,Becksbrauerei,P-KK,P-KK-V2,2024-09-07,2024-09-28,False,normal,12
O-02802,"Logan, Le and Jackson",P-KK,P-KK-V1,2024-09-07,2024-09-16,False,normal,5
O-02803,Brady LLC,P-KK,P-KK-V2,2024-09-02,2024-09-15,False,normal,8
O-02804,"Tanner, Wise and Johnson",P-KK,P-KK-V2,2024-09-07,2024-09-26,False,normal,5
O-02805,Nelson-Brown,P-KK,P-KK-V2,2024-09-04,2024-09-15,True,hoch,5
O-02806,Becksbrauerei,P-KK,P-KK-V4,2024-09-04,2024-09-10,False,normal,1
O-02807,Becksbrauerei,P-KK,P-KK-V3,2024-09-07,2024-09-19,False,normal,15
O-02808,Becksbrauerei,P-DV,P-DV-V2,2024-09-06,2024-09-14,False,normal,3
O-02809,"Proctor, Burton and Crawford",P-KK,P-KK-V2,2024-09-06,2024-09-13,False,normal,3
O-02810,Becksbrauerei,P-DV,P-DV-V2,2024-09-05,2024-09-11,False,normal,17
O-02811,"Ward, Porter and Bradley",P-KK,P-KK-V1,2024-09-08,2024-09-13,False,normal,18
O-02812,Becksbrauerei,P-DV,P-DV-V1,2024-09-06,2024-09-23,False,normal,3
O-02813,Becksbrauerei,P-KK,P-KK-V1,2024-09-05,2024-09-25,True,hoch,13
O-02814,Moore-Ayala,P-DV,P-DV-V2,2024-09-08,2024-09-25,False,normal,2
O-02815,Becksbrauerei,P-DV,P-DV-V1,2024-09-07,2024-09-24,False,normal,17
O-02816,Becksbrauerei,P-DV,P-DV-V2,2024-09-04,2024-09-10,False,normal,9
O-02817,Becksbrauerei,P-DV,P-DV-V3,2024-09-02,2024-09-21,False,normal,7
O-02818,Becksbrauerei,P-DV,P-DV-V3,2024-09-08,2024-09-19,False,normal,12
O-02819,Becksbrauerei,P-KK,P-KK-V3,2024-09-07,2024-09-24,False,normal,6
O-02820,"Craig, Wilson and Yang",P-DV,P-DV-V1,2024-09-05,2024-09-13,True,hoch,9
O-02821,Williams Inc,P-KK,P-KK-V4,2024-09-07,2024-09-16,False,normal,18
O-02822,Becksbrauerei,P-DV,P-DV-V2,2024-09-07,2024-09-16,True,hoch,17
O-02823,Williams LLC,P-KK,P-KK-V4,2024-09-06,2024-09-14,False,normal,5
O-02824,Becksbrauerei,P-KK,P-KK-V3,2024-09-08,2024-09-15,False,normal,13
O-02825,Mora-White,P-DV,P-DV-V1,2024-09-03,2024-09-18,False,normal,10
O-02826,Becksbrauerei,P-DV,P-DV-V1,2024-09-04,2024-09-10,False,normal,8
O-02827,Becksbrauerei,P-DV,P-DV-V1,2024-09-08,2024-09-14,False,normal,3
O-02828,Becksbrauerei,P-DV,P-DV-V3,2024-09-06,2024-09-26,False,normal,9
O-02829,Becksbrauerei,P-DV,P-DV-V2,2024-09-08,2024-09-25,False,normal,9
O-02830,Tran Ltd,P-DV,P-DV-V2,2024-09-08,2024-09-27,False,normal,9
O-02831,Becksbrauerei,P-DV,P-DV-V1,2024-09-04,2024-09-16,False,normal,9
O-02832,"Rios, Walker and Wright",P-DV,P-DV-V2,2024-09-07,2024-09-28,False,normal,14
O-02833,Becksbrauerei,P-KK,P-KK-V3,2024-09-03,2024-09-10,False,normal,1
O-02834,"Flores, Mckenzie and Duncan",P-KK,P-KK-V3,2024-09-08,2024-09-22,False,normal,6
O-02835,Becksbrauerei,P-DV,P-DV-V3,2024-09-03,2024-09-18,False,normal,13
O-02836,Shaw Inc,P-DV,P-DV-V2,2024-09-08,2024-09-27,False,normal,8
O-02837,Becksbrauerei,P-KK,P-KK-V4,2024-09-08,2024-09-21,False,normal,19
O-02838,Walker PLC,P-KK,P-KK-V3,2024-09-03,2024-09-20,True,hoch,2
O-02839,Finley Inc,P-DV,P-DV-V3,2024-09-06,2024-09-17,False,normal,14
O-02840,Becksbrauerei,P-KK,P-KK-V3,2024-09-08,2024-09-23,False,normal,2
O-02841,Becksbrauerei,P-DV,P-DV-V3,2024-09-05,2024-09-17,False,normal,4
O-02842,Becksbrauerei,P-KK,P-KK-V1,2024-09-06,2024-09-14,False,normal,12
O-02843,Becksbrauerei,P-KK,P-KK-V2,2024-09-02,2024-09-09,False,normal,3
O-02844,Cline-Ayala,P-DV,P-DV-V2,2024-09-03,2024-09-14,False,normal,9
O-02845,Murphy-Tran,P-KK,P-KK-V4,2024-09-06,2024-09-25,False,normal,16
O-02846,Becksbrauerei,P-KK,P-KK-V1,2024-09-05,2024-09-16,False,normal,1
O-02847,Becksbrauerei,P-DV,P-DV-V2,2024-09-07,2024-09-16,False,normal,15
O-02848,Becksbrauerei,P-KK,P-KK-V4,2024-09-05,2024-09-20,False,normal,1
O-02849,Becksbrauerei,P-KK,P-KK-V3,2024-09-02,2024-09-08,False,normal,12
O-02850,Wood LLC,P-KK,P-KK-V4,2024-09-06,2024-09-13,True,hoch,11
O-02851,"Mueller, Stevenson and Sanchez",P-KK,P-KK-V1,2024-09-09,2024-09-18,False,normal,5
O-02852,Vargas-Snyder,P-KK,P-KK-V3,2024-09-10,2024-09-25,False,normal,7
O-02853,Becksbrauerei,P-KK,P-KK-V4,2024-09-09,2024-09-23,False,normal,4
O-02854,Becksbrauerei,P-KK,P-KK-V4,2024-09-13,2024-09-20,False,normal,2
O-02855,Becksbrauerei,P-KK,P-KK-V1,2024-09-10,2024-09-27,False,normal,5
O-02856,Becksbrauerei,P-DV,P-DV-V1,2024-09-14,2024-09-19,False,normal,16
O-02857,Becksbrauerei,P-KK,P-KK-V3,2024-09-10,2024-09-26,False,normal,7
O-02858,Oconnor PLC,P-KK,P-KK-V2,2024-09-10,2024-09-19,False,normal,15
O-02859,Becksbrauerei,P-KK,P-KK-V2,2024-09-13,2024-09-23,True,hoch,16
O-02860,Becksbrauerei,P-KK,P-KK-V3,2024-09-10,2024-09-19,False,normal,17
O-02861,Becksbrauerei,P-DV,P-DV-V1,2024-09-12,2024-09-29,True,hoch,15
O-02862,Becksbrauerei,P-KK,P-KK-V2,2024-09-12,2024-10-02,False,normal,17
O-02863,Becksbrauerei,P-KK,P-KK-V2,2024-09-12,2024-09-18,True,hoch,5
O-02864,Becksbrauerei,P-DV,P-DV-V1,2024-09-11,2024-09-23,False,normal,18
O-02865,Hernandez Group,P-KK,P-KK-V1,2024-09-15,2024-10-05,False,normal,14
O-02866,Becksbrauerei,P-DV,P-DV-V3,2024-09-15,2024-09-28,False,normal,11
O-02867,Hall LLC,P-DV,P-DV-V2,2024-09-10,2024-09-19,False,normal,7
O-02868,Becksbrauerei,P-KK,P-KK-V2,2024-09-10,2024-10-01,True,hoch,20
O-02869,Becksbrauerei,P-DV,P-DV-V2,2024-09-10,2024-09-26,False,normal,19
O-02870,Becksbrauerei,P-KK,P-KK-V2,2024-09-10,2024-09-26,False,normal,20
O-02871,Becksbrauerei,P-DV,P-DV-V1,2024-09-11,2024-09-17,False,normal,16
O-02872,Becksbrauerei,P-KK,P-KK-V1,2024-09-15,2024-09-23,False,normal,16
O-02873,Becksbrauerei,P-DV,P-DV-V1,2024-09-15,2024-09-27,True,hoch,8
O-02874,"Franco, Wiley and Tapia",P-DV,P-DV-V1,2024-09-14,2024-09-29,False,normal,3
O-02875,Becksbrauerei,P-KK,P-KK-V4,2024-09-10,2024-09-27,False,normal,10
O-02876,Becksbrauerei,P-DV,P-DV-V1,2024-09-13,2024-10-03,False,normal,11
O-02877,Becksbrauerei,P-DV,P-DV-V2,2024-09-09,2024-09-25,False,normal,6
O-02878,Becksbrauerei,P-KK,P-KK-V3,2024-09-09,2024-09-27,False,normal,3
O-02879,Blake Group,P-DV,P-DV-V2,2024-09-12,2024-09-25,True,hoch,3
O-02880,Becksbrauerei,P-DV,P-DV-V3,2024-09-10,2024-09-25,False,normal,6
O-02881,Becksbrauerei,P-KK,P-KK-V4,2024-09-15,2024-09-20,False,normal,6
O-02882,"Acosta, Garcia and Moreno",P-DV,P-DV-V1,2024-09-14,2024-09-19,True,hoch,16
O-02883,Becksbrauerei,P-KK,P-KK-V2,2024-09-14,2024-09-21,False,normal,7
O-02884,Becksbrauerei,P-KK,P-KK-V4,2024-09-13,2024-09-30,False,normal,15
O-02885,Becksbrauerei,P-DV,P-DV-V1,2024-09-13,2024-10-04,False,normal,14
O-02886,Barnes Inc,P-DV,P-DV-V2,2024-09-10,2024-09-17,False,normal,6
O-02887,Becksbrauerei,P-KK,P-KK-V4,2024-09-14,2024-10-01,False,normal,11
O-02888,Dawson Inc,P-DV,P-DV-V3,2024-09-13,2024-10-01,False,normal,7
O-02889,Becksbrauerei,P-DV,P-DV-V1,2024-09-09,2024-09-16,False,normal,10
O-02890,Becksbrauerei,P-KK,P-KK-V1,2024-09-13,2024-09-28,False,normal,2
O-02891,Becksbrauerei,P-KK,P-KK-V1,2024-09-13,2024-09-20,False,normal,12
O-02892,Becksbrauerei,P-DV,P-DV-V2,2024-09-11,2024-09-25,False,normal,10
O-02893,Becksbrauerei,P-DV,P-DV-V1,2024-09-14,2024-09-20,True,hoch,18
O-02894,Morse PLC,P-DV,P-DV-V2,2024-09-11,2024-09-25,False,normal,16
O-02895,Haynes-Watson,P-DV,P-DV-V2,2024-09-13,2024-10-02,False,normal,3
O-02896,"Miller, Davis and Anderson",P-DV,P-DV-V1,2024-09-12,2024-09-28,False,normal,9
O-02897,Becksbrauerei,P-DV,P-DV-V1,2024-09-09,2024-09-27,False,normal,8
O-02898,Becksbrauerei,P-DV,P-DV-V1,2024-09-09,2024-09-26,False,normal,20
O-02899,Becksbrauerei,P-KK,P-KK-V4,2024-09-12,2024-09-19,True,hoch,12
O-02900,Jones-Bradley,P-KK,P-KK-V4,2024-09-10,2024-09-25,False,normal,19
O-02901,Becksbrauerei,P-DV,P-DV-V3,2024-09-09,2024-09-19,False,normal,17
O-02902,Becksbrauerei,P-KK,P-KK-V4,2024-09-12,2024-09-23,False,normal,3
O-02903,Becksbrauerei,P-DV,P-DV-V3,2024-09-11,2024-10-02,False,normal,19
O-02904,Becksbrauerei,P-DV,P-DV-V3,2024-09-12,2024-09-28,False,normal,14
O-02905,Bates-Anderson,P-KK,P-KK-V3,2024-09-11,2024-09-24,False,normal,10
O-02906,Green-Edwards,P-KK,P-KK-V3,2024-09-14,2024-09-27,False,normal,10
O-02907,Becksbrauerei,P-KK,P-KK-V4,2024-09-13,2024-09-25,False,normal,9
O-02908,Haynes-Moss,P-DV,P-DV-V3,2024-09-12,2024-09-26,False,normal,14
O-02909,Becksbrauerei,P-DV,P-DV-V1,2024-09-13,2024-09-23,False,normal,11
O-02910,Becksbrauerei,P-DV,P-DV-V1,2024-09-13,2024-10-03,False,normal,19
O-02911,Becksbrauerei,P-DV,P-DV-V1,2024-09-10,2024-09-20,True,hoch,19
O-02912,Becksbrauerei,P-DV,P-DV-V1,2024-09-09,2024-09-19,True,hoch,2
O-02913,Becksbrauerei,P-DV,P-DV-V2,2024-09-11,2024-10-02,False,normal,14
O-02914,Becksbrauerei,P-DV,P-DV-V2,2024-09-12,2024-09-21,False,normal,8
O-02915,Chavez-Hall,P-KK,P-KK-V1,2024-09-11,2024-09-24,False,normal,13
O-02916,Taylor PLC,P-KK,P-KK-V2,2024-09-14,2024-09-26,False,normal,5
O-02917,Moore and Sons,P-DV,P-DV-V1,2024-09-10,2024-09-18,False,normal,11
O-02918,Becksbrauerei,P-DV,P-DV-V2,2024-09-13,2024-09-30,False,normal,16
O-02919,Becksbrauerei,P-KK,P-KK-V4,2024-09-15,2024-09-22,False,normal,3
O-02920,Owens-Russell,P-DV,P-DV-V3,2024-09-11,2024-09-25,False,normal,13
O-02921,Becksbrauerei,P-DV,P-DV-V1,2024-09-09,2024-09-16,False,normal,12
O-02922,Becksbrauerei,P-KK,P-KK-V2,2024-09-11,2024-09-21,False,normal,5
O-02923,Becksbrauerei,P-KK,P-KK-V2,2024-09-10,2024-09-24,False,normal,14
O-02924,Becksbrauerei,P-KK,P-KK-V1,2024-09-09,2024-09-23,False,normal,19
O-02925,Becksbrauerei,P-DV,P-DV-V3,2024-09-14,2024-10-01,False,normal,1
O-02926,Becksbrauerei,P-KK,P-KK-V3,2024-09-14,2024-09-23,False,normal,19
O-02927,"Howard, Townsend and Hayes",P-KK,P-KK-V2,2024-09-15,2024-09-22,False,normal,15
O-02928,Becksbrauerei,P-DV,P-DV-V1,2024-09-12,2024-09-25,False,normal,7
O-02929,Baker-Wilson,P-DV,P-DV-V1,2024-09-10,2024-09-22,False,normal,12
O-02930,Becksbrauerei,P-KK,P-KK-V2,2024-09-10,2024-09-23,False,normal,15
O-02931,Becksbrauerei,P-DV,P-DV-V3,2024-09-15,2024-09-25,False,normal,5
O-02932,Becksbrauerei,P-KK,P-KK-V1,2024-09-10,2024-09-15,False,normal,4
O-02933,Becksbrauerei,P-KK,P-KK-V2,2024-09-09,2024-09-21,True,hoch,14
O-02934,Becksbrauerei,P-DV,P-DV-V2,2024-09-09,2024-09-17,False,normal,15
O-02935,Becksbrauerei,P-DV,P-DV-V1,2024-09-12,2024-09-30,False,normal,20
O-02936,Becksbrauerei,P-DV,P-DV-V2,2024-09-10,2024-09-16,False,normal,7
O-02937,Becksbrauerei,P-KK,P-KK-V1,2024-09-10,2024-09-22,False,normal,9
O-02938,Aguirre LLC,P-DV,P-DV-V1,2024-09-10,2024-09-15,False,normal,5
O-02939,"Terry, Williams and Huff",P-KK,P-KK-V2,2024-09-13,2024-09-27,False,normal,19
O-02940,Becksbrauerei,P-KK,P-KK-V1,2024-09-12,2024-09-22,False,normal,5
O-02941,Hernandez-Dawson,P-DV,P-DV-V1,2024-09-18,2024-09-24,False,normal,14
O-02942,Foster-Williams,P-DV,P-DV-V3,2024-09-20,2024-10-09,False,normal,16
O-02943,Becksbrauerei,P-DV,P-DV-V2,2024-09-22,2024-10-05,False,normal,20
O-02944,Becksbrauerei,P-KK,P-KK-V3,2024-09-16,2024-10-03,False,normal,18
O-02945,Becksbrauerei,P-DV,P-DV-V1,2024-09-22,2024-10-12,False,normal,3
O-02946,Becksbrauerei,P-KK,P-KK-V2,2024-09-18,2024-09-24,False,normal,11
O-02947,Green-Ewing,P-DV,P-DV-V2,2024-09-22,2024-10-06,False,normal,5
O-02948,Crane Group,P-KK,P-KK-V4,2024-09-17,2024-09-28,False,normal,3
O-02949,Becksbrauerei,P-KK,P-KK-V1,2024-09-17,2024-09-24,True,hoch,17
O-02950,"Adkins, Wright and Murray",P-DV,P-DV-V3,2024-09-16,2024-09-28,False,normal,18
O-02951,Martinez Inc,P-DV,P-DV-V3,2024-09-20,2024-09-26,False,normal,3
O-02952,Becksbrauerei,P-DV,P-DV-V1,2024-09-22,2024-10-12,False,normal,8
O-02953,Becksbrauerei,P-KK,P-KK-V3,2024-09-16,2024-09-29,False,normal,11
O-02954,Anderson Group,P-KK,P-KK-V4,2024-09-16,2024-09-26,False,normal,13
O-02955,Becksbrauerei,P-DV,P-DV-V1,2024-09-17,2024-10-06,False,normal,10
O-02956,Becksbrauerei,P-KK,P-KK-V2,2024-09-16,2024-10-03,False,normal,9
O-02957,Parks-Pace,P-DV,P-DV-V1,2024-09-17,2024-09-22,False,normal,7
O-02958,Aguilar LLC,P-DV,P-DV-V2,2024-09-18,2024-10-07,False,normal,10
O-02959,Becksbrauerei,P-DV,P-DV-V3,2024-09-20,2024-10-05,True,hoch,6
O-02960,Johnson Inc,P-KK,P-KK-V3,2024-09-20,2024-10-07,False,normal,3
O-02961,Becksbrauerei,P-DV,P-DV-V1,2024-09-22,2024-10-11,False,normal,6
O-02962,Orr Group,P-DV,P-DV-V2,2024-09-21,2024-10-02,False,normal,11
O-02963,Becksbrauerei,P-DV,P-DV-V1,2024-09-18,2024-09-28,False,normal,11
O-02964,Becksbrauerei,P-KK,P-KK-V2,2024-09-18,2024-09-27,True,hoch,13
O-02965,Becksbrauerei,P-DV,P-DV-V3,2024-09-16,2024-09-25,False,normal,12
O-02966,Becksbrauerei,P-KK,P-KK-V2,2024-09-20,2024-10-04,True,hoch,14
O-02967,Becksbrauerei,P-KK,P-KK-V1,2024-09-17,2024-10-02,False,normal,19
O-02968,Davis LLC,P-DV,P-DV-V1,2024-09-19,2024-10-01,False,normal,5
O-02969,Williams Group,P-DV,P-DV-V1,2024-09-22,2024-10-06,False,normal,2
O-02970,Becksbrauerei,P-DV,P-DV-V2,2024-09-16,2024-10-01,False,normal,1
O-02971,Becksbrauerei,P-DV,P-DV-V1,2024-09-17,2024-09-28,False,normal,18
O-02972,Becksbrauerei,P-KK,P-KK-V1,2024-09-18,2024-09-30,False,normal,3
O-02973,Becksbrauerei,P-KK,P-KK-V2,2024-09-16,2024-09-26,False,normal,10
O-02974,Becksbrauerei,P-KK,P-KK-V3,2024-09-20,2024-09-29,False,normal,18
O-02975,Becksbrauerei,P-DV,P-DV-V2,2024-09-18,2024-09-23,True,hoch,17
O-02976,Jackson PLC,P-DV,P-DV-V2,2024-09-20,2024-09-26,False,normal,5
O-02977,Underwood-Foster,P-KK,P-KK-V1,2024-09-22,2024-10-09,False,normal,16
O-02978,Becksbrauerei,P-DV,P-DV-V3,2024-09-20,2024-10-10,False,normal,11
O-02979,Becksbrauerei,P-DV,P-DV-V3,2024-09-19,2024-10-03,False,normal,10
O-02980,Becksbrauerei,P-KK,P-KK-V4,2024-09-21,2024-09-30,False,normal,4
O-02981,Becksbrauerei,P-KK,P-KK-V4,2024-09-22,2024-10-01,False,normal,1
O-02982,Becksbrauerei,P-DV,P-DV-V3,2024-09-16,2024-09-22,False,normal,18
O-02983,Reyes Group,P-KK,P-KK-V1,2024-09-18,2024-10-08,False,normal,19
O-02984,Gomez and Sons,P-KK,P-KK-V1,2024-09-19,2024-10-08,False,normal,19
O-02985,Becksbrauerei,P-DV,P-DV-V3,2024-09-21,2024-10-12,True,hoch,7
O-02986,Becksbrauerei,P-KK,P-KK-V1,2024-09-16,2024-09-28,False,normal,1
O-02987,Becksbrauerei,P-KK,P-KK-V1,2024-09-16,2024-09-21,False,normal,6
O-02988,Becksbrauerei,P-DV,P-DV-V1,2024-09-20,2024-10-07,False,normal,11
O-02989,Ramirez-Stephenson,P-KK,P-KK-V3,2024-09-22,2024-10-02,False,normal,8
O-02990,Mendez PLC,P-KK,P-KK-V3,2024-09-20,2024-09-30,False,normal,20
O-02991,Holland Group,P-KK,P-KK-V1,2024-09-16,2024-10-05,False,normal,6
O-02992,Becksbrauerei,P-DV,P-DV-V2,2024-09-17,2024-09-29,False,normal,7
O-02993,Becksbrauerei,P-DV,P-DV-V3,2024-09-22,2024-10-03,False,normal,3
O-02994,Becksbrauerei,P-DV,P-DV-V3,2024-09-16,2024-10-03,False,normal,8
O-02995,Becksbrauerei,P-DV,P-DV-V3,2024-09-18,2024-09-26,True,hoch,5
O-02996,Becksbrauerei,P-KK,P-KK-V2,2024-09-17,2024-09-26,True,hoch,17
O-02997,Andrade-Mendoza,P-KK,P-KK-V3,2024-09-17,2024-10-06,False,normal,3
O-02998,Ramirez and Sons,P-DV,P-DV-V2,2024-09-21,2024-09-26,False,normal,16
O-02999,Becksbrauerei,P-DV,P-DV-V1,2024-09-21,2024-09-27,False,normal,12
O-03000,Becksbrauerei,P-KK,P-KK-V1,2024-09-21,2024-10-12,True,hoch,9
O-03001,Becksbrauerei,P-KK,P-KK-V1,2024-09-20,2024-09-29,False,normal,14
O-03002,Becksbrauerei,P-KK,P-KK-V4,2024-09-20,2024-09-28,False,normal,19
O-03003,Becksbrauerei,P-KK,P-KK-V3,2024-09-18,2024-10-08,False,normal,5
O-03004,Gonzalez-Wilkerson,P-DV,P-DV-V2,2024-09-18,2024-10-05,False,normal,20
O-03005,Becksbrauerei,P-DV,P-DV-V3,2024-09-22,2024-09-30,False,normal,10
O-03006,Becksbrauerei,P-KK,P-KK-V3,2024-09-18,2024-09-30,False,normal,1
O-03007,Becksbrauerei,P-DV,P-DV-V3,2024-09-18,2024-09-27,False,normal,15
O-03008,Becksbrauerei,P-DV,P-DV-V3,2024-09-19,2024-09-28,False,normal,19
O-03009,Becksbrauerei,P-DV,P-DV-V1,2024-09-22,2024-10-11,False,normal,1
O-03010,Becksbrauerei,P-KK,P-KK-V4,2024-09-18,2024-10-08,False,normal,20
O-03011,Becksbrauerei,P-DV,P-DV-V2,2024-09-18,2024-09-25,False,normal,20
O-03012,"Wright, Mcknight and Stephens",P-DV,P-DV-V1,2024-09-19,2024-10-08,False,normal,17
O-03013,Becksbrauerei,P-DV,P-DV-V1,2024-09-19,2024-09-27,False,normal,19
O-03014,Becksbrauerei,P-KK,P-KK-V3,2024-09-18,2024-10-03,True,hoch,17
O-03015,Mayo Ltd,P-DV,P-DV-V1,2024-09-18,2024-09-28,True,hoch,2
O-03016,Becksbrauerei,P-KK,P-KK-V4,2024-09-17,2024-10-06,True,hoch,18
O-03017,Castillo-Harrington,P-KK,P-KK-V1,2024-09-22,2024-10-02,False,normal,12
O-03018,Durham-Shaw,P-KK,P-KK-V2,2024-09-16,2024-09-27,False,normal,11
O-03019,Nelson-Johnson,P-DV,P-DV-V2,2024-09-21,2024-10-03,False,normal,9
O-03020,"Robinson, Huang and Osborne",P-KK,P-KK-V3,2024-09-19,2024-10-01,True,hoch,15
O-03021,Becksbrauerei,P-DV,P-DV-V1,2024-09-16,2024-09-21,False,normal,13
O-03022,Becksbrauerei,P-DV,P-DV-V1,2024-09-20,2024-10-06,False,normal,12
O-03023,Becksbrauerei,P-DV,P-DV-V2,2024-09-16,2024-09-29,False,normal,15
O-03024,Becksbrauerei,P-DV,P-DV-V2,2024-09-19,2024-09-25,False,normal,1
O-03025,Stokes Group,P-KK,P-KK-V4,2024-09-17,2024-10-05,False,normal,1
O-03026,Becksbrauerei,P-KK,P-KK-V2,2024-09-19,2024-10-05,False,normal,8
O-03027,Becksbrauerei,P-DV,P-DV-V2,2024-09-18,2024-10-01,False,normal,2
O-03028,Becksbrauerei,P-DV,P-DV-V2,2024-09-18,2024-10-03,False,normal,13
O-03029,"Howard, Silva and Hall",P-DV,P-DV-V1,2024-09-18,2024-09-24,False,normal,5
O-03030,Becksbrauerei,P-KK,P-KK-V3,2024-09-18,2024-10-06,False,normal,14
O-03031,Becksbrauerei,P-KK,P-KK-V2,2024-09-29,2024-10-09,True,hoch,8
O-03032,Becksbrauerei,P-KK,P-KK-V3,2024-09-26,2024-10-01,False,normal,13
O-03033,Becksbrauerei,P-DV,P-DV-V3,2024-09-25,2024-10-10,False,normal,14
O-03034,Becksbrauerei,P-DV,P-DV-V1,2024-09-23,2024-10-05,False,normal,16
O-03035,Becksbrauerei,P-KK,P-KK-V2,2024-09-25,2024-10-10,False,normal,6
O-03036,Becksbrauerei,P-KK,P-KK-V1,2024-09-28,2024-10-10,False,normal,3
O-03037,Becksbrauerei,P-KK,P-KK-V4,2024-09-24,2024-10-03,False,normal,6
O-03038,Becksbrauerei,P-DV,P-DV-V2,2024-09-27,2024-10-09,False,normal,11
O-03039,Garcia Ltd,P-DV,P-DV-V1,2024-09-24,2024-10-08,False,normal,5
O-03040,Becksbrauerei,P-DV,P-DV-V1,2024-09-26,2024-10-04,False,normal,12
O-03041,Becksbrauerei,P-KK,P-KK-V4,2024-09-23,2024-09-29,False,normal,2
O-03042,Becksbrauerei,P-DV,P-DV-V2,2024-09-27,2024-10-04,False,normal,9
O-03043,Becksbrauerei,P-DV,P-DV-V1,2024-09-29,2024-10-15,False,normal,5
O-03044,Adams Ltd,P-DV,P-DV-V2,2024-09-29,2024-10-20,False,normal,10
O-03045,Gallagher and Sons,P-KK,P-KK-V4,2024-09-23,2024-10-09,False,normal,19
O-03046,Becksbrauerei,P-DV,P-DV-V1,2024-09-25,2024-10-09,False,normal,2
O-03047,Becksbrauerei,P-DV,P-DV-V1,2024-09-26,2024-10-17,False,normal,4
O-03048,Becksbrauerei,P-KK,P-KK-V4,2024-09-23,2024-09-30,False,normal,17
O-03049,Becksbrauerei,P-KK,P-KK-V4,2024-09-23,2024-10-14,False,normal,6
O-03050,Becksbrauerei,P-KK,P-KK-V3,2024-09-29,2024-10-09,False,normal,1
O-03051,Becksbrauerei,P-DV,P-DV-V3,2024-09-26,2024-10-06,False,normal,6
O-03052,"Bradford, Salinas and Kelly",P-KK,P-KK-V4,2024-09-28,2024-10-12,False,normal,7
O-03053,Thompson PLC,P-DV,P-DV-V3,2024-09-24,2024-10-14,False,normal,2
O-03054,Becksbrauerei,P-KK,P-KK-V1,2024-09-25,2024-10-13,False,normal,9
O-03055,Becksbrauerei,P-DV,P-DV-V2,2024-09-23,2024-10-13,False,normal,6
O-03056,Drake-Wolfe,P-DV,P-DV-V3,2024-09-23,2024-10-07,False,normal,5
O-03057,"Johnson, Haynes and Meza",P-DV,P-DV-V2,2024-09-28,2024-10-16,False,normal,2
O-03058,Becksbrauerei,P-KK,P-KK-V1,2024-09-23,2024-09-29,False,normal,16
O-03059,"Thomas, Vaughan and Copeland",P-KK,P-KK-V1,2024-09-27,2024-10-09,False,normal,11
O-03060,Becksbrauerei,P-KK,P-KK-V1,2024-09-28,2024-10-05,False,normal,17
O-03061,Weaver-Thompson,P-DV,P-DV-V2,2024-09-24,2024-10-08,False,normal,17
O-03062,Becksbrauerei,P-DV,P-DV-V3,2024-09-29,2024-10-18,False,normal,18
O-03063,Becksbrauerei,P-DV,P-DV-V2,2024-09-25,2024-10-11,False,normal,17
O-03064,Davis and Sons,P-KK,P-KK-V1,2024-09-24,2024-10-03,True,hoch,15
O-03065,Becksbrauerei,P-KK,P-KK-V2,2024-09-25,2024-10-16,False,normal,15
O-03066,Becksbrauerei,P-KK,P-KK-V4,2024-09-23,2024-10-08,False,normal,9
O-03067,Becksbrauerei,P-DV,P-DV-V1,2024-09-29,2024-10-12,False,normal,16
O-03068,"Robinson, Fox and Smith",P-KK,P-KK-V4,2024-09-27,2024-10-05,True,hoch,1
O-03069,Becksbrauerei,P-KK,P-KK-V3,2024-09-29,2024-10-17,False,normal,3
O-03070,"Harris, Anderson and Love",P-KK,P-KK-V4,2024-09-29,2024-10-06,False,normal,19
O-03071,Becksbrauerei,P-KK,P-KK-V1,2024-09-28,2024-10-08,False,normal,19
O-03072,Becksbrauerei,P-KK,P-KK-V3,2024-09-25,2024-10-04,False,normal,14
O-03073,Brown-Hernandez,P-KK,P-KK-V2,2024-09-29,2024-10-15,True,hoch,11
O-03074,Becksbrauerei,P-KK,P-KK-V4,2024-09-28,2024-10-03,False,normal,7
O-03075,Becksbrauerei,P-KK,P-KK-V4,2024-09-23,2024-10-01,True,hoch,19
O-03076,"Stark, Schroeder and Mathis",P-KK,P-KK-V1,2024-09-24,2024-10-03,False,normal,10
O-03077,Becksbrauerei,P-KK,P-KK-V3,2024-09-25,2024-10-03,False,normal,19
O-03078,Yu-Brooks,P-KK,P-KK-V3,2024-09-29,2024-10-07,False,normal,2
O-03079,"Foster, Garcia and Turner",P-DV,P-DV-V2,2024-09-23,2024-10-02,False,normal,7
O-03080,Becksbrauerei,P-DV,P-DV-V1,2024-09-25,2024-10-16,False,normal,13
O-03081,Becksbrauerei,P-KK,P-KK-V4,2024-09-23,2024-10-04,False,normal,20
O-03082,Daugherty Ltd,P-DV,P-DV-V3,2024-09-24,2024-10-05,False,normal,2
O-03083,Conner-Yu,P-KK,P-KK-V3,2024-09-27,2024-10-12,False,normal,14
O-03084,Becksbrauerei,P-KK,P-KK-V3,2024-09-28,2024-10-12,False,normal,11
O-03085,Becksbrauerei,P-DV,P-DV-V2,2024-09-24,2024-10-14,False,normal,4
O-03086,Becksbrauerei,P-KK,P-KK-V4,2024-09-25,2024-10-07,False,normal,2
O-03087,Becksbrauerei,P-KK,P-KK-V2,2024-09-26,2024-10-16,False,normal,6
O-03088,"Stewart, Mann and Hoffman",P-DV,P-DV-V3,2024-09-26,2024-10-14,True,hoch,10
O-03089,"Buchanan, Walker and Chapman",P-KK,P-KK-V1,2024-09-26,2024-10-09,False,normal,14
O-03090,Becksbrauerei,P-KK,P-KK-V1,2024-09-23,2024-10-12,False,normal,7
O-03091,Becksbrauerei,P-DV,P-DV-V3,2024-09-29,2024-10-13,False,normal,12
O-03092,Gray Ltd,P-KK,P-KK-V1,2024-09-24,2024-09-29,False,normal,1
O-03093,Becksbrauerei,P-DV,P-DV-V1,2024-09-26,2024-10-14,False,normal,17
O-03094,Becksbrauerei,P-KK,P-KK-V3,2024-09-28,2024-10-11,False,normal,17
O-03095,Becksbrauerei,P-KK,P-KK-V3,2024-09-29,2024-10-10,False,normal,19
O-03096,"Phillips, Thompson and Smith",P-KK,P-KK-V4,2024-09-26,2024-10-13,False,normal,20
O-03097,"Fry, Myers and Gamble",P-KK,P-KK-V2,2024-09-24,2024-10-15,False,normal,20
O-03098,Becksbrauerei,P-DV,P-DV-V2,2024-09-29,2024-10-14,False,normal,8
O-03099,Becksbrauerei,P-DV,P-DV-V3,2024-09-28,2024-10-17,False,normal,15
O-03100,"Johnson, Guzman and Mccall",P-DV,P-DV-V1,2024-09-23,2024-10-11,False,normal,4
O-03101,"Walker, Cunningham and Zuniga",P-KK,P-KK-V4,2024-09-29,2024-10-12,False,normal,2
O-03102,Rivera Inc,P-KK,P-KK-V3,2024-09-24,2024-10-15,False,normal,17
O-03103,Reed LLC,P-DV,P-DV-V1,2024-09-27,2024-10-17,False,normal,17
O-03104,Becksbrauerei,P-KK,P-KK-V2,2024-09-24,2024-10-11,False,normal,1
O-03105,Becksbrauerei,P-DV,P-DV-V1,2024-09-24,2024-09-29,False,normal,4
O-03106,Becksbrauerei,P-DV,P-DV-V1,2024-09-27,2024-10-15,False,normal,5
O-03107,Fields Inc,P-DV,P-DV-V1,2024-09-25,2024-10-08,False,normal,9
O-03108,Becksbrauerei,P-KK,P-KK-V2,2024-09-29,2024-10-11,False,normal,12
O-03109,Becksbrauerei,P-DV,P-DV-V2,2024-09-24,2024-09-29,False,normal,1
O-03110,Becksbrauerei,P-KK,P-KK-V4,2024-09-28,2024-10-11,True,hoch,9
O-03111,Becksbrauerei,P-DV,P-DV-V1,2024-09-29,2024-10-06,True,hoch,20
O-03112,Becksbrauerei,P-DV,P-DV-V1,2024-09-28,2024-10-07,False,normal,15
O-03113,"Santiago, Daniel and Rogers",P-KK,P-KK-V4,2024-09-24,2024-10-11,False,normal,19
O-03114,Baker and Sons,P-DV,P-DV-V1,2024-09-24,2024-10-04,False,normal,10
O-03115,"Jones, Scott and Rodriguez",P-KK,P-KK-V2,2024-09-25,2024-09-30,False,normal,7
O-03116,Becksbrauerei,P-KK,P-KK-V4,2024-09-23,2024-10-01,False,normal,2
O-03117,Williams Group,P-KK,P-KK-V3,2024-09-26,2024-10-17,False,normal,7
O-03118,Becksbrauerei,P-KK,P-KK-V4,2024-09-23,2024-10-02,False,normal,6
O-03119,Becksbrauerei,P-KK,P-KK-V2,2024-09-29,2024-10-05,True,hoch,8
O-03120,Becksbrauerei,P-DV,P-DV-V2,2024-09-28,2024-10-07,True,hoch,14
O-03121,Becksbrauerei,P-KK,P-KK-V1,2024-10-02,2024-10-21,False,normal,2
O-03122,"Barnes, Jackson and Gutierrez",P-KK,P-KK-V4,2024-10-01,2024-10-10,False,normal,1
O-03123,Bell-Bennett,P-KK,P-KK-V4,2024-10-01,2024-10-20,True,hoch,2
O-03124,Becksbrauerei,P-DV,P-DV-V1,2024-10-01,2024-10-08,True,hoch,13
O-03125,Becksbrauerei,P-KK,P-KK-V4,2024-09-30,2024-10-17,False,normal,1
O-03126,Kramer-Lane,P-DV,P-DV-V2,2024-10-06,2024-10-19,False,normal,16
O-03127,Becksbrauerei,P-KK,P-KK-V2,2024-10-04,2024-10-11,False,normal,9
O-03128,Becksbrauerei,P-DV,P-DV-V1,2024-10-03,2024-10-09,False,normal,8
O-03129,Becksbrauerei,P-DV,P-DV-V2,2024-10-06,2024-10-15,False,normal,13
O-03130,Becksbrauerei,P-KK,P-KK-V2,2024-10-02,2024-10-12,False,normal,3
O-03131,"Perez, Hayes and Lloyd",P-KK,P-KK-V1,2024-10-04,2024-10-17,False,normal,16
O-03132,Becksbrauerei,P-KK,P-KK-V4,2024-10-04,2024-10-09,False,normal,12
O-03133,Becksbrauerei,P-DV,P-DV-V1,2024-10-01,2024-10-10,False,normal,15
O-03134,Becksbrauerei,P-DV,P-DV-V3,2024-10-04,2024-10-09,False,normal,9
O-03135,Becksbrauerei,P-DV,P-DV-V3,2024-10-02,2024-10-18,True,hoch,4
O-03136,Becksbrauerei,P-KK,P-KK-V1,2024-10-02,2024-10-09,False,normal,13
O-03137,Becksbrauerei,P-DV,P-DV-V3,2024-10-04,2024-10-22,False,normal,17
O-03138,Becksbrauerei,P-DV,P-DV-V1,2024-10-01,2024-10-20,False,normal,1
O-03139,Phillips LLC,P-DV,P-DV-V2,2024-10-03,2024-10-16,True,hoch,15
O-03140,Becksbrauerei,P-KK,P-KK-V1,2024-10-04,2024-10-10,False,normal,19
O-03141,Becksbrauerei,P-KK,P-KK-V1,2024-10-03,2024-10-17,True,hoch,17
O-03142,Lynn-Jones,P-KK,P-KK-V4,2024-10-04,2024-10-13,False,normal,8
O-03143,Becksbrauerei,P-DV,P-DV-V3,2024-10-02,2024-10-23,False,normal,2
O-03144,Becksbrauerei,P-KK,P-KK-V1,2024-10-01,2024-10-22,False,normal,6
O-03145,Becksbrauerei,P-KK,P-KK-V1,2024-10-01,2024-10-08,False,normal,16
O-03146,Becksbrauerei,P-KK,P-KK-V1,2024-10-02,2024-10-17,True,hoch,7
O-03147,Becksbrauerei,P-KK,P-KK-V1,2024-09-30,2024-10-05,False,normal,10
O-03148,Becksbrauerei,P-DV,P-DV-V2,2024-10-01,2024-10-09,False,normal,17
O-03149,Becksbrauerei,P-KK,P-KK-V1,2024-10-02,2024-10-10,False,normal,19
O-03150,Becksbrauerei,P-KK,P-KK-V4,2024-10-04,2024-10-13,False,normal,16
O-03151,Becksbrauerei,P-KK,P-KK-V4,2024-10-05,2024-10-24,False,normal,13
O-03152,Barron and Sons,P-KK,P-KK-V3,2024-10-02,2024-10-09,False,normal,18
O-03153,Becksbrauerei,P-DV,P-DV-V2,2024-10-02,2024-10-19,False,normal,20
O-03154,"Jones, Mcmahon and Spence",P-DV,P-DV-V3,2024-10-01,2024-10-13,False,normal,8
O-03155,Becksbrauerei,P-DV,P-DV-V1,2024-09-30,2024-10-21,False,normal,20
O-03156,Wheeler-Austin,P-DV,P-DV-V3,2024-10-02,2024-10-17,False,normal,10
O-03157,Becksbrauerei,P-KK,P-KK-V1,2024-10-01,2024-10-14,False,normal,3
O-03158,Becksbrauerei,P-DV,P-DV-V1,2024-10-02,2024-10-14,False,normal,15
O-03159,Bush-Reynolds,P-DV,P-DV-V2,2024-10-04,2024-10-17,False,normal,9
O-03160,Becksbrauerei,P-DV,P-DV-V2,2024-10-03,2024-10-12,False,normal,18
O-03161,"Martin, Preston and Moore",P-KK,P-KK-V3,2024-10-05,2024-10-10,False,normal,18
O-03162,Becksbrauerei,P-KK,P-KK-V2,2024-10-01,2024-10-13,False,normal,10
O-03163,Becksbrauerei,P-KK,P-KK-V2,2024-10-03,2024-10-12,True,hoch,3
O-03164,Becksbrauerei,P-DV,P-DV-V2,2024-10-05,2024-10-20,False,normal,12
O-03165,Becksbrauerei,P-KK,P-KK-V4,2024-10-02,2024-10-12,False,normal,15
O-03166,Becksbrauerei,P-KK,P-KK-V1,2024-10-02,2024-10-09,False,normal,18
O-03167,Rivera and Sons,P-KK,P-KK-V3,2024-09-30,2024-10-08,False,normal,6
O-03168,Terry-Bowen,P-DV,P-DV-V2,2024-10-04,2024-10-09,False,normal,13
O-03169,Becksbrauerei,P-KK,P-KK-V1,2024-09-30,2024-10-19,False,normal,9
O-03170,Becksbrauerei,P-DV,P-DV-V2,2024-09-30,2024-10-06,True,hoch,17
O-03171,"Fernandez, Guerrero and Evans",P-KK,P-KK-V4,2024-09-30,2024-10-05,True,hoch,6
O-03172,Becksbrauerei,P-KK,P-KK-V2,2024-10-04,2024-10-22,True,hoch,1
O-03173,Williams PLC,P-DV,P-DV-V3,2024-10-05,2024-10-21,True,hoch,14
O-03174,"Larsen, Hernandez and Ward",P-DV,P-DV-V1,2024-10-06,2024-10-19,False,normal,10
O-03175,Miller-Colon,P-KK,P-KK-V2,2024-10-03,2024-10-21,False,normal,10
O-03176,Becksbrauerei,P-DV,P-DV-V1,2024-09-30,2024-10-07,False,normal,16
O-03177,Becksbrauerei,P-KK,P-KK-V3,2024-10-03,2024-10-12,False,normal,14
O-03178,Becksbrauerei,P-KK,P-KK-V4,2024-10-03,2024-10-13,False,normal,4
O-03179,"Greene, Gonzalez and Johnson",P-KK,P-KK-V4,2024-10-05,2024-10-15,False,normal,17
O-03180,Little Inc,P-DV,P-DV-V2,2024-10-05,2024-10-22,False,normal,13
O-03181,Becksbrauerei,P-KK,P-KK-V2,2024-10-02,2024-10-09,False,normal,15
O-03182,Becksbrauerei,P-DV,P-DV-V3,2024-10-03,2024-10-24,False,normal,20
O-03183,Becksbrauerei,P-DV,P-DV-V2,2024-10-03,2024-10-10,False,normal,7
O-03184,Becksbrauerei,P-DV,P-DV-V1,2024-09-30,2024-10-18,False,normal,17
O-03185,Anthony-Parker,P-DV,P-DV-V3,2024-10-04,2024-10-24,False,normal,5
O-03186,Becksbrauerei,P-KK,P-KK-V3,2024-10-06,2024-10-19,False,normal,10
O-03187,Ruiz-Jacobson,P-DV,P-DV-V3,2024-10-06,2024-10-23,False,normal,5
O-03188,Becksbrauerei,P-KK,P-KK-V3,2024-10-06,2024-10-24,False,normal,12
O-03189,Becksbrauerei,P-KK,P-KK-V3,2024-10-02,2024-10-12,True,hoch,9
O-03190,Becksbrauerei,P-DV,P-DV-V3,2024-10-06,2024-10-13,False,normal,20
O-03191,Becksbrauerei,P-DV,P-DV-V1,2024-10-04,2024-10-11,False,normal,1
O-03192,Becksbrauerei,P-DV,P-DV-V1,2024-10-02,2024-10-14,False,normal,10
O-03193,Davis-Stephens,P-KK,P-KK-V1,2024-10-04,2024-10-25,False,normal,18
O-03194,Becksbrauerei,P-KK,P-KK-V4,2024-10-03,2024-10-16,False,normal,4
O-03195,Watson Group,P-KK,P-KK-V1,2024-10-01,2024-10-08,False,normal,10
O-03196,Becksbrauerei,P-KK,P-KK-V3,2024-09-30,2024-10-10,False,normal,13
O-03197,Lopez-Williams,P-KK,P-KK-V3,2024-10-04,2024-10-25,False,normal,8
O-03198,Marshall-Perez,P-DV,P-DV-V1,2024-09-30,2024-10-21,False,normal,7
O-03199,Becksbrauerei,P-KK,P-KK-V1,2024-10-05,2024-10-16,True,hoch,19
O-03200,Becksbrauerei,P-KK,P-KK-V1,2024-09-30,2024-10-13,True,hoch,10
O-03201,Becksbrauerei,P-DV,P-DV-V1,2024-10-01,2024-10-09,False,normal,4
O-03202,Elliott-Hernandez,P-DV,P-DV-V3,2024-10-04,2024-10-22,True,hoch,13
O-03203,Becksbrauerei,P-KK,P-KK-V3,2024-10-05,2024-10-11,False,normal,19
O-03204,Becksbrauerei,P-DV,P-DV-V3,2024-10-03,2024-10-24,False,normal,1
O-03205,Becksbrauerei,P-KK,P-KK-V1,2024-10-01,2024-10-20,False,normal,6
O-03206,Becksbrauerei,P-KK,P-KK-V1,2024-10-03,2024-10-13,False,normal,15
O-03207,Becksbrauerei,P-KK,P-KK-V4,2024-10-01,2024-10-20,False,normal,8
O-03208,Becksbrauerei,P-DV,P-DV-V1,2024-10-03,2024-10-11,False,normal,17
O-03209,Becksbrauerei,P-KK,P-KK-V4,2024-10-06,2024-10-15,True,hoch,20
O-03210,Becksbrauerei,P-DV,P-DV-V2,2024-10-03,2024-10-23,False,normal,16
O-03211,Becksbrauerei,P-DV,P-DV-V1,2024-10-07,2024-10-26,False,normal,4
O-03212,Becksbrauerei,P-KK,P-KK-V2,2024-10-13,2024-10-27,False,normal,18
O-03213,Becksbrauerei,P-DV,P-DV-V2,2024-10-10,2024-10-31,True,hoch,9
O-03214,Becksbrauerei,P-DV,P-DV-V1,2024-10-13,2024-10-22,False,normal,6
O-03215,Becksbrauerei,P-KK,P-KK-V1,2024-10-10,2024-10-16,False,normal,13
O-03216,Becksbrauerei,P-DV,P-DV-V2,2024-10-09,2024-10-26,False,normal,15
O-03217,"Contreras, Miller and Cooper",P-DV,P-DV-V1,2024-10-10,2024-10-18,False,normal,12
O-03218,"Gutierrez, Avila and Perez",P-KK,P-KK-V1,2024-10-09,2024-10-15,False,normal,10
O-03219,Becksbrauerei,P-KK,P-KK-V4,2024-10-07,2024-10-12,False,normal,7
O-03220,Randall PLC,P-DV,P-DV-V1,2024-10-13,2024-11-03,False,normal,6
O-03221,Sheppard-Mcdaniel,P-DV,P-DV-V1,2024-10-12,2024-10-20,False,normal,19
O-03222,Becksbrauerei,P-KK,P-KK-V3,2024-10-11,2024-10-25,False,normal,1
O-03223,Armstrong-Young,P-DV,P-DV-V1,2024-10-12,2024-10-30,False,normal,1
O-03224,Miller-Orr,P-DV,P-DV-V1,2024-10-07,2024-10-16,True,hoch,13
O-03225,Becksbrauerei,P-DV,P-DV-V3,2024-10-09,2024-10-26,False,normal,8
O-03226,Becksbrauerei,P-KK,P-KK-V3,2024-10-08,2024-10-22,False,normal,11
O-03227,Becksbrauerei,P-KK,P-KK-V1,2024-10-13,2024-10-26,False,normal,5
O-03228,Becksbrauerei,P-DV,P-DV-V3,2024-10-13,2024-10-31,False,normal,16
O-03229,"Johnson, Duncan and Black",P-KK,P-KK-V3,2024-10-09,2024-10-17,False,normal,15
O-03230,Becksbrauerei,P-DV,P-DV-V2,2024-10-13,2024-10-21,False,normal,19
O-03231,Becksbrauerei,P-DV,P-DV-V3,2024-10-07,2024-10-22,False,normal,2
O-03232,Becksbrauerei,P-DV,P-DV-V1,2024-10-08,2024-10-25,True,hoch,10
O-03233,Becksbrauerei,P-DV,P-DV-V3,2024-10-13,2024-10-29,False,normal,15
O-03234,Becksbrauerei,P-DV,P-DV-V1,2024-10-07,2024-10-23,True,hoch,15
O-03235,Becksbrauerei,P-KK,P-KK-V1,2024-10-13,2024-11-03,False,normal,9
O-03236,"Byrd, Oliver and Martinez",P-DV,P-DV-V3,2024-10-12,2024-10-24,False,normal,7
O-03237,Becksbrauerei,P-KK,P-KK-V4,2024-10-09,2024-10-23,False,normal,6
O-03238,Becksbrauerei,P-DV,P-DV-V2,2024-10-13,2024-10-20,False,normal,11
O-03239,Becksbrauerei,P-DV,P-DV-V3,2024-10-08,2024-10-25,True,hoch,11
O-03240,Becksbrauerei,P-DV,P-DV-V2,2024-10-12,2024-11-02,False,normal,15
O-03241,Becksbrauerei,P-KK,P-KK-V3,2024-10-07,2024-10-26,False,normal,1
O-03242,Thompson-Joyce,P-DV,P-DV-V3,2024-10-10,2024-10-21,False,normal,7
O-03243,Stokes and Sons,P-DV,P-DV-V1,2024-10-12,2024-10-29,False,normal,12
O-03244,Henderson Ltd,P-KK,P-KK-V2,2024-10-11,2024-10-29,False,normal,20
O-03245,Becksbrauerei,P-KK,P-KK-V4,2024-10-12,2024-10-17,False,normal,17
O-03246,Harris-Carson,P-DV,P-DV-V3,2024-10-12,2024-10-24,False,normal,12
O-03247,Flowers LLC,P-KK,P-KK-V3,2024-10-07,2024-10-23,False,normal,20
O-03248,Bartlett-Sloan,P-KK,P-KK-V4,2024-10-08,2024-10-26,False,normal,11
O-03249,Miller PLC,P-DV,P-DV-V2,2024-10-09,2024-10-14,False,normal,11
O-03250,Arnold-Gates,P-DV,P-DV-V2,2024-10-07,2024-10-27,False,normal,16
O-03251,Becksbrauerei,P-DV,P-DV-V2,2024-10-09,2024-10-19,False,normal,1
O-03252,"Ellis, Marks and Buchanan",P-KK,P-KK-V3,2024-10-08,2024-10-18,False,normal,5
O-03253,Becksbrauerei,P-DV,P-DV-V3,2024-10-08,2024-10-18,True,hoch,5
O-03254,"Matthews, Harrington and Rodriguez",P-DV,P-DV-V1,2024-10-07,2024-10-14,False,normal,16
O-03255,Becksbrauerei,P-DV,P-DV-V3,2024-10-07,2024-10-27,True,hoch,10
O-03256,Becksbrauerei,P-KK,P-KK-V3,2024-10-07,2024-10-21,False,normal,19
O-03257,Hernandez PLC,P-KK,P-KK-V1,2024-10-09,2024-10-19,False,normal,19
O-03258,"Chang, Ayers and Buckley",P-KK,P-KK-V2,2024-10-11,2024-10-21,False,normal,14
O-03259,Becksbrauerei,P-KK,P-KK-V1,2024-10-09,2024-10-19,False,normal,3
O-03260,Becksbrauerei,P-KK,P-KK-V4,2024-10-11,2024-10-16,False,normal,1
O-03261,"Chan, Floyd and Dillon",P-KK,P-KK-V1,2024-10-10,2024-10-21,False,normal,11
O-03262,Becksbrauerei,P-KK,P-KK-V1,2024-10-09,2024-10-20,False,normal,15
O-03263,Humphrey-Baker,P-KK,P-KK-V3,2024-10-09,2024-10-26,False,normal,15
O-03264,Becksbrauerei,P-KK,P-KK-V3,2024-10-13,2024-11-01,False,normal,18
O-03265,"Washington, Lynch and Johnson",P-KK,P-KK-V2,2024-10-11,2024-10-17,False,normal,11
O-03266,Becksbrauerei,P-DV,P-DV-V1,2024-10-08,2024-10-24,False,normal,18
O-03267,Becksbrauerei,P-DV,P-DV-V1,2024-10-12,2024-10-24,False,normal,15
O-03268,Becksbrauerei,P-KK,P-KK-V4,2024-10-08,2024-10-15,False,normal,13
O-03269,Powell-Montgomery,P-KK,P-KK-V3,2024-10-12,2024-10-18,False,normal,14
O-03270,Becksbrauerei,P-KK,P-KK-V2,2024-10-13,2024-10-31,False,normal,11
O-03271,Becksbrauerei,P-KK,P-KK-V4,2024-10-20,2024-10-30,False,normal,7
O-03272,"Steele, Williams and Preston",P-DV,P-DV-V2,2024-10-18,2024-11-03,True,hoch,17
O-03273,Becksbrauerei,P-DV,P-DV-V2,2024-10-20,2024-10-25,False,normal,12
O-03274,Becksbrauerei,P-DV,P-DV-V1,2024-10-15,2024-10-21,False,normal,4
O-03275,Vaughn-Williams,P-KK,P-KK-V1,2024-10-15,2024-10-25,False,normal,10
O-03276,Mccall-Prince,P-KK,P-KK-V1,2024-10-16,2024-10-29,False,normal,19
O-03277,Becksbrauerei,P-KK,P-KK-V2,2024-10-15,2024-10-31,False,normal,6
O-03278,Becksbrauerei,P-KK,P-KK-V2,2024-10-15,2024-10-31,True,hoch,12
O-03279,Morgan LLC,P-DV,P-DV-V2,2024-10-20,2024-10-26,True,hoch,8
O-03280,Becksbrauerei,P-DV,P-DV-V2,2024-10-16,2024-10-22,False,normal,17
O-03281,Ramirez-Vasquez,P-DV,P-DV-V3,2024-10-20,2024-10-31,False,normal,8
O-03282,Becksbrauerei,P-KK,P-KK-V2,2024-10-16,2024-10-28,False,normal,14
O-03283,"Cohen, Compton and Perez",P-KK,P-KK-V1,2024-10-20,2024-10-25,False,normal,18
O-03284,Becksbrauerei,P-KK,P-KK-V1,2024-10-15,2024-10-28,False,normal,19
O-03285,Becksbrauerei,P-KK,P-KK-V4,2024-10-20,2024-11-04,False,normal,20
O-03286,Becksbrauerei,P-KK,P-KK-V1,2024-10-14,2024-10-23,False,normal,7
O-03287,Becksbrauerei,P-KK,P-KK-V4,2024-10-17,2024-10-31,False,normal,3
O-03288,Becksbrauerei,P-KK,P-KK-V4,2024-10-15,2024-10-28,False,normal,15
O-03289,Becksbrauerei,P-DV,P-DV-V3,2024-10-20,2024-10-28,False,normal,15
O-03290,Mccann-Ramos,P-KK,P-KK-V2,2024-10-14,2024-11-03,False,normal,5
O-03291,Adams-Butler,P-DV,P-DV-V2,2024-10-17,2024-11-01,False,normal,13
O-03292,"Davis, Alexander and Mcintyre",P-DV,P-DV-V2,2024-10-14,2024-10-23,False,normal,14
O-03293,Becksbrauerei,P-KK,P-KK-V4,2024-10-20,2024-11-01,True,hoch,6
O-03294,Becksbrauerei,P-DV,P-DV-V2,2024-10-20,2024-10-29,False,normal,4
O-03295,Becksbrauerei,P-KK,P-KK-V3,2024-10-19,2024-10-31,False,normal,11
O-03296,Becksbrauerei,P-KK,P-KK-V3,2024-10-15,2024-10-24,True,hoch,10
O-03297,Becksbrauerei,P-KK,P-KK-V1,2024-10-18,2024-11-06,False,normal,5
O-03298,Figueroa-Malone,P-DV,P-DV-V2,2024-10-18,2024-10-27,False,normal,5
O-03299,Becksbrauerei,P-KK,P-KK-V1,2024-10-18,2024-10-30,False,normal,11
O-03300,Becksbrauerei,P-KK,P-KK-V2,2024-10-19,2024-10-24,False,normal,16
O-03301,Becksbrauerei,P-KK,P-KK-V4,2024-10-17,2024-11-03,False,normal,7
O-03302,Becksbrauerei,P-KK,P-KK-V2,2024-10-18,2024-11-05,False,normal,20
O-03303,Becksbrauerei,P-KK,P-KK-V2,2024-10-16,2024-11-04,False,normal,14
O-03304,Nicholson-Robertson,P-DV,P-DV-V1,2024-10-18,2024-11-02,False,normal,12
O-03305,Jones Ltd,P-KK,P-KK-V2,2024-10-20,2024-11-04,False,normal,16
O-03306,Becksbrauerei,P-KK,P-KK-V4,2024-10-20,2024-10-30,True,hoch,13
O-03307,"Powell, Deleon and Warren",P-DV,P-DV-V1,2024-10-19,2024-10-29,False,normal,11
O-03308,Becksbrauerei,P-DV,P-DV-V1,2024-10-20,2024-11-06,False,normal,6
O-03309,Becksbrauerei,P-DV,P-DV-V1,2024-10-20,2024-10-28,False,normal,13
O-03310,Becksbrauerei,P-KK,P-KK-V3,2024-10-17,2024-10-27,False,normal,9
O-03311,Becksbrauerei,P-KK,P-KK-V1,2024-10-14,2024-10-24,False,normal,9
O-03312,"Johnson, Lee and Whitaker",P-KK,P-KK-V3,2024-10-18,2024-10-28,False,normal,20
O-03313,Becksbrauerei,P-DV,P-DV-V2,2024-10-15,2024-11-03,True,hoch,1
O-03314,Becksbrauerei,P-DV,P-DV-V2,2024-10-20,2024-10-26,False,normal,7
O-03315,Becksbrauerei,P-KK,P-KK-V1,2024-10-17,2024-10-31,False,normal,8
O-03316,Becksbrauerei,P-KK,P-KK-V1,2024-10-19,2024-10-26,False,normal,7
O-03317,Becksbrauerei,P-KK,P-KK-V2,2024-10-15,2024-10-29,False,normal,19
O-03318,Becksbrauerei,P-KK,P-KK-V4,2024-10-20,2024-10-25,False,normal,1
O-03319,Becksbrauerei,P-KK,P-KK-V4,2024-10-17,2024-10-23,False,normal,4
O-03320,Becksbrauerei,P-DV,P-DV-V1,2024-10-17,2024-11-04,False,normal,7
O-03321,Becksbrauerei,P-DV,P-DV-V1,2024-10-14,2024-10-29,False,normal,9
O-03322,Wright Group,P-DV,P-DV-V1,2024-10-17,2024-11-04,False,normal,4
O-03323,Becksbrauerei,P-KK,P-KK-V2,2024-10-20,2024-11-07,True,hoch,20
O-03324,Becksbrauerei,P-DV,P-DV-V2,2024-10-19,2024-10-26,False,normal,7
O-03325,Becksbrauerei,P-KK,P-KK-V4,2024-10-16,2024-10-29,False,normal,7
O-03326,Becksbrauerei,P-DV,P-DV-V1,2024-10-17,2024-11-06,False,normal,12
O-03327,Hull Ltd,P-DV,P-DV-V2,2024-10-20,2024-10-26,False,normal,9
O-03328,Hill Group,P-DV,P-DV-V1,2024-10-18,2024-10-24,False,normal,3
O-03329,Becksbrauerei,P-DV,P-DV-V2,2024-10-20,2024-11-04,True,hoch,1
O-03330,"Sanders, Leblanc and Maldonado",P-KK,P-KK-V4,2024-10-18,2024-10-29,False,normal,2
O-03331,Becksbrauerei,P-KK,P-KK-V3,2024-10-25,2024-11-06,False,normal,9
O-03332,Becksbrauerei,P-KK,P-KK-V4,2024-10-22,2024-11-03,False,normal,11
O-03333,Watson PLC,P-KK,P-KK-V4,2024-10-25,2024-11-07,False,normal,1
O-03334,Becksbrauerei,P-KK,P-KK-V3,2024-10-27,2024-11-10,False,normal,8
O-03335,Becksbrauerei,P-DV,P-DV-V1,2024-10-24,2024-10-30,False,normal,7
O-03336,Becksbrauerei,P-DV,P-DV-V3,2024-10-26,2024-11-08,True,hoch,1
O-03337,Becksbrauerei,P-DV,P-DV-V1,2024-10-25,2024-11-09,False,normal,9
O-03338,Thompson-Harrell,P-KK,P-KK-V1,2024-10-24,2024-11-06,False,normal,20
O-03339,Becksbrauerei,P-KK,P-KK-V1,2024-10-25,2024-11-06,False,normal,14
O-03340,Becksbrauerei,P-KK,P-KK-V3,2024-10-24,2024-11-11,False,normal,15
O-03341,"Arnold, Cooper and Monroe",P-DV,P-DV-V2,2024-10-22,2024-11-10,True,hoch,3
O-03342,Becksbrauerei,P-DV,P-DV-V3,2024-10-27,2024-11-12,False,normal,14
O-03343,Becksbrauerei,P-DV,P-DV-V1,2024-10-26,2024-11-12,False,normal,3
O-03344,Curry-Barker,P-DV,P-DV-V3,2024-10-23,2024-10-30,False,normal,20
O-03345,Johnson-Williams,P-KK,P-KK-V1,2024-10-22,2024-11-10,False,normal,19
O-03346,Becksbrauerei,P-KK,P-KK-V1,2024-10-27,2024-11-17,False,normal,15
O-03347,"Chan, Lewis and Walker",P-DV,P-DV-V1,2024-10-23,2024-11-04,False,normal,14
O-03348,Becksbrauerei,P-KK,P-KK-V3,2024-10-21,2024-11-02,False,normal,14
O-03349,Becksbrauerei,P-KK,P-KK-V2,2024-10-21,2024-11-07,False,normal,7
O-03350,Becksbrauerei,P-KK,P-KK-V4,2024-10-24,2024-11-01,False,normal,6
O-03351,Becksbrauerei,P-DV,P-DV-V2,2024-10-27,2024-11-16,False,normal,3
O-03352,Becksbrauerei,P-KK,P-KK-V4,2024-10-25,2024-11-15,False,normal,11
O-03353,Becksbrauerei,P-KK,P-KK-V4,2024-10-24,2024-11-04,False,normal,6
O-03354,Becksbrauerei,P-DV,P-DV-V2,2024-10-21,2024-11-05,False,normal,1
O-03355,Byrd LLC,P-DV,P-DV-V3,2024-10-22,2024-10-31,False,normal,2
O-03356,"Ortiz, Smith and Deleon",P-DV,P-DV-V3,2024-10-27,2024-11-14,False,normal,18
O-03357,Becksbrauerei,P-DV,P-DV-V3,2024-10-26,2024-11-14,True,hoch,6
O-03358,"Smith, Buck and Holland",P-KK,P-KK-V1,2024-10-24,2024-11-03,False,normal,1
O-03359,Becksbrauerei,P-DV,P-DV-V1,2024-10-27,2024-11-06,False,normal,20
O-03360,Becksbrauerei,P-KK,P-KK-V2,2024-10-24,2024-11-01,False,normal,11
O-03361,"Owen, Walker and Franklin",P-KK,P-KK-V2,2024-10-24,2024-10-31,False,normal,1
O-03362,Becksbrauerei,P-DV,P-DV-V2,2024-10-25,2024-11-07,False,normal,6
O-03363,Becksbrauerei,P-KK,P-KK-V2,2024-10-26,2024-11-07,False,normal,8
O-03364,Becksbrauerei,P-DV,P-DV-V2,2024-10-26,2024-10-31,True,hoch,19
O-03365,Becksbrauerei,P-DV,P-DV-V2,2024-10-21,2024-11-07,False,normal,11
O-03366,Becksbrauerei,P-DV,P-DV-V1,2024-10-21,2024-11-06,False,normal,6
O-03367,Becksbrauerei,P-DV,P-DV-V1,2024-10-25,2024-11-15,False,normal,8
O-03368,Becksbrauerei,P-KK,P-KK-V2,2024-10-27,2024-11-03,False,normal,14
O-03369,Becksbrauerei,P-DV,P-DV-V3,2024-10-27,2024-11-01,False,normal,9
O-03370,Marquez-Fletcher,P-KK,P-KK-V1,2024-10-23,2024-11-13,False,normal,2
O-03371,Becksbrauerei,P-KK,P-KK-V4,2024-10-26,2024-11-08,False,normal,5
O-03372,Coleman-Bennett,P-KK,P-KK-V3,2024-10-21,2024-11-01,False,normal,4
O-03373,Becksbrauerei,P-DV,P-DV-V1,2024-10-25,2024-11-03,False,normal,15
O-03374,Becksbrauerei,P-KK,P-KK-V2,2024-10-21,2024-11-11,False,normal,3
O-03375,Becksbrauerei,P-DV,P-DV-V1,2024-10-24,2024-11-02,False,normal,14
O-03376,Becksbrauerei,P-KK,P-KK-V3,2024-10-27,2024-11-10,False,normal,1
O-03377,Becksbrauerei,P-KK,P-KK-V4,2024-10-22,2024-11-12,False,normal,11
O-03378,Becksbrauerei,P-KK,P-KK-V4,2024-10-26,2024-11-08,True,hoch,1
O-03379,Stevens-Robinson,P-DV,P-DV-V3,2024-10-26,2024-11-03,False,normal,13
O-03380,Becksbrauerei,P-KK,P-KK-V2,2024-10-27,2024-11-16,False,normal,18
O-03381,Becksbrauerei,P-KK,P-KK-V2,2024-10-27,2024-11-01,False,normal,2
O-03382,Becksbrauerei,P-KK,P-KK-V4,2024-10-22,2024-11-04,False,normal,20
O-03383,Becksbrauerei,P-DV,P-DV-V3,2024-10-26,2024-11-05,False,normal,17
O-03384,Byrd-Holloway,P-DV,P-DV-V1,2024-10-21,2024-10-31,True,hoch,5
O-03385,Becksbrauerei,P-DV,P-DV-V1,2024-10-26,2024-11-11,False,normal,19
O-03386,Becksbrauerei,P-KK,P-KK-V2,2024-10-22,2024-11-10,False,normal,18
O-03387,Silva-Smith,P-DV,P-DV-V3,2024-10-24,2024-11-10,False,normal,2
O-03388,"Levy, Franco and Hoffman",P-KK,P-KK-V4,2024-10-26,2024-11-14,True,hoch,10
O-03389,"Lynch, Evans and Rodriguez",P-KK,P-KK-V4,2024-10-23,2024-11-01,False,normal,10
O-03390,Becksbrauerei,P-KK,P-KK-V3,2024-10-23,2024-11-04,False,normal,17
O-03391,Becksbrauerei,P-KK,P-KK-V4,2024-11-03,2024-11-19,False,normal,1
O-03392,Rogers LLC,P-KK,P-KK-V4,2024-11-03,2024-11-16,False,normal,18
O-03393,Becksbrauerei,P-KK,P-KK-V1,2024-10-30,2024-11-18,False,normal,12
O-03394,Becksbrauerei,P-DV,P-DV-V3,2024-10-31,2024-11-18,False,normal,5
O-03395,Becksbrauerei,P-KK,P-KK-V4,2024-10-28,2024-11-14,False,normal,20
O-03396,Becksbrauerei,P-DV,P-DV-V2,2024-11-01,2024-11-08,True,hoch,19
O-03397,"Nguyen, Hill and Douglas",P-DV,P-DV-V3,2024-10-29,2024-11-07,False,normal,6
O-03398,Becksbrauerei,P-DV,P-DV-V1,2024-10-29,2024-11-16,False,normal,13
O-03399,Becksbrauerei,P-DV,P-DV-V2,2024-10-28,2024-11-16,False,normal,14
O-03400,Becksbrauerei,P-KK,P-KK-V2,2024-10-30,2024-11-16,False,normal,20
O-03401,"Evans, Hernandez and Cannon",P-KK,P-KK-V2,2024-10-29,2024-11-13,False,normal,13
O-03402,Becksbrauerei,P-DV,P-DV-V3,2024-10-31,2024-11-19,False,normal,14
O-03403,Becksbrauerei,P-KK,P-KK-V3,2024-10-28,2024-11-09,False,normal,17
O-03404,Becksbrauerei,P-DV,P-DV-V3,2024-11-03,2024-11-15,True,hoch,17
O-03405,Becksbrauerei,P-KK,P-KK-V1,2024-10-29,2024-11-07,False,normal,3
O-03406,Becksbrauerei,P-DV,P-DV-V2,2024-10-28,2024-11-16,False,normal,20
O-03407,Trujillo PLC,P-KK,P-KK-V3,2024-11-02,2024-11-14,False,normal,19
O-03408,Becksbrauerei,P-KK,P-KK-V2,2024-10-30,2024-11-07,True,hoch,19
O-03409,Becksbrauerei,P-DV,P-DV-V2,2024-10-29,2024-11-18,False,normal,18
O-03410,Guerrero-Becker,P-DV,P-DV-V3,2024-10-30,2024-11-16,False,normal,5
O-03411,Becksbrauerei,P-DV,P-DV-V1,2024-10-30,2024-11-08,True,hoch,11
O-03412,Becksbrauerei,P-KK,P-KK-V1,2024-11-01,2024-11-21,False,normal,4
O-03413,"Johnson, Jimenez and Phillips",P-DV,P-DV-V3,2024-11-01,2024-11-18,True,hoch,18
O-03414,Becksbrauerei,P-KK,P-KK-V3,2024-10-31,2024-11-09,False,normal,12
O-03415,Sullivan-Doyle,P-KK,P-KK-V1,2024-10-31,2024-11-18,False,normal,14
O-03416,Becksbrauerei,P-DV,P-DV-V2,2024-10-29,2024-11-12,False,normal,8
O-03417,Becksbrauerei,P-DV,P-DV-V2,2024-10-30,2024-11-07,False,normal,3
O-03418,Becksbrauerei,P-KK,P-KK-V4,2024-11-02,2024-11-17,False,normal,2
O-03419,Becksbrauerei,P-DV,P-DV-V2,2024-10-31,2024-11-11,False,normal,12
O-03420,"Erickson, Armstrong and Lee",P-KK,P-KK-V2,2024-10-31,2024-11-07,False,normal,6
O-03421,"Reeves, Parks and Little",P-KK,P-KK-V2,2024-11-02,2024-11-17,False,normal,19
O-03422,Becksbrauerei,P-KK,P-KK-V2,2024-11-01,2024-11-21,False,normal,7
O-03423,Becksbrauerei,P-DV,P-DV-V3,2024-10-29,2024-11-12,False,normal,15
O-03424,Becksbrauerei,P-DV,P-DV-V3,2024-11-01,2024-11-06,False,normal,1
O-03425,Knox-Powers,P-DV,P-DV-V3,2024-11-01,2024-11-19,False,normal,11
O-03426,Becksbrauerei,P-KK,P-KK-V1,2024-11-02,2024-11-22,False,normal,20
O-03427,"Evans, Jackson and Sandoval",P-KK,P-KK-V4,2024-11-02,2024-11-08,False,normal,12
O-03428,Becksbrauerei,P-KK,P-KK-V4,2024-11-02,2024-11-14,False,normal,18
O-03429,"White, Davis and Anderson",P-DV,P-DV-V1,2024-10-30,2024-11-15,False,normal,2
O-03430,Becksbrauerei,P-KK,P-KK-V3,2024-11-01,2024-11-06,False,normal,3
O-03431,Hardy-Hansen,P-KK,P-KK-V3,2024-11-03,2024-11-22,False,normal,20
O-03432,Becksbrauerei,P-DV,P-DV-V3,2024-10-30,2024-11-11,False,normal,13
O-03433,Becksbrauerei,P-KK,P-KK-V4,2024-11-03,2024-11-23,True,hoch,19
O-03434,Becksbrauerei,P-KK,P-KK-V1,2024-11-02,2024-11-16,False,normal,18
O-03435,Arroyo LLC,P-DV,P-DV-V1,2024-11-03,2024-11-15,False,normal,18
O-03436,Becksbrauerei,P-KK,P-KK-V2,2024-10-28,2024-11-02,False,normal,13
O-03437,"Davis, Kelly and Garner",P-KK,P-KK-V1,2024-10-29,2024-11-19,False,normal,18
O-03438,Becksbrauerei,P-DV,P-DV-V3,2024-10-30,2024-11-04,False,normal,1
O-03439,Becksbrauerei,P-KK,P-KK-V4,2024-10-30,2024-11-09,False,normal,13
O-03440,Fisher-Eaton,P-DV,P-DV-V3,2024-10-31,2024-11-11,False,normal,11
O-03441,Becksbrauerei,P-DV,P-DV-V1,2024-10-29,2024-11-04,False,normal,15
O-03442,Becksbrauerei,P-DV,P-DV-V2,2024-11-03,2024-11-08,False,normal,2
O-03443,Becksbrauerei,P-DV,P-DV-V2,2024-10-28,2024-11-18,False,normal,16
O-03444,Becksbrauerei,P-KK,P-KK-V2,2024-10-28,2024-11-05,False,normal,18
O-03445,Green-Carter,P-DV,P-DV-V1,2024-10-28,2024-11-04,False,normal,5
O-03446,Becksbrauerei,P-DV,P-DV-V2,2024-10-28,2024-11-05,False,normal,11
O-03447,Becksbrauerei,P-KK,P-KK-V3,2024-10-29,2024-11-15,False,normal,4
O-03448,Becksbrauerei,P-DV,P-DV-V1,2024-10-30,2024-11-18,False,normal,6
O-03449,Becksbrauerei,P-KK,P-KK-V1,2024-10-30,2024-11-11,False,normal,1
O-03450,Becksbrauerei,P-DV,P-DV-V2,2024-10-30,2024-11-15,False,normal,2
O-03451,Becksbrauerei,P-KK,P-KK-V2,2024-11-04,2024-11-23,False,normal,3
O-03452,Ruiz Ltd,P-DV,P-DV-V3,2024-11-05,2024-11-18,False,normal,13
O-03453,Becksbrauerei,P-DV,P-DV-V1,2024-11-10,2024-11-28,False,normal,19
O-03454,Becksbrauerei,P-DV,P-DV-V1,2024-11-06,2024-11-18,False,normal,13
O-03455,"Carpenter, Oliver and Kennedy",P-KK,P-KK-V3,2024-11-04,2024-11-13,False,normal,15
O-03456,Becksbrauerei,P-KK,P-KK-V2,2024-11-07,2024-11-28,False,normal,2
O-03457,Becksbrauerei,P-DV,P-DV-V1,2024-11-04,2024-11-21,False,normal,1
O-03458,Becksbrauerei,P-DV,P-DV-V1,2024-11-05,2024-11-26,False,normal,14
O-03459,Becksbrauerei,P-DV,P-DV-V1,2024-11-08,2024-11-16,True,hoch,2
O-03460,Becksbrauerei,P-KK,P-KK-V2,2024-11-04,2024-11-16,False,normal,5
O-03461,Mason Ltd,P-KK,P-KK-V3,2024-11-06,2024-11-16,False,normal,15
O-03462,Becksbrauerei,P-DV,P-DV-V3,2024-11-07,2024-11-23,False,normal,6
O-03463,Moreno-Gutierrez,P-DV,P-DV-V1,2024-11-04,2024-11-22,True,hoch,15
O-03464,Becksbrauerei,P-DV,P-DV-V2,2024-11-06,2024-11-21,False,normal,19
O-03465,Taylor and Sons,P-KK,P-KK-V1,2024-11-06,2024-11-20,False,normal,10
O-03466,Becksbrauerei,P-DV,P-DV-V2,2024-11-05,2024-11-26,True,hoch,18
O-03467,Becksbrauerei,P-KK,P-KK-V4,2024-11-06,2024-11-22,False,normal,10
O-03468,Becksbrauerei,P-DV,P-DV-V2,2024-11-07,2024-11-17,False,normal,12
O-03469,Ortiz-Hudson,P-KK,P-KK-V1,2024-11-07,2024-11-27,True,hoch,13
O-03470,Becksbrauerei,P-KK,P-KK-V2,2024-11-10,2024-11-28,True,hoch,5
O-03471,Becksbrauerei,P-DV,P-DV-V3,2024-11-07,2024-11-12,False,normal,5
O-03472,Thomas-Huffman,P-DV,P-DV-V2,2024-11-04,2024-11-13,False,normal,3
O-03473,Maxwell Group,P-DV,P-DV-V3,2024-11-06,2024-11-11,True,hoch,1
O-03474,Welch-Thompson,P-KK,P-KK-V4,2024-11-05,2024-11-12,False,normal,11
O-03475,Becksbrauerei,P-DV,P-DV-V1,2024-11-06,2024-11-27,False,normal,5
O-03476,Becksbrauerei,P-KK,P-KK-V3,2024-11-06,2024-11-13,False,normal,10
O-03477,"Brown, Hayes and Clark",P-DV,P-DV-V3,2024-11-06,2024-11-12,False,normal,12
O-03478,Johnston and Sons,P-KK,P-KK-V1,2024-11-09,2024-11-24,False,normal,15
O-03479,Glover-Chan,P-KK,P-KK-V3,2024-11-09,2024-11-28,True,hoch,3
O-03480,Becksbrauerei,P-DV,P-DV-V2,2024-11-09,2024-11-23,False,normal,7
O-03481,Becksbrauerei,P-DV,P-DV-V2,2024-11-07,2024-11-15,False,normal,11
O-03482,Mendez Ltd,P-DV,P-DV-V2,2024-11-09,2024-11-28,False,normal,12
O-03483,Powell-Sanford,P-DV,P-DV-V1,2024-11-10,2024-11-20,False,normal,16
O-03484,Becksbrauerei,P-DV,P-DV-V3,2024-11-04,2024-11-17,False,normal,4
O-03485,Becksbrauerei,P-KK,P-KK-V2,2024-11-04,2024-11-20,False,normal,7
O-03486,Smith-Ferguson,P-KK,P-KK-V4,2024-11-05,2024-11-14,False,normal,13
O-03487,"Watson, Smith and Morris",P-DV,P-DV-V2,2024-11-04,2024-11-14,False,normal,11
O-03488,"Lee, Rhodes and Sims",P-KK,P-KK-V2,2024-11-10,2024-11-27,False,normal,15
O-03489,Becksbrauerei,P-DV,P-DV-V3,2024-11-10,2024-11-20,False,normal,8
O-03490,Becksbrauerei,P-KK,P-KK-V2,2024-11-09,2024-11-24,False,normal,8
O-03491,Perez LLC,P-KK,P-KK-V1,2024-11-08,2024-11-16,False,normal,3
O-03492,Becksbrauerei,P-DV,P-DV-V3,2024-11-05,2024-11-17,False,normal,9
O-03493,Becksbrauerei,P-DV,P-DV-V1,2024-11-05,2024-11-19,False,normal,19
O-03494,Becksbrauerei,P-KK,P-KK-V1,2024-11-10,2024-11-30,False,normal,3
O-03495,Becksbrauerei,P-DV,P-DV-V2,2024-11-09,2024-11-24,True,hoch,15
O-03496,Anderson-Reyes,P-DV,P-DV-V2,2024-11-08,2024-11-15,False,normal,4
O-03497,"Torres, Brown and Williams",P-KK,P-KK-V1,2024-11-09,2024-11-26,False,normal,7
O-03498,Bryant-Meyer,P-KK,P-KK-V2,2024-11-10,2024-11-28,False,normal,5
O-03499,Becksbrauerei,P-KK,P-KK-V4,2024-11-07,2024-11-26,False,normal,3
O-03500,Becksbrauerei,P-DV,P-DV-V3,2024-11-08,2024-11-14,False,normal,10
O-03501,Becksbrauerei,P-DV,P-DV-V1,2024-11-10,2024-11-29,True,hoch,2
O-03502,Becksbrauerei,P-KK,P-KK-V4,2024-11-10,2024-11-16,False,normal,20
O-03503,"Morgan, Barron and Cowan",P-DV,P-DV-V1,2024-11-09,2024-11-23,True,hoch,16
O-03504,Becksbrauerei,P-DV,P-DV-V3,2024-11-04,2024-11-13,False,normal,14
O-03505,Becksbrauerei,P-DV,P-DV-V2,2024-11-08,2024-11-18,False,normal,12
O-03506,Becksbrauerei,P-KK,P-KK-V4,2024-11-10,2024-11-20,True,hoch,13
O-03507,Ferrell-Henry,P-KK,P-KK-V3,2024-11-09,2024-11-26,False,normal,14
O-03508,Becksbrauerei,P-KK,P-KK-V3,2024-11-08,2024-11-27,False,normal,19
O-03509,Martin Group,P-KK,P-KK-V1,2024-11-08,2024-11-19,False,normal,19
O-03510,Becksbrauerei,P-DV,P-DV-V3,2024-11-08,2024-11-21,False,normal,3
O-03511,Becksbrauerei,P-DV,P-DV-V3,2024-11-16,2024-12-07,False,normal,20
O-03512,Perez Ltd,P-DV,P-DV-V2,2024-11-11,2024-11-25,False,normal,7
O-03513,Becksbrauerei,P-KK,P-KK-V4,2024-11-17,2024-12-05,False,normal,8
O-03514,Clark Inc,P-DV,P-DV-V2,2024-11-11,2024-11-20,True,hoch,19
O-03515,Becksbrauerei,P-KK,P-KK-V1,2024-11-13,2024-11-27,False,normal,9
O-03516,Becksbrauerei,P-KK,P-KK-V1,2024-11-16,2024-11-23,False,normal,6
O-03517,Becksbrauerei,P-KK,P-KK-V2,2024-11-17,2024-12-08,False,normal,16
O-03518,"Wagner, Martinez and Dawson",P-DV,P-DV-V1,2024-11-17,2024-11-27,False,normal,17
O-03519,Becksbrauerei,P-DV,P-DV-V1,2024-11-17,2024-12-08,False,normal,5
O-03520,Becksbrauerei,P-KK,P-KK-V4,2024-11-15,2024-12-05,True,hoch,10
O-03521,Becksbrauerei,P-KK,P-KK-V4,2024-11-15,2024-11-21,False,normal,7
O-03522,Becksbrauerei,P-DV,P-DV-V3,2024-11-16,2024-12-02,False,normal,19
O-03523,Brooks Ltd,P-DV,P-DV-V2,2024-11-11,2024-11-26,False,normal,20
O-03524,Becksbrauerei,P-DV,P-DV-V3,2024-11-17,2024-12-04,False,normal,8
O-03525,Becksbrauerei,P-KK,P-KK-V4,2024-11-12,2024-11-23,False,normal,18
O-03526,Becksbrauerei,P-KK,P-KK-V2,2024-11-14,2024-11-21,False,normal,4
O-03527,Wise-Dean,P-DV,P-DV-V2,2024-11-13,2024-11-28,False,normal,14
O-03528,Becksbrauerei,P-DV,P-DV-V2,2024-11-14,2024-12-05,False,normal,12
O-03529,Becksbrauerei,P-DV,P-DV-V2,2024-11-11,2024-11-21,False,normal,1
O-03530,Becksbrauerei,P-KK,P-KK-V1,2024-11-14,2024-12-05,False,normal,14
O-03531,Becksbrauerei,P-KK,P-KK-V3,2024-11-16,2024-11-22,False,normal,12
O-03532,Becksbrauerei,P-DV,P-DV-V2,2024-11-11,2024-11-20,False,normal,10
O-03533,Becksbrauerei,P-DV,P-DV-V1,2024-11-17,2024-12-08,False,normal,10
O-03534,Becksbrauerei,P-KK,P-KK-V2,2024-11-17,2024-11-28,False,normal,18
O-03535,"Vang, Stanley and Valdez",P-DV,P-DV-V1,2024-11-15,2024-11-27,False,normal,2
O-03536,Becksbrauerei,P-KK,P-KK-V4,2024-11-11,2024-11-23,False,normal,20
O-03537,Becksbrauerei,P-DV,P-DV-V2,2024-11-12,2024-11-23,False,normal,6
O-03538,Williams Inc,P-KK,P-KK-V3,2024-11-16,2024-11-22,False,normal,8
O-03539,Becksbrauerei,P-KK,P-KK-V3,2024-11-16,2024-11-23,False,normal,1
O-03540,Wallace-Martinez,P-DV,P-DV-V3,2024-11-11,2024-12-01,False,normal,19
O-03541,Becksbrauerei,P-DV,P-DV-V1,2024-11-17,2024-11-30,False,normal,9
O-03542,Becksbrauerei,P-KK,P-KK-V2,2024-11-13,2024-11-30,False,normal,10
O-03543,Wells-Hernandez,P-DV,P-DV-V1,2024-11-14,2024-11-25,False,normal,16
O-03544,Becksbrauerei,P-DV,P-DV-V3,2024-11-11,2024-11-26,False,normal,8
O-03545,Becksbrauerei,P-DV,P-DV-V3,2024-11-11,2024-11-26,False,normal,18
O-03546,"Jennings, Smith and Fisher",P-KK,P-KK-V2,2024-11-16,2024-12-04,True,hoch,9
O-03547,Bates LLC,P-DV,P-DV-V1,2024-11-16,2024-11-22,False,normal,12
O-03548,"Obrien, Taylor and Rivas",P-KK,P-KK-V3,2024-11-15,2024-11-28,False,normal,15
O-03549,Becksbrauerei,P-KK,P-KK-V3,2024-11-12,2024-11-18,False,normal,15
O-03550,Becksbrauerei,P-DV,P-DV-V2,2024-11-13,2024-12-01,False,normal,4
O-03551,Hunt PLC,P-DV,P-DV-V1,2024-11-15,2024-12-03,False,normal,17
O-03552,Campbell Inc,P-KK,P-KK-V2,2024-11-11,2024-12-02,False,normal,20
O-03553,Gonzalez-Gonzalez,P-DV,P-DV-V3,2024-11-15,2024-12-02,False,normal,9
O-03554,Becksbrauerei,P-KK,P-KK-V4,2024-11-12,2024-11-24,False,normal,14
O-03555,Decker-Dudley,P-KK,P-KK-V3,2024-11-16,2024-12-03,False,normal,6
O-03556,Becksbrauerei,P-DV,P-DV-V2,2024-11-17,2024-12-07,False,normal,4
O-03557,Becksbrauerei,P-DV,P-DV-V1,2024-11-16,2024-11-21,False,normal,19
O-03558,Becksbrauerei,P-KK,P-KK-V1,2024-11-13,2024-11-20,False,normal,3
O-03559,Becksbrauerei,P-DV,P-DV-V3,2024-11-15,2024-11-24,False,normal,13
O-03560,Becksbrauerei,P-DV,P-DV-V2,2024-11-15,2024-11-29,False,normal,1
O-03561,Becksbrauerei,P-DV,P-DV-V1,2024-11-12,2024-11-21,False,normal,16
O-03562,Becksbrauerei,P-KK,P-KK-V4,2024-11-15,2024-12-06,False,normal,5
O-03563,Warner-Phillips,P-KK,P-KK-V2,2024-11-14,2024-11-20,True,hoch,14
O-03564,Kelley and Sons,P-DV,P-DV-V2,2024-11-17,2024-12-06,True,hoch,9
O-03565,Becksbrauerei,P-DV,P-DV-V2,2024-11-15,2024-11-30,False,normal,15
O-03566,Becksbrauerei,P-DV,P-DV-V2,2024-11-13,2024-11-28,False,normal,18
O-03567,Becksbrauerei,P-KK,P-KK-V4,2024-11-16,2024-11-27,False,normal,19
O-03568,Becksbrauerei,P-KK,P-KK-V3,2024-11-14,2024-11-20,False,normal,17
O-03569,Becksbrauerei,P-DV,P-DV-V1,2024-11-14,2024-11-25,False,normal,15
O-03570,"Fitzpatrick, Rivera and Smith",P-DV,P-DV-V1,2024-11-15,2024-11-20,False,normal,16
O-03571,"Davis, Rodriguez and Andrews",P-DV,P-DV-V1,2024-11-19,2024-12-01,False,normal,6
O-03572,Becksbrauerei,P-KK,P-KK-V1,2024-11-23,2024-12-08,False,normal,18
O-03573,Hernandez-Davis,P-KK,P-KK-V2,2024-11-22,2024-12-13,False,normal,4
O-03574,Becksbrauerei,P-KK,P-KK-V1,2024-11-23,2024-12-13,True,hoch,20
O-03575,Becksbrauerei,P-KK,P-KK-V1,2024-11-18,2024-12-07,False,normal,5
O-03576,"Jones, Cummings and Conway",P-KK,P-KK-V4,2024-11-22,2024-12-04,False,normal,17
O-03577,Becksbrauerei,P-DV,P-DV-V3,2024-11-20,2024-12-09,False,normal,11
O-03578,Becksbrauerei,P-KK,P-KK-V4,2024-11-21,2024-12-06,False,normal,17
O-03579,Becksbrauerei,P-KK,P-KK-V2,2024-11-20,2024-12-06,False,normal,16
O-03580,"Hall, Hinton and Phillips",P-DV,P-DV-V1,2024-11-23,2024-12-01,False,normal,7
O-03581,Williams-Li,P-KK,P-KK-V3,2024-11-20,2024-12-05,False,normal,11
O-03582,Becksbrauerei,P-DV,P-DV-V3,2024-11-18,2024-12-04,True,hoch,16
O-03583,Becksbrauerei,P-KK,P-KK-V3,2024-11-23,2024-12-06,False,normal,17
O-03584,Phelps LLC,P-KK,P-KK-V1,2024-11-18,2024-12-02,True,hoch,2
O-03585,Becksbrauerei,P-KK,P-KK-V2,2024-11-19,2024-12-04,False,normal,18
O-03586,"Edwards, Rodgers and Davis",P-DV,P-DV-V1,2024-11-20,2024-12-07,False,normal,20
O-03587,Becksbrauerei,P-KK,P-KK-V1,2024-11-22,2024-12-11,False,normal,15
O-03588,Becksbrauerei,P-KK,P-KK-V2,2024-11-19,2024-12-03,False,normal,12
O-03589,Becksbrauerei,P-DV,P-DV-V3,2024-11-20,2024-12-03,False,normal,10
O-03590,Becksbrauerei,P-KK,P-KK-V2,2024-11-24,2024-12-12,False,normal,10
O-03591,Becksbrauerei,P-KK,P-KK-V1,2024-11-21,2024-12-02,False,normal,16
O-03592,Becksbrauerei,P-KK,P-KK-V4,2024-11-22,2024-12-03,False,normal,16
O-03593,Smith and Sons,P-DV,P-DV-V2,2024-11-23,2024-12-03,False,normal,5
O-03594,Becksbrauerei,P-DV,P-DV-V1,2024-11-18,2024-12-09,False,normal,7
O-03595,Becksbrauerei,P-KK,P-KK-V2,2024-11-22,2024-11-29,False,normal,10
O-03596,Becksbrauerei,P-KK,P-KK-V2,2024-11-19,2024-11-29,False,normal,12
O-03597,Becksbrauerei,P-KK,P-KK-V3,2024-11-23,2024-12-06,False,normal,13
O-03598,Becksbrauerei,P-KK,P-KK-V4,2024-11-19,2024-12-03,False,normal,16
O-03599,Becksbrauerei,P-DV,P-DV-V2,2024-11-19,2024-11-27,False,normal,12
O-03600,"Holland, Murphy and Kline",P-DV,P-DV-V3,2024-11-18,2024-12-08,False,normal,20
O-03601,Becksbrauerei,P-KK,P-KK-V4,2024-11-18,2024-12-07,True,hoch,6
O-03602,Becksbrauerei,P-KK,P-KK-V1,2024-11-22,2024-11-30,False,normal,10
O-03603,Becksbrauerei,P-KK,P-KK-V2,2024-11-24,2024-12-08,False,normal,13
O-03604,"Adams, Quinn and Watson",P-KK,P-KK-V3,2024-11-24,2024-12-05,False,normal,10
O-03605,Becksbrauerei,P-KK,P-KK-V2,2024-11-22,2024-12-01,False,normal,8
O-03606,White-Morales,P-KK,P-KK-V1,2024-11-24,2024-12-03,False,normal,12
O-03607,Nelson-Cruz,P-KK,P-KK-V4,2024-11-23,2024-12-03,True,hoch,14
O-03608,Becksbrauerei,P-DV,P-DV-V2,2024-11-21,2024-11-29,False,normal,14
O-03609,Becksbrauerei,P-DV,P-DV-V2,2024-11-18,2024-11-23,False,normal,13
O-03610,Marsh-Banks,P-KK,P-KK-V3,2024-11-19,2024-11-25,False,normal,5
O-03611,Wilson Ltd,P-KK,P-KK-V2,2024-11-20,2024-11-26,True,hoch,15
O-03612,Becksbrauerei,P-DV,P-DV-V3,2024-11-19,2024-12-07,False,normal,1
O-03613,Becksbrauerei,P-KK,P-KK-V4,2024-11-24,2024-12-13,False,normal,10
O-03614,Becksbrauerei,P-DV,P-DV-V2,2024-11-18,2024-12-01,False,normal,7
O-03615,Becksbrauerei,P-KK,P-KK-V3,2024-11-18,2024-12-07,False,normal,12
O-03616,Becksbrauerei,P-DV,P-DV-V2,2024-11-19,2024-12-06,False,normal,13
O-03617,Becksbrauerei,P-KK,P-KK-V4,2024-11-24,2024-12-03,False,normal,19
O-03618,Becksbrauerei,P-DV,P-DV-V3,2024-11-23,2024-12-10,False,normal,12
O-03619,"Brown, Dunlap and Moore",P-KK,P-KK-V2,2024-11-21,2024-12-10,False,normal,3
O-03620,Pruitt-Webb,P-DV,P-DV-V3,2024-11-18,2024-11-23,False,normal,18
O-03621,"Gregory, White and James",P-DV,P-DV-V1,2024-11-19,2024-12-04,False,normal,7
O-03622,Becksbrauerei,P-DV,P-DV-V2,2024-11-23,2024-12-06,False,normal,5
O-03623,Carr-Huffman,P-KK,P-KK-V2,2024-11-22,2024-11-27,False,normal,8
O-03624,"Mcpherson, Anderson and Knapp",P-KK,P-KK-V3,2024-11-20,2024-12-03,False,normal,3
O-03625,Becksbrauerei,P-DV,P-DV-V3,2024-11-21,2024-12-05,False,normal,12
O-03626,Becksbrauerei,P-KK,P-KK-V1,2024-11-20,2024-12-09,False,normal,11
O-03627,Becksbrauerei,P-KK,P-KK-V1,2024-11-19,2024-11-24,False,normal,10
O-03628,Becksbrauerei,P-KK,P-KK-V4,2024-11-21,2024-12-09,False,normal,2
O-03629,Clay Group,P-DV,P-DV-V3,2024-11-18,2024-11-24,True,hoch,16
O-03630,Becksbrauerei,P-KK,P-KK-V1,2024-11-20,2024-12-01,False,normal,3
O-03631,Becksbrauerei,P-DV,P-DV-V1,2024-11-28,2024-12-18,False,normal,4
O-03632,Becksbrauerei,P-KK,P-KK-V4,2024-12-01,2024-12-08,False,normal,20
O-03633,Becksbrauerei,P-DV,P-DV-V3,2024-11-29,2024-12-14,False,normal,15
O-03634,Becksbrauerei,P-KK,P-KK-V4,2024-11-30,2024-12-05,False,normal,19
O-03635,Becksbrauerei,P-KK,P-KK-V2,2024-12-01,2024-12-08,False,normal,7
O-03636,Becksbrauerei,P-KK,P-KK-V4,2024-11-25,2024-12-01,False,normal,17
O-03637,Becksbrauerei,P-DV,P-DV-V2,2024-11-30,2024-12-15,False,normal,11
O-03638,Brown Ltd,P-KK,P-KK-V2,2024-11-27,2024-12-05,True,hoch,1
O-03639,Becksbrauerei,P-DV,P-DV-V2,2024-11-28,2024-12-04,True,hoch,11
O-03640,Becksbrauerei,P-KK,P-KK-V1,2024-11-25,2024-12-12,False,normal,17
O-03641,Becksbrauerei,P-KK,P-KK-V2,2024-11-26,2024-12-05,False,normal,11
O-03642,Becksbrauerei,P-KK,P-KK-V2,2024-11-26,2024-12-06,True,hoch,1
O-03643,Becksbrauerei,P-KK,P-KK-V1,2024-12-01,2024-12-08,True,hoch,18
O-03644,Becksbrauerei,P-DV,P-DV-V1,2024-11-26,2024-12-04,False,normal,12
O-03645,Smith-Oneill,P-KK,P-KK-V4,2024-11-25,2024-12-06,False,normal,9
O-03646,Becksbrauerei,P-DV,P-DV-V2,2024-11-30,2024-12-14,False,normal,6
O-03647,Becksbrauerei,P-DV,P-DV-V2,2024-12-01,2024-12-15,False,normal,1
O-03648,Becksbrauerei,P-KK,P-KK-V3,2024-11-29,2024-12-20,False,normal,6
O-03649,Becksbrauerei,P-KK,P-KK-V3,2024-11-26,2024-12-14,False,normal,16
O-03650,Becksbrauerei,P-KK,P-KK-V3,2024-11-30,2024-12-16,False,normal,8
O-03651,Becksbrauerei,P-DV,P-DV-V2,2024-12-01,2024-12-08,False,normal,13
O-03652,Becksbrauerei,P-DV,P-DV-V2,2024-12-01,2024-12-16,False,normal,16
O-03653,Becksbrauerei,P-DV,P-DV-V1,2024-11-27,2024-12-09,False,normal,20
O-03654,"Saunders, Ray and Cunningham",P-DV,P-DV-V2,2024-11-27,2024-12-05,False,normal,12
O-03655,"Marks, Stone and Watts",P-KK,P-KK-V2,2024-11-28,2024-12-14,False,normal,9
O-03656,Becksbrauerei,P-DV,P-DV-V2,2024-11-30,2024-12-15,False,normal,18
O-03657,Becksbrauerei,P-DV,P-DV-V1,2024-12-01,2024-12-16,False,normal,7
O-03658,Becksbrauerei,P-DV,P-DV-V2,2024-11-29,2024-12-08,False,normal,3
O-03659,"Davis, Stanley and Wright",P-KK,P-KK-V4,2024-12-01,2024-12-19,False,normal,18
O-03660,Becksbrauerei,P-KK,P-KK-V3,2024-11-27,2024-12-08,False,normal,18
O-03661,Becksbrauerei,P-DV,P-DV-V3,2024-11-30,2024-12-18,False,normal,14
O-03662,Becksbrauerei,P-KK,P-KK-V4,2024-11-30,2024-12-09,False,normal,8
O-03663,Becksbrauerei,P-KK,P-KK-V4,2024-11-25,2024-12-11,False,normal,17
O-03664,Alvarado-Davidson,P-KK,P-KK-V1,2024-11-28,2024-12-19,False,normal,3
O-03665,Becksbrauerei,P-KK,P-KK-V2,2024-11-25,2024-12-15,False,normal,13
O-03666,Combs PLC,P-KK,P-KK-V4,2024-11-30,2024-12-10,False,normal,4
O-03667,"Brown, Schneider and Moore",P-DV,P-DV-V3,2024-11-29,2024-12-17,False,normal,1
O-03668,Becksbrauerei,P-KK,P-KK-V4,2024-11-30,2024-12-13,False,normal,4
O-03669,Becksbrauerei,P-DV,P-DV-V2,2024-12-01,2024-12-12,False,normal,15
O-03670,Christian-Booth,P-DV,P-DV-V1,2024-11-27,2024-12-10,False,normal,6
O-03671,Becksbrauerei,P-DV,P-DV-V3,2024-11-27,2024-12-13,False,normal,7
O-03672,Becksbrauerei,P-KK,P-KK-V4,2024-11-26,2024-12-10,True,hoch,19
O-03673,Becksbrauerei,P-DV,P-DV-V3,2024-12-01,2024-12-08,False,normal,14
O-03674,Becksbrauerei,P-DV,P-DV-V3,2024-11-27,2024-12-16,True,hoch,1
O-03675,Becksbrauerei,P-DV,P-DV-V3,2024-11-29,2024-12-11,False,normal,4
O-03676,Walton LLC,P-KK,P-KK-V1,2024-11-28,2024-12-06,False,normal,19
O-03677,Becksbrauerei,P-KK,P-KK-V1,2024-11-28,2024-12-10,False,normal,19
O-03678,Rivera LLC,P-KK,P-KK-V1,2024-11-26,2024-12-08,False,normal,7
O-03679,Becksbrauerei,P-DV,P-DV-V3,2024-11-28,2024-12-18,False,normal,9
O-03680,Becksbrauerei,P-KK,P-KK-V3,2024-11-25,2024-12-08,True,hoch,3
O-03681,Hunter PLC,P-DV,P-DV-V2,2024-11-29,2024-12-10,True,hoch,18
O-03682,Becksbrauerei,P-KK,P-KK-V1,2024-11-28,2024-12-03,False,normal,19
O-03683,"Gray, Montoya and Miller",P-KK,P-KK-V1,2024-11-25,2024-12-09,False,normal,2
O-03684,Becksbrauerei,P-KK,P-KK-V4,2024-12-01,2024-12-19,False,normal,18
O-03685,Becksbrauerei,P-KK,P-KK-V1,2024-11-29,2024-12-05,False,normal,7
O-03686,Becksbrauerei,P-DV,P-DV-V3,2024-11-30,2024-12-15,False,normal,5
O-03687,Becksbrauerei,P-KK,P-KK-V2,2024-11-27,2024-12-08,True,hoch,16
O-03688,Becksbrauerei,P-KK,P-KK-V4,2024-12-01,2024-12-09,False,normal,2
O-03689,Solis-West,P-KK,P-KK-V3,2024-12-01,2024-12-21,True,hoch,3
O-03690,Becksbrauerei,P-DV,P-DV-V1,2024-11-26,2024-12-05,False,normal,10
O-03691,Becksbrauerei,P-KK,P-KK-V2,2024-12-04,2024-12-23,False,normal,17
O-03692,Becksbrauerei,P-KK,P-KK-V3,2024-12-02,2024-12-10,False,normal,10
O-03693,Becksbrauerei,P-DV,P-DV-V1,2024-12-05,2024-12-12,False,normal,14
O-03694,West-Wilson,P-DV,P-DV-V3,2024-12-04,2024-12-24,False,normal,7
O-03695,Becksbrauerei,P-KK,P-KK-V2,2024-12-06,2024-12-13,True,hoch,10
O-03696,Becksbrauerei,P-KK,P-KK-V4,2024-12-02,2024-12-16,False,normal,4
O-03697,Becksbrauerei,P-DV,P-DV-V2,2024-12-02,2024-12-09,False,normal,11
O-03698,Becksbrauerei,P-KK,P-KK-V3,2024-12-02,2024-12-20,False,normal,6
O-03699,Becksbrauerei,P-DV,P-DV-V1,2024-12-05,2024-12-18,False,normal,11
O-03700,Becksbrauerei,P-KK,P-KK-V4,2024-12-07,2024-12-21,False,normal,12
O-03701,Becksbrauerei,P-DV,P-DV-V2,2024-12-07,2024-12-14,False,normal,18
O-03702,Becksbrauerei,P-DV,P-DV-V3,2024-12-06,2024-12-22,False,normal,17
O-03703,Mcgee-Smith,P-KK,P-KK-V1,2024-12-02,2024-12-18,True,hoch,11
O-03704,Becksbrauerei,P-DV,P-DV-V2,2024-12-04,2024-12-21,False,normal,17
O-03705,Gutierrez-Hawkins,P-DV,P-DV-V1,2024-12-08,2024-12-18,False,normal,15
O-03706,Becksbrauerei,P-KK,P-KK-V4,2024-12-05,2024-12-14,False,normal,12
O-03707,Becksbrauerei,P-KK,P-KK-V3,2024-12-05,2024-12-10,False,normal,3
O-03708,Becksbrauerei,P-DV,P-DV-V3,2024-12-04,2024-12-12,False,normal,13
O-03709,Becksbrauerei,P-DV,P-DV-V1,2024-12-04,2024-12-10,False,normal,4
O-03710,Becksbrauerei,P-KK,P-KK-V1,2024-12-07,2024-12-25,False,normal,9
O-03711,Becksbrauerei,P-KK,P-KK-V4,2024-12-03,2024-12-12,True,hoch,7
O-03712,Becksbrauerei,P-KK,P-KK-V1,2024-12-04,2024-12-14,False,normal,5
O-03713,Becksbrauerei,P-KK,P-KK-V2,2024-12-06,2024-12-15,False,normal,16
O-03714,Becksbrauerei,P-DV,P-DV-V1,2024-12-06,2024-12-17,False,normal,20
O-03715,Petersen PLC,P-DV,P-DV-V1,2024-12-02,2024-12-15,True,hoch,18
O-03716,"Walsh, Wu and Hart",P-DV,P-DV-V2,2024-12-06,2024-12-14,False,normal,4
O-03717,"Powers, Clements and Cox",P-KK,P-KK-V2,2024-12-04,2024-12-09,False,normal,11
O-03718,Becksbrauerei,P-KK,P-KK-V3,2024-12-08,2024-12-27,False,normal,17
O-03719,Becksbrauerei,P-KK,P-KK-V1,2024-12-08,2024-12-26,False,normal,12
O-03720,Becksbrauerei,P-DV,P-DV-V3,2024-12-02,2024-12-21,False,normal,18
O-03721,Becksbrauerei,P-KK,P-KK-V1,2024-12-02,2024-12-16,True,hoch,11
O-03722,Becksbrauerei,P-KK,P-KK-V3,2024-12-02,2024-12-17,False,normal,17
O-03723,Velasquez Group,P-KK,P-KK-V3,2024-12-04,2024-12-24,False,normal,10
O-03724,Becksbrauerei,P-KK,P-KK-V1,2024-12-03,2024-12-10,False,normal,20
O-03725,Becksbrauerei,P-KK,P-KK-V1,2024-12-05,2024-12-17,False,normal,18
O-03726,Becksbrauerei,P-KK,P-KK-V2,2024-12-05,2024-12-13,False,normal,20
O-03727,Becksbrauerei,P-DV,P-DV-V2,2024-12-03,2024-12-20,False,normal,11
O-03728,Becksbrauerei,P-DV,P-DV-V2,2024-12-05,2024-12-21,False,normal,1
O-03729,Becksbrauerei,P-DV,P-DV-V1,2024-12-06,2024-12-11,False,normal,14
O-03730,Castro-Harvey,P-KK,P-KK-V3,2024-12-04,2024-12-13,False,normal,14
O-03731,Becksbrauerei,P-KK,P-KK-V4,2024-12-02,2024-12-08,False,normal,8
O-03732,Moran-Cox,P-KK,P-KK-V4,2024-12-08,2024-12-21,False,normal,3
O-03733,Wilson-Malone,P-DV,P-DV-V2,2024-12-03,2024-12-22,False,normal,14
O-03734,Becksbrauerei,P-KK,P-KK-V3,2024-12-06,2024-12-12,False,normal,1
O-03735,Becksbrauerei,P-DV,P-DV-V1,2024-12-05,2024-12-22,False,normal,20
O-03736,Smith LLC,P-DV,P-DV-V2,2024-12-04,2024-12-18,False,normal,6
O-03737,Becksbrauerei,P-DV,P-DV-V1,2024-12-06,2024-12-20,False,normal,5
O-03738,"Brandt, Carter and Boyd",P-DV,P-DV-V1,2024-12-03,2024-12-17,False,normal,9
O-03739,"Rodriguez, Prince and Vasquez",P-KK,P-KK-V4,2024-12-07,2024-12-16,False,normal,11
O-03740,Becksbrauerei,P-KK,P-KK-V4,2024-12-06,2024-12-14,False,normal,15
O-03741,Becksbrauerei,P-DV,P-DV-V3,2024-12-02,2024-12-19,False,normal,13
O-03742,Becksbrauerei,P-KK,P-KK-V2,2024-12-04,2024-12-14,False,normal,7
O-03743,Becksbrauerei,P-KK,P-KK-V2,2024-12-06,2024-12-21,False,normal,6
O-03744,Becksbrauerei,P-KK,P-KK-V1,2024-12-04,2024-12-13,False,normal,9
O-03745,"Newton, Ortiz and King",P-KK,P-KK-V2,2024-12-06,2024-12-24,False,normal,20
O-03746,Lopez Group,P-KK,P-KK-V4,2024-12-03,2024-12-11,False,normal,20
O-03747,Becksbrauerei,P-KK,P-KK-V2,2024-12-02,2024-12-16,True,hoch,6
O-03748,Bryant and Sons,P-KK,P-KK-V3,2024-12-07,2024-12-19,False,normal,13
O-03749,"Morgan, Sherman and Williams",P-KK,P-KK-V4,2024-12-08,2024-12-13,False,normal,12
O-03750,Becksbrauerei,P-KK,P-KK-V2,2024-12-02,2024-12-14,False,normal,10
O-03751,Becksbrauerei,P-DV,P-DV-V1,2024-12-10,2024-12-19,True,hoch,19
O-03752,Becksbrauerei,P-KK,P-KK-V1,2024-12-13,2024-12-25,False,normal,20
O-03753,Becksbrauerei,P-KK,P-KK-V4,2024-12-13,2025-01-02,True,hoch,2
O-03754,Becksbrauerei,P-KK,P-KK-V2,2024-12-14,2024-12-29,False,normal,6
O-03755,Becksbrauerei,P-DV,P-DV-V2,2024-12-14,2024-12-27,False,normal,12
O-03756,Becksbrauerei,P-DV,P-DV-V3,2024-12-11,2024-12-16,False,normal,20
O-03757,Becksbrauerei,P-KK,P-KK-V2,2024-12-09,2024-12-23,False,normal,7
O-03758,Becksbrauerei,P-KK,P-KK-V2,2024-12-09,2024-12-26,False,normal,18
O-03759,"Monroe, Chapman and Barton",P-KK,P-KK-V3,2024-12-11,2024-12-28,False,normal,8
O-03760,Ellis-Lawrence,P-DV,P-DV-V1,2024-12-15,2024-12-23,False,normal,12
O-03761,Becksbrauerei,P-KK,P-KK-V1,2024-12-09,2024-12-28,False,normal,14
O-03762,Becksbrauerei,P-DV,P-DV-V2,2024-12-09,2024-12-25,False,normal,14
O-03763,"Taylor, Porter and Moreno",P-KK,P-KK-V2,2024-12-09,2024-12-19,False,normal,11
O-03764,Tran Group,P-DV,P-DV-V3,2024-12-09,2024-12-27,False,normal,20
O-03765,Becksbrauerei,P-KK,P-KK-V2,2024-12-10,2024-12-22,True,hoch,16
O-03766,Becksbrauerei,P-DV,P-DV-V1,2024-12-12,2025-01-01,False,normal,8
O-03767,Becksbrauerei,P-KK,P-KK-V2,2024-12-10,2024-12-30,True,hoch,5
O-03768,Becksbrauerei,P-KK,P-KK-V2,2024-12-12,2025-01-02,False,normal,12
O-03769,"Webb, Romero and Morse",P-DV,P-DV-V1,2024-12-12,2024-12-19,True,hoch,20
O-03770,Holt and Sons,P-DV,P-DV-V1,2024-12-09,2024-12-15,True,hoch,15
O-03771,"Ochoa, Garcia and Sandoval",P-DV,P-DV-V1,2024-12-13,2024-12-22,False,normal,3
O-03772,Becksbrauerei,P-KK,P-KK-V2,2024-12-11,2024-12-29,False,normal,17
O-03773,Becksbrauerei,P-DV,P-DV-V2,2024-12-13,2024-12-24,True,hoch,18
O-03774,Becksbrauerei,P-DV,P-DV-V1,2024-12-12,2024-12-23,False,normal,11
O-03775,Becksbrauerei,P-KK,P-KK-V3,2024-12-10,2024-12-31,False,normal,9
O-03776,Becksbrauerei,P-KK,P-KK-V4,2024-12-15,2024-12-31,False,normal,10
O-03777,Becksbrauerei,P-KK,P-KK-V4,2024-12-12,2024-12-24,False,normal,5
O-03778,Becksbrauerei,P-DV,P-DV-V1,2024-12-11,2024-12-26,False,normal,8
O-03779,"Andrade, Gordon and Cruz",P-DV,P-DV-V2,2024-12-14,2024-12-31,False,normal,20
O-03780,Becksbrauerei,P-DV,P-DV-V2,2024-12-11,2025-01-01,False,normal,14
O-03781,"Moon, Farmer and Hill",P-KK,P-KK-V2,2024-12-11,2024-12-25,False,normal,1
O-03782,Waller-Chavez,P-DV,P-DV-V2,2024-12-14,2024-12-23,False,normal,19
O-03783,Becksbrauerei,P-KK,P-KK-V4,2024-12-11,2024-12-28,False,normal,4
O-03784,Taylor PLC,P-KK,P-KK-V1,2024-12-15,2025-01-02,False,normal,14
O-03785,"Tanner, Hunt and Cameron",P-DV,P-DV-V1,2024-12-13,2024-12-25,False,normal,20
O-03786,"Valencia, Joseph and Walls",P-DV,P-DV-V3,2024-12-15,2024-12-26,False,normal,5
O-03787,"Robinson, Clark and Klein",P-KK,P-KK-V2,2024-12-13,2024-12-21,False,normal,12
O-03788,Becksbrauerei,P-KK,P-KK-V2,2024-12-10,2024-12-21,False,normal,18
O-03789,Becksbrauerei,P-KK,P-KK-V3,2024-12-11,2024-12-31,False,normal,5
O-03790,Becksbrauerei,P-DV,P-DV-V1,2024-12-15,2025-01-05,False,normal,15
O-03791,Becksbrauerei,P-KK,P-KK-V2,2024-12-10,2024-12-31,False,normal,18
O-03792,"Reed, Chambers and Zavala",P-KK,P-KK-V2,2024-12-10,2024-12-29,False,normal,2
O-03793,"Hester, Thompson and Daniels",P-DV,P-DV-V2,2024-12-09,2024-12-26,False,normal,15
O-03794,Becksbrauerei,P-KK,P-KK-V4,2024-12-10,2024-12-28,False,normal,17
O-03795,Becksbrauerei,P-DV,P-DV-V1,2024-12-09,2024-12-17,True,hoch,5
O-03796,"Morris, Wilson and Bell",P-KK,P-KK-V1,2024-12-14,2025-01-04,False,normal,5
O-03797,Aguilar-Bender,P-DV,P-DV-V2,2024-12-15,2024-12-26,False,normal,14
O-03798,"Butler, Adkins and Skinner",P-DV,P-DV-V3,2024-12-13,2024-12-30,True,hoch,6
O-03799,Becksbrauerei,P-DV,P-DV-V2,2024-12-14,2024-12-21,False,normal,11
O-03800,Becksbrauerei,P-DV,P-DV-V3,2024-12-11,2024-12-29,False,normal,1
O-03801,Becksbrauerei,P-DV,P-DV-V2,2024-12-11,2024-12-17,True,hoch,9
O-03802,Rich-Henderson,P-DV,P-DV-V1,2024-12-13,2024-12-24,False,normal,1
O-03803,Becksbrauerei,P-KK,P-KK-V1,2024-12-11,2024-12-25,False,normal,17
O-03804,Becksbrauerei,P-KK,P-KK-V1,2024-12-10,2024-12-31,False,normal,2
O-03805,Becksbrauerei,P-DV,P-DV-V2,2024-12-14,2024-12-21,True,hoch,8
O-03806,Becksbrauerei,P-KK,P-KK-V3,2024-12-12,2024-12-29,False,normal,7
O-03807,Becksbrauerei,P-DV,P-DV-V1,2024-12-13,2024-12-21,False,normal,16
O-03808,Becksbrauerei,P-DV,P-DV-V2,2024-12-11,2024-12-27,False,normal,20
O-03809,Becksbrauerei,P-KK,P-KK-V1,2024-12-12,2025-01-02,False,normal,15
O-03810,Becksbrauerei,P-KK,P-KK-V4,2024-12-15,2025-01-03,False,normal,20
O-03811,Becksbrauerei,P-KK,P-KK-V2,2024-12-19,2024-12-27,False,normal,18
O-03812,Becksbrauerei,P-KK,P-KK-V4,2024-12-21,2024-12-29,False,normal,17
O-03813,Becksbrauerei,P-DV,P-DV-V2,2024-12-22,2025-01-12,False,normal,19
O-03814,Mills Inc,P-DV,P-DV-V2,2024-12-19,2025-01-04,False,normal,7
O-03815,Becksbrauerei,P-KK,P-KK-V2,2024-12-19,2024-12-26,False,normal,11
O-03816,Becksbrauerei,P-KK,P-KK-V3,2024-12-20,2024-12-31,False,normal,18
O-03817,Becksbrauerei,P-KK,P-KK-V3,2024-12-19,2025-01-03,False,normal,12
O-03818,Becksbrauerei,P-KK,P-KK-V3,2024-12-17,2024-12-29,False,normal,17
O-03819,Becksbrauerei,P-KK,P-KK-V3,2024-12-17,2025-01-03,False,normal,15
O-03820,Becksbrauerei,P-DV,P-DV-V2,2024-12-20,2024-12-26,True,hoch,9
O-03821,Becksbrauerei,P-DV,P-DV-V2,2024-12-20,2025-01-09,False,normal,7
O-03822,Becksbrauerei,P-KK,P-KK-V2,2024-12-22,2025-01-12,False,normal,15
O-03823,Becksbrauerei,P-KK,P-KK-V4,2024-12-22,2025-01-08,False,normal,8
O-03824,Thomas-Santiago,P-DV,P-DV-V2,2024-12-16,2025-01-01,False,normal,6
O-03825,Becksbrauerei,P-DV,P-DV-V1,2024-12-22,2025-01-12,False,normal,4
O-03826,Adams and Sons,P-KK,P-KK-V1,2024-12-22,2025-01-10,False,normal,1
O-03827,Vega-Thomas,P-DV,P-DV-V1,2024-12-21,2024-12-26,False,normal,8
O-03828,Vaughn LLC,P-KK,P-KK-V4,2024-12-22,2025-01-11,False,normal,4
O-03829,Molina Inc,P-KK,P-KK-V3,2024-12-17,2025-01-01,True,hoch,17
O-03830,Cervantes-Garcia,P-DV,P-DV-V1,2024-12-16,2024-12-22,True,hoch,5
O-03831,Becksbrauerei,P-KK,P-KK-V1,2024-12-22,2024-12-31,False,normal,7
O-03832,Becksbrauerei,P-DV,P-DV-V3,2024-12-18,2025-01-07,False,normal,2
O-03833,"Stevenson, Hancock and Newton",P-DV,P-DV-V3,2024-12-21,2025-01-10,False,normal,15
O-03834,Becksbrauerei,P-DV,P-DV-V1,2024-12-22,2025-01-09,False,normal,19
O-03835,Becksbrauerei,P-DV,P-DV-V1,2024-12-19,2025-01-04,False,normal,13
O-03836,Becksbrauerei,P-DV,P-DV-V2,2024-12-19,2025-01-02,True,hoch,13
O-03837,Becksbrauerei,P-KK,P-KK-V2,2024-12-18,2024-12-31,True,hoch,12
O-03838,"Price, Dixon and Robles",P-KK,P-KK-V2,2024-12-22,2025-01-05,False,normal,13
O-03839,"Roberts, Beck and House",P-DV,P-DV-V1,2024-12-22,2025-01-10,False,normal,6
O-03840,Becksbrauerei,P-KK,P-KK-V1,2024-12-20,2024-12-27,False,normal,20
O-03841,Becksbrauerei,P-KK,P-KK-V4,2024-12-16,2025-01-01,False,normal,8
O-03842,Butler-French,P-DV,P-DV-V1,2024-12-22,2024-12-30,False,normal,19
O-03843,Becksbrauerei,P-KK,P-KK-V1,2024-12-18,2024-12-24,False,normal,3
O-03844,Becksbrauerei,P-DV,P-DV-V3,2024-12-22,2024-12-31,False,normal,2
O-03845,"Edwards, Arnold and Smith",P-KK,P-KK-V4,2024-12-18,2024-12-29,False,normal,11
O-03846,Becksbrauerei,P-DV,P-DV-V3,2024-12-22,2025-01-02,False,normal,17
O-03847,Becksbrauerei,P-KK,P-KK-V3,2024-12-19,2024-12-26,False,normal,19
O-03848,Becksbrauerei,P-DV,P-DV-V2,2024-12-20,2024-12-27,False,normal,17
O-03849,Becksbrauerei,P-DV,P-DV-V3,2024-12-19,2025-01-02,False,normal,5
O-03850,Harris-Melton,P-KK,P-KK-V2,2024-12-16,2025-01-05,False,normal,14
O-03851,Becksbrauerei,P-DV,P-DV-V2,2024-12-17,2025-01-07,False,normal,11
O-03852,Becksbrauerei,P-DV,P-DV-V3,2024-12-17,2025-01-06,False,normal,2
O-03853,Becksbrauerei,P-KK,P-KK-V2,2024-12-16,2025-01-02,False,normal,13
O-03854,Becksbrauerei,P-KK,P-KK-V3,2024-12-16,2024-12-21,False,normal,7
O-03855,Becksbrauerei,P-KK,P-KK-V4,2024-12-16,2025-01-02,False,normal,2
O-03856,Greer-Pruitt,P-KK,P-KK-V2,2024-12-18,2025-01-05,False,normal,13
O-03857,Becksbrauerei,P-KK,P-KK-V1,2024-12-16,2024-12-22,True,hoch,2
O-03858,"Mckinney, Richardson and Chapman",P-KK,P-KK-V1,2024-12-20,2025-01-08,False,normal,10
O-03859,"Morrison, Parsons and Brandt",P-KK,P-KK-V2,2024-12-20,2025-01-01,False,normal,3
O-03860,Becksbrauerei,P-DV,P-DV-V3,2024-12-20,2024-12-30,False,normal,8
O-03861,Becksbrauerei,P-KK,P-KK-V3,2024-12-21,2025-01-02,False,normal,3
O-03862,Becksbrauerei,P-KK,P-KK-V4,2024-12-19,2024-12-29,False,normal,17
O-03863,Becksbrauerei,P-KK,P-KK-V2,2024-12-17,2025-01-04,False,normal,19
O-03864,Cole-Lucero,P-DV,P-DV-V2,2024-12-21,2025-01-03,False,normal,12
O-03865,Becksbrauerei,P-KK,P-KK-V1,2024-12-22,2024-12-29,True,hoch,18
O-03866,Becksbrauerei,P-KK,P-KK-V2,2024-12-16,2025-01-03,False,normal,15
O-03867,Becksbrauerei,P-DV,P-DV-V1,2024-12-16,2024-12-24,False,normal,14
O-03868,Lopez and Sons,P-KK,P-KK-V4,2024-12-19,2025-01-04,False,normal,4
O-03869,Becksbrauerei,P-DV,P-DV-V2,2024-12-19,2025-01-08,False,normal,16
O-03870,Becksbrauerei,P-DV,P-DV-V2,2024-12-22,2024-12-31,False,normal,7
O-03871,Becksbrauerei,P-DV,P-DV-V1,2024-12-26,2025-01-16,False,normal,1
O-03872,Becksbrauerei,P-KK,P-KK-V4,2024-12-29,2025-01-08,False,normal,19
O-03873,Becksbrauerei,P-KK,P-KK-V2,2024-12-26,2025-01-13,False,normal,17
O-03874,Becksbrauerei,P-KK,P-KK-V2,2024-12-26,2025-01-12,True,hoch,11
O-03875,Becksbrauerei,P-KK,P-KK-V2,2024-12-27,2025-01-01,False,normal,8
O-03876,Becksbrauerei,P-DV,P-DV-V3,2024-12-27,2025-01-04,False,normal,16
O-03877,Becksbrauerei,P-DV,P-DV-V2,2024-12-24,2025-01-11,False,normal,16
O-03878,Becksbrauerei,P-DV,P-DV-V2,2024-12-23,2025-01-03,False,normal,18
O-03879,"Palmer, Bennett and Patterson",P-KK,P-KK-V3,2024-12-23,2024-12-30,False,normal,10
O-03880,Becksbrauerei,P-KK,P-KK-V4,2024-12-23,2025-01-09,False,normal,7
O-03881,Becksbrauerei,P-KK,P-KK-V2,2024-12-27,2025-01-12,False,normal,3
O-03882,Becksbrauerei,P-DV,P-DV-V1,2024-12-28,2025-01-05,False,normal,14
O-03883,Becksbrauerei,P-KK,P-KK-V1,2024-12-29,2025-01-14,False,normal,20
O-03884,Becksbrauerei,P-KK,P-KK-V3,2024-12-25,2025-01-04,False,normal,16
O-03885,Becksbrauerei,P-DV,P-DV-V3,2024-12-26,2025-01-01,False,normal,5
O-03886,Becksbrauerei,P-KK,P-KK-V1,2024-12-23,2024-12-31,False,normal,1
O-03887,Becksbrauerei,P-KK,P-KK-V4,2024-12-29,2025-01-04,False,normal,1
O-03888,Becksbrauerei,P-DV,P-DV-V3,2024-12-28,2025-01-13,False,normal,8
O-03889,Becksbrauerei,P-KK,P-KK-V4,2024-12-27,2025-01-07,False,normal,1
O-03890,Becksbrauerei,P-DV,P-DV-V1,2024-12-23,2024-12-28,False,normal,7
O-03891,"Baker, Martin and Singleton",P-KK,P-KK-V2,2024-12-29,2025-01-11,False,normal,14
O-03892,Becksbrauerei,P-KK,P-KK-V3,2024-12-28,2025-01-16,False,normal,10
O-03893,Rivera Ltd,P-KK,P-KK-V3,2024-12-26,2025-01-02,False,normal,10
O-03894,Becksbrauerei,P-DV,P-DV-V3,2024-12-27,2025-01-12,False,normal,16
O-03895,Becksbrauerei,P-DV,P-DV-V1,2024-12-28,2025-01-14,False,normal,7
O-03896,Becksbrauerei,P-DV,P-DV-V3,2024-12-25,2025-01-07,False,normal,11
O-03897,Williams LLC,P-KK,P-KK-V3,2024-12-26,2025-01-13,False,normal,14
O-03898,"Williams, Randolph and Gilbert",P-DV,P-DV-V3,2024-12-24,2025-01-06,False,normal,18
O-03899,"Turner, Tyler and Pierce",P-KK,P-KK-V3,2024-12-28,2025-01-15,False,normal,16
O-03900,Becksbrauerei,P-KK,P-KK-V4,2024-12-26,2025-01-09,False,normal,1
O-03901,Bowers LLC,P-DV,P-DV-V2,2024-12-25,2025-01-15,False,normal,20
O-03902,Becksbrauerei,P-DV,P-DV-V1,2024-12-24,2025-01-11,False,normal,7
O-03903,"Robinson, White and Jones",P-DV,P-DV-V2,2024-12-24,2025-01-11,False,normal,18
O-03904,Becksbrauerei,P-KK,P-KK-V3,2024-12-23,2025-01-06,False,normal,2
O-03905,"Moore, Daniels and Powell",P-KK,P-KK-V3,2024-12-26,2025-01-14,False,normal,2
O-03906,Walker-Lewis,P-DV,P-DV-V1,2024-12-25,2025-01-04,False,normal,7
O-03907,Becksbrauerei,P-KK,P-KK-V4,2024-12-26,2025-01-07,False,normal,5
O-03908,Rivera-Carter,P-DV,P-DV-V2,2024-12-28,2025-01-13,False,normal,1
O-03909,Becksbrauerei,P-KK,P-KK-V1,2024-12-23,2025-01-10,False,normal,12
O-03910,Becksbrauerei,P-KK,P-KK-V3,2024-12-23,2025-01-01,False,normal,10
O-03911,Becksbrauerei,P-DV,P-DV-V1,2024-12-28,2025-01-07,False,normal,7
O-03912,Becksbrauerei,P-DV,P-DV-V1,2024-12-23,2025-01-01,False,normal,8
O-03913,"Moreno, Barajas and Colon",P-KK,P-KK-V4,2024-12-27,2025-01-11,False,normal,4
O-03914,Becksbrauerei,P-KK,P-KK-V2,2024-12-24,2025-01-09,False,normal,6
O-03915,Becksbrauerei,P-DV,P-DV-V2,2024-12-24,2025-01-12,False,normal,14
O-03916,Becksbrauerei,P-DV,P-DV-V1,2024-12-29,2025-01-14,True,hoch,12
O-03917,Becksbrauerei,P-DV,P-DV-V1,2024-12-27,2025-01-07,False,normal,12
O-03918,Becksbrauerei,P-DV,P-DV-V2,2024-12-23,2025-01-05,False,normal,2
O-03919,Becksbrauerei,P-KK,P-KK-V2,2024-12-25,2025-01-02,True,hoch,10
O-03920,"Smith, Caldwell and Griffin",P-DV,P-DV-V2,2024-12-25,2025-01-06,False,normal,14
O-03921,Becksbrauerei,P-KK,P-KK-V4,2024-12-24,2025-01-01,False,normal,15
O-03922,Becksbrauerei,P-DV,P-DV-V2,2024-12-23,2025-01-01,False,normal,16
O-03923,Becksbrauerei,P-DV,P-DV-V2,2024-12-28,2025-01-07,False,normal,4
O-03924,Becksbrauerei,P-KK,P-KK-V4,2024-12-23,2025-01-13,False,normal,15
O-03925,Becksbrauerei,P-DV,P-DV-V1,2024-12-23,2024-12-29,False,normal,20
O-03926,Becksbrauerei,P-DV,P-DV-V1,2024-12-23,2025-01-04,False,normal,3
O-03927,Becksbrauerei,P-DV,P-DV-V3,2024-12-26,2025-01-01,False,normal,11
O-03928,Becksbrauerei,P-KK,P-KK-V2,2024-12-28,2025-01-15,False,normal,4
O-03929,Becksbrauerei,P-KK,P-KK-V2,2024-12-25,2025-01-06,False,normal,18
O-03930,Becksbrauerei,P-KK,P-KK-V3,2024-12-27,2025-01-12,False,normal,10
O-03931,Becksbrauerei,P-KK,P-KK-V1,2024-12-31,2025-01-16,False,normal,10
O-03932,"Austin, Oliver and Haley",P-DV,P-DV-V1,2025-01-05,2025-01-14,False,normal,8
O-03933,"Blackwell, James and Hogan",P-KK,P-KK-V2,2025-01-01,2025-01-10,False,normal,15
O-03934,Becksbrauerei,P-DV,P-DV-V2,2024-12-31,2025-01-07,True,hoch,19
O-03935,Becksbrauerei,P-KK,P-KK-V3,2025-01-04,2025-01-17,False,normal,7
O-03936,Cruz PLC,P-DV,P-DV-V1,2025-01-02,2025-01-18,False,normal,2
O-03937,Becksbrauerei,P-KK,P-KK-V4,2025-01-02,2025-01-10,False,normal,1
O-03938,"Campbell, Pruitt and Short",P-DV,P-DV-V1,2025-01-04,2025-01-12,False,normal,20
O-03939,Robertson-Hicks,P-KK,P-KK-V4,2025-01-05,2025-01-20,False,normal,7
O-03940,Becksbrauerei,P-KK,P-KK-V1,2025-01-05,2025-01-23,False,normal,2
O-03941,Becksbrauerei,P-DV,P-DV-V1,2025-01-05,2025-01-14,False,normal,8
O-03942,Becksbrauerei,P-DV,P-DV-V3,2024-12-30,2025-01-14,False,normal,14
O-03943,Becksbrauerei,P-DV,P-DV-V1,2025-01-05,2025-01-10,False,normal,15
O-03944,Becksbrauerei,P-DV,P-DV-V1,2025-01-02,2025-01-16,False,normal,20
O-03945,Becksbrauerei,P-KK,P-KK-V3,2025-01-05,2025-01-16,True,hoch,2
O-03946,Becksbrauerei,P-KK,P-KK-V2,2024-12-30,2025-01-08,False,normal,17
O-03947,Williams-Villanueva,P-KK,P-KK-V4,2025-01-03,2025-01-09,False,normal,10
O-03948,Becksbrauerei,P-DV,P-DV-V1,2024-12-31,2025-01-15,False,normal,13
O-03949,Becksbrauerei,P-KK,P-KK-V2,2025-01-04,2025-01-10,False,normal,7
O-03950,Becksbrauerei,P-DV,P-DV-V2,2025-01-04,2025-01-23,False,normal,3
O-03951,Becksbrauerei,P-KK,P-KK-V2,2025-01-05,2025-01-23,False,normal,3
O-03952,Flores Inc,P-KK,P-KK-V2,2025-01-02,2025-01-12,True,hoch,11
O-03953,Becksbrauerei,P-KK,P-KK-V2,2024-12-31,2025-01-13,False,normal,10
O-03954,Becksbrauerei,P-KK,P-KK-V2,2024-12-30,2025-01-07,False,normal,6
O-03955,Jackson PLC,P-DV,P-DV-V1,2024-12-31,2025-01-06,False,normal,3
O-03956,"Smith, Jones and Santiago",P-DV,P-DV-V3,2024-12-30,2025-01-17,False,normal,8
O-03957,Becksbrauerei,P-KK,P-KK-V4,2024-12-31,2025-01-17,False,normal,17
O-03958,Becksbrauerei,P-DV,P-DV-V3,2025-01-02,2025-01-20,False,normal,1
O-03959,Becksbrauerei,P-DV,P-DV-V1,2024-12-30,2025-01-12,False,normal,2
O-03960,Becksbrauerei,P-DV,P-DV-V1,2025-01-02,2025-01-10,False,normal,12
O-03961,Becksbrauerei,P-KK,P-KK-V3,2024-12-30,2025-01-09,False,normal,12
O-03962,Hancock Group,P-KK,P-KK-V1,2025-01-05,2025-01-12,False,normal,10
O-03963,Becksbrauerei,P-DV,P-DV-V2,2025-01-01,2025-01-19,False,normal,13
O-03964,Becksbrauerei,P-DV,P-DV-V2,2025-01-02,2025-01-10,False,normal,16
O-03965,Harris Ltd,P-KK,P-KK-V2,2025-01-02,2025-01-21,False,normal,17
O-03966,Becksbrauerei,P-DV,P-DV-V1,2025-01-05,2025-01-23,False,normal,4
O-03967,Becksbrauerei,P-KK,P-KK-V4,2025-01-05,2025-01-22,False,normal,8
O-03968,Becksbrauerei,P-KK,P-KK-V3,2025-01-01,2025-01-21,False,normal,18
O-03969,Becksbrauerei,P-DV,P-DV-V3,2025-01-01,2025-01-07,False,normal,10
O-03970,"Rowe, Lucas and Case",P-DV,P-DV-V1,2025-01-01,2025-01-15,False,normal,6
O-03971,"Parks, Johnson and Love",P-DV,P-DV-V2,2024-12-31,2025-01-11,True,hoch,4
O-03972,Becksbrauerei,P-KK,P-KK-V4,2025-01-02,2025-01-10,False,normal,4
O-03973,Becksbrauerei,P-DV,P-DV-V1,2025-01-01,2025-01-22,False,normal,18
O-03974,Miller Inc,P-DV,P-DV-V1,2025-01-02,2025-01-15,False,normal,13
O-03975,Bauer PLC,P-DV,P-DV-V2,2025-01-03,2025-01-20,False,normal,1
O-03976,Becksbrauerei,P-KK,P-KK-V4,2025-01-03,2025-01-15,True,hoch,8
O-03977,Becksbrauerei,P-DV,P-DV-V3,2025-01-03,2025-01-15,False,normal,3
O-03978,Andrews and Sons,P-DV,P-DV-V3,2024-12-31,2025-01-09,False,normal,20
O-03979,Becksbrauerei,P-KK,P-KK-V2,2025-01-02,2025-01-08,False,normal,9
O-03980,Russell-Hayes,P-KK,P-KK-V1,2025-01-01,2025-01-07,False,normal,5
O-03981,Becksbrauerei,P-KK,P-KK-V1,2025-01-03,2025-01-22,False,normal,9
O-03982,Becksbrauerei,P-DV,P-DV-V1,2025-01-03,2025-01-14,True,hoch,15
O-03983,Becksbrauerei,P-DV,P-DV-V3,2024-12-30,2025-01-19,False,normal,20
O-03984,Becksbrauerei,P-DV,P-DV-V3,2025-01-02,2025-01-16,False,normal,20
O-03985,Becksbrauerei,P-KK,P-KK-V3,2024-12-31,2025-01-09,True,hoch,9
O-03986,Becksbrauerei,P-DV,P-DV-V2,2025-01-02,2025-01-18,False,normal,20
O-03987,Becksbrauerei,P-KK,P-KK-V1,2025-01-02,2025-01-09,False,normal,11
O-03988,Becksbrauerei,P-DV,P-DV-V1,2024-12-30,2025-01-17,False,normal,20
O-03989,Becksbrauerei,P-DV,P-DV-V2,2025-01-05,2025-01-21,False,normal,14
O-03990,Becksbrauerei,P-KK,P-KK-V4,2025-01-03,2025-01-17,False,normal,18
