produktionsauftrag_id;erstellungsdatum;auftragsart;durchlaufzeit_bkt;kundenstatus;kundenbranche;anwendungstyp;anzahl_werkstuecktraeger;material;oberflaechenbehandlung;laenge_mm;breite_mm;hoehe_mm;traglast_kg;anzahl_aufnahmepunkte;anzahl_einzelteile;anzahl_zukaufteile;anteil_lagerhaltiger_einzelteile;anzahl_arbeitsgaenge;vorgabezeit_saegen_min;vorgabezeit_drehen_min;vorgabezeit_fraesen_min;vorgabezeit_montage_min
PA2024-0001;2024-01-06;Änderung;10;Bestandskunde;Sonstige;Bearbeitung;4;Stahl;pulverbeschichtet;26;26;7;0,008;4;12;12;1,0;4;0;0;28;4
PA2024-0002;2024-01-01;Änderung;4;Bestandskunde;Maschinenbau;Bearbeitung;20;Stahl;pulverbeschichtet;26;26;7;0,04;4;60;60;1,0;4;0;0;140;20
PA2024-0003;2024-01-06;Standard;13;Bestandskunde;Automobilindustrie;Bearbeitung;1;Stahl;pulverbeschichtet;26;26;7;0,002;4;3;3;1,0;4;0;0;7;1
PA2024-0004;2024-01-03;Standard;9;Bestandskunde;Logistiktechnik;Bearbeitung;11;Stahl;pulverbeschichtet;26;26;7;0,022;4;33;33;1,0;4;0;0;77;11
PA2024-0005;2024-01-04;Änderung;6;Bestandskunde;Logistiktechnik;Bearbeitung;9;Stahl;pulverbeschichtet;26;26;7;0,018;4;27;27;1,0;4;0;0;63;9
PA2024-0006;2024-01-05;Standard;5;Bestandskunde;Haushaltsgeräte;Bearbeitung;18;Stahl;pulverbeschichtet;26;26;7;0,036;4;54;54;1,0;4;0;0;126;18
PA2024-0007;2024-01-05;Standard;10;Bestandskunde;Automobilindustrie;Bearbeitung;2;Stahl;pulverbeschichtet;28;28;15;0,006;4;6;6;1,0;4;0;0;16;2
PA2024-0008;2024-01-01;Änderung;9;Bestandskunde;Maschinenbau;Bearbeitung;15;Stahl;pulverbeschichtet;26;26;7;0,03;4;45;45;1,0;4;0;0;105;15
PA2024-0009;2024-01-03;Standard;12;Bestandskunde;Maschinenbau;Bearbeitung;3;Stahl;pulverbeschichtet;28;28;15;0,009;4;9;9;1,0;4;0;0;24;3
PA2024-0010;2024-01-02;Änderung;13;Bestandskunde;Maschinenbau;Bearbeitung;18;Stahl;pulverbeschichtet;26;26;7;0,036;4;54;54;1,0;4;0;0;126;18
PA2024-0011;2024-01-07;Standard;5;Bestandskunde;Maschinenbau;Bearbeitung;11;Stahl;pulverbeschichtet;26;26;7;0,022;4;33;33;1,0;4;0;0;77;11
PA2024-0012;2024-01-01;Änderung;9;Bestandskunde;Logistiktechnik;Bearbeitung;11;Stahl;pulverbeschichtet;28;28;15;0,033;4;33;33;1,0;4;0;0;88;11
PA2024-0013;2024-01-04;Standard;13;Bestandskunde;Sonstige;Bearbeitung;18;Stahl;pulverbeschichtet;26;26;7;0,036;4;54;54;1,0;4;0;0;126;18
PA2024-0014;2024-01-05;Änderung;12;Bestandskunde;Maschinenbau;Bearbeitung;8;Stahl;pulverbeschichtet;28;28;15;0,024;4;24;24;1,0;4;0;0;64;8
PA2024-0015;2024-01-01;Standard;4;Bestandskunde;Sonstige;Bearbeitung;6;Stahl;pulverbeschichtet;26;26;7;0,012;4;18;18;1,0;4;0;0;42;6
PA2024-0016;2024-01-01;Änderung;13;Neukunde;Maschinenbau;Bearbeitung;17;Stahl;pulverbeschichtet;28;28;15;0,051;4;51;51;1,0;4;0;0;136;17
PA2024-0017;2024-01-07;Standard;5;Bestandskunde;Haushaltsgeräte;Bearbeitung;18;Stahl;pulverbeschichtet;28;28;15;0,054;4;54;54;1,0;4;0;0;144;18
PA2024-0018;2024-01-03;Änderung;6;Bestandskunde;Logistiktechnik;Bearbeitung;1;Stahl;pulverbeschichtet;28;28;15;0,003;4;3;3;1,0;4;0;0;8;1
PA2024-0019;2024-01-07;Standard;8;Bestandskunde;Automobilindustrie;Bearbeitung;10;Stahl;pulverbeschichtet;28;28;15;0,03;4;30;30;1,0;4;0;0;80;10
PA2024-0020;2024-01-03;Standard;7;Bestandskunde;Medizintechnik;Bearbeitung;17;Stahl;pulverbeschichtet;26;26;7;0,034;4;51;51;1,0;4;0;0;119;17
PA2024-0021;2024-01-04;Standard;3;Bestandskunde;Automobilindustrie;Bearbeitung;10;Stahl;pulverbeschichtet;26;26;7;0,02;4;30;30;1,0;4;0;0;70;10
PA2024-0022;2024-01-02;Standard;5;Bestandskunde;Maschinenbau;Bearbeitung;3;Stahl;pulverbeschichtet;26;26;7;0,006;4;9;9;1,0;4;0;0;21;3
PA2024-0023;2024-01-06;Änderung;15;Bestandskunde;Maschinenbau;Bearbeitung;17;Stahl;pulverbeschichtet;26;26;7;0,034;4;51;51;1,0;4;0;0;119;17
PA2024-0024;2024-01-05;Änderung;7;Bestandskunde;Haushaltsgeräte;Bearbeitung;12;Stahl;pulverbeschichtet;28;28;15;0,036;4;36;36;1,0;4;0;0;96;12
PA2024-0025;2024-01-04;Änderung;6;Bestandskunde;Sonstige;Bearbeitung;1;Stahl;pulverbeschichtet;28;28;15;0,003;4;3;3;1,0;4;0;0;8;1
PA2024-0026;2024-01-01;Änderung;5;Bestandskunde;Haushaltsgeräte;Bearbeitung;3;Stahl;pulverbeschichtet;26;26;7;0,006;4;9;9;1,0;4;0;0;21;3
PA2024-0027;2024-01-01;Standard;15;Bestandskunde;Logistiktechnik;Bearbeitung;7;Stahl;pulverbeschichtet;26;26;7;0,014;4;21;21;1,0;4;0;0;49;7
PA2024-0028;2024-01-02;Änderung;14;Bestandskunde;Sonstige;Bearbeitung;4;Stahl;pulverbeschichtet;26;26;7;0,008;4;12;12;1,0;4;0;0;28;4
PA2024-0029;2024-01-04;Standard;12;Neukunde;Automobilindustrie;Bearbeitung;4;Stahl;pulverbeschichtet;28;28;15;0,012;4;12;12;1,0;4;0;0;32;4
PA2024-0030;2024-01-06;Standard;10;Bestandskunde;Sonstige;Bearbeitung;7;Stahl;pulverbeschichtet;26;26;7;0,014;4;21;21;1,0;4;0;0;49;7
PA2024-0031;2024-01-02;Standard;13;Bestandskunde;Haushaltsgeräte;Bearbeitung;3;Stahl;pulverbeschichtet;26;26;7;0,006;4;9;9;1,0;4;0;0;21;3
PA2024-0032;2024-01-01;Standard;4;Bestandskunde;Sonstige;Bearbeitung;1;Stahl;pulverbeschichtet;28;28;15;0,003;4;3;3;1,0;4;0;0;8;1
PA2024-0033;2024-01-02;Standard;13;Bestandskunde;Haushaltsgeräte;Bearbeitung;13;Stahl;pulverbeschichtet;26;26;7;0,026;4;39;39;1,0;4;0;0;91;13
PA2024-0034;2024-01-04;Änderung;3;Bestandskunde;Sonstige;Bearbeitung;15;Stahl;pulverbeschichtet;26;26;7;0,03;4;45;45;1,0;4;0;0;105;15
PA2024-0035;2024-01-06;Standard;15;Bestandskunde;Logistiktechnik;Bearbeitung;2;Stahl;pulverbeschichtet;28;28;15;0,006;4;6;6;1,0;4;0;0;16;2
PA2024-0036;2024-01-01;Änderung;4;Bestandskunde;Maschinenbau;Bearbeitung;17;Stahl;pulverbeschichtet;26;26;7;0,034;4;51;51;1,0;4;0;0;119;17
PA2024-0037;2024-01-05;Standard;5;Bestandskunde;Maschinenbau;Bearbeitung;3;Stahl;pulverbeschichtet;26;26;7;0,006;4;9;9;1,0;4;0;0;21;3
PA2024-0038;2024-01-01;Standard;9;Bestandskunde;Automobilindustrie;Bearbeitung;3;Stahl;pulverbeschichtet;26;26;7;0,006;4;9;9;1,0;4;0;0;21;3
PA2024-0039;2024-01-05;Änderung;15;Bestandskunde;Maschinenbau;Bearbeitung;11;Stahl;pulverbeschichtet;28;28;15;0,033;4;33;33;1,0;4;0;0;88;11
PA2024-0040;2024-01-04;Änderung;6;Bestandskunde;Maschinenbau;Bearbeitung;11;Stahl;pulverbeschichtet;26;26;7;0,022;4;33;33;1,0;4;0;0;77;11
PA2024-0041;2024-01-04;Standard;6;Bestandskunde;Maschinenbau;Bearbeitung;9;Stahl;pulverbeschichtet;26;26;7;0,018;4;27;27;1,0;4;0;0;63;9
PA2024-0042;2024-01-01;Änderung;9;Bestandskunde;Automobilindustrie;Bearbeitung;18;Stahl;pulverbeschichtet;26;26;7;0,036;4;54;54;1,0;4;0;0;126;18
PA2024-0043;2024-01-07;Standard;15;Bestandskunde;Automobilindustrie;Bearbeitung;10;Stahl;pulverbeschichtet;28;28;15;0,03;4;30;30;1,0;4;0;0;80;10
PA2024-0044;2024-01-03;Änderung;6;Bestandskunde;Maschinenbau;Bearbeitung;5;Stahl;pulverbeschichtet;26;26;7;0,01;4;15;15;1,0;4;0;0;35;5
PA2024-0045;2024-01-05;Änderung;7;Bestandskunde;Automobilindustrie;Bearbeitung;9;Stahl;pulverbeschichtet;28;28;15;0,027;4;27;27;1,0;4;0;0;72;9
PA2024-0046;2024-01-07;Standard;5;Bestandskunde;Medizintechnik;Bearbeitung;9;Stahl;pulverbeschichtet;28;28;15;0,027;4;27;27;1,0;4;0;0;72;9
PA2024-0047;2024-01-03;Standard;7;Bestandskunde;Logistiktechnik;Bearbeitung;15;Stahl;pulverbeschichtet;26;26;7;0,03;4;45;45;1,0;4;0;0;105;15
PA2024-0048;2024-01-01;Standard;6;Bestandskunde;Maschinenbau;Bearbeitung;5;Stahl;pulverbeschichtet;28;28;15;0,015;4;15;15;1,0;4;0;0;40;5
PA2024-0049;2024-01-05;Änderung;5;Bestandskunde;Logistiktechnik;Bearbeitung;12;Stahl;pulverbeschichtet;26;26;7;0,024;4;36;36;1,0;4;0;0;84;12
PA2024-0050;2024-01-02;Standard;8;Bestandskunde;Maschinenbau;Bearbeitung;18;Stahl;pulverbeschichtet;26;26;7;0,036;4;54;54;1,0;4;0;0;126;18
PA2024-0051;2024-01-06;Änderung;6;Bestandskunde;Automobilindustrie;Bearbeitung;6;Stahl;pulverbeschichtet;28;28;15;0,018;4;18;18;1,0;4;0;0;48;6
PA2024-0052;2024-01-01;Standard;8;Bestandskunde;Medizintechnik;Bearbeitung;14;Stahl;pulverbeschichtet;26;26;7;0,028;4;42;42;1,0;4;0;0;98;14
PA2024-0053;2024-01-02;Änderung;6;Bestandskunde;Sonstige;Bearbeitung;16;Stahl;pulverbeschichtet;26;26;7;0,032;4;48;48;1,0;4;0;0;112;16
PA2024-0054;2024-01-07;Standard;15;Bestandskunde;Logistiktechnik;Bearbeitung;8;Stahl;pulverbeschichtet;26;26;7;0,016;4;24;24;1,0;4;0;0;56;8
PA2024-0055;2024-01-06;Standard;8;Bestandskunde;Haushaltsgeräte;Bearbeitung;3;Stahl;pulverbeschichtet;26;26;7;0,006;4;9;9;1,0;4;0;0;21;3
PA2024-0056;2024-01-06;Standard;15;Bestandskunde;Maschinenbau;Bearbeitung;18;Stahl;pulverbeschichtet;28;28;15;0,054;4;54;54;1,0;4;0;0;144;18
PA2024-0057;2024-01-01;Änderung;9;Bestandskunde;Automobilindustrie;Bearbeitung;9;Stahl;pulverbeschichtet;28;28;15;0,027;4;27;27;1,0;4;0;0;72;9
PA2024-0058;2024-01-05;Standard;12;Bestandskunde;Maschinenbau;Bearbeitung;14;Stahl;pulverbeschichtet;26;26;7;0,028;4;42;42;1,0;4;0;0;98;14
PA2024-0059;2024-01-05;Standard;7;Neukunde;Haushaltsgeräte;Bearbeitung;1;Stahl;pulverbeschichtet;26;26;7;0,002;4;3;3;1,0;4;0;0;7;1
PA2024-0060;2024-01-04;Standard;5;Bestandskunde;Logistiktechnik;Bearbeitung;20;Stahl;pulverbeschichtet;26;26;7;0,04;4;60;60;1,0;4;0;0;140;20
PA2024-0061;2024-01-14;Änderung;6;Bestandskunde;Automobilindustrie;Bearbeitung;10;Stahl;pulverbeschichtet;28;28;15;0,03;4;30;30;1,0;4;0;0;80;10
PA2024-0062;2024-01-11;Standard;10;Bestandskunde;Medizintechnik;Bearbeitung;13;Stahl;pulverbeschichtet;28;28;15;0,039;4;39;39;1,0;4;0;0;104;13
PA2024-0063;2024-01-11;Standard;3;Bestandskunde;Automobilindustrie;Bearbeitung;19;Stahl;pulverbeschichtet;26;26;7;0,038;4;57;57;1,0;4;0;0;133;19
PA2024-0064;2024-01-11;Änderung;13;Bestandskunde;Automobilindustrie;Bearbeitung;6;Stahl;pulverbeschichtet;28;28;15;0,018;4;18;18;1,0;4;0;0;48;6
PA2024-0065;2024-01-12;Standard;10;Bestandskunde;Sonstige;Bearbeitung;8;Stahl;pulverbeschichtet;26;26;7;0,016;4;24;24;1,0;4;0;0;56;8
PA2024-0066;2024-01-14;Standard;9;Bestandskunde;Automobilindustrie;Bearbeitung;16;Stahl;pulverbeschichtet;28;28;15;0,048;4;48;48;1,0;4;0;0;128;16
PA2024-0067;2024-01-11;Änderung;7;Bestandskunde;Sonstige;Bearbeitung;13;Stahl;pulverbeschichtet;26;26;7;0,026;4;39;39;1,0;4;0;0;91;13
PA2024-0068;2024-01-13;Standard;4;Neukunde;Automobilindustrie;Bearbeitung;4;Stahl;pulverbeschichtet;26;26;7;0,008;4;12;12;1,0;4;0;0;28;4
PA2024-0069;2024-01-09;Änderung;15;Bestandskunde;Maschinenbau;Bearbeitung;4;Stahl;pulverbeschichtet;28;28;15;0,012;4;12;12;1,0;4;0;0;32;4
PA2024-0070;2024-01-14;Änderung;15;Neukunde;Sonstige;Bearbeitung;20;Stahl;pulverbeschichtet;28;28;15;0,06;4;60;60;1,0;4;0;0;160;20
PA2024-0071;2024-01-12;Standard;15;Bestandskunde;Maschinenbau;Bearbeitung;15;Stahl;pulverbeschichtet;28;28;15;0,045;4;45;45;1,0;4;0;0;120;15
PA2024-0072;2024-01-11;Standard;9;Bestandskunde;Sonstige;Bearbeitung;9;Stahl;pulverbeschichtet;26;26;7;0,018;4;27;27;1,0;4;0;0;63;9
PA2024-0073;2024-01-09;Standard;9;Bestandskunde;Automobilindustrie;Bearbeitung;8;Stahl;pulverbeschichtet;28;28;15;0,024;4;24;24;1,0;4;0;0;64;8
PA2024-0074;2024-01-10;Änderung;5;Bestandskunde;Maschinenbau;Bearbeitung;5;Stahl;pulverbeschichtet;28;28;15;0,015;4;15;15;1,0;4;0;0;40;5
PA2024-0075;2024-01-11;Änderung;12;Bestandskunde;Automobilindustrie;Bearbeitung;2;Stahl;pulverbeschichtet;26;26;7;0,004;4;6;6;1,0;4;0;0;14;2
PA2024-0076;2024-01-11;Änderung;3;Neukunde;Sonstige;Bearbeitung;13;Stahl;pulverbeschichtet;26;26;7;0,026;4;39;39;1,0;4;0;0;91;13
PA2024-0077;2024-01-10;Änderung;10;Neukunde;Haushaltsgeräte;Bearbeitung;14;Stahl;pulverbeschichtet;28;28;15;0,042;4;42;42;1,0;4;0;0;112;14
PA2024-0078;2024-01-09;Standard;9;Bestandskunde;Maschinenbau;Bearbeitung;11;Stahl;pulverbeschichtet;26;26;7;0,022;4;33;33;1,0;4;0;0;77;11
PA2024-0079;2024-01-09;Änderung;13;Bestandskunde;Logistiktechnik;Bearbeitung;18;Stahl;pulverbeschichtet;28;28;15;0,054;4;54;54;1,0;4;0;0;144;18
PA2024-0080;2024-01-12;Standard;3;Bestandskunde;Sonstige;Bearbeitung;15;Stahl;pulverbeschichtet;26;26;7;0,03;4;45;45;1,0;4;0;0;105;15
PA2024-0081;2024-01-10;Änderung;12;Bestandskunde;Automobilindustrie;Bearbeitung;11;Stahl;pulverbeschichtet;26;26;7;0,022;4;33;33;1,0;4;0;0;77;11
PA2024-0082;2024-01-14;Standard;14;Bestandskunde;Sonstige;Bearbeitung;1;Stahl;pulverbeschichtet;28;28;15;0,003;4;3;3;1,0;4;0;0;8;1
PA2024-0083;2024-01-09;Änderung;5;Bestandskunde;Maschinenbau;Bearbeitung;1;Stahl;pulverbeschichtet;26;26;7;0,002;4;3;3;1,0;4;0;0;7;1
PA2024-0084;2024-01-14;Standard;5;Bestandskunde;Automobilindustrie;Bearbeitung;16;Stahl;pulverbeschichtet;26;26;7;0,032;4;48;48;1,0;4;0;0;112;16
PA2024-0085;2024-01-11;Änderung;9;Bestandskunde;Automobilindustrie;Bearbeitung;20;Stahl;pulverbeschichtet;26;26;7;0,04;4;60;60;1,0;4;0;0;140;20
PA2024-0086;2024-01-10;Standard;6;Neukunde;Haushaltsgeräte;Bearbeitung;19;Stahl;pulverbeschichtet;26;26;7;0,038;4;57;57;1,0;4;0;0;133;19
PA2024-0087;2024-01-13;Standard;8;Bestandskunde;Sonstige;Bearbeitung;8;Stahl;pulverbeschichtet;28;28;15;0,024;4;24;24;1,0;4;0;0;64;8
PA2024-0088;2024-01-14;Standard;6;Bestandskunde;Maschinenbau;Bearbeitung;2;Stahl;pulverbeschichtet;26;26;7;0,004;4;6;6;1,0;4;0;0;14;2
PA2024-0089;2024-01-11;Änderung;11;Bestandskunde;Medizintechnik;Bearbeitung;1;Stahl;pulverbeschichtet;28;28;15;0,003;4;3;3;1,0;4;0;0;8;1
PA2024-0090;2024-01-08;Standard;14;Bestandskunde;Haushaltsgeräte;Bearbeitung;15;Stahl;pulverbeschichtet;28;28;15;0,045;4;45;45;1,0;4;0;0;120;15
PA2024-0091;2024-01-09;Änderung;15;Bestandskunde;Automobilindustrie;Bearbeitung;18;Stahl;pulverbeschichtet;26;26;7;0,036;4;54;54;1,0;4;0;0;126;18
PA2024-0092;2024-01-11;Änderung;9;Bestandskunde;Sonstige;Bearbeitung;3;Stahl;pulverbeschichtet;28;28;15;0,009;4;9;9;1,0;4;0;0;24;3
PA2024-0093;2024-01-09;Änderung;13;Bestandskunde;Sonstige;Bearbeitung;11;Stahl;pulverbeschichtet;28;28;15;0,033;4;33;33;1,0;4;0;0;88;11
PA2024-0094;2024-01-14;Standard;11;Bestandskunde;Maschinenbau;Bearbeitung;9;Stahl;pulverbeschichtet;26;26;7;0,018;4;27;27;1,0;4;0;0;63;9
PA2024-0095;2024-01-12;Standard;9;Bestandskunde;Logistiktechnik;Bearbeitung;7;Stahl;pulverbeschichtet;28;28;15;0,021;4;21;21;1,0;4;0;0;56;7
PA2024-0096;2024-01-13;Änderung;13;Bestandskunde;Logistiktechnik;Bearbeitung;16;Stahl;pulverbeschichtet;26;26;7;0,032;4;48;48;1,0;4;0;0;112;16
PA2024-0097;2024-01-14;Standard;5;Bestandskunde;Sonstige;Bearbeitung;8;Stahl;pulverbeschichtet;28;28;15;0,024;4;24;24;1,0;4;0;0;64;8
PA2024-0098;2024-01-12;Änderung;10;Bestandskunde;Maschinenbau;Bearbeitung;14;Stahl;pulverbeschichtet;28;28;15;0,042;4;42;42;1,0;4;0;0;112;14
PA2024-0099;2024-01-13;Standard;14;Bestandskunde;Automobilindustrie;Bearbeitung;4;Stahl;pulverbeschichtet;28;28;15;0,012;4;12;12;1,0;4;0;0;32;4
PA2024-0100;2024-01-08;Standard;8;Bestandskunde;Medizintechnik;Bearbeitung;9;Stahl;pulverbeschichtet;26;26;7;0,018;4;27;27;1,0;4;0;0;63;9
PA2024-0101;2024-01-14;Standard;9;Bestandskunde;Haushaltsgeräte;Bearbeitung;10;Stahl;pulverbeschichtet;28;28;15;0,03;4;30;30;1,0;4;0;0;80;10
PA2024-0102;2024-01-10;Standard;4;Bestandskunde;Haushaltsgeräte;Bearbeitung;5;Stahl;pulverbeschichtet;26;26;7;0,01;4;15;15;1,0;4;0;0;35;5
PA2024-0103;2024-01-14;Standard;5;Bestandskunde;Automobilindustrie;Bearbeitung;15;Stahl;pulverbeschichtet;28;28;15;0,045;4;45;45;1,0;4;0;0;120;15
PA2024-0104;2024-01-08;Standard;9;Bestandskunde;Maschinenbau;Bearbeitung;3;Stahl;pulverbeschichtet;28;28;15;0,009;4;9;9;1,0;4;0;0;24;3
PA2024-0105;2024-01-08;Standard;4;Neukunde;Medizintechnik;Bearbeitung;10;Stahl;pulverbeschichtet;28;28;15;0,03;4;30;30;1,0;4;0;0;80;10
PA2024-0106;2024-01-08;Standard;14;Bestandskunde;Automobilindustrie;Bearbeitung;8;Stahl;pulverbeschichtet;26;26;7;0,016;4;24;24;1,0;4;0;0;56;8
PA2024-0107;2024-01-11;Änderung;10;Bestandskunde;Logistiktechnik;Bearbeitung;10;Stahl;pulverbeschichtet;28;28;15;0,03;4;30;30;1,0;4;0;0;80;10
PA2024-0108;2024-01-14;Standard;9;Bestandskunde;Logistiktechnik;Bearbeitung;3;Stahl;pulverbeschichtet;26;26;7;0,006;4;9;9;1,0;4;0;0;21;3
PA2024-0109;2024-01-09;Änderung;5;Bestandskunde;Maschinenbau;Bearbeitung;20;Stahl;pulverbeschichtet;26;26;7;0,04;4;60;60;1,0;4;0;0;140;20
PA2024-0110;2024-01-08;Änderung;9;Bestandskunde;Automobilindustrie;Bearbeitung;15;Stahl;pulverbeschichtet;28;28;15;0,045;4;45;45;1,0;4;0;0;120;15
PA2024-0111;2024-01-10;Standard;7;Bestandskunde;Sonstige;Bearbeitung;5;Stahl;pulverbeschichtet;26;26;7;0,01;4;15;15;1,0;4;0;0;35;5
PA2024-0112;2024-01-08;Standard;4;Bestandskunde;Automobilindustrie;Bearbeitung;19;Stahl;pulverbeschichtet;28;28;15;0,057;4;57;57;1,0;4;0;0;152;19
PA2024-0113;2024-01-08;Standard;14;Neukunde;Automobilindustrie;Bearbeitung;9;Stahl;pulverbeschichtet;28;28;15;0,027;4;27;27;1,0;4;0;0;72;9
PA2024-0114;2024-01-08;Standard;4;Bestandskunde;Sonstige;Bearbeitung;20;Stahl;pulverbeschichtet;28;28;15;0,06;4;60;60;1,0;4;0;0;160;20
PA2024-0115;2024-01-08;Standard;9;Bestandskunde;Maschinenbau;Bearbeitung;19;Stahl;pulverbeschichtet;28;28;15;0,057;4;57;57;1,0;4;0;0;152;19
PA2024-0116;2024-01-12;Änderung;4;Bestandskunde;Automobilindustrie;Bearbeitung;17;Stahl;pulverbeschichtet;26;26;7;0,034;4;51;51;1,0;4;0;0;119;17
PA2024-0117;2024-01-09;Standard;13;Bestandskunde;Medizintechnik;Bearbeitung;3;Stahl;pulverbeschichtet;28;28;15;0,009;4;9;9;1,0;4;0;0;24;3
PA2024-0118;2024-01-11;Änderung;11;Bestandskunde;Logistiktechnik;Bearbeitung;6;Stahl;pulverbeschichtet;28;28;15;0,018;4;18;18;1,0;4;0;0;48;6
PA2024-0119;2024-01-13;Standard;15;Bestandskunde;Sonstige;Bearbeitung;18;Stahl;pulverbeschichtet;28;28;15;0,054;4;54;54;1,0;4;0;0;144;18
PA2024-0120;2024-01-08;Änderung;11;Bestandskunde;Maschinenbau;Bearbeitung;13;Stahl;pulverbeschichtet;26;26;7;0,026;4;39;39;1,0;4;0;0;91;13
PA2024-0121;2024-01-18;Standard;4;Bestandskunde;Maschinenbau;Bearbeitung;16;Stahl;pulverbeschichtet;26;26;7;0,032;4;48;48;1,0;4;0;0;112;16
PA2024-0122;2024-01-16;Standard;9;Bestandskunde;Sonstige;Bearbeitung;15;Stahl;pulverbeschichtet;28;28;15;0,045;4;45;45;1,0;4;0;0;120;15
PA2024-0123;2024-01-15;Änderung;9;Bestandskunde;Maschinenbau;Bearbeitung;1;Stahl;pulverbeschichtet;28;28;15;0,003;4;3;3;1,0;4;0;0;8;1
PA2024-0124;2024-01-16;Standard;6;Bestandskunde;Maschinenbau;Bearbeitung;5;Stahl;pulverbeschichtet;28;28;15;0,015;4;15;15;1,0;4;0;0;40;5
PA2024-0125;2024-01-17;Standard;15;Bestandskunde;Maschinenbau;Bearbeitung;16;Stahl;pulverbeschichtet;28;28;15;0,048;4;48;48;1,0;4;0;0;128;16
PA2024-0126;2024-01-18;Standard;6;Bestandskunde;Maschinenbau;Bearbeitung;17;Stahl;pulverbeschichtet;28;28;15;0,051;4;51;51;1,0;4;0;0;136;17
PA2024-0127;2024-01-17;Änderung;12;Neukunde;Haushaltsgeräte;Bearbeitung;9;Stahl;pulverbeschichtet;26;26;7;0,018;4;27;27;1,0;4;0;0;63;9
PA2024-0128;2024-01-20;Standard;10;Bestandskunde;Maschinenbau;Bearbeitung;16;Stahl;pulverbeschichtet;26;26;7;0,032;4;48;48;1,0;4;0;0;112;16
PA2024-0129;2024-01-19;Änderung;14;Bestandskunde;Maschinenbau;Bearbeitung;18;Stahl;pulverbeschichtet;26;26;7;0,036;4;54;54;1,0;4;0;0;126;18
PA2024-0130;2024-01-17;Änderung;7;Bestandskunde;Logistiktechnik;Bearbeitung;13;Stahl;pulverbeschichtet;28;28;15;0,039;4;39;39;1,0;4;0;0;104;13
PA2024-0131;2024-01-15;Standard;11;Bestandskunde;Maschinenbau;Bearbeitung;13;Stahl;pulverbeschichtet;26;26;7;0,026;4;39;39;1,0;4;0;0;91;13
PA2024-0132;2024-01-21;Standard;7;Bestandskunde;Medizintechnik;Bearbeitung;17;Stahl;pulverbeschichtet;28;28;15;0,051;4;51;51;1,0;4;0;0;136;17
PA2024-0133;2024-01-21;Standard;15;Bestandskunde;Automobilindustrie;Bearbeitung;1;Stahl;pulverbeschichtet;28;28;15;0,003;4;3;3;1,0;4;0;0;8;1
PA2024-0134;2024-01-21;Änderung;7;Bestandskunde;Haushaltsgeräte;Bearbeitung;9;Stahl;pulverbeschichtet;26;26;7;0,018;4;27;27;1,0;4;0;0;63;9
PA2024-0135;2024-01-20;Standard;12;Bestandskunde;Maschinenbau;Bearbeitung;18;Stahl;pulverbeschichtet;28;28;15;0,054;4;54;54;1,0;4;0;0;144;18
PA2024-0136;2024-01-20;Änderung;15;Bestandskunde;Automobilindustrie;Bearbeitung;3;Stahl;pulverbeschichtet;28;28;15;0,009;4;9;9;1,0;4;0;0;24;3
PA2024-0137;2024-01-16;Standard;5;Bestandskunde;Automobilindustrie;Bearbeitung;4;Stahl;pulverbeschichtet;26;26;7;0,008;4;12;12;1,0;4;0;0;28;4
PA2024-0138;2024-01-20;Standard;10;Bestandskunde;Automobilindustrie;Bearbeitung;2;Stahl;pulverbeschichtet;28;28;15;0,006;4;6;6;1,0;4;0;0;16;2
PA2024-0139;2024-01-17;Standard;12;Bestandskunde;Logistiktechnik;Bearbeitung;19;Stahl;pulverbeschichtet;28;28;15;0,057;4;57;57;1,0;4;0;0;152;19
PA2024-0140;2024-01-16;Standard;5;Bestandskunde;Logistiktechnik;Bearbeitung;8;Stahl;pulverbeschichtet;26;26;7;0,016;4;24;24;1,0;4;0;0;56;8
PA2024-0141;2024-01-16;Standard;8;Bestandskunde;Medizintechnik;Bearbeitung;9;Stahl;pulverbeschichtet;28;28;15;0,027;4;27;27;1,0;4;0;0;72;9
PA2024-0142;2024-01-17;Standard;7;Bestandskunde;Automobilindustrie;Bearbeitung;19;Stahl;pulverbeschichtet;26;26;7;0,038;4;57;57;1,0;4;0;0;133;19
PA2024-0143;2024-01-18;Standard;9;Bestandskunde;Automobilindustrie;Bearbeitung;13;Stahl;pulverbeschichtet;28;28;15;0,039;4;39;39;1,0;4;0;0;104;13
PA2024-0144;2024-01-16;Standard;13;Bestandskunde;Haushaltsgeräte;Bearbeitung;10;Stahl;pulverbeschichtet;28;28;15;0,03;4;30;30;1,0;4;0;0;80;10
PA2024-0145;2024-01-17;Änderung;3;Bestandskunde;Maschinenbau;Bearbeitung;2;Stahl;pulverbeschichtet;26;26;7;0,004;4;6;6;1,0;4;0;0;14;2
PA2024-0146;2024-01-21;Änderung;10;Bestandskunde;Automobilindustrie;Bearbeitung;7;Stahl;pulverbeschichtet;28;28;15;0,021;4;21;21;1,0;4;0;0;56;7
PA2024-0147;2024-01-21;Standard;7;Bestandskunde;Automobilindustrie;Bearbeitung;2;Stahl;pulverbeschichtet;28;28;15;0,006;4;6;6;1,0;4;0;0;16;2
PA2024-0148;2024-01-15;Änderung;12;Bestandskunde;Maschinenbau;Bearbeitung;10;Stahl;pulverbeschichtet;28;28;15;0,03;4;30;30;1,0;4;0;0;80;10
PA2024-0149;2024-01-18;Standard;6;Neukunde;Automobilindustrie;Bearbeitung;12;Stahl;pulverbeschichtet;28;28;15;0,036;4;36;36;1,0;4;0;0;96;12
PA2024-0150;2024-01-17;Standard;14;Bestandskunde;Haushaltsgeräte;Bearbeitung;11;Stahl;pulverbeschichtet;28;28;15;0,033;4;33;33;1,0;4;0;0;88;11
PA2024-0151;2024-01-15;Standard;7;Bestandskunde;Sonstige;Bearbeitung;13;Stahl;pulverbeschichtet;26;26;7;0,026;4;39;39;1,0;4;0;0;91;13
PA2024-0152;2024-01-21;Standard;13;Bestandskunde;Maschinenbau;Bearbeitung;15;Stahl;pulverbeschichtet;28;28;15;0,045;4;45;45;1,0;4;0;0;120;15
PA2024-0153;2024-01-20;Standard;10;Neukunde;Haushaltsgeräte;Bearbeitung;12;Stahl;pulverbeschichtet;28;28;15;0,036;4;36;36;1,0;4;0;0;96;12
PA2024-0154;2024-01-18;Änderung;3;Neukunde;Medizintechnik;Bearbeitung;11;Stahl;pulverbeschichtet;26;26;7;0,022;4;33;33;1,0;4;0;0;77;11
PA2024-0155;2024-01-20;Standard;14;Bestandskunde;Haushaltsgeräte;Bearbeitung;14;Stahl;pulverbeschichtet;26;26;7;0,028;4;42;42;1,0;4;0;0;98;14
PA2024-0156;2024-01-15;Änderung;4;Bestandskunde;Maschinenbau;Bearbeitung;4;Stahl;pulverbeschichtet;26;26;7;0,008;4;12;12;1,0;4;0;0;28;4
PA2024-0157;2024-01-18;Standard;13;Bestandskunde;Maschinenbau;Bearbeitung;18;Stahl;pulverbeschichtet;26;26;7;0,036;4;54;54;1,0;4;0;0;126;18
PA2024-0158;2024-01-20;Änderung;6;Bestandskunde;Automobilindustrie;Bearbeitung;16;Stahl;pulverbeschichtet;28;28;15;0,048;4;48;48;1,0;4;0;0;128;16
PA2024-0159;2024-01-15;Standard;12;Bestandskunde;Maschinenbau;Bearbeitung;8;Stahl;pulverbeschichtet;28;28;15;0,024;4;24;24;1,0;4;0;0;64;8
PA2024-0160;2024-01-20;Standard;11;Bestandskunde;Medizintechnik;Bearbeitung;12;Stahl;pulverbeschichtet;28;28;15;0,036;4;36;36;1,0;4;0;0;96;12
PA2024-0161;2024-01-17;Standard;7;Bestandskunde;Logistiktechnik;Bearbeitung;15;Stahl;pulverbeschichtet;26;26;7;0,03;4;45;45;1,0;4;0;0;105;15
PA2024-0162;2024-01-20;Standard;4;Bestandskunde;Automobilindustrie;Bearbeitung;5;Stahl;pulverbeschichtet;26;26;7;0,01;4;15;15;1,0;4;0;0;35;5
PA2024-0163;2024-01-21;Standard;9;Bestandskunde;Medizintechnik;Bearbeitung;8;Stahl;pulverbeschichtet;26;26;7;0,016;4;24;24;1,0;4;0;0;56;8
PA2024-0164;2024-01-21;Standard;5;Neukunde;Sonstige;Bearbeitung;5;Stahl;pulverbeschichtet;28;28;15;0,015;4;15;15;1,0;4;0;0;40;5
PA2024-0165;2024-01-15;Änderung;4;Bestandskunde;Logistiktechnik;Bearbeitung;8;Stahl;pulverbeschichtet;28;28;15;0,024;4;24;24;1,0;4;0;0;64;8
PA2024-0166;2024-01-16;Standard;9;Bestandskunde;Automobilindustrie;Bearbeitung;17;Stahl;pulverbeschichtet;28;28;15;0,051;4;51;51;1,0;4;0;0;136;17
PA2024-0167;2024-01-18;Standard;13;Bestandskunde;Medizintechnik;Bearbeitung;4;Stahl;pulverbeschichtet;26;26;7;0,008;4;12;12;1,0;4;0;0;28;4
PA2024-0168;2024-01-16;Standard;4;Bestandskunde;Sonstige;Bearbeitung;17;Stahl;pulverbeschichtet;28;28;15;0,051;4;51;51;1,0;4;0;0;136;17
PA2024-0169;2024-01-20;Änderung;4;Bestandskunde;Logistiktechnik;Bearbeitung;13;Stahl;pulverbeschichtet;28;28;15;0,039;4;39;39;1,0;4;0;0;104;13
PA2024-0170;2024-01-15;Standard;14;Bestandskunde;Maschinenbau;Bearbeitung;3;Stahl;pulverbeschichtet;28;28;15;0,009;4;9;9;1,0;4;0;0;24;3
PA2024-0171;2024-01-16;Standard;5;Bestandskunde;Sonstige;Bearbeitung;19;Stahl;pulverbeschichtet;28;28;15;0,057;4;57;57;1,0;4;0;0;152;19
PA2024-0172;2024-01-19;Standard;15;Bestandskunde;Sonstige;Bearbeitung;14;Stahl;pulverbeschichtet;28;28;15;0,042;4;42;42;1,0;4;0;0;112;14
PA2024-0173;2024-01-21;Standard;9;Neukunde;Maschinenbau;Bearbeitung;14;Stahl;pulverbeschichtet;26;26;7;0,028;4;42;42;1,0;4;0;0;98;14
PA2024-0174;2024-01-18;Änderung;12;Bestandskunde;Medizintechnik;Bearbeitung;11;Stahl;pulverbeschichtet;28;28;15;0,033;4;33;33;1,0;4;0;0;88;11
PA2024-0175;2024-01-16;Änderung;14;Bestandskunde;Maschinenbau;Bearbeitung;3;Stahl;pulverbeschichtet;28;28;15;0,009;4;9;9;1,0;4;0;0;24;3
PA2024-0176;2024-01-20;Standard;11;Bestandskunde;Sonstige;Bearbeitung;19;Stahl;pulverbeschichtet;28;28;15;0,057;4;57;57;1,0;4;0;0;152;19
PA2024-0177;2024-01-15;Standard;14;Bestandskunde;Logistiktechnik;Bearbeitung;14;Stahl;pulverbeschichtet;28;28;15;0,042;4;42;42;1,0;4;0;0;112;14
PA2024-0178;2024-01-19;Standard;10;Bestandskunde;Maschinenbau;Bearbeitung;7;Stahl;pulverbeschichtet;26;26;7;0,014;4;21;21;1,0;4;0;0;49;7
PA2024-0179;2024-01-16;Standard;6;Bestandskunde;Maschinenbau;Bearbeitung;4;Stahl;pulverbeschichtet;26;26;7;0,008;4;12;12;1,0;4;0;0;28;4
PA2024-0180;2024-01-16;Änderung;13;Neukunde;Maschinenbau;Bearbeitung;20;Stahl;pulverbeschichtet;28;28;15;0,06;4;60;60;1,0;4;0;0;160;20
PA2024-0181;2024-01-22;Änderung;8;Bestandskunde;Sonstige;Bearbeitung;11;Stahl;pulverbeschichtet;26;26;7;0,022;4;33;33;1,0;4;0;0;77;11
PA2024-0182;2024-01-23;Standard;7;Bestandskunde;Automobilindustrie;Bearbeitung;5;Stahl;pulverbeschichtet;28;28;15;0,015;4;15;15;1,0;4;0;0;40;5
PA2024-0183;2024-01-27;Änderung;15;Bestandskunde;Sonstige;Bearbeitung;11;Stahl;pulverbeschichtet;26;26;7;0,022;4;33;33;1,0;4;0;0;77;11
PA2024-0184;2024-01-24;Änderung;11;Bestandskunde;Sonstige;Bearbeitung;3;Stahl;pulverbeschichtet;26;26;7;0,006;4;9;9;1,0;4;0;0;21;3
PA2024-0185;2024-01-23;Standard;4;Bestandskunde;Medizintechnik;Bearbeitung;14;Stahl;pulverbeschichtet;26;26;7;0,028;4;42;42;1,0;4;0;0;98;14
PA2024-0186;2024-01-25;Standard;12;Bestandskunde;Logistiktechnik;Bearbeitung;4;Stahl;pulverbeschichtet;28;28;15;0,012;4;12;12;1,0;4;0;0;32;4
PA2024-0187;2024-01-22;Änderung;10;Bestandskunde;Maschinenbau;Bearbeitung;17;Stahl;pulverbeschichtet;28;28;15;0,051;4;51;51;1,0;4;0;0;136;17
PA2024-0188;2024-01-23;Standard;13;Bestandskunde;Automobilindustrie;Bearbeitung;7;Stahl;pulverbeschichtet;28;28;15;0,021;4;21;21;1,0;4;0;0;56;7
PA2024-0189;2024-01-28;Standard;7;Bestandskunde;Logistiktechnik;Bearbeitung;4;Stahl;pulverbeschichtet;28;28;15;0,012;4;12;12;1,0;4;0;0;32;4
PA2024-0190;2024-01-27;Änderung;13;Bestandskunde;Automobilindustrie;Bearbeitung;8;Stahl;pulverbeschichtet;26;26;7;0,016;4;24;24;1,0;4;0;0;56;8
PA2024-0191;2024-01-25;Änderung;4;Bestandskunde;Automobilindustrie;Bearbeitung;3;Stahl;pulverbeschichtet;28;28;15;0,009;4;9;9;1,0;4;0;0;24;3
PA2024-0192;2024-01-25;Änderung;11;Bestandskunde;Logistiktechnik;Bearbeitung;4;Stahl;pulverbeschichtet;28;28;15;0,012;4;12;12;1,0;4;0;0;32;4
PA2024-0193;2024-01-24;Standard;7;Bestandskunde;Maschinenbau;Bearbeitung;12;Stahl;pulverbeschichtet;28;28;15;0,036;4;36;36;1,0;4;0;0;96;12
PA2024-0194;2024-01-28;Standard;6;Bestandskunde;Automobilindustrie;Bearbeitung;17;Stahl;pulverbeschichtet;26;26;7;0,034;4;51;51;1,0;4;0;0;119;17
PA2024-0195;2024-01-28;Standard;10;Bestandskunde;Medizintechnik;Bearbeitung;6;Stahl;pulverbeschichtet;26;26;7;0,012;4;18;18;1,0;4;0;0;42;6
PA2024-0196;2024-01-26;Standard;15;Neukunde;Maschinenbau;Bearbeitung;12;Stahl;pulverbeschichtet;26;26;7;0,024;4;36;36;1,0;4;0;0;84;12
PA2024-0197;2024-01-22;Standard;7;Bestandskunde;Maschinenbau;Bearbeitung;5;Stahl;pulverbeschichtet;26;26;7;0,01;4;15;15;1,0;4;0;0;35;5
PA2024-0198;2024-01-28;Standard;15;Bestandskunde;Automobilindustrie;Bearbeitung;19;Stahl;pulverbeschichtet;26;26;7;0,038;4;57;57;1,0;4;0;0;133;19
PA2024-0199;2024-01-26;Standard;10;Bestandskunde;Medizintechnik;Bearbeitung;5;Stahl;pulverbeschichtet;28;28;15;0,015;4;15;15;1,0;4;0;0;40;5
PA2024-0200;2024-01-25;Standard;13;Neukunde;Haushaltsgeräte;Bearbeitung;19;Stahl;pulverbeschichtet;28;28;15;0,057;4;57;57;1,0;4;0;0;152;19
PA2024-0201;2024-01-26;Standard;5;Bestandskunde;Automobilindustrie;Bearbeitung;2;Stahl;pulverbeschichtet;26;26;7;0,004;4;6;6;1,0;4;0;0;14;2
PA2024-0202;2024-01-22;Standard;5;Bestandskunde;Maschinenbau;Bearbeitung;15;Stahl;pulverbeschichtet;28;28;15;0,045;4;45;45;1,0;4;0;0;120;15
PA2024-0203;2024-01-28;Änderung;9;Bestandskunde;Haushaltsgeräte;Bearbeitung;5;Stahl;pulverbeschichtet;26;26;7;0,01;4;15;15;1,0;4;0;0;35;5
PA2024-0204;2024-01-22;Standard;11;Bestandskunde;Logistiktechnik;Bearbeitung;6;Stahl;pulverbeschichtet;26;26;7;0,012;4;18;18;1,0;4;0;0;42;6
PA2024-0205;2024-01-27;Standard;14;Bestandskunde;Sonstige;Bearbeitung;20;Stahl;pulverbeschichtet;26;26;7;0,04;4;60;60;1,0;4;0;0;140;20
PA2024-0206;2024-01-24;Änderung;10;Neukunde;Logistiktechnik;Bearbeitung;20;Stahl;pulverbeschichtet;26;26;7;0,04;4;60;60;1,0;4;0;0;140;20
PA2024-0207;2024-01-22;Standard;11;Bestandskunde;Maschinenbau;Bearbeitung;10;Stahl;pulverbeschichtet;26;26;7;0,02;4;30;30;1,0;4;0;0;70;10
PA2024-0208;2024-01-28;Standard;7;Bestandskunde;Haushaltsgeräte;Bearbeitung;5;Stahl;pulverbeschichtet;28;28;15;0,015;4;15;15;1,0;4;0;0;40;5
PA2024-0209;2024-01-27;Standard;12;Bestandskunde;Logistiktechnik;Bearbeitung;3;Stahl;pulverbeschichtet;28;28;15;0,009;4;9;9;1,0;4;0;0;24;3
PA2024-0210;2024-01-25;Änderung;11;Bestandskunde;Medizintechnik;Bearbeitung;17;Stahl;pulverbeschichtet;28;28;15;0,051;4;51;51;1,0;4;0;0;136;17
PA2024-0211;2024-01-26;Änderung;10;Bestandskunde;Maschinenbau;Bearbeitung;7;Stahl;pulverbeschichtet;26;26;7;0,014;4;21;21;1,0;4;0;0;49;7
PA2024-0212;2024-01-23;Standard;8;Bestandskunde;Maschinenbau;Bearbeitung;10;Stahl;pulverbeschichtet;28;28;15;0,03;4;30;30;1,0;4;0;0;80;10
PA2024-0213;2024-01-27;Änderung;10;Bestandskunde;Maschinenbau;Bearbeitung;20;Stahl;pulverbeschichtet;26;26;7;0,04;4;60;60;1,0;4;0;0;140;20
PA2024-0214;2024-01-23;Änderung;8;Bestandskunde;Automobilindustrie;Bearbeitung;6;Stahl;pulverbeschichtet;28;28;15;0,018;4;18;18;1,0;4;0;0;48;6
PA2024-0215;2024-01-25;Standard;11;Bestandskunde;Sonstige;Bearbeitung;15;Stahl;pulverbeschichtet;28;28;15;0,045;4;45;45;1,0;4;0;0;120;15
PA2024-0216;2024-01-28;Standard;15;Bestandskunde;Logistiktechnik;Bearbeitung;16;Stahl;pulverbeschichtet;28;28;15;0,048;4;48;48;1,0;4;0;0;128;16
PA2024-0217;2024-01-27;Änderung;14;Bestandskunde;Maschinenbau;Bearbeitung;13;Stahl;pulverbeschichtet;26;26;7;0,026;4;39;39;1,0;4;0;0;91;13
PA2024-0218;2024-01-28;Standard;9;Bestandskunde;Sonstige;Bearbeitung;9;Stahl;pulverbeschichtet;28;28;15;0,027;4;27;27;1,0;4;0;0;72;9
PA2024-0219;2024-01-28;Standard;12;Bestandskunde;Automobilindustrie;Bearbeitung;17;Stahl;pulverbeschichtet;26;26;7;0,034;4;51;51;1,0;4;0;0;119;17
PA2024-0220;2024-01-22;Standard;8;Bestandskunde;Medizintechnik;Bearbeitung;5;Stahl;pulverbeschichtet;26;26;7;0,01;4;15;15;1,0;4;0;0;35;5
PA2024-0221;2024-01-23;Änderung;13;Neukunde;Maschinenbau;Bearbeitung;14;Stahl;pulverbeschichtet;28;28;15;0,042;4;42;42;1,0;4;0;0;112;14
PA2024-0222;2024-01-26;Standard;10;Bestandskunde;Automobilindustrie;Bearbeitung;12;Stahl;pulverbeschichtet;26;26;7;0,024;4;36;36;1,0;4;0;0;84;12
PA2024-0223;2024-01-24;Standard;6;Bestandskunde;Maschinenbau;Bearbeitung;5;Stahl;pulverbeschichtet;26;26;7;0,01;4;15;15;1,0;4;0;0;35;5
PA2024-0224;2024-01-24;Standard;14;Bestandskunde;Logistiktechnik;Bearbeitung;16;Stahl;pulverbeschichtet;26;26;7;0,032;4;48;48;1,0;4;0;0;112;16
PA2024-0225;2024-01-22;Standard;5;Bestandskunde;Sonstige;Bearbeitung;5;Stahl;pulverbeschichtet;28;28;15;0,015;4;15;15;1,0;4;0;0;40;5
PA2024-0226;2024-01-28;Änderung;10;Bestandskunde;Automobilindustrie;Bearbeitung;8;Stahl;pulverbeschichtet;28;28;15;0,024;4;24;24;1,0;4;0;0;64;8
PA2024-0227;2024-01-28;Standard;15;Bestandskunde;Sonstige;Bearbeitung;16;Stahl;pulverbeschichtet;28;28;15;0,048;4;48;48;1,0;4;0;0;128;16
PA2024-0228;2024-01-27;Standard;6;Bestandskunde;Automobilindustrie;Bearbeitung;12;Stahl;pulverbeschichtet;26;26;7;0,024;4;36;36;1,0;4;0;0;84;12
PA2024-0229;2024-01-23;Standard;5;Bestandskunde;Maschinenbau;Bearbeitung;17;Stahl;pulverbeschichtet;26;26;7;0,034;4;51;51;1,0;4;0;0;119;17
PA2024-0230;2024-01-28;Standard;15;Bestandskunde;Maschinenbau;Bearbeitung;12;Stahl;pulverbeschichtet;26;26;7;0,024;4;36;36;1,0;4;0;0;84;12
PA2024-0231;2024-01-22;Standard;12;Bestandskunde;Haushaltsgeräte;Bearbeitung;4;Stahl;pulverbeschichtet;28;28;15;0,012;4;12;12;1,0;4;0;0;32;4
PA2024-0232;2024-01-22;Standard;12;Neukunde;Sonstige;Bearbeitung;6;Stahl;pulverbeschichtet;28;28;15;0,018;4;18;18;1,0;4;0;0;48;6
PA2024-0233;2024-01-25;Standard;6;Bestandskunde;Haushaltsgeräte;Bearbeitung;15;Stahl;pulverbeschichtet;28;28;15;0,045;4;45;45;1,0;4;0;0;120;15
PA2024-0234;2024-01-23;Änderung;4;Bestandskunde;Maschinenbau;Bearbeitung;11;Stahl;pulverbeschichtet;26;26;7;0,022;4;33;33;1,0;4;0;0;77;11
PA2024-0235;2024-01-25;Standard;14;Bestandskunde;Automobilindustrie;Bearbeitung;7;Stahl;pulverbeschichtet;28;28;15;0,021;4;21;21;1,0;4;0;0;56;7
PA2024-0236;2024-01-28;Standard;5;Bestandskunde;Haushaltsgeräte;Bearbeitung;4;Stahl;pulverbeschichtet;28;28;15;0,012;4;12;12;1,0;4;0;0;32;4
PA2024-0237;2024-01-25;Änderung;13;Bestandskunde;Logistiktechnik;Bearbeitung;6;Stahl;pulverbeschichtet;28;28;15;0,018;4;18;18;1,0;4;0;0;48;6
PA2024-0238;2024-01-25;Standard;11;Bestandskunde;Haushaltsgeräte;Bearbeitung;3;Stahl;pulverbeschichtet;28;28;15;0,009;4;9;9;1,0;4;0;0;24;3
PA2024-0239;2024-01-25;Standard;6;Bestandskunde;Haushaltsgeräte;Bearbeitung;3;Stahl;pulverbeschichtet;28;28;15;0,009;4;9;9;1,0;4;0;0;24;3
PA2024-0240;2024-01-24;Standard;10;Bestandskunde;Maschinenbau;Bearbeitung;6;Stahl;pulverbeschichtet;28;28;15;0,018;4;18;18;1,0;4;0;0;48;6
PA2024-0241;2024-02-01;Standard;4;Bestandskunde;Logistiktechnik;Bearbeitung;20;Stahl;pulverbeschichtet;28;28;15;0,06;4;60;60;1,0;4;0;0;160;20
PA2024-0242;2024-02-03;Standard;5;Bestandskunde;Haushaltsgeräte;Bearbeitung;12;Stahl;pulverbeschichtet;28;28;15;0,036;4;36;36;1,0;4;0;0;96;12
PA2024-0243;2024-01-30;Standard;13;Bestandskunde;Automobilindustrie;Bearbeitung;12;Stahl;pulverbeschichtet;26;26;7;0,024;4;36;36;1,0;4;0;0;84;12
PA2024-0244;2024-02-02;Standard;4;Bestandskunde;Sonstige;Bearbeitung;12;Stahl;pulverbeschichtet;28;28;15;0,036;4;36;36;1,0;4;0;0;96;12
PA2024-0245;2024-02-04;Standard;5;Bestandskunde;Maschinenbau;Bearbeitung;13;Stahl;pulverbeschichtet;28;28;15;0,039;4;39;39;1,0;4;0;0;104;13
PA2024-0246;2024-01-31;Standard;8;Bestandskunde;Medizintechnik;Bearbeitung;6;Stahl;pulverbeschichtet;28;28;15;0,018;4;18;18;1,0;4;0;0;48;6
PA2024-0247;2024-02-01;Änderung;6;Bestandskunde;Haushaltsgeräte;Bearbeitung;15;Stahl;pulverbeschichtet;28;28;15;0,045;4;45;45;1,0;4;0;0;120;15
PA2024-0248;2024-02-03;Standard;15;Bestandskunde;Medizintechnik;Bearbeitung;3;Stahl;pulverbeschichtet;26;26;7;0,006;4;9;9;1,0;4;0;0;21;3
PA2024-0249;2024-02-03;Änderung;14;Neukunde;Haushaltsgeräte;Bearbeitung;11;Stahl;pulverbeschichtet;28;28;15;0,033;4;33;33;1,0;4;0;0;88;11
PA2024-0250;2024-01-29;Standard;10;Bestandskunde;Logistiktechnik;Bearbeitung;6;Stahl;pulverbeschichtet;28;28;15;0,018;4;18;18;1,0;4;0;0;48;6
PA2024-0251;2024-01-30;Standard;6;Bestandskunde;Medizintechnik;Bearbeitung;8;Stahl;pulverbeschichtet;28;28;15;0,024;4;24;24;1,0;4;0;0;64;8
PA2024-0252;2024-01-31;Standard;12;Neukunde;Haushaltsgeräte;Bearbeitung;5;Stahl;pulverbeschichtet;28;28;15;0,015;4;15;15;1,0;4;0;0;40;5
PA2024-0253;2024-01-31;Standard;12;Neukunde;Automobilindustrie;Bearbeitung;17;Stahl;pulverbeschichtet;26;26;7;0,034;4;51;51;1,0;4;0;0;119;17
PA2024-0254;2024-02-04;Standard;5;Bestandskunde;Logistiktechnik;Bearbeitung;3;Stahl;pulverbeschichtet;28;28;15;0,009;4;9;9;1,0;4;0;0;24;3
PA2024-0255;2024-02-03;Standard;15;Bestandskunde;Haushaltsgeräte;Bearbeitung;18;Stahl;pulverbeschichtet;28;28;15;0,054;4;54;54;1,0;4;0;0;144;18
PA2024-0256;2024-02-01;Änderung;15;Bestandskunde;Haushaltsgeräte;Bearbeitung;4;Stahl;pulverbeschichtet;26;26;7;0,008;4;12;12;1,0;4;0;0;28;4
PA2024-0257;2024-01-30;Änderung;8;Bestandskunde;Haushaltsgeräte;Bearbeitung;12;Stahl;pulverbeschichtet;26;26;7;0,024;4;36;36;1,0;4;0;0;84;12
PA2024-0258;2024-01-31;Standard;7;Bestandskunde;Automobilindustrie;Bearbeitung;5;Stahl;pulverbeschichtet;28;28;15;0,015;4;15;15;1,0;4;0;0;40;5
PA2024-0259;2024-02-02;Standard;5;Bestandskunde;Automobilindustrie;Bearbeitung;19;Stahl;pulverbeschichtet;28;28;15;0,057;4;57;57;1,0;4;0;0;152;19
PA2024-0260;2024-02-03;Standard;10;Bestandskunde;Logistiktechnik;Bearbeitung;1;Stahl;pulverbeschichtet;26;26;7;0,002;4;3;3;1,0;4;0;0;7;1
PA2024-0261;2024-02-03;Standard;10;Bestandskunde;Maschinenbau;Bearbeitung;14;Stahl;pulverbeschichtet;26;26;7;0,028;4;42;42;1,0;4;0;0;98;14
PA2024-0262;2024-02-03;Standard;10;Bestandskunde;Maschinenbau;Bearbeitung;8;Stahl;pulverbeschichtet;26;26;7;0,016;4;24;24;1,0;4;0;0;56;8
PA2024-0263;2024-02-01;Standard;5;Bestandskunde;Automobilindustrie;Bearbeitung;14;Stahl;pulverbeschichtet;28;28;15;0,042;4;42;42;1,0;4;0;0;112;14
PA2024-0264;2024-01-30;Standard;11;Bestandskunde;Haushaltsgeräte;Bearbeitung;11;Stahl;pulverbeschichtet;28;28;15;0,033;4;33;33;1,0;4;0;0;88;11
PA2024-0265;2024-01-30;Standard;12;Bestandskunde;Medizintechnik;Bearbeitung;8;Stahl;pulverbeschichtet;28;28;15;0,024;4;24;24;1,0;4;0;0;64;8
PA2024-0266;2024-01-31;Standard;13;Bestandskunde;Automobilindustrie;Bearbeitung;10;Stahl;pulverbeschichtet;28;28;15;0,03;4;30;30;1,0;4;0;0;80;10
PA2024-0267;2024-02-01;Standard;8;Bestandskunde;Automobilindustrie;Bearbeitung;11;Stahl;pulverbeschichtet;28;28;15;0,033;4;33;33;1,0;4;0;0;88;11
PA2024-0268;2024-02-04;Änderung;8;Bestandskunde;Medizintechnik;Bearbeitung;16;Stahl;pulverbeschichtet;28;28;15;0,048;4;48;48;1,0;4;0;0;128;16
PA2024-0269;2024-01-29;Standard;5;Bestandskunde;Sonstige;Bearbeitung;8;Stahl;pulverbeschichtet;28;28;15;0,024;4;24;24;1,0;4;0;0;64;8
PA2024-0270;2024-01-29;Standard;4;Bestandskunde;Medizintechnik;Bearbeitung;16;Stahl;pulverbeschichtet;26;26;7;0,032;4;48;48;1,0;4;0;0;112;16
PA2024-0271;2024-01-29;Standard;6;Bestandskunde;Medizintechnik;Bearbeitung;12;Stahl;pulverbeschichtet;28;28;15;0,036;4;36;36;1,0;4;0;0;96;12
PA2024-0272;2024-01-29;Standard;13;Bestandskunde;Maschinenbau;Bearbeitung;12;Stahl;pulverbeschichtet;28;28;15;0,036;4;36;36;1,0;4;0;0;96;12
PA2024-0273;2024-02-01;Standard;15;Bestandskunde;Medizintechnik;Bearbeitung;20;Stahl;pulverbeschichtet;28;28;15;0,06;4;60;60;1,0;4;0;0;160;20
PA2024-0274;2024-01-29;Änderung;13;Bestandskunde;Maschinenbau;Bearbeitung;18;Stahl;pulverbeschichtet;26;26;7;0,036;4;54;54;1,0;4;0;0;126;18
PA2024-0275;2024-01-30;Standard;15;Bestandskunde;Automobilindustrie;Bearbeitung;2;Stahl;pulverbeschichtet;28;28;15;0,006;4;6;6;1,0;4;0;0;16;2
PA2024-0276;2024-02-04;Standard;15;Bestandskunde;Logistiktechnik;Bearbeitung;17;Stahl;pulverbeschichtet;26;26;7;0,034;4;51;51;1,0;4;0;0;119;17
PA2024-0277;2024-02-02;Standard;10;Bestandskunde;Sonstige;Bearbeitung;10;Stahl;pulverbeschichtet;26;26;7;0,02;4;30;30;1,0;4;0;0;70;10
PA2024-0278;2024-02-04;Standard;15;Bestandskunde;Automobilindustrie;Bearbeitung;10;Stahl;pulverbeschichtet;28;28;15;0,03;4;30;30;1,0;4;0;0;80;10
PA2024-0279;2024-01-31;Standard;11;Bestandskunde;Automobilindustrie;Bearbeitung;19;Stahl;pulverbeschichtet;28;28;15;0,057;4;57;57;1,0;4;0;0;152;19
PA2024-0280;2024-02-04;Standard;5;Bestandskunde;Logistiktechnik;Bearbeitung;19;Stahl;pulverbeschichtet;28;28;15;0,057;4;57;57;1,0;4;0;0;152;19
PA2024-0281;2024-02-02;Änderung;14;Bestandskunde;Maschinenbau;Bearbeitung;20;Stahl;pulverbeschichtet;26;26;7;0,04;4;60;60;1,0;4;0;0;140;20
PA2024-0282;2024-02-04;Standard;10;Neukunde;Sonstige;Bearbeitung;4;Stahl;pulverbeschichtet;28;28;15;0,012;4;12;12;1,0;4;0;0;32;4
PA2024-0283;2024-02-01;Änderung;11;Bestandskunde;Logistiktechnik;Bearbeitung;7;Stahl;pulverbeschichtet;26;26;7;0,014;4;21;21;1,0;4;0;0;49;7
PA2024-0284;2024-02-04;Standard;15;Bestandskunde;Logistiktechnik;Bearbeitung;2;Stahl;pulverbeschichtet;28;28;15;0,006;4;6;6;1,0;4;0;0;16;2
PA2024-0285;2024-02-02;Standard;10;Bestandskunde;Automobilindustrie;Bearbeitung;13;Stahl;pulverbeschichtet;26;26;7;0,026;4;39;39;1,0;4;0;0;91;13
PA2024-0286;2024-02-01;Standard;11;Bestandskunde;Maschinenbau;Bearbeitung;9;Stahl;pulverbeschichtet;28;28;15;0,027;4;27;27;1,0;4;0;0;72;9
PA2024-0287;2024-01-30;Änderung;9;Bestandskunde;Logistiktechnik;Bearbeitung;10;Stahl;pulverbeschichtet;28;28;15;0,03;4;30;30;1,0;4;0;0;80;10
PA2024-0288;2024-01-30;Änderung;14;Bestandskunde;Automobilindustrie;Bearbeitung;9;Stahl;pulverbeschichtet;28;28;15;0,027;4;27;27;1,0;4;0;0;72;9
PA2024-0289;2024-02-02;Standard;11;Bestandskunde;Automobilindustrie;Bearbeitung;12;Stahl;pulverbeschichtet;28;28;15;0,036;4;36;36;1,0;4;0;0;96;12
PA2024-0290;2024-01-29;Standard;10;Bestandskunde;Haushaltsgeräte;Bearbeitung;15;Stahl;pulverbeschichtet;26;26;7;0,03;4;45;45;1,0;4;0;0;105;15
PA2024-0291;2024-02-01;Standard;7;Bestandskunde;Logistiktechnik;Bearbeitung;18;Stahl;pulverbeschichtet;28;28;15;0,054;4;54;54;1,0;4;0;0;144;18
PA2024-0292;2024-01-29;Standard;9;Bestandskunde;Automobilindustrie;Bearbeitung;17;Stahl;pulverbeschichtet;28;28;15;0,051;4;51;51;1,0;4;0;0;136;17
PA2024-0293;2024-01-29;Änderung;6;Bestandskunde;Automobilindustrie;Bearbeitung;4;Stahl;pulverbeschichtet;26;26;7;0,008;4;12;12;1,0;4;0;0;28;4
PA2024-0294;2024-02-02;Standard;6;Bestandskunde;Automobilindustrie;Bearbeitung;16;Stahl;pulverbeschichtet;26;26;7;0,032;4;48;48;1,0;4;0;0;112;16
PA2024-0295;2024-01-30;Änderung;10;Bestandskunde;Maschinenbau;Bearbeitung;3;Stahl;pulverbeschichtet;28;28;15;0,009;4;9;9;1,0;4;0;0;24;3
PA2024-0296;2024-01-30;Standard;13;Bestandskunde;Automobilindustrie;Bearbeitung;2;Stahl;pulverbeschichtet;26;26;7;0,004;4;6;6;1,0;4;0;0;14;2
PA2024-0297;2024-01-30;Änderung;10;Bestandskunde;Medizintechnik;Bearbeitung;19;Stahl;pulverbeschichtet;28;28;15;0,057;4;57;57;1,0;4;0;0;152;19
PA2024-0298;2024-01-31;Standard;13;Bestandskunde;Logistiktechnik;Bearbeitung;16;Stahl;pulverbeschichtet;26;26;7;0,032;4;48;48;1,0;4;0;0;112;16
PA2024-0299;2024-01-31;Standard;7;Bestandskunde;Medizintechnik;Bearbeitung;15;Stahl;pulverbeschichtet;26;26;7;0,03;4;45;45;1,0;4;0;0;105;15
PA2024-0300;2024-01-30;Änderung;3;Bestandskunde;Automobilindustrie;Bearbeitung;19;Stahl;pulverbeschichtet;28;28;15;0,057;4;57;57;1,0;4;0;0;152;19
PA2024-0301;2024-02-09;Standard;11;Bestandskunde;Sonstige;Bearbeitung;3;Stahl;pulverbeschichtet;26;26;7;0,006;4;9;9;1,0;4;0;0;21;3
PA2024-0302;2024-02-05;Standard;8;Bestandskunde;Maschinenbau;Bearbeitung;8;Stahl;pulverbeschichtet;28;28;15;0,024;4;24;24;1,0;4;0;0;64;8
PA2024-0303;2024-02-08;Standard;8;Bestandskunde;Automobilindustrie;Bearbeitung;11;Stahl;pulverbeschichtet;26;26;7;0,022;4;33;33;1,0;4;0;0;77;11
PA2024-0304;2024-02-10;Standard;4;Bestandskunde;Automobilindustrie;Bearbeitung;8;Stahl;pulverbeschichtet;28;28;15;0,024;4;24;24;1,0;4;0;0;64;8
PA2024-0305;2024-02-08;Standard;10;Bestandskunde;Logistiktechnik;Bearbeitung;10;Stahl;pulverbeschichtet;26;26;7;0,02;4;30;30;1,0;4;0;0;70;10
PA2024-0306;2024-02-07;Änderung;8;Bestandskunde;Automobilindustrie;Bearbeitung;5;Stahl;pulverbeschichtet;26;26;7;0,01;4;15;15;1,0;4;0;0;35;5
PA2024-0307;2024-02-09;Standard;10;Bestandskunde;Automobilindustrie;Bearbeitung;16;Stahl;pulverbeschichtet;28;28;15;0,048;4;48;48;1,0;4;0;0;128;16
PA2024-0308;2024-02-10;Standard;5;Bestandskunde;Maschinenbau;Bearbeitung;12;Stahl;pulverbeschichtet;26;26;7;0,024;4;36;36;1,0;4;0;0;84;12
PA2024-0309;2024-02-05;Standard;15;Bestandskunde;Automobilindustrie;Bearbeitung;6;Stahl;pulverbeschichtet;26;26;7;0,012;4;18;18;1,0;4;0;0;42;6
PA2024-0310;2024-02-08;Standard;6;Neukunde;Logistiktechnik;Bearbeitung;16;Stahl;pulverbeschichtet;28;28;15;0,048;4;48;48;1,0;4;0;0;128;16
PA2024-0311;2024-02-11;Standard;5;Bestandskunde;Maschinenbau;Bearbeitung;15;Stahl;pulverbeschichtet;26;26;7;0,03;4;45;45;1,0;4;0;0;105;15
PA2024-0312;2024-02-10;Standard;10;Bestandskunde;Maschinenbau;Bearbeitung;1;Stahl;pulverbeschichtet;26;26;7;0,002;4;3;3;1,0;4;0;0;7;1
PA2024-0313;2024-02-05;Standard;14;Bestandskunde;Sonstige;Bearbeitung;2;Stahl;pulverbeschichtet;26;26;7;0,004;4;6;6;1,0;4;0;0;14;2
PA2024-0314;2024-02-05;Standard;10;Bestandskunde;Automobilindustrie;Bearbeitung;14;Stahl;pulverbeschichtet;26;26;7;0,028;4;42;42;1,0;4;0;0;98;14
PA2024-0315;2024-02-08;Standard;11;Neukunde;Logistiktechnik;Bearbeitung;18;Stahl;pulverbeschichtet;28;28;15;0,054;4;54;54;1,0;4;0;0;144;18
PA2024-0316;2024-02-05;Standard;8;Bestandskunde;Logistiktechnik;Bearbeitung;5;Stahl;pulverbeschichtet;26;26;7;0,01;4;15;15;1,0;4;0;0;35;5
PA2024-0317;2024-02-11;Standard;5;Bestandskunde;Maschinenbau;Bearbeitung;18;Stahl;pulverbeschichtet;26;26;7;0,036;4;54;54;1,0;4;0;0;126;18
PA2024-0318;2024-02-08;Standard;8;Bestandskunde;Maschinenbau;Bearbeitung;9;Stahl;pulverbeschichtet;28;28;15;0,027;4;27;27;1,0;4;0;0;72;9
PA2024-0319;2024-02-05;Standard;14;Bestandskunde;Maschinenbau;Bearbeitung;1;Stahl;pulverbeschichtet;26;26;7;0,002;4;3;3;1,0;4;0;0;7;1
PA2024-0320;2024-02-05;Änderung;6;Bestandskunde;Automobilindustrie;Bearbeitung;2;Stahl;pulverbeschichtet;26;26;7;0,004;4;6;6;1,0;4;0;0;14;2
PA2024-0321;2024-02-08;Änderung;13;Bestandskunde;Haushaltsgeräte;Bearbeitung;2;Stahl;pulverbeschichtet;26;26;7;0,004;4;6;6;1,0;4;0;0;14;2
PA2024-0322;2024-02-06;Standard;11;Bestandskunde;Automobilindustrie;Bearbeitung;11;Stahl;pulverbeschichtet;26;26;7;0,022;4;33;33;1,0;4;0;0;77;11
PA2024-0323;2024-02-06;Änderung;15;Bestandskunde;Sonstige;Bearbeitung;2;Stahl;pulverbeschichtet;26;26;7;0,004;4;6;6;1,0;4;0;0;14;2
PA2024-0324;2024-02-09;Standard;14;Bestandskunde;Maschinenbau;Bearbeitung;13;Stahl;pulverbeschichtet;26;26;7;0,026;4;39;39;1,0;4;0;0;91;13
PA2024-0325;2024-02-08;Änderung;12;Bestandskunde;Logistiktechnik;Bearbeitung;18;Stahl;pulverbeschichtet;28;28;15;0,054;4;54;54;1,0;4;0;0;144;18
PA2024-0326;2024-02-11;Standard;10;Bestandskunde;Maschinenbau;Bearbeitung;15;Stahl;pulverbeschichtet;28;28;15;0,045;4;45;45;1,0;4;0;0;120;15
PA2024-0327;2024-02-08;Standard;15;Bestandskunde;Logistiktechnik;Bearbeitung;7;Stahl;pulverbeschichtet;26;26;7;0,014;4;21;21;1,0;4;0;0;49;7
PA2024-0328;2024-02-05;Standard;14;Bestandskunde;Maschinenbau;Bearbeitung;7;Stahl;pulverbeschichtet;28;28;15;0,021;4;21;21;1,0;4;0;0;56;7
PA2024-0329;2024-02-08;Standard;4;Bestandskunde;Logistiktechnik;Bearbeitung;19;Stahl;pulverbeschichtet;26;26;7;0,038;4;57;57;1,0;4;0;0;133;19
PA2024-0330;2024-02-06;Standard;11;Bestandskunde;Maschinenbau;Bearbeitung;7;Stahl;pulverbeschichtet;26;26;7;0,014;4;21;21;1,0;4;0;0;49;7
PA2024-0331;2024-02-10;Änderung;15;Bestandskunde;Maschinenbau;Bearbeitung;7;Stahl;pulverbeschichtet;26;26;7;0,014;4;21;21;1,0;4;0;0;49;7
PA2024-0332;2024-02-09;Änderung;10;Bestandskunde;Medizintechnik;Bearbeitung;18;Stahl;pulverbeschichtet;28;28;15;0,054;4;54;54;1,0;4;0;0;144;18
PA2024-0333;2024-02-07;Änderung;12;Bestandskunde;Sonstige;Bearbeitung;4;Stahl;pulverbeschichtet;28;28;15;0,012;4;12;12;1,0;4;0;0;32;4
PA2024-0334;2024-02-06;Standard;12;Bestandskunde;Maschinenbau;Bearbeitung;8;Stahl;pulverbeschichtet;28;28;15;0,024;4;24;24;1,0;4;0;0;64;8
PA2024-0335;2024-02-07;Änderung;12;Bestandskunde;Maschinenbau;Bearbeitung;8;Stahl;pulverbeschichtet;26;26;7;0,016;4;24;24;1,0;4;0;0;56;8
PA2024-0336;2024-02-11;Standard;10;Bestandskunde;Haushaltsgeräte;Bearbeitung;11;Stahl;pulverbeschichtet;28;28;15;0,033;4;33;33;1,0;4;0;0;88;11
PA2024-0337;2024-02-10;Standard;15;Bestandskunde;Haushaltsgeräte;Bearbeitung;12;Stahl;pulverbeschichtet;28;28;15;0,036;4;36;36;1,0;4;0;0;96;12
PA2024-0338;2024-02-10;Änderung;15;Bestandskunde;Medizintechnik;Bearbeitung;2;Stahl;pulverbeschichtet;26;26;7;0,004;4;6;6;1,0;4;0;0;14;2
PA2024-0339;2024-02-11;Standard;5;Bestandskunde;Sonstige;Bearbeitung;8;Stahl;pulverbeschichtet;26;26;7;0,016;4;24;24;1,0;4;0;0;56;8
PA2024-0340;2024-02-05;Standard;9;Bestandskunde;Medizintechnik;Bearbeitung;20;Stahl;pulverbeschichtet;26;26;7;0,04;4;60;60;1,0;4;0;0;140;20
PA2024-0341;2024-02-08;Änderung;3;Bestandskunde;Haushaltsgeräte;Bearbeitung;1;Stahl;pulverbeschichtet;28;28;15;0,003;4;3;3;1,0;4;0;0;8;1
PA2024-0342;2024-02-09;Standard;10;Bestandskunde;Logistiktechnik;Bearbeitung;14;Stahl;pulverbeschichtet;26;26;7;0,028;4;42;42;1,0;4;0;0;98;14
PA2024-0343;2024-02-05;Standard;15;Bestandskunde;Sonstige;Bearbeitung;17;Stahl;pulverbeschichtet;26;26;7;0,034;4;51;51;1,0;4;0;0;119;17
PA2024-0344;2024-02-07;Standard;12;Neukunde;Sonstige;Bearbeitung;15;Stahl;pulverbeschichtet;28;28;15;0,045;4;45;45;1,0;4;0;0;120;15
PA2024-0345;2024-02-07;Änderung;5;Neukunde;Logistiktechnik;Bearbeitung;2;Stahl;pulverbeschichtet;26;26;7;0,004;4;6;6;1,0;4;0;0;14;2
PA2024-0346;2024-02-08;Standard;11;Bestandskunde;Automobilindustrie;Bearbeitung;1;Stahl;pulverbeschichtet;26;26;7;0,002;4;3;3;1,0;4;0;0;7;1
PA2024-0347;2024-02-08;Standard;12;Bestandskunde;Automobilindustrie;Bearbeitung;4;Stahl;pulverbeschichtet;26;26;7;0,008;4;12;12;1,0;4;0;0;28;4
PA2024-0348;2024-02-06;Standard;14;Bestandskunde;Sonstige;Bearbeitung;9;Stahl;pulverbeschichtet;26;26;7;0,018;4;27;27;1,0;4;0;0;63;9
PA2024-0349;2024-02-11;Änderung;11;Bestandskunde;Logistiktechnik;Bearbeitung;5;Stahl;pulverbeschichtet;26;26;7;0,01;4;15;15;1,0;4;0;0;35;5
PA2024-0350;2024-02-07;Standard;7;Bestandskunde;Sonstige;Bearbeitung;13;Stahl;pulverbeschichtet;28;28;15;0,039;4;39;39;1,0;4;0;0;104;13
PA2024-0351;2024-02-11;Änderung;7;Bestandskunde;Automobilindustrie;Bearbeitung;3;Stahl;pulverbeschichtet;28;28;15;0,009;4;9;9;1,0;4;0;0;24;3
PA2024-0352;2024-02-05;Änderung;14;Bestandskunde;Maschinenbau;Bearbeitung;20;Stahl;pulverbeschichtet;28;28;15;0,06;4;60;60;1,0;4;0;0;160;20
PA2024-0353;2024-02-05;Standard;9;Bestandskunde;Automobilindustrie;Bearbeitung;8;Stahl;pulverbeschichtet;28;28;15;0,024;4;24;24;1,0;4;0;0;64;8
PA2024-0354;2024-02-08;Standard;12;Bestandskunde;Automobilindustrie;Bearbeitung;13;Stahl;pulverbeschichtet;28;28;15;0,039;4;39;39;1,0;4;0;0;104;13
PA2024-0355;2024-02-11;Standard;10;Bestandskunde;Automobilindustrie;Bearbeitung;5;Stahl;pulverbeschichtet;26;26;7;0,01;4;15;15;1,0;4;0;0;35;5
PA2024-0356;2024-02-11;Standard;7;Bestandskunde;Sonstige;Bearbeitung;4;Stahl;pulverbeschichtet;28;28;15;0,012;4;12;12;1,0;4;0;0;32;4
PA2024-0357;2024-02-07;Standard;13;Bestandskunde;Maschinenbau;Bearbeitung;5;Stahl;pulverbeschichtet;26;26;7;0,01;4;15;15;1,0;4;0;0;35;5
PA2024-0358;2024-02-08;Standard;13;Bestandskunde;Maschinenbau;Bearbeitung;4;Stahl;pulverbeschichtet;26;26;7;0,008;4;12;12;1,0;4;0;0;28;4
PA2024-0359;2024-02-07;Standard;5;Bestandskunde;Logistiktechnik;Bearbeitung;13;Stahl;pulverbeschichtet;26;26;7;0,026;4;39;39;1,0;4;0;0;91;13
PA2024-0360;2024-02-08;Standard;11;Bestandskunde;Automobilindustrie;Bearbeitung;18;Stahl;pulverbeschichtet;26;26;7;0,036;4;54;54;1,0;4;0;0;126;18
PA2024-0361;2024-02-17;Standard;12;Bestandskunde;Sonstige;Bearbeitung;9;Stahl;pulverbeschichtet;26;26;7;0,018;4;27;27;1,0;4;0;0;63;9
PA2024-0362;2024-02-12;Standard;8;Bestandskunde;Automobilindustrie;Bearbeitung;16;Stahl;pulverbeschichtet;28;28;15;0,048;4;48;48;1,0;4;0;0;128;16
PA2024-0363;2024-02-14;Standard;8;Bestandskunde;Maschinenbau;Bearbeitung;20;Stahl;pulverbeschichtet;26;26;7;0,04;4;60;60;1,0;4;0;0;140;20
PA2024-0364;2024-02-12;Standard;7;Bestandskunde;Medizintechnik;Bearbeitung;11;Stahl;pulverbeschichtet;26;26;7;0,022;4;33;33;1,0;4;0;0;77;11
PA2024-0365;2024-02-15;Standard;11;Bestandskunde;Logistiktechnik;Bearbeitung;20;Stahl;pulverbeschichtet;28;28;15;0,06;4;60;60;1,0;4;0;0;160;20
PA2024-0366;2024-02-14;Standard;7;Bestandskunde;Haushaltsgeräte;Bearbeitung;13;Stahl;pulverbeschichtet;26;26;7;0,026;4;39;39;1,0;4;0;0;91;13
PA2024-0367;2024-02-17;Standard;15;Bestandskunde;Automobilindustrie;Bearbeitung;11;Stahl;pulverbeschichtet;28;28;15;0,033;4;33;33;1,0;4;0;0;88;11
PA2024-0368;2024-02-18;Standard;13;Bestandskunde;Automobilindustrie;Bearbeitung;7;Stahl;pulverbeschichtet;28;28;15;0,021;4;21;21;1,0;4;0;0;56;7
PA2024-0369;2024-02-17;Standard;14;Bestandskunde;Logistiktechnik;Bearbeitung;10;Stahl;pulverbeschichtet;26;26;7;0,02;4;30;30;1,0;4;0;0;70;10
PA2024-0370;2024-02-17;Standard;15;Bestandskunde;Haushaltsgeräte;Bearbeitung;9;Stahl;pulverbeschichtet;26;26;7;0,018;4;27;27;1,0;4;0;0;63;9
PA2024-0371;2024-02-18;Änderung;13;Neukunde;Automobilindustrie;Bearbeitung;16;Stahl;pulverbeschichtet;26;26;7;0,032;4;48;48;1,0;4;0;0;112;16
PA2024-0372;2024-02-16;Standard;12;Bestandskunde;Sonstige;Bearbeitung;12;Stahl;pulverbeschichtet;28;28;15;0,036;4;36;36;1,0;4;0;0;96;12
PA2024-0373;2024-02-18;Änderung;10;Bestandskunde;Sonstige;Bearbeitung;20;Stahl;pulverbeschichtet;26;26;7;0,04;4;60;60;1,0;4;0;0;140;20
PA2024-0374;2024-02-18;Standard;11;Bestandskunde;Maschinenbau;Bearbeitung;1;Stahl;pulverbeschichtet;26;26;7;0,002;4;3;3;1,0;4;0;0;7;1
PA2024-0375;2024-02-13;Standard;15;Bestandskunde;Maschinenbau;Bearbeitung;19;Stahl;pulverbeschichtet;26;26;7;0,038;4;57;57;1,0;4;0;0;133;19
PA2024-0376;2024-02-14;Standard;12;Bestandskunde;Automobilindustrie;Bearbeitung;17;Stahl;pulverbeschichtet;26;26;7;0,034;4;51;51;1,0;4;0;0;119;17
PA2024-0377;2024-02-12;Standard;14;Bestandskunde;Maschinenbau;Bearbeitung;3;Stahl;pulverbeschichtet;26;26;7;0,006;4;9;9;1,0;4;0;0;21;3
PA2024-0378;2024-02-14;Standard;10;Bestandskunde;Logistiktechnik;Bearbeitung;17;Stahl;pulverbeschichtet;26;26;7;0,034;4;51;51;1,0;4;0;0;119;17
PA2024-0379;2024-02-15;Standard;6;Bestandskunde;Maschinenbau;Bearbeitung;11;Stahl;pulverbeschichtet;28;28;15;0,033;4;33;33;1,0;4;0;0;88;11
PA2024-0380;2024-02-12;Standard;6;Bestandskunde;Automobilindustrie;Bearbeitung;4;Stahl;pulverbeschichtet;26;26;7;0,008;4;12;12;1,0;4;0;0;28;4
PA2024-0381;2024-02-16;Standard;6;Bestandskunde;Maschinenbau;Bearbeitung;14;Stahl;pulverbeschichtet;26;26;7;0,028;4;42;42;1,0;4;0;0;98;14
PA2024-0382;2024-02-18;Standard;13;Bestandskunde;Sonstige;Bearbeitung;14;Stahl;pulverbeschichtet;28;28;15;0,042;4;42;42;1,0;4;0;0;112;14
PA2024-0383;2024-02-17;Änderung;8;Bestandskunde;Maschinenbau;Bearbeitung;1;Stahl;pulverbeschichtet;28;28;15;0,003;4;3;3;1,0;4;0;0;8;1
PA2024-0384;2024-02-14;Änderung;5;Bestandskunde;Sonstige;Bearbeitung;18;Stahl;pulverbeschichtet;26;26;7;0,036;4;54;54;1,0;4;0;0;126;18
PA2024-0385;2024-02-14;Änderung;7;Bestandskunde;Maschinenbau;Bearbeitung;16;Stahl;pulverbeschichtet;26;26;7;0,032;4;48;48;1,0;4;0;0;112;16
PA2024-0386;2024-02-15;Standard;11;Bestandskunde;Sonstige;Bearbeitung;15;Stahl;pulverbeschichtet;28;28;15;0,045;4;45;45;1,0;4;0;0;120;15
PA2024-0387;2024-02-16;Standard;5;Bestandskunde;Maschinenbau;Bearbeitung;8;Stahl;pulverbeschichtet;26;26;7;0,016;4;24;24;1,0;4;0;0;56;8
PA2024-0388;2024-02-13;Standard;12;Bestandskunde;Automobilindustrie;Bearbeitung;14;Stahl;pulverbeschichtet;28;28;15;0,042;4;42;42;1,0;4;0;0;112;14
PA2024-0389;2024-02-15;Änderung;6;Bestandskunde;Maschinenbau;Bearbeitung;6;Stahl;pulverbeschichtet;26;26;7;0,012;4;18;18;1,0;4;0;0;42;6
PA2024-0390;2024-02-14;Standard;7;Bestandskunde;Maschinenbau;Bearbeitung;20;Stahl;pulverbeschichtet;26;26;7;0,04;4;60;60;1,0;4;0;0;140;20
PA2024-0391;2024-02-12;Standard;14;Bestandskunde;Logistiktechnik;Bearbeitung;18;Stahl;pulverbeschichtet;26;26;7;0,036;4;54;54;1,0;4;0;0;126;18
PA2024-0392;2024-02-17;Änderung;15;Bestandskunde;Logistiktechnik;Bearbeitung;16;Stahl;pulverbeschichtet;28;28;15;0,048;4;48;48;1,0;4;0;0;128;16
PA2024-0393;2024-02-16;Änderung;3;Bestandskunde;Haushaltsgeräte;Bearbeitung;2;Stahl;pulverbeschichtet;26;26;7;0,004;4;6;6;1,0;4;0;0;14;2
PA2024-0394;2024-02-16;Standard;10;Bestandskunde;Automobilindustrie;Bearbeitung;16;Stahl;pulverbeschichtet;28;28;15;0,048;4;48;48;1,0;4;0;0;128;16
PA2024-0395;2024-02-14;Standard;12;Bestandskunde;Maschinenbau;Bearbeitung;15;Stahl;pulverbeschichtet;26;26;7;0,03;4;45;45;1,0;4;0;0;105;15
PA2024-0396;2024-02-12;Standard;9;Bestandskunde;Medizintechnik;Bearbeitung;15;Stahl;pulverbeschichtet;26;26;7;0,03;4;45;45;1,0;4;0;0;105;15
PA2024-0397;2024-02-18;Änderung;5;Bestandskunde;Logistiktechnik;Bearbeitung;8;Stahl;pulverbeschichtet;28;28;15;0,024;4;24;24;1,0;4;0;0;64;8
PA2024-0398;2024-02-18;Standard;14;Bestandskunde;Logistiktechnik;Bearbeitung;7;Stahl;pulverbeschichtet;26;26;7;0,014;4;21;21;1,0;4;0;0;49;7
PA2024-0399;2024-02-16;Änderung;10;Bestandskunde;Logistiktechnik;Bearbeitung;6;Stahl;pulverbeschichtet;26;26;7;0,012;4;18;18;1,0;4;0;0;42;6
PA2024-0400;2024-02-14;Änderung;10;Bestandskunde;Medizintechnik;Bearbeitung;17;Stahl;pulverbeschichtet;28;28;15;0,051;4;51;51;1,0;4;0;0;136;17
PA2024-0401;2024-02-18;Standard;14;Bestandskunde;Maschinenbau;Bearbeitung;5;Stahl;pulverbeschichtet;26;26;7;0,01;4;15;15;1,0;4;0;0;35;5
PA2024-0402;2024-02-13;Standard;11;Bestandskunde;Maschinenbau;Bearbeitung;13;Stahl;pulverbeschichtet;26;26;7;0,026;4;39;39;1,0;4;0;0;91;13
PA2024-0403;2024-02-16;Änderung;9;Bestandskunde;Logistiktechnik;Bearbeitung;3;Stahl;pulverbeschichtet;28;28;15;0,009;4;9;9;1,0;4;0;0;24;3
PA2024-0404;2024-02-16;Änderung;9;Bestandskunde;Maschinenbau;Bearbeitung;15;Stahl;pulverbeschichtet;26;26;7;0,03;4;45;45;1,0;4;0;0;105;15
PA2024-0405;2024-02-16;Standard;3;Bestandskunde;Logistiktechnik;Bearbeitung;3;Stahl;pulverbeschichtet;28;28;15;0,009;4;9;9;1,0;4;0;0;24;3
PA2024-0406;2024-02-17;Standard;11;Bestandskunde;Sonstige;Bearbeitung;13;Stahl;pulverbeschichtet;28;28;15;0,039;4;39;39;1,0;4;0;0;104;13
PA2024-0407;2024-02-18;Standard;9;Bestandskunde;Logistiktechnik;Bearbeitung;10;Stahl;pulverbeschichtet;26;26;7;0,02;4;30;30;1,0;4;0;0;70;10
PA2024-0408;2024-02-16;Änderung;5;Bestandskunde;Maschinenbau;Bearbeitung;11;Stahl;pulverbeschichtet;28;28;15;0,033;4;33;33;1,0;4;0;0;88;11
PA2024-0409;2024-02-12;Standard;14;Neukunde;Medizintechnik;Bearbeitung;6;Stahl;pulverbeschichtet;26;26;7;0,012;4;18;18;1,0;4;0;0;42;6
PA2024-0410;2024-02-12;Standard;14;Bestandskunde;Maschinenbau;Bearbeitung;5;Stahl;pulverbeschichtet;28;28;15;0,015;4;15;15;1,0;4;0;0;40;5
PA2024-0411;2024-02-18;Standard;10;Bestandskunde;Automobilindustrie;Bearbeitung;3;Stahl;pulverbeschichtet;28;28;15;0,009;4;9;9;1,0;4;0;0;24;3
PA2024-0412;2024-02-17;Standard;7;Bestandskunde;Logistiktechnik;Bearbeitung;8;Stahl;pulverbeschichtet;28;28;15;0,024;4;24;24;1,0;4;0;0;64;8
PA2024-0413;2024-02-12;Standard;6;Bestandskunde;Medizintechnik;Bearbeitung;5;Stahl;pulverbeschichtet;28;28;15;0,015;4;15;15;1,0;4;0;0;40;5
PA2024-0414;2024-02-12;Standard;4;Bestandskunde;Logistiktechnik;Bearbeitung;14;Stahl;pulverbeschichtet;26;26;7;0,028;4;42;42;1,0;4;0;0;98;14
PA2024-0415;2024-02-12;Standard;9;Bestandskunde;Logistiktechnik;Bearbeitung;4;Stahl;pulverbeschichtet;26;26;7;0,008;4;12;12;1,0;4;0;0;28;4
PA2024-0416;2024-02-14;Standard;10;Bestandskunde;Maschinenbau;Bearbeitung;5;Stahl;pulverbeschichtet;26;26;7;0,01;4;15;15;1,0;4;0;0;35;5
PA2024-0417;2024-02-16;Standard;3;Bestandskunde;Logistiktechnik;Bearbeitung;12;Stahl;pulverbeschichtet;26;26;7;0,024;4;36;36;1,0;4;0;0;84;12
PA2024-0418;2024-02-15;Änderung;13;Bestandskunde;Haushaltsgeräte;Bearbeitung;4;Stahl;pulverbeschichtet;26;26;7;0,008;4;12;12;1,0;4;0;0;28;4
PA2024-0419;2024-02-16;Änderung;11;Bestandskunde;Sonstige;Bearbeitung;5;Stahl;pulverbeschichtet;26;26;7;0,01;4;15;15;1,0;4;0;0;35;5
PA2024-0420;2024-02-17;Standard;5;Bestandskunde;Maschinenbau;Bearbeitung;20;Stahl;pulverbeschichtet;26;26;7;0,04;4;60;60;1,0;4;0;0;140;20
PA2024-0421;2024-02-19;Standard;10;Bestandskunde;Medizintechnik;Bearbeitung;7;Stahl;pulverbeschichtet;28;28;15;0,021;4;21;21;1,0;4;0;0;56;7
PA2024-0422;2024-02-24;Standard;5;Bestandskunde;Automobilindustrie;Bearbeitung;8;Stahl;pulverbeschichtet;28;28;15;0,024;4;24;24;1,0;4;0;0;64;8
PA2024-0423;2024-02-19;Änderung;9;Bestandskunde;Automobilindustrie;Bearbeitung;17;Stahl;pulverbeschichtet;28;28;15;0,051;4;51;51;1,0;4;0;0;136;17
PA2024-0424;2024-02-21;Standard;7;Bestandskunde;Sonstige;Bearbeitung;14;Stahl;pulverbeschichtet;26;26;7;0,028;4;42;42;1,0;4;0;0;98;14
PA2024-0425;2024-02-24;Standard;7;Bestandskunde;Haushaltsgeräte;Bearbeitung;3;Stahl;pulverbeschichtet;28;28;15;0,009;4;9;9;1,0;4;0;0;24;3
PA2024-0426;2024-02-19;Standard;9;Neukunde;Maschinenbau;Bearbeitung;13;Stahl;pulverbeschichtet;26;26;7;0,026;4;39;39;1,0;4;0;0;91;13
PA2024-0427;2024-02-24;Standard;15;Bestandskunde;Medizintechnik;Bearbeitung;13;Stahl;pulverbeschichtet;28;28;15;0,039;4;39;39;1,0;4;0;0;104;13
PA2024-0428;2024-02-21;Änderung;5;Bestandskunde;Sonstige;Bearbeitung;7;Stahl;pulverbeschichtet;26;26;7;0,014;4;21;21;1,0;4;0;0;49;7
PA2024-0429;2024-02-22;Standard;5;Bestandskunde;Haushaltsgeräte;Bearbeitung;8;Stahl;pulverbeschichtet;26;26;7;0,016;4;24;24;1,0;4;0;0;56;8
PA2024-0430;2024-02-19;Standard;14;Bestandskunde;Logistiktechnik;Bearbeitung;2;Stahl;pulverbeschichtet;26;26;7;0,004;4;6;6;1,0;4;0;0;14;2
PA2024-0431;2024-02-24;Standard;7;Bestandskunde;Logistiktechnik;Bearbeitung;1;Stahl;pulverbeschichtet;28;28;15;0,003;4;3;3;1,0;4;0;0;8;1
PA2024-0432;2024-02-21;Änderung;15;Neukunde;Automobilindustrie;Bearbeitung;9;Stahl;pulverbeschichtet;26;26;7;0,018;4;27;27;1,0;4;0;0;63;9
PA2024-0433;2024-02-20;Änderung;9;Bestandskunde;Haushaltsgeräte;Bearbeitung;1;Stahl;pulverbeschichtet;26;26;7;0,002;4;3;3;1,0;4;0;0;7;1
PA2024-0434;2024-02-21;Änderung;15;Bestandskunde;Automobilindustrie;Bearbeitung;19;Stahl;pulverbeschichtet;28;28;15;0,057;4;57;57;1,0;4;0;0;152;19
PA2024-0435;2024-02-22;Änderung;15;Bestandskunde;Automobilindustrie;Bearbeitung;19;Stahl;pulverbeschichtet;26;26;7;0,038;4;57;57;1,0;4;0;0;133;19
PA2024-0436;2024-02-20;Standard;9;Bestandskunde;Automobilindustrie;Bearbeitung;4;Stahl;pulverbeschichtet;26;26;7;0,008;4;12;12;1,0;4;0;0;28;4
PA2024-0437;2024-02-19;Standard;4;Bestandskunde;Haushaltsgeräte;Bearbeitung;13;Stahl;pulverbeschichtet;26;26;7;0,026;4;39;39;1,0;4;0;0;91;13
PA2024-0438;2024-02-25;Standard;5;Neukunde;Maschinenbau;Bearbeitung;14;Stahl;pulverbeschichtet;26;26;7;0,028;4;42;42;1,0;4;0;0;98;14
PA2024-0439;2024-02-20;Änderung;13;Bestandskunde;Haushaltsgeräte;Bearbeitung;3;Stahl;pulverbeschichtet;26;26;7;0,006;4;9;9;1,0;4;0;0;21;3
PA2024-0440;2024-02-23;Standard;4;Bestandskunde;Automobilindustrie;Bearbeitung;2;Stahl;pulverbeschichtet;28;28;15;0,006;4;6;6;1,0;4;0;0;16;2
PA2024-0441;2024-02-22;Standard;10;Bestandskunde;Sonstige;Bearbeitung;3;Stahl;pulverbeschichtet;28;28;15;0,009;4;9;9;1,0;4;0;0;24;3
PA2024-0442;2024-02-21;Standard;7;Bestandskunde;Maschinenbau;Bearbeitung;20;Stahl;pulverbeschichtet;28;28;15;0,06;4;60;60;1,0;4;0;0;160;20
PA2024-0443;2024-02-21;Standard;14;Neukunde;Maschinenbau;Bearbeitung;18;Stahl;pulverbeschichtet;26;26;7;0,036;4;54;54;1,0;4;0;0;126;18
PA2024-0444;2024-02-19;Standard;14;Bestandskunde;Maschinenbau;Bearbeitung;1;Stahl;pulverbeschichtet;26;26;7;0,002;4;3;3;1,0;4;0;0;7;1
PA2024-0445;2024-02-25;Änderung;13;Bestandskunde;Automobilindustrie;Bearbeitung;4;Stahl;pulverbeschichtet;28;28;15;0,012;4;12;12;1,0;4;0;0;32;4
PA2024-0446;2024-02-22;Änderung;14;Neukunde;Logistiktechnik;Bearbeitung;5;Stahl;pulverbeschichtet;26;26;7;0,01;4;15;15;1,0;4;0;0;35;5
PA2024-0447;2024-02-19;Standard;9;Bestandskunde;Automobilindustrie;Bearbeitung;12;Stahl;pulverbeschichtet;28;28;15;0,036;4;36;36;1,0;4;0;0;96;12
PA2024-0448;2024-02-19;Standard;6;Bestandskunde;Maschinenbau;Bearbeitung;13;Stahl;pulverbeschichtet;28;28;15;0,039;4;39;39;1,0;4;0;0;104;13
PA2024-0449;2024-02-22;Änderung;6;Bestandskunde;Medizintechnik;Bearbeitung;11;Stahl;pulverbeschichtet;26;26;7;0,022;4;33;33;1,0;4;0;0;77;11
PA2024-0450;2024-02-25;Änderung;11;Bestandskunde;Maschinenbau;Bearbeitung;3;Stahl;pulverbeschichtet;28;28;15;0,009;4;9;9;1,0;4;0;0;24;3
PA2024-0451;2024-02-25;Standard;6;Bestandskunde;Logistiktechnik;Bearbeitung;15;Stahl;pulverbeschichtet;26;26;7;0,03;4;45;45;1,0;4;0;0;105;15
PA2024-0452;2024-02-19;Standard;12;Bestandskunde;Automobilindustrie;Bearbeitung;10;Stahl;pulverbeschichtet;28;28;15;0,03;4;30;30;1,0;4;0;0;80;10
PA2024-0453;2024-02-25;Änderung;6;Bestandskunde;Logistiktechnik;Bearbeitung;10;Stahl;pulverbeschichtet;28;28;15;0,03;4;30;30;1,0;4;0;0;80;10
PA2024-0454;2024-02-25;Standard;11;Bestandskunde;Automobilindustrie;Bearbeitung;12;Stahl;pulverbeschichtet;26;26;7;0,024;4;36;36;1,0;4;0;0;84;12
PA2024-0455;2024-02-19;Änderung;10;Bestandskunde;Maschinenbau;Bearbeitung;1;Stahl;pulverbeschichtet;28;28;15;0,003;4;3;3;1,0;4;0;0;8;1
PA2024-0456;2024-02-23;Änderung;8;Bestandskunde;Maschinenbau;Bearbeitung;5;Stahl;pulverbeschichtet;28;28;15;0,015;4;15;15;1,0;4;0;0;40;5
PA2024-0457;2024-02-19;Standard;9;Bestandskunde;Automobilindustrie;Bearbeitung;12;Stahl;pulverbeschichtet;26;26;7;0,024;4;36;36;1,0;4;0;0;84;12
PA2024-0458;2024-02-25;Standard;5;Bestandskunde;Sonstige;Bearbeitung;15;Stahl;pulverbeschichtet;26;26;7;0,03;4;45;45;1,0;4;0;0;105;15
PA2024-0459;2024-02-25;Standard;11;Bestandskunde;Sonstige;Bearbeitung;2;Stahl;pulverbeschichtet;26;26;7;0,004;4;6;6;1,0;4;0;0;14;2
PA2024-0460;2024-02-25;Standard;13;Bestandskunde;Automobilindustrie;Bearbeitung;14;Stahl;pulverbeschichtet;26;26;7;0,028;4;42;42;1,0;4;0;0;98;14
PA2024-0461;2024-02-20;Standard;8;Bestandskunde;Logistiktechnik;Bearbeitung;5;Stahl;pulverbeschichtet;26;26;7;0,01;4;15;15;1,0;4;0;0;35;5
PA2024-0462;2024-02-24;Standard;10;Bestandskunde;Logistiktechnik;Bearbeitung;16;Stahl;pulverbeschichtet;26;26;7;0,032;4;48;48;1,0;4;0;0;112;16
PA2024-0463;2024-02-21;Änderung;12;Bestandskunde;Automobilindustrie;Bearbeitung;17;Stahl;pulverbeschichtet;26;26;7;0,034;4;51;51;1,0;4;0;0;119;17
PA2024-0464;2024-02-22;Standard;11;Bestandskunde;Maschinenbau;Bearbeitung;12;Stahl;pulverbeschichtet;26;26;7;0,024;4;36;36;1,0;4;0;0;84;12
PA2024-0465;2024-02-21;Standard;7;Bestandskunde;Maschinenbau;Bearbeitung;1;Stahl;pulverbeschichtet;28;28;15;0,003;4;3;3;1,0;4;0;0;8;1
PA2024-0466;2024-02-25;Standard;15;Bestandskunde;Sonstige;Bearbeitung;8;Stahl;pulverbeschichtet;28;28;15;0,024;4;24;24;1,0;4;0;0;64;8
PA2024-0467;2024-02-20;Standard;8;Bestandskunde;Maschinenbau;Bearbeitung;2;Stahl;pulverbeschichtet;26;26;7;0,004;4;6;6;1,0;4;0;0;14;2
PA2024-0468;2024-02-21;Standard;7;Bestandskunde;Maschinenbau;Bearbeitung;12;Stahl;pulverbeschichtet;26;26;7;0,024;4;36;36;1,0;4;0;0;84;12
PA2024-0469;2024-02-23;Standard;5;Bestandskunde;Automobilindustrie;Bearbeitung;16;Stahl;pulverbeschichtet;26;26;7;0,032;4;48;48;1,0;4;0;0;112;16
PA2024-0470;2024-02-22;Standard;4;Bestandskunde;Logistiktechnik;Bearbeitung;8;Stahl;pulverbeschichtet;28;28;15;0,024;4;24;24;1,0;4;0;0;64;8
PA2024-0471;2024-02-19;Änderung;11;Bestandskunde;Medizintechnik;Bearbeitung;5;Stahl;pulverbeschichtet;26;26;7;0,01;4;15;15;1,0;4;0;0;35;5
PA2024-0472;2024-02-20;Standard;11;Bestandskunde;Sonstige;Bearbeitung;5;Stahl;pulverbeschichtet;28;28;15;0,015;4;15;15;1,0;4;0;0;40;5
PA2024-0473;2024-02-19;Standard;12;Bestandskunde;Automobilindustrie;Bearbeitung;19;Stahl;pulverbeschichtet;26;26;7;0,038;4;57;57;1,0;4;0;0;133;19
PA2024-0474;2024-02-21;Standard;11;Bestandskunde;Maschinenbau;Bearbeitung;14;Stahl;pulverbeschichtet;26;26;7;0,028;4;42;42;1,0;4;0;0;98;14
PA2024-0475;2024-02-21;Standard;7;Bestandskunde;Maschinenbau;Bearbeitung;20;Stahl;pulverbeschichtet;28;28;15;0,06;4;60;60;1,0;4;0;0;160;20
PA2024-0476;2024-02-24;Standard;7;Bestandskunde;Maschinenbau;Bearbeitung;10;Stahl;pulverbeschichtet;28;28;15;0,03;4;30;30;1,0;4;0;0;80;10
PA2024-0477;2024-02-24;Standard;4;Bestandskunde;Sonstige;Bearbeitung;13;Stahl;pulverbeschichtet;26;26;7;0,026;4;39;39;1,0;4;0;0;91;13
PA2024-0478;2024-02-23;Standard;10;Bestandskunde;Medizintechnik;Bearbeitung;8;Stahl;pulverbeschichtet;26;26;7;0,016;4;24;24;1,0;4;0;0;56;8
PA2024-0479;2024-02-20;Standard;11;Bestandskunde;Sonstige;Bearbeitung;11;Stahl;pulverbeschichtet;26;26;7;0,022;4;33;33;1,0;4;0;0;77;11
PA2024-0480;2024-02-25;Standard;11;Bestandskunde;Logistiktechnik;Bearbeitung;8;Stahl;pulverbeschichtet;26;26;7;0,016;4;24;24;1,0;4;0;0;56;8
PA2024-0481;2024-02-28;Änderung;6;Bestandskunde;Maschinenbau;Bearbeitung;15;Stahl;pulverbeschichtet;26;26;7;0,03;4;45;45;1,0;4;0;0;105;15
PA2024-0482;2024-02-29;Änderung;14;Bestandskunde;Haushaltsgeräte;Bearbeitung;13;Stahl;pulverbeschichtet;28;28;15;0,039;4;39;39;1,0;4;0;0;104;13
PA2024-0483;2024-03-03;Änderung;10;Bestandskunde;Automobilindustrie;Bearbeitung;2;Stahl;pulverbeschichtet;26;26;7;0,004;4;6;6;1,0;4;0;0;14;2
PA2024-0484;2024-02-28;Änderung;9;Bestandskunde;Haushaltsgeräte;Bearbeitung;6;Stahl;pulverbeschichtet;28;28;15;0,018;4;18;18;1,0;4;0;0;48;6
PA2024-0485;2024-03-02;Standard;5;Bestandskunde;Automobilindustrie;Bearbeitung;3;Stahl;pulverbeschichtet;28;28;15;0,009;4;9;9;1,0;4;0;0;24;3
PA2024-0486;2024-03-01;Standard;14;Bestandskunde;Automobilindustrie;Bearbeitung;6;Stahl;pulverbeschichtet;28;28;15;0,018;4;18;18;1,0;4;0;0;48;6
PA2024-0487;2024-02-26;Änderung;6;Bestandskunde;Maschinenbau;Bearbeitung;14;Stahl;pulverbeschichtet;28;28;15;0,042;4;42;42;1,0;4;0;0;112;14
PA2024-0488;2024-02-28;Standard;10;Bestandskunde;Medizintechnik;Bearbeitung;19;Stahl;pulverbeschichtet;28;28;15;0,057;4;57;57;1,0;4;0;0;152;19
PA2024-0489;2024-02-26;Änderung;12;Bestandskunde;Automobilindustrie;Bearbeitung;20;Stahl;pulverbeschichtet;28;28;15;0,06;4;60;60;1,0;4;0;0;160;20
PA2024-0490;2024-02-26;Änderung;4;Bestandskunde;Haushaltsgeräte;Bearbeitung;3;Stahl;pulverbeschichtet;28;28;15;0,009;4;9;9;1,0;4;0;0;24;3
PA2024-0491;2024-02-28;Änderung;12;Bestandskunde;Maschinenbau;Bearbeitung;9;Stahl;pulverbeschichtet;28;28;15;0,027;4;27;27;1,0;4;0;0;72;9
PA2024-0492;2024-02-27;Standard;12;Bestandskunde;Sonstige;Bearbeitung;15;Stahl;pulverbeschichtet;26;26;7;0,03;4;45;45;1,0;4;0;0;105;15
PA2024-0493;2024-02-29;Änderung;13;Bestandskunde;Maschinenbau;Bearbeitung;19;Stahl;pulverbeschichtet;26;26;7;0,038;4;57;57;1,0;4;0;0;133;19
PA2024-0494;2024-03-03;Standard;6;Bestandskunde;Sonstige;Bearbeitung;18;Stahl;pulverbeschichtet;26;26;7;0,036;4;54;54;1,0;4;0;0;126;18
PA2024-0495;2024-02-27;Änderung;4;Bestandskunde;Medizintechnik;Bearbeitung;14;Stahl;pulverbeschichtet;28;28;15;0,042;4;42;42;1,0;4;0;0;112;14
PA2024-0496;2024-02-27;Änderung;14;Bestandskunde;Maschinenbau;Bearbeitung;2;Stahl;pulverbeschichtet;28;28;15;0,006;4;6;6;1,0;4;0;0;16;2
PA2024-0497;2024-03-03;Änderung;15;Bestandskunde;Sonstige;Bearbeitung;7;Stahl;pulverbeschichtet;26;26;7;0,014;4;21;21;1,0;4;0;0;49;7
PA2024-0498;2024-02-26;Standard;14;Bestandskunde;Maschinenbau;Bearbeitung;7;Stahl;pulverbeschichtet;26;26;7;0,014;4;21;21;1,0;4;0;0;49;7
PA2024-0499;2024-02-28;Änderung;5;Bestandskunde;Sonstige;Bearbeitung;18;Stahl;pulverbeschichtet;26;26;7;0,036;4;54;54;1,0;4;0;0;126;18
PA2024-0500;2024-03-01;Änderung;13;Bestandskunde;Automobilindustrie;Bearbeitung;20;Stahl;pulverbeschichtet;28;28;15;0,06;4;60;60;1,0;4;0;0;160;20
PA2024-0501;2024-02-29;Standard;6;Bestandskunde;Automobilindustrie;Bearbeitung;4;Stahl;pulverbeschichtet;28;28;15;0,012;4;12;12;1,0;4;0;0;32;4
PA2024-0502;2024-03-03;Änderung;10;Neukunde;Medizintechnik;Bearbeitung;14;Stahl;pulverbeschichtet;26;26;7;0,028;4;42;42;1,0;4;0;0;98;14
PA2024-0503;2024-03-02;Standard;15;Bestandskunde;Automobilindustrie;Bearbeitung;6;Stahl;pulverbeschichtet;28;28;15;0,018;4;18;18;1,0;4;0;0;48;6
PA2024-0504;2024-02-27;Standard;13;Bestandskunde;Sonstige;Bearbeitung;11;Stahl;pulverbeschichtet;28;28;15;0,033;4;33;33;1,0;4;0;0;88;11
PA2024-0505;2024-03-02;Änderung;15;Bestandskunde;Medizintechnik;Bearbeitung;1;Stahl;pulverbeschichtet;26;26;7;0,002;4;3;3;1,0;4;0;0;7;1
PA2024-0506;2024-02-28;Standard;9;Bestandskunde;Maschinenbau;Bearbeitung;4;Stahl;pulverbeschichtet;28;28;15;0,012;4;12;12;1,0;4;0;0;32;4
PA2024-0507;2024-02-28;Standard;13;Bestandskunde;Logistiktechnik;Bearbeitung;14;Stahl;pulverbeschichtet;26;26;7;0,028;4;42;42;1,0;4;0;0;98;14
PA2024-0508;2024-02-29;Änderung;7;Bestandskunde;Maschinenbau;Bearbeitung;16;Stahl;pulverbeschichtet;26;26;7;0,032;4;48;48;1,0;4;0;0;112;16
PA2024-0509;2024-03-01;Standard;6;Bestandskunde;Maschinenbau;Bearbeitung;13;Stahl;pulverbeschichtet;28;28;15;0,039;4;39;39;1,0;4;0;0;104;13
PA2024-0510;2024-02-27;Standard;8;Bestandskunde;Maschinenbau;Bearbeitung;2;Stahl;pulverbeschichtet;26;26;7;0,004;4;6;6;1,0;4;0;0;14;2
PA2024-0511;2024-02-29;Änderung;4;Bestandskunde;Sonstige;Bearbeitung;9;Stahl;pulverbeschichtet;26;26;7;0,018;4;27;27;1,0;4;0;0;63;9
PA2024-0512;2024-03-01;Standard;11;Bestandskunde;Automobilindustrie;Bearbeitung;1;Stahl;pulverbeschichtet;28;28;15;0,003;4;3;3;1,0;4;0;0;8;1
PA2024-0513;2024-02-29;Standard;13;Bestandskunde;Logistiktechnik;Bearbeitung;19;Stahl;pulverbeschichtet;26;26;7;0,038;4;57;57;1,0;4;0;0;133;19
PA2024-0514;2024-02-27;Standard;9;Bestandskunde;Automobilindustrie;Bearbeitung;10;Stahl;pulverbeschichtet;28;28;15;0,03;4;30;30;1,0;4;0;0;80;10
PA2024-0515;2024-02-26;Änderung;8;Bestandskunde;Medizintechnik;Bearbeitung;7;Stahl;pulverbeschichtet;26;26;7;0,014;4;21;21;1,0;4;0;0;49;7
PA2024-0516;2024-03-02;Standard;8;Bestandskunde;Logistiktechnik;Bearbeitung;1;Stahl;pulverbeschichtet;26;26;7;0,002;4;3;3;1,0;4;0;0;7;1
PA2024-0517;2024-02-27;Änderung;8;Bestandskunde;Sonstige;Bearbeitung;9;Stahl;pulverbeschichtet;26;26;7;0,018;4;27;27;1,0;4;0;0;63;9
PA2024-0518;2024-03-02;Änderung;10;Bestandskunde;Logistiktechnik;Bearbeitung;12;Stahl;pulverbeschichtet;28;28;15;0,036;4;36;36;1,0;4;0;0;96;12
PA2024-0519;2024-02-27;Standard;13;Bestandskunde;Medizintechnik;Bearbeitung;20;Stahl;pulverbeschichtet;28;28;15;0,06;4;60;60;1,0;4;0;0;160;20
PA2024-0520;2024-02-26;Standard;4;Bestandskunde;Automobilindustrie;Bearbeitung;12;Stahl;pulverbeschichtet;28;28;15;0,036;4;36;36;1,0;4;0;0;96;12
PA2024-0521;2024-03-02;Standard;5;Bestandskunde;Sonstige;Bearbeitung;9;Stahl;pulverbeschichtet;28;28;15;0,027;4;27;27;1,0;4;0;0;72;9
PA2024-0522;2024-02-28;Standard;10;Bestandskunde;Sonstige;Bearbeitung;8;Stahl;pulverbeschichtet;28;28;15;0,024;4;24;24;1,0;4;0;0;64;8
PA2024-0523;2024-03-02;Änderung;10;Neukunde;Haushaltsgeräte;Bearbeitung;16;Stahl;pulverbeschichtet;26;26;7;0,032;4;48;48;1,0;4;0;0;112;16
PA2024-0524;2024-02-29;Standard;11;Bestandskunde;Maschinenbau;Bearbeitung;19;Stahl;pulverbeschichtet;28;28;15;0,057;4;57;57;1,0;4;0;0;152;19
PA2024-0525;2024-03-02;Standard;9;Bestandskunde;Maschinenbau;Bearbeitung;16;Stahl;pulverbeschichtet;26;26;7;0,032;4;48;48;1,0;4;0;0;112;16
PA2024-0526;2024-02-28;Standard;7;Bestandskunde;Logistiktechnik;Bearbeitung;6;Stahl;pulverbeschichtet;28;28;15;0,018;4;18;18;1,0;4;0;0;48;6
PA2024-0527;2024-02-29;Standard;6;Bestandskunde;Automobilindustrie;Bearbeitung;18;Stahl;pulverbeschichtet;28;28;15;0,054;4;54;54;1,0;4;0;0;144;18
PA2024-0528;2024-03-02;Standard;5;Bestandskunde;Maschinenbau;Bearbeitung;10;Stahl;pulverbeschichtet;26;26;7;0,02;4;30;30;1,0;4;0;0;70;10
PA2024-0529;2024-02-28;Standard;9;Bestandskunde;Logistiktechnik;Bearbeitung;4;Stahl;pulverbeschichtet;28;28;15;0,012;4;12;12;1,0;4;0;0;32;4
PA2024-0530;2024-03-03;Standard;5;Bestandskunde;Logistiktechnik;Bearbeitung;4;Stahl;pulverbeschichtet;28;28;15;0,012;4;12;12;1,0;4;0;0;32;4
PA2024-0531;2024-02-28;Standard;12;Neukunde;Sonstige;Bearbeitung;5;Stahl;pulverbeschichtet;28;28;15;0,015;4;15;15;1,0;4;0;0;40;5
PA2024-0532;2024-02-29;Standard;13;Bestandskunde;Maschinenbau;Bearbeitung;6;Stahl;pulverbeschichtet;26;26;7;0,012;4;18;18;1,0;4;0;0;42;6
PA2024-0533;2024-02-28;Standard;7;Bestandskunde;Maschinenbau;Bearbeitung;15;Stahl;pulverbeschichtet;26;26;7;0,03;4;45;45;1,0;4;0;0;105;15
PA2024-0534;2024-03-03;Standard;8;Bestandskunde;Automobilindustrie;Bearbeitung;3;Stahl;pulverbeschichtet;28;28;15;0,009;4;9;9;1,0;4;0;0;24;3
PA2024-0535;2024-03-02;Standard;13;Bestandskunde;Maschinenbau;Bearbeitung;13;Stahl;pulverbeschichtet;26;26;7;0,026;4;39;39;1,0;4;0;0;91;13
PA2024-0536;2024-03-01;Änderung;7;Bestandskunde;Medizintechnik;Bearbeitung;11;Stahl;pulverbeschichtet;26;26;7;0,022;4;33;33;1,0;4;0;0;77;11
PA2024-0537;2024-03-02;Änderung;4;Bestandskunde;Haushaltsgeräte;Bearbeitung;12;Stahl;pulverbeschichtet;26;26;7;0,024;4;36;36;1,0;4;0;0;84;12
PA2024-0538;2024-02-26;Änderung;13;Bestandskunde;Sonstige;Bearbeitung;3;Stahl;pulverbeschichtet;28;28;15;0,009;4;9;9;1,0;4;0;0;24;3
PA2024-0539;2024-02-28;Standard;13;Bestandskunde;Medizintechnik;Bearbeitung;11;Stahl;pulverbeschichtet;26;26;7;0,022;4;33;33;1,0;4;0;0;77;11
PA2024-0540;2024-02-27;Standard;11;Bestandskunde;Medizintechnik;Bearbeitung;7;Stahl;pulverbeschichtet;28;28;15;0,021;4;21;21;1,0;4;0;0;56;7
PA2024-0541;2024-03-04;Änderung;9;Bestandskunde;Automobilindustrie;Bearbeitung;7;Stahl;pulverbeschichtet;26;26;7;0,014;4;21;21;1,0;4;0;0;49;7
PA2024-0542;2024-03-04;Änderung;12;Bestandskunde;Logistiktechnik;Bearbeitung;13;Stahl;pulverbeschichtet;26;26;7;0,026;4;39;39;1,0;4;0;0;91;13
PA2024-0543;2024-03-08;Standard;4;Bestandskunde;Automobilindustrie;Bearbeitung;4;Stahl;pulverbeschichtet;28;28;15;0,012;4;12;12;1,0;4;0;0;32;4
PA2024-0544;2024-03-09;Änderung;5;Bestandskunde;Logistiktechnik;Bearbeitung;18;Stahl;pulverbeschichtet;26;26;7;0,036;4;54;54;1,0;4;0;0;126;18
PA2024-0545;2024-03-09;Standard;6;Neukunde;Maschinenbau;Bearbeitung;1;Stahl;pulverbeschichtet;28;28;15;0,003;4;3;3;1,0;4;0;0;8;1
PA2024-0546;2024-03-09;Standard;5;Bestandskunde;Sonstige;Bearbeitung;20;Stahl;pulverbeschichtet;28;28;15;0,06;4;60;60;1,0;4;0;0;160;20
PA2024-0547;2024-03-10;Standard;6;Bestandskunde;Sonstige;Bearbeitung;10;Stahl;pulverbeschichtet;26;26;7;0,02;4;30;30;1,0;4;0;0;70;10
PA2024-0548;2024-03-07;Standard;7;Bestandskunde;Maschinenbau;Bearbeitung;17;Stahl;pulverbeschichtet;26;26;7;0,034;4;51;51;1,0;4;0;0;119;17
PA2024-0549;2024-03-09;Änderung;13;Bestandskunde;Automobilindustrie;Bearbeitung;16;Stahl;pulverbeschichtet;26;26;7;0,032;4;48;48;1,0;4;0;0;112;16
PA2024-0550;2024-03-06;Änderung;8;Bestandskunde;Automobilindustrie;Bearbeitung;4;Stahl;pulverbeschichtet;26;26;7;0,008;4;12;12;1,0;4;0;0;28;4
PA2024-0551;2024-03-04;Standard;15;Bestandskunde;Haushaltsgeräte;Bearbeitung;9;Stahl;pulverbeschichtet;28;28;15;0,027;4;27;27;1,0;4;0;0;72;9
PA2024-0552;2024-03-06;Standard;9;Bestandskunde;Automobilindustrie;Bearbeitung;6;Stahl;pulverbeschichtet;26;26;7;0,012;4;18;18;1,0;4;0;0;42;6
PA2024-0553;2024-03-06;Standard;11;Bestandskunde;Logistiktechnik;Bearbeitung;2;Stahl;pulverbeschichtet;26;26;7;0,004;4;6;6;1,0;4;0;0;14;2
PA2024-0554;2024-03-09;Standard;7;Bestandskunde;Medizintechnik;Bearbeitung;20;Stahl;pulverbeschichtet;26;26;7;0,04;4;60;60;1,0;4;0;0;140;20
PA2024-0555;2024-03-04;Standard;12;Bestandskunde;Haushaltsgeräte;Bearbeitung;13;Stahl;pulverbeschichtet;28;28;15;0,039;4;39;39;1,0;4;0;0;104;13
PA2024-0556;2024-03-06;Standard;12;Bestandskunde;Sonstige;Bearbeitung;14;Stahl;pulverbeschichtet;28;28;15;0,042;4;42;42;1,0;4;0;0;112;14
PA2024-0557;2024-03-05;Standard;4;Bestandskunde;Automobilindustrie;Bearbeitung;4;Stahl;pulverbeschichtet;26;26;7;0,008;4;12;12;1,0;4;0;0;28;4
PA2024-0558;2024-03-07;Standard;13;Bestandskunde;Automobilindustrie;Bearbeitung;12;Stahl;pulverbeschichtet;28;28;15;0,036;4;36;36;1,0;4;0;0;96;12
PA2024-0559;2024-03-07;Standard;14;Bestandskunde;Medizintechnik;Bearbeitung;2;Stahl;pulverbeschichtet;26;26;7;0,004;4;6;6;1,0;4;0;0;14;2
PA2024-0560;2024-03-09;Standard;10;Bestandskunde;Sonstige;Bearbeitung;17;Stahl;pulverbeschichtet;26;26;7;0,034;4;51;51;1,0;4;0;0;119;17
PA2024-0561;2024-03-08;Standard;15;Bestandskunde;Medizintechnik;Bearbeitung;14;Stahl;pulverbeschichtet;26;26;7;0,028;4;42;42;1,0;4;0;0;98;14
PA2024-0562;2024-03-06;Standard;12;Bestandskunde;Sonstige;Bearbeitung;20;Stahl;pulverbeschichtet;26;26;7;0,04;4;60;60;1,0;4;0;0;140;20
PA2024-0563;2024-03-09;Standard;7;Bestandskunde;Automobilindustrie;Bearbeitung;16;Stahl;pulverbeschichtet;26;26;7;0,032;4;48;48;1,0;4;0;0;112;16
PA2024-0564;2024-03-10;Standard;15;Bestandskunde;Maschinenbau;Bearbeitung;9;Stahl;pulverbeschichtet;26;26;7;0,018;4;27;27;1,0;4;0;0;63;9
PA2024-0565;2024-03-08;Standard;11;Bestandskunde;Automobilindustrie;Bearbeitung;15;Stahl;pulverbeschichtet;26;26;7;0,03;4;45;45;1,0;4;0;0;105;15
PA2024-0566;2024-03-07;Standard;5;Bestandskunde;Logistiktechnik;Bearbeitung;4;Stahl;pulverbeschichtet;28;28;15;0,012;4;12;12;1,0;4;0;0;32;4
PA2024-0567;2024-03-09;Standard;4;Bestandskunde;Sonstige;Bearbeitung;18;Stahl;pulverbeschichtet;28;28;15;0,054;4;54;54;1,0;4;0;0;144;18
PA2024-0568;2024-03-10;Standard;10;Bestandskunde;Logistiktechnik;Bearbeitung;15;Stahl;pulverbeschichtet;26;26;7;0,03;4;45;45;1,0;4;0;0;105;15
PA2024-0569;2024-03-10;Standard;5;Bestandskunde;Sonstige;Bearbeitung;11;Stahl;pulverbeschichtet;28;28;15;0,033;4;33;33;1,0;4;0;0;88;11
PA2024-0570;2024-03-09;Standard;11;Bestandskunde;Medizintechnik;Bearbeitung;8;Stahl;pulverbeschichtet;28;28;15;0,024;4;24;24;1,0;4;0;0;64;8
PA2024-0571;2024-03-06;Standard;10;Bestandskunde;Automobilindustrie;Bearbeitung;4;Stahl;pulverbeschichtet;26;26;7;0,008;4;12;12;1,0;4;0;0;28;4
PA2024-0572;2024-03-07;Standard;6;Bestandskunde;Maschinenbau;Bearbeitung;14;Stahl;pulverbeschichtet;26;26;7;0,028;4;42;42;1,0;4;0;0;98;14
PA2024-0573;2024-03-08;Standard;7;Neukunde;Sonstige;Bearbeitung;13;Stahl;pulverbeschichtet;26;26;7;0,026;4;39;39;1,0;4;0;0;91;13
PA2024-0574;2024-03-10;Standard;9;Bestandskunde;Maschinenbau;Bearbeitung;14;Stahl;pulverbeschichtet;26;26;7;0,028;4;42;42;1,0;4;0;0;98;14
PA2024-0575;2024-03-10;Standard;15;Bestandskunde;Maschinenbau;Bearbeitung;17;Stahl;pulverbeschichtet;26;26;7;0,034;4;51;51;1,0;4;0;0;119;17
PA2024-0576;2024-03-04;Standard;15;Bestandskunde;Sonstige;Bearbeitung;14;Stahl;pulverbeschichtet;26;26;7;0,028;4;42;42;1,0;4;0;0;98;14
PA2024-0577;2024-03-10;Änderung;8;Bestandskunde;Sonstige;Bearbeitung;5;Stahl;pulverbeschichtet;28;28;15;0,015;4;15;15;1,0;4;0;0;40;5
PA2024-0578;2024-03-09;Änderung;10;Bestandskunde;Maschinenbau;Bearbeitung;20;Stahl;pulverbeschichtet;26;26;7;0,04;4;60;60;1,0;4;0;0;140;20
PA2024-0579;2024-03-07;Standard;11;Bestandskunde;Medizintechnik;Bearbeitung;5;Stahl;pulverbeschichtet;26;26;7;0,01;4;15;15;1,0;4;0;0;35;5
PA2024-0580;2024-03-08;Standard;15;Neukunde;Automobilindustrie;Bearbeitung;11;Stahl;pulverbeschichtet;26;26;7;0,022;4;33;33;1,0;4;0;0;77;11
PA2024-0581;2024-03-05;Änderung;10;Bestandskunde;Haushaltsgeräte;Bearbeitung;5;Stahl;pulverbeschichtet;26;26;7;0,01;4;15;15;1,0;4;0;0;35;5
PA2024-0582;2024-03-09;Standard;5;Bestandskunde;Sonstige;Bearbeitung;19;Stahl;pulverbeschichtet;26;26;7;0,038;4;57;57;1,0;4;0;0;133;19
PA2024-0583;2024-03-09;Standard;10;Bestandskunde;Logistiktechnik;Bearbeitung;1;Stahl;pulverbeschichtet;28;28;15;0,003;4;3;3;1,0;4;0;0;8;1
PA2024-0584;2024-03-07;Standard;6;Bestandskunde;Sonstige;Bearbeitung;9;Stahl;pulverbeschichtet;26;26;7;0,018;4;27;27;1,0;4;0;0;63;9
PA2024-0585;2024-03-09;Standard;10;Bestandskunde;Automobilindustrie;Bearbeitung;10;Stahl;pulverbeschichtet;26;26;7;0,02;4;30;30;1,0;4;0;0;70;10
PA2024-0586;2024-03-06;Änderung;13;Neukunde;Medizintechnik;Bearbeitung;18;Stahl;pulverbeschichtet;26;26;7;0,036;4;54;54;1,0;4;0;0;126;18
PA2024-0587;2024-03-05;Änderung;15;Bestandskunde;Sonstige;Bearbeitung;10;Stahl;pulverbeschichtet;26;26;7;0,02;4;30;30;1,0;4;0;0;70;10
PA2024-0588;2024-03-07;Änderung;12;Bestandskunde;Medizintechnik;Bearbeitung;11;Stahl;pulverbeschichtet;26;26;7;0,022;4;33;33;1,0;4;0;0;77;11
PA2024-0589;2024-03-09;Standard;10;Bestandskunde;Haushaltsgeräte;Bearbeitung;15;Stahl;pulverbeschichtet;26;26;7;0,03;4;45;45;1,0;4;0;0;105;15
PA2024-0590;2024-03-10;Standard;9;Neukunde;Automobilindustrie;Bearbeitung;10;Stahl;pulverbeschichtet;26;26;7;0,02;4;30;30;1,0;4;0;0;70;10
PA2024-0591;2024-03-09;Standard;5;Bestandskunde;Logistiktechnik;Bearbeitung;17;Stahl;pulverbeschichtet;28;28;15;0,051;4;51;51;1,0;4;0;0;136;17
PA2024-0592;2024-03-04;Änderung;14;Bestandskunde;Automobilindustrie;Bearbeitung;6;Stahl;pulverbeschichtet;26;26;7;0,012;4;18;18;1,0;4;0;0;42;6
PA2024-0593;2024-03-06;Änderung;13;Bestandskunde;Medizintechnik;Bearbeitung;5;Stahl;pulverbeschichtet;28;28;15;0,015;4;15;15;1,0;4;0;0;40;5
PA2024-0594;2024-03-04;Standard;10;Bestandskunde;Sonstige;Bearbeitung;12;Stahl;pulverbeschichtet;28;28;15;0,036;4;36;36;1,0;4;0;0;96;12
PA2024-0595;2024-03-08;Standard;8;Bestandskunde;Haushaltsgeräte;Bearbeitung;17;Stahl;pulverbeschichtet;26;26;7;0,034;4;51;51;1,0;4;0;0;119;17
PA2024-0596;2024-03-08;Änderung;11;Bestandskunde;Automobilindustrie;Bearbeitung;7;Stahl;pulverbeschichtet;26;26;7;0,014;4;21;21;1,0;4;0;0;49;7
PA2024-0597;2024-03-06;Änderung;10;Bestandskunde;Sonstige;Bearbeitung;17;Stahl;pulverbeschichtet;28;28;15;0,051;4;51;51;1,0;4;0;0;136;17
PA2024-0598;2024-03-10;Standard;5;Bestandskunde;Medizintechnik;Bearbeitung;8;Stahl;pulverbeschichtet;28;28;15;0,024;4;24;24;1,0;4;0;0;64;8
PA2024-0599;2024-03-09;Standard;10;Bestandskunde;Maschinenbau;Bearbeitung;4;Stahl;pulverbeschichtet;26;26;7;0,008;4;12;12;1,0;4;0;0;28;4
PA2024-0600;2024-03-08;Standard;10;Bestandskunde;Sonstige;Bearbeitung;12;Stahl;pulverbeschichtet;28;28;15;0,036;4;36;36;1,0;4;0;0;96;12
PA2024-0601;2024-03-11;Standard;10;Bestandskunde;Automobilindustrie;Bearbeitung;17;Stahl;pulverbeschichtet;28;28;15;0,051;4;51;51;1,0;4;0;0;136;17
PA2024-0602;2024-03-12;Änderung;3;Bestandskunde;Sonstige;Bearbeitung;7;Stahl;pulverbeschichtet;26;26;7;0,014;4;21;21;1,0;4;0;0;49;7
PA2024-0603;2024-03-12;Standard;13;Bestandskunde;Automobilindustrie;Bearbeitung;5;Stahl;pulverbeschichtet;28;28;15;0,015;4;15;15;1,0;4;0;0;40;5
PA2024-0604;2024-03-16;Änderung;10;Bestandskunde;Automobilindustrie;Bearbeitung;6;Stahl;pulverbeschichtet;26;26;7;0,012;4;18;18;1,0;4;0;0;42;6
PA2024-0605;2024-03-11;Standard;9;Bestandskunde;Maschinenbau;Bearbeitung;15;Stahl;pulverbeschichtet;28;28;15;0,045;4;45;45;1,0;4;0;0;120;15
PA2024-0606;2024-03-13;Standard;3;Bestandskunde;Logistiktechnik;Bearbeitung;1;Stahl;pulverbeschichtet;28;28;15;0,003;4;3;3;1,0;4;0;0;8;1
PA2024-0607;2024-03-16;Änderung;5;Bestandskunde;Sonstige;Bearbeitung;10;Stahl;pulverbeschichtet;26;26;7;0,02;4;30;30;1,0;4;0;0;70;10
PA2024-0608;2024-03-11;Standard;10;Bestandskunde;Maschinenbau;Bearbeitung;13;Stahl;pulverbeschichtet;28;28;15;0,039;4;39;39;1,0;4;0;0;104;13
PA2024-0609;2024-03-12;Änderung;8;Bestandskunde;Logistiktechnik;Bearbeitung;18;Stahl;pulverbeschichtet;26;26;7;0,036;4;54;54;1,0;4;0;0;126;18
PA2024-0610;2024-03-12;Standard;10;Bestandskunde;Logistiktechnik;Bearbeitung;12;Stahl;pulverbeschichtet;28;28;15;0,036;4;36;36;1,0;4;0;0;96;12
PA2024-0611;2024-03-11;Änderung;4;Bestandskunde;Logistiktechnik;Bearbeitung;18;Stahl;pulverbeschichtet;26;26;7;0,036;4;54;54;1,0;4;0;0;126;18
PA2024-0612;2024-03-12;Standard;12;Neukunde;Automobilindustrie;Bearbeitung;17;Stahl;pulverbeschichtet;26;26;7;0,034;4;51;51;1,0;4;0;0;119;17
PA2024-0613;2024-03-12;Änderung;8;Bestandskunde;Logistiktechnik;Bearbeitung;4;Stahl;pulverbeschichtet;26;26;7;0,008;4;12;12;1,0;4;0;0;28;4
PA2024-0614;2024-03-17;Standard;15;Bestandskunde;Haushaltsgeräte;Bearbeitung;3;Stahl;pulverbeschichtet;26;26;7;0,006;4;9;9;1,0;4;0;0;21;3
PA2024-0615;2024-03-12;Änderung;14;Bestandskunde;Medizintechnik;Bearbeitung;8;Stahl;pulverbeschichtet;28;28;15;0,024;4;24;24;1,0;4;0;0;64;8
PA2024-0616;2024-03-15;Änderung;5;Bestandskunde;Automobilindustrie;Bearbeitung;15;Stahl;pulverbeschichtet;26;26;7;0,03;4;45;45;1,0;4;0;0;105;15
PA2024-0617;2024-03-16;Standard;10;Bestandskunde;Maschinenbau;Bearbeitung;19;Stahl;pulverbeschichtet;28;28;15;0,057;4;57;57;1,0;4;0;0;152;19
PA2024-0618;2024-03-14;Standard;6;Bestandskunde;Sonstige;Bearbeitung;8;Stahl;pulverbeschichtet;28;28;15;0,024;4;24;24;1,0;4;0;0;64;8
PA2024-0619;2024-03-17;Änderung;12;Bestandskunde;Haushaltsgeräte;Bearbeitung;16;Stahl;pulverbeschichtet;28;28;15;0,048;4;48;48;1,0;4;0;0;128;16
PA2024-0620;2024-03-13;Änderung;10;Bestandskunde;Haushaltsgeräte;Bearbeitung;20;Stahl;pulverbeschichtet;28;28;15;0,06;4;60;60;1,0;4;0;0;160;20
PA2024-0621;2024-03-17;Änderung;7;Bestandskunde;Automobilindustrie;Bearbeitung;3;Stahl;pulverbeschichtet;26;26;7;0,006;4;9;9;1,0;4;0;0;21;3
PA2024-0622;2024-03-17;Änderung;15;Bestandskunde;Automobilindustrie;Bearbeitung;19;Stahl;pulverbeschichtet;26;26;7;0,038;4;57;57;1,0;4;0;0;133;19
PA2024-0623;2024-03-12;Änderung;4;Bestandskunde;Logistiktechnik;Bearbeitung;18;Stahl;pulverbeschichtet;28;28;15;0,054;4;54;54;1,0;4;0;0;144;18
PA2024-0624;2024-03-17;Standard;7;Bestandskunde;Automobilindustrie;Bearbeitung;19;Stahl;pulverbeschichtet;28;28;15;0,057;4;57;57;1,0;4;0;0;152;19
PA2024-0625;2024-03-14;Änderung;15;Bestandskunde;Logistiktechnik;Bearbeitung;17;Stahl;pulverbeschichtet;28;28;15;0,051;4;51;51;1,0;4;0;0;136;17
PA2024-0626;2024-03-17;Standard;8;Bestandskunde;Maschinenbau;Bearbeitung;6;Stahl;pulverbeschichtet;26;26;7;0,012;4;18;18;1,0;4;0;0;42;6
PA2024-0627;2024-03-16;Standard;15;Bestandskunde;Automobilindustrie;Bearbeitung;16;Stahl;pulverbeschichtet;26;26;7;0,032;4;48;48;1,0;4;0;0;112;16
PA2024-0628;2024-03-13;Standard;12;Bestandskunde;Medizintechnik;Bearbeitung;17;Stahl;pulverbeschichtet;26;26;7;0,034;4;51;51;1,0;4;0;0;119;17
PA2024-0629;2024-03-14;Änderung;13;Bestandskunde;Automobilindustrie;Bearbeitung;11;Stahl;pulverbeschichtet;28;28;15;0,033;4;33;33;1,0;4;0;0;88;11
PA2024-0630;2024-03-17;Änderung;10;Bestandskunde;Logistiktechnik;Bearbeitung;13;Stahl;pulverbeschichtet;26;26;7;0,026;4;39;39;1,0;4;0;0;91;13
PA2024-0631;2024-03-15;Standard;5;Bestandskunde;Logistiktechnik;Bearbeitung;8;Stahl;pulverbeschichtet;28;28;15;0,024;4;24;24;1,0;4;0;0;64;8
PA2024-0632;2024-03-17;Standard;12;Bestandskunde;Haushaltsgeräte;Bearbeitung;20;Stahl;pulverbeschichtet;28;28;15;0,06;4;60;60;1,0;4;0;0;160;20
PA2024-0633;2024-03-14;Standard;6;Bestandskunde;Haushaltsgeräte;Bearbeitung;9;Stahl;pulverbeschichtet;26;26;7;0,018;4;27;27;1,0;4;0;0;63;9
PA2024-0634;2024-03-12;Standard;8;Neukunde;Automobilindustrie;Bearbeitung;4;Stahl;pulverbeschichtet;26;26;7;0,008;4;12;12;1,0;4;0;0;28;4
PA2024-0635;2024-03-17;Standard;11;Bestandskunde;Automobilindustrie;Bearbeitung;16;Stahl;pulverbeschichtet;26;26;7;0,032;4;48;48;1,0;4;0;0;112;16
PA2024-0636;2024-03-15;Änderung;6;Bestandskunde;Logistiktechnik;Bearbeitung;8;Stahl;pulverbeschichtet;28;28;15;0,024;4;24;24;1,0;4;0;0;64;8
PA2024-0637;2024-03-15;Standard;6;Bestandskunde;Logistiktechnik;Bearbeitung;19;Stahl;pulverbeschichtet;26;26;7;0,038;4;57;57;1,0;4;0;0;133;19
PA2024-0638;2024-03-12;Standard;9;Bestandskunde;Haushaltsgeräte;Bearbeitung;13;Stahl;pulverbeschichtet;26;26;7;0,026;4;39;39;1,0;4;0;0;91;13
PA2024-0639;2024-03-11;Standard;9;Bestandskunde;Maschinenbau;Bearbeitung;16;Stahl;pulverbeschichtet;26;26;7;0,032;4;48;48;1,0;4;0;0;112;16
PA2024-0640;2024-03-17;Änderung;14;Bestandskunde;Medizintechnik;Bearbeitung;6;Stahl;pulverbeschichtet;26;26;7;0,012;4;18;18;1,0;4;0;0;42;6
PA2024-0641;2024-03-16;Standard;10;Bestandskunde;Medizintechnik;Bearbeitung;3;Stahl;pulverbeschichtet;28;28;15;0,009;4;9;9;1,0;4;0;0;24;3
PA2024-0642;2024-03-14;Standard;6;Bestandskunde;Logistiktechnik;Bearbeitung;17;Stahl;pulverbeschichtet;26;26;7;0,034;4;51;51;1,0;4;0;0;119;17
PA2024-0643;2024-03-15;Standard;5;Bestandskunde;Maschinenbau;Bearbeitung;20;Stahl;pulverbeschichtet;28;28;15;0,06;4;60;60;1,0;4;0;0;160;20
PA2024-0644;2024-03-11;Änderung;14;Bestandskunde;Haushaltsgeräte;Bearbeitung;18;Stahl;pulverbeschichtet;26;26;7;0,036;4;54;54;1,0;4;0;0;126;18
PA2024-0645;2024-03-15;Standard;12;Bestandskunde;Automobilindustrie;Bearbeitung;17;Stahl;pulverbeschichtet;26;26;7;0,034;4;51;51;1,0;4;0;0;119;17
PA2024-0646;2024-03-17;Standard;15;Bestandskunde;Logistiktechnik;Bearbeitung;19;Stahl;pulverbeschichtet;28;28;15;0,057;4;57;57;1,0;4;0;0;152;19
PA2024-0647;2024-03-12;Standard;9;Bestandskunde;Medizintechnik;Bearbeitung;3;Stahl;pulverbeschichtet;26;26;7;0,006;4;9;9;1,0;4;0;0;21;3
PA2024-0648;2024-03-15;Änderung;12;Bestandskunde;Maschinenbau;Bearbeitung;1;Stahl;pulverbeschichtet;28;28;15;0,003;4;3;3;1,0;4;0;0;8;1
PA2024-0649;2024-03-14;Standard;7;Bestandskunde;Logistiktechnik;Bearbeitung;12;Stahl;pulverbeschichtet;26;26;7;0,024;4;36;36;1,0;4;0;0;84;12
PA2024-0650;2024-03-14;Standard;9;Bestandskunde;Automobilindustrie;Bearbeitung;19;Stahl;pulverbeschichtet;26;26;7;0,038;4;57;57;1,0;4;0;0;133;19
PA2024-0651;2024-03-13;Standard;12;Bestandskunde;Automobilindustrie;Bearbeitung;18;Stahl;pulverbeschichtet;28;28;15;0,054;4;54;54;1,0;4;0;0;144;18
PA2024-0652;2024-03-13;Änderung;14;Bestandskunde;Maschinenbau;Bearbeitung;12;Stahl;pulverbeschichtet;28;28;15;0,036;4;36;36;1,0;4;0;0;96;12
PA2024-0653;2024-03-12;Änderung;6;Bestandskunde;Sonstige;Bearbeitung;6;Stahl;pulverbeschichtet;28;28;15;0,018;4;18;18;1,0;4;0;0;48;6
PA2024-0654;2024-03-15;Standard;11;Bestandskunde;Logistiktechnik;Bearbeitung;20;Stahl;pulverbeschichtet;26;26;7;0,04;4;60;60;1,0;4;0;0;140;20
PA2024-0655;2024-03-14;Standard;3;Bestandskunde;Maschinenbau;Bearbeitung;16;Stahl;pulverbeschichtet;26;26;7;0,032;4;48;48;1,0;4;0;0;112;16
PA2024-0656;2024-03-11;Standard;9;Bestandskunde;Haushaltsgeräte;Bearbeitung;2;Stahl;pulverbeschichtet;28;28;15;0,006;4;6;6;1,0;4;0;0;16;2
PA2024-0657;2024-03-15;Standard;15;Bestandskunde;Maschinenbau;Bearbeitung;2;Stahl;pulverbeschichtet;28;28;15;0,006;4;6;6;1,0;4;0;0;16;2
PA2024-0658;2024-03-14;Standard;3;Bestandskunde;Medizintechnik;Bearbeitung;17;Stahl;pulverbeschichtet;26;26;7;0,034;4;51;51;1,0;4;0;0;119;17
PA2024-0659;2024-03-11;Änderung;15;Bestandskunde;Maschinenbau;Bearbeitung;6;Stahl;pulverbeschichtet;28;28;15;0,018;4;18;18;1,0;4;0;0;48;6
PA2024-0660;2024-03-12;Standard;3;Bestandskunde;Automobilindustrie;Bearbeitung;9;Stahl;pulverbeschichtet;26;26;7;0,018;4;27;27;1,0;4;0;0;63;9
PA2024-0661;2024-03-23;Standard;12;Bestandskunde;Automobilindustrie;Bearbeitung;1;Stahl;pulverbeschichtet;28;28;15;0,003;4;3;3;1,0;4;0;0;8;1
PA2024-0662;2024-03-22;Standard;10;Bestandskunde;Automobilindustrie;Bearbeitung;19;Stahl;pulverbeschichtet;26;26;7;0,038;4;57;57;1,0;4;0;0;133;19
PA2024-0663;2024-03-24;Standard;10;Bestandskunde;Haushaltsgeräte;Bearbeitung;15;Stahl;pulverbeschichtet;28;28;15;0,045;4;45;45;1,0;4;0;0;120;15
PA2024-0664;2024-03-18;Standard;9;Bestandskunde;Medizintechnik;Bearbeitung;18;Stahl;pulverbeschichtet;28;28;15;0,054;4;54;54;1,0;4;0;0;144;18
PA2024-0665;2024-03-20;Standard;6;Bestandskunde;Maschinenbau;Bearbeitung;18;Stahl;pulverbeschichtet;26;26;7;0,036;4;54;54;1,0;4;0;0;126;18
PA2024-0666;2024-03-21;Änderung;11;Bestandskunde;Automobilindustrie;Bearbeitung;11;Stahl;pulverbeschichtet;28;28;15;0,033;4;33;33;1,0;4;0;0;88;11
PA2024-0667;2024-03-21;Standard;3;Bestandskunde;Sonstige;Bearbeitung;13;Stahl;pulverbeschichtet;28;28;15;0,039;4;39;39;1,0;4;0;0;104;13
PA2024-0668;2024-03-24;Standard;11;Bestandskunde;Sonstige;Bearbeitung;18;Stahl;pulverbeschichtet;26;26;7;0,036;4;54;54;1,0;4;0;0;126;18
PA2024-0669;2024-03-19;Standard;10;Bestandskunde;Automobilindustrie;Bearbeitung;11;Stahl;pulverbeschichtet;26;26;7;0,022;4;33;33;1,0;4;0;0;77;11
PA2024-0670;2024-03-21;Standard;11;Bestandskunde;Haushaltsgeräte;Bearbeitung;9;Stahl;pulverbeschichtet;26;26;7;0,018;4;27;27;1,0;4;0;0;63;9
PA2024-0671;2024-03-21;Standard;7;Bestandskunde;Maschinenbau;Bearbeitung;9;Stahl;pulverbeschichtet;26;26;7;0,018;4;27;27;1,0;4;0;0;63;9
PA2024-0672;2024-03-19;Änderung;8;Bestandskunde;Automobilindustrie;Bearbeitung;4;Stahl;pulverbeschichtet;26;26;7;0,008;4;12;12;1,0;4;0;0;28;4
PA2024-0673;2024-03-23;Änderung;15;Bestandskunde;Maschinenbau;Bearbeitung;18;Stahl;pulverbeschichtet;26;26;7;0,036;4;54;54;1,0;4;0;0;126;18
PA2024-0674;2024-03-20;Standard;11;Bestandskunde;Sonstige;Bearbeitung;19;Stahl;pulverbeschichtet;26;26;7;0,038;4;57;57;1,0;4;0;0;133;19
PA2024-0675;2024-03-19;Änderung;15;Bestandskunde;Medizintechnik;Bearbeitung;19;Stahl;pulverbeschichtet;28;28;15;0,057;4;57;57;1,0;4;0;0;152;19
PA2024-0676;2024-03-22;Standard;12;Bestandskunde;Automobilindustrie;Bearbeitung;17;Stahl;pulverbeschichtet;26;26;7;0,034;4;51;51;1,0;4;0;0;119;17
PA2024-0677;2024-03-24;Standard;8;Bestandskunde;Medizintechnik;Bearbeitung;17;Stahl;pulverbeschichtet;28;28;15;0,051;4;51;51;1,0;4;0;0;136;17
PA2024-0678;2024-03-23;Standard;4;Bestandskunde;Logistiktechnik;Bearbeitung;19;Stahl;pulverbeschichtet;28;28;15;0,057;4;57;57;1,0;4;0;0;152;19
PA2024-0679;2024-03-20;Änderung;9;Bestandskunde;Automobilindustrie;Bearbeitung;9;Stahl;pulverbeschichtet;26;26;7;0,018;4;27;27;1,0;4;0;0;63;9
PA2024-0680;2024-03-20;Standard;12;Bestandskunde;Sonstige;Bearbeitung;14;Stahl;pulverbeschichtet;28;28;15;0,042;4;42;42;1,0;4;0;0;112;14
PA2024-0681;2024-03-24;Standard;13;Bestandskunde;Logistiktechnik;Bearbeitung;5;Stahl;pulverbeschichtet;28;28;15;0,015;4;15;15;1,0;4;0;0;40;5
PA2024-0682;2024-03-23;Standard;10;Bestandskunde;Logistiktechnik;Bearbeitung;13;Stahl;pulverbeschichtet;26;26;7;0,026;4;39;39;1,0;4;0;0;91;13
PA2024-0683;2024-03-24;Standard;7;Bestandskunde;Maschinenbau;Bearbeitung;14;Stahl;pulverbeschichtet;26;26;7;0,028;4;42;42;1,0;4;0;0;98;14
PA2024-0684;2024-03-24;Standard;15;Bestandskunde;Sonstige;Bearbeitung;16;Stahl;pulverbeschichtet;28;28;15;0,048;4;48;48;1,0;4;0;0;128;16
PA2024-0685;2024-03-22;Standard;4;Bestandskunde;Medizintechnik;Bearbeitung;2;Stahl;pulverbeschichtet;28;28;15;0,006;4;6;6;1,0;4;0;0;16;2
PA2024-0686;2024-03-21;Standard;6;Bestandskunde;Automobilindustrie;Bearbeitung;12;Stahl;pulverbeschichtet;26;26;7;0,024;4;36;36;1,0;4;0;0;84;12
PA2024-0687;2024-03-22;Standard;9;Bestandskunde;Haushaltsgeräte;Bearbeitung;12;Stahl;pulverbeschichtet;28;28;15;0,036;4;36;36;1,0;4;0;0;96;12
PA2024-0688;2024-03-24;Standard;10;Bestandskunde;Sonstige;Bearbeitung;16;Stahl;pulverbeschichtet;26;26;7;0,032;4;48;48;1,0;4;0;0;112;16
PA2024-0689;2024-03-21;Standard;10;Bestandskunde;Sonstige;Bearbeitung;6;Stahl;pulverbeschichtet;28;28;15;0,018;4;18;18;1,0;4;0;0;48;6
PA2024-0690;2024-03-23;Änderung;12;Bestandskunde;Sonstige;Bearbeitung;6;Stahl;pulverbeschichtet;28;28;15;0,018;4;18;18;1,0;4;0;0;48;6
PA2024-0691;2024-03-20;Änderung;11;Bestandskunde;Logistiktechnik;Bearbeitung;20;Stahl;pulverbeschichtet;28;28;15;0,06;4;60;60;1,0;4;0;0;160;20
PA2024-0692;2024-03-21;Änderung;11;Bestandskunde;Logistiktechnik;Bearbeitung;15;Stahl;pulverbeschichtet;28;28;15;0,045;4;45;45;1,0;4;0;0;120;15
PA2024-0693;2024-03-19;Standard;3;Bestandskunde;Haushaltsgeräte;Bearbeitung;9;Stahl;pulverbeschichtet;28;28;15;0,027;4;27;27;1,0;4;0;0;72;9
PA2024-0694;2024-03-19;Standard;13;Bestandskunde;Sonstige;Bearbeitung;16;Stahl;pulverbeschichtet;26;26;7;0,032;4;48;48;1,0;4;0;0;112;16
PA2024-0695;2024-03-24;Änderung;13;Neukunde;Sonstige;Bearbeitung;4;Stahl;pulverbeschichtet;26;26;7;0,008;4;12;12;1,0;4;0;0;28;4
PA2024-0696;2024-03-19;Änderung;5;Bestandskunde;Automobilindustrie;Bearbeitung;10;Stahl;pulverbeschichtet;28;28;15;0,03;4;30;30;1,0;4;0;0;80;10
PA2024-0697;2024-03-23;Standard;10;Bestandskunde;Sonstige;Bearbeitung;17;Stahl;pulverbeschichtet;26;26;7;0,034;4;51;51;1,0;4;0;0;119;17
PA2024-0698;2024-03-18;Änderung;12;Bestandskunde;Logistiktechnik;Bearbeitung;16;Stahl;pulverbeschichtet;26;26;7;0,032;4;48;48;1,0;4;0;0;112;16
PA2024-0699;2024-03-20;Standard;13;Bestandskunde;Automobilindustrie;Bearbeitung;18;Stahl;pulverbeschichtet;28;28;15;0,054;4;54;54;1,0;4;0;0;144;18
PA2024-0700;2024-03-23;Standard;13;Bestandskunde;Logistiktechnik;Bearbeitung;10;Stahl;pulverbeschichtet;26;26;7;0,02;4;30;30;1,0;4;0;0;70;10
PA2024-0701;2024-03-22;Standard;8;Bestandskunde;Maschinenbau;Bearbeitung;12;Stahl;pulverbeschichtet;28;28;15;0,036;4;36;36;1,0;4;0;0;96;12
PA2024-0702;2024-03-19;Standard;10;Bestandskunde;Maschinenbau;Bearbeitung;5;Stahl;pulverbeschichtet;28;28;15;0,015;4;15;15;1,0;4;0;0;40;5
PA2024-0703;2024-03-21;Standard;3;Bestandskunde;Sonstige;Bearbeitung;16;Stahl;pulverbeschichtet;28;28;15;0,048;4;48;48;1,0;4;0;0;128;16
PA2024-0704;2024-03-24;Änderung;14;Bestandskunde;Medizintechnik;Bearbeitung;1;Stahl;pulverbeschichtet;28;28;15;0,003;4;3;3;1,0;4;0;0;8;1
PA2024-0705;2024-03-21;Änderung;12;Bestandskunde;Sonstige;Bearbeitung;13;Stahl;pulverbeschichtet;28;28;15;0,039;4;39;39;1,0;4;0;0;104;13
PA2024-0706;2024-03-20;Standard;5;Bestandskunde;Medizintechnik;Bearbeitung;20;Stahl;pulverbeschichtet;28;28;15;0,06;4;60;60;1,0;4;0;0;160;20
PA2024-0707;2024-03-23;Änderung;10;Neukunde;Automobilindustrie;Bearbeitung;6;Stahl;pulverbeschichtet;28;28;15;0,018;4;18;18;1,0;4;0;0;48;6
PA2024-0708;2024-03-18;Änderung;14;Bestandskunde;Haushaltsgeräte;Bearbeitung;20;Stahl;pulverbeschichtet;26;26;7;0,04;4;60;60;1,0;4;0;0;140;20
PA2024-0709;2024-03-20;Änderung;3;Bestandskunde;Haushaltsgeräte;Bearbeitung;1;Stahl;pulverbeschichtet;28;28;15;0,003;4;3;3;1,0;4;0;0;8;1
PA2024-0710;2024-03-20;Änderung;9;Bestandskunde;Logistiktechnik;Bearbeitung;1;Stahl;pulverbeschichtet;26;26;7;0,002;4;3;3;1,0;4;0;0;7;1
PA2024-0711;2024-03-19;Standard;3;Bestandskunde;Automobilindustrie;Bearbeitung;10;Stahl;pulverbeschichtet;26;26;7;0,02;4;30;30;1,0;4;0;0;70;10
PA2024-0712;2024-03-21;Standard;4;Bestandskunde;Medizintechnik;Bearbeitung;5;Stahl;pulverbeschichtet;28;28;15;0,015;4;15;15;1,0;4;0;0;40;5
PA2024-0713;2024-03-24;Standard;13;Bestandskunde;Maschinenbau;Bearbeitung;7;Stahl;pulverbeschichtet;26;26;7;0,014;4;21;21;1,0;4;0;0;49;7
PA2024-0714;2024-03-24;Standard;5;Neukunde;Haushaltsgeräte;Bearbeitung;8;Stahl;pulverbeschichtet;28;28;15;0,024;4;24;24;1,0;4;0;0;64;8
PA2024-0715;2024-03-19;Standard;4;Bestandskunde;Medizintechnik;Bearbeitung;4;Stahl;pulverbeschichtet;28;28;15;0,012;4;12;12;1,0;4;0;0;32;4
PA2024-0716;2024-03-21;Standard;10;Bestandskunde;Medizintechnik;Bearbeitung;2;Stahl;pulverbeschichtet;26;26;7;0,004;4;6;6;1,0;4;0;0;14;2
PA2024-0717;2024-03-21;Änderung;10;Neukunde;Automobilindustrie;Bearbeitung;7;Stahl;pulverbeschichtet;26;26;7;0,014;4;21;21;1,0;4;0;0;49;7
PA2024-0718;2024-03-23;Änderung;13;Bestandskunde;Logistiktechnik;Bearbeitung;9;Stahl;pulverbeschichtet;26;26;7;0,018;4;27;27;1,0;4;0;0;63;9
PA2024-0719;2024-03-24;Standard;10;Bestandskunde;Maschinenbau;Bearbeitung;16;Stahl;pulverbeschichtet;26;26;7;0,032;4;48;48;1,0;4;0;0;112;16
PA2024-0720;2024-03-24;Änderung;5;Bestandskunde;Sonstige;Bearbeitung;20;Stahl;pulverbeschichtet;26;26;7;0,04;4;60;60;1,0;4;0;0;140;20
PA2024-0721;2024-03-25;Standard;4;Bestandskunde;Automobilindustrie;Bearbeitung;18;Stahl;pulverbeschichtet;28;28;15;0,054;4;54;54;1,0;4;0;0;144;18
PA2024-0722;2024-03-28;Änderung;8;Bestandskunde;Logistiktechnik;Bearbeitung;12;Stahl;pulverbeschichtet;26;26;7;0,024;4;36;36;1,0;4;0;0;84;12
PA2024-0723;2024-03-26;Standard;3;Bestandskunde;Logistiktechnik;Bearbeitung;5;Stahl;pulverbeschichtet;28;28;15;0,015;4;15;15;1,0;4;0;0;40;5
PA2024-0724;2024-03-28;Standard;13;Bestandskunde;Sonstige;Bearbeitung;16;Stahl;pulverbeschichtet;28;28;15;0,048;4;48;48;1,0;4;0;0;128;16
PA2024-0725;2024-03-29;Standard;10;Bestandskunde;Haushaltsgeräte;Bearbeitung;20;Stahl;pulverbeschichtet;26;26;7;0,04;4;60;60;1,0;4;0;0;140;20
PA2024-0726;2024-03-29;Standard;5;Neukunde;Maschinenbau;Bearbeitung;18;Stahl;pulverbeschichtet;26;26;7;0,036;4;54;54;1,0;4;0;0;126;18
PA2024-0727;2024-03-25;Standard;15;Bestandskunde;Maschinenbau;Bearbeitung;1;Stahl;pulverbeschichtet;28;28;15;0,003;4;3;3;1,0;4;0;0;8;1
PA2024-0728;2024-03-26;Standard;11;Bestandskunde;Maschinenbau;Bearbeitung;18;Stahl;pulverbeschichtet;28;28;15;0,054;4;54;54;1,0;4;0;0;144;18
PA2024-0729;2024-03-29;Standard;14;Bestandskunde;Haushaltsgeräte;Bearbeitung;10;Stahl;pulverbeschichtet;28;28;15;0,03;4;30;30;1,0;4;0;0;80;10
PA2024-0730;2024-03-30;Änderung;10;Bestandskunde;Sonstige;Bearbeitung;3;Stahl;pulverbeschichtet;28;28;15;0,009;4;9;9;1,0;4;0;0;24;3
PA2024-0731;2024-03-26;Standard;4;Bestandskunde;Medizintechnik;Bearbeitung;4;Stahl;pulverbeschichtet;26;26;7;0,008;4;12;12;1,0;4;0;0;28;4
PA2024-0732;2024-03-30;Standard;15;Bestandskunde;Maschinenbau;Bearbeitung;9;Stahl;pulverbeschichtet;26;26;7;0,018;4;27;27;1,0;4;0;0;63;9
PA2024-0733;2024-03-26;Standard;5;Neukunde;Medizintechnik;Bearbeitung;16;Stahl;pulverbeschichtet;26;26;7;0,032;4;48;48;1,0;4;0;0;112;16
PA2024-0734;2024-03-31;Standard;5;Bestandskunde;Automobilindustrie;Bearbeitung;14;Stahl;pulverbeschichtet;26;26;7;0,028;4;42;42;1,0;4;0;0;98;14
PA2024-0735;2024-03-25;Standard;9;Bestandskunde;Medizintechnik;Bearbeitung;10;Stahl;pulverbeschichtet;28;28;15;0,03;4;30;30;1,0;4;0;0;80;10
PA2024-0736;2024-03-29;Änderung;5;Bestandskunde;Automobilindustrie;Bearbeitung;13;Stahl;pulverbeschichtet;26;26;7;0,026;4;39;39;1,0;4;0;0;91;13
PA2024-0737;2024-03-29;Standard;8;Bestandskunde;Maschinenbau;Bearbeitung;18;Stahl;pulverbeschichtet;26;26;7;0,036;4;54;54;1,0;4;0;0;126;18
PA2024-0738;2024-03-25;Änderung;12;Neukunde;Maschinenbau;Bearbeitung;14;Stahl;pulverbeschichtet;28;28;15;0,042;4;42;42;1,0;4;0;0;112;14
PA2024-0739;2024-03-31;Standard;8;Bestandskunde;Automobilindustrie;Bearbeitung;6;Stahl;pulverbeschichtet;26;26;7;0,012;4;18;18;1,0;4;0;0;42;6
PA2024-0740;2024-03-27;Änderung;11;Bestandskunde;Logistiktechnik;Bearbeitung;14;Stahl;pulverbeschichtet;28;28;15;0,042;4;42;42;1,0;4;0;0;112;14
PA2024-0741;2024-03-26;Änderung;8;Bestandskunde;Logistiktechnik;Bearbeitung;9;Stahl;pulverbeschichtet;28;28;15;0,027;4;27;27;1,0;4;0;0;72;9
PA2024-0742;2024-03-28;Standard;11;Bestandskunde;Medizintechnik;Bearbeitung;10;Stahl;pulverbeschichtet;28;28;15;0,03;4;30;30;1,0;4;0;0;80;10
PA2024-0743;2024-03-27;Standard;3;Bestandskunde;Automobilindustrie;Bearbeitung;11;Stahl;pulverbeschichtet;26;26;7;0,022;4;33;33;1,0;4;0;0;77;11
PA2024-0744;2024-03-29;Standard;15;Bestandskunde;Maschinenbau;Bearbeitung;5;Stahl;pulverbeschichtet;26;26;7;0,01;4;15;15;1,0;4;0;0;35;5
PA2024-0745;2024-03-28;Änderung;11;Bestandskunde;Automobilindustrie;Bearbeitung;19;Stahl;pulverbeschichtet;26;26;7;0,038;4;57;57;1,0;4;0;0;133;19
PA2024-0746;2024-03-27;Standard;10;Bestandskunde;Maschinenbau;Bearbeitung;7;Stahl;pulverbeschichtet;26;26;7;0,014;4;21;21;1,0;4;0;0;49;7
PA2024-0747;2024-03-31;Standard;15;Bestandskunde;Automobilindustrie;Bearbeitung;19;Stahl;pulverbeschichtet;26;26;7;0,038;4;57;57;1,0;4;0;0;133;19
PA2024-0748;2024-03-25;Standard;13;Bestandskunde;Medizintechnik;Bearbeitung;11;Stahl;pulverbeschichtet;26;26;7;0,022;4;33;33;1,0;4;0;0;77;11
PA2024-0749;2024-03-28;Standard;6;Bestandskunde;Maschinenbau;Bearbeitung;20;Stahl;pulverbeschichtet;28;28;15;0,06;4;60;60;1,0;4;0;0;160;20
PA2024-0750;2024-03-25;Änderung;10;Bestandskunde;Automobilindustrie;Bearbeitung;19;Stahl;pulverbeschichtet;26;26;7;0,038;4;57;57;1,0;4;0;0;133;19
PA2024-0751;2024-03-29;Standard;8;Bestandskunde;Automobilindustrie;Bearbeitung;13;Stahl;pulverbeschichtet;26;26;7;0,026;4;39;39;1,0;4;0;0;91;13
PA2024-0752;2024-03-29;Änderung;15;Bestandskunde;Medizintechnik;Bearbeitung;13;Stahl;pulverbeschichtet;28;28;15;0,039;4;39;39;1,0;4;0;0;104;13
PA2024-0753;2024-03-27;Änderung;5;Neukunde;Maschinenbau;Bearbeitung;18;Stahl;pulverbeschichtet;26;26;7;0,036;4;54;54;1,0;4;0;0;126;18
PA2024-0754;2024-03-25;Standard;13;Bestandskunde;Sonstige;Bearbeitung;5;Stahl;pulverbeschichtet;28;28;15;0,015;4;15;15;1,0;4;0;0;40;5
PA2024-0755;2024-03-29;Standard;7;Bestandskunde;Medizintechnik;Bearbeitung;7;Stahl;pulverbeschichtet;26;26;7;0,014;4;21;21;1,0;4;0;0;49;7
PA2024-0756;2024-03-25;Standard;9;Bestandskunde;Automobilindustrie;Bearbeitung;19;Stahl;pulverbeschichtet;26;26;7;0,038;4;57;57;1,0;4;0;0;133;19
PA2024-0757;2024-03-30;Standard;13;Bestandskunde;Automobilindustrie;Bearbeitung;11;Stahl;pulverbeschichtet;26;26;7;0,022;4;33;33;1,0;4;0;0;77;11
PA2024-0758;2024-03-30;Standard;4;Bestandskunde;Maschinenbau;Bearbeitung;12;Stahl;pulverbeschichtet;28;28;15;0,036;4;36;36;1,0;4;0;0;96;12
PA2024-0759;2024-03-26;Änderung;13;Bestandskunde;Haushaltsgeräte;Bearbeitung;7;Stahl;pulverbeschichtet;28;28;15;0,021;4;21;21;1,0;4;0;0;56;7
PA2024-0760;2024-03-31;Änderung;5;Bestandskunde;Automobilindustrie;Bearbeitung;20;Stahl;pulverbeschichtet;28;28;15;0,06;4;60;60;1,0;4;0;0;160;20
PA2024-0761;2024-03-25;Standard;11;Bestandskunde;Logistiktechnik;Bearbeitung;15;Stahl;pulverbeschichtet;26;26;7;0,03;4;45;45;1,0;4;0;0;105;15
PA2024-0762;2024-03-27;Standard;7;Bestandskunde;Sonstige;Bearbeitung;18;Stahl;pulverbeschichtet;28;28;15;0,054;4;54;54;1,0;4;0;0;144;18
PA2024-0763;2024-03-28;Standard;6;Bestandskunde;Sonstige;Bearbeitung;13;Stahl;pulverbeschichtet;28;28;15;0,039;4;39;39;1,0;4;0;0;104;13
PA2024-0764;2024-03-26;Standard;4;Bestandskunde;Logistiktechnik;Bearbeitung;20;Stahl;pulverbeschichtet;26;26;7;0,04;4;60;60;1,0;4;0;0;140;20
PA2024-0765;2024-03-28;Änderung;3;Bestandskunde;Maschinenbau;Bearbeitung;12;Stahl;pulverbeschichtet;28;28;15;0,036;4;36;36;1,0;4;0;0;96;12
PA2024-0766;2024-03-27;Standard;12;Bestandskunde;Maschinenbau;Bearbeitung;4;Stahl;pulverbeschichtet;26;26;7;0,008;4;12;12;1,0;4;0;0;28;4
PA2024-0767;2024-03-31;Standard;5;Bestandskunde;Sonstige;Bearbeitung;15;Stahl;pulverbeschichtet;28;28;15;0,045;4;45;45;1,0;4;0;0;120;15
PA2024-0768;2024-03-26;Standard;15;Bestandskunde;Maschinenbau;Bearbeitung;6;Stahl;pulverbeschichtet;26;26;7;0,012;4;18;18;1,0;4;0;0;42;6
PA2024-0769;2024-03-30;Standard;11;Bestandskunde;Logistiktechnik;Bearbeitung;17;Stahl;pulverbeschichtet;26;26;7;0,034;4;51;51;1,0;4;0;0;119;17
PA2024-0770;2024-03-30;Standard;10;Bestandskunde;Maschinenbau;Bearbeitung;1;Stahl;pulverbeschichtet;28;28;15;0,003;4;3;3;1,0;4;0;0;8;1
PA2024-0771;2024-03-26;Standard;11;Bestandskunde;Haushaltsgeräte;Bearbeitung;3;Stahl;pulverbeschichtet;28;28;15;0,009;4;9;9;1,0;4;0;0;24;3
PA2024-0772;2024-03-30;Standard;9;Bestandskunde;Automobilindustrie;Bearbeitung;14;Stahl;pulverbeschichtet;28;28;15;0,042;4;42;42;1,0;4;0;0;112;14
PA2024-0773;2024-03-27;Standard;13;Bestandskunde;Maschinenbau;Bearbeitung;5;Stahl;pulverbeschichtet;28;28;15;0,015;4;15;15;1,0;4;0;0;40;5
PA2024-0774;2024-03-27;Standard;15;Bestandskunde;Medizintechnik;Bearbeitung;5;Stahl;pulverbeschichtet;26;26;7;0,01;4;15;15;1,0;4;0;0;35;5
PA2024-0775;2024-03-25;Standard;6;Bestandskunde;Haushaltsgeräte;Bearbeitung;5;Stahl;pulverbeschichtet;26;26;7;0,01;4;15;15;1,0;4;0;0;35;5
PA2024-0776;2024-03-28;Änderung;12;Bestandskunde;Maschinenbau;Bearbeitung;9;Stahl;pulverbeschichtet;26;26;7;0,018;4;27;27;1,0;4;0;0;63;9
PA2024-0777;2024-03-25;Änderung;7;Bestandskunde;Maschinenbau;Bearbeitung;20;Stahl;pulverbeschichtet;26;26;7;0,04;4;60;60;1,0;4;0;0;140;20
PA2024-0778;2024-03-29;Standard;8;Bestandskunde;Logistiktechnik;Bearbeitung;1;Stahl;pulverbeschichtet;28;28;15;0,003;4;3;3;1,0;4;0;0;8;1
PA2024-0779;2024-03-30;Änderung;15;Bestandskunde;Maschinenbau;Bearbeitung;16;Stahl;pulverbeschichtet;28;28;15;0,048;4;48;48;1,0;4;0;0;128;16
PA2024-0780;2024-03-31;Standard;13;Bestandskunde;Logistiktechnik;Bearbeitung;7;Stahl;pulverbeschichtet;28;28;15;0,021;4;21;21;1,0;4;0;0;56;7
PA2024-0781;2024-04-04;Standard;3;Bestandskunde;Automobilindustrie;Bearbeitung;8;Stahl;pulverbeschichtet;26;26;7;0,016;4;24;24;1,0;4;0;0;56;8
PA2024-0782;2024-04-01;Änderung;8;Bestandskunde;Maschinenbau;Bearbeitung;20;Stahl;pulverbeschichtet;26;26;7;0,04;4;60;60;1,0;4;0;0;140;20
PA2024-0783;2024-04-03;Standard;13;Bestandskunde;Logistiktechnik;Bearbeitung;2;Stahl;pulverbeschichtet;28;28;15;0,006;4;6;6;1,0;4;0;0;16;2
PA2024-0784;2024-04-03;Standard;12;Bestandskunde;Logistiktechnik;Bearbeitung;20;Stahl;pulverbeschichtet;28;28;15;0,06;4;60;60;1,0;4;0;0;160;20
PA2024-0785;2024-04-04;Standard;13;Bestandskunde;Automobilindustrie;Bearbeitung;8;Stahl;pulverbeschichtet;26;26;7;0,016;4;24;24;1,0;4;0;0;56;8
PA2024-0786;2024-04-01;Standard;13;Bestandskunde;Logistiktechnik;Bearbeitung;2;Stahl;pulverbeschichtet;28;28;15;0,006;4;6;6;1,0;4;0;0;16;2
PA2024-0787;2024-04-04;Standard;11;Bestandskunde;Maschinenbau;Bearbeitung;10;Stahl;pulverbeschichtet;26;26;7;0,02;4;30;30;1,0;4;0;0;70;10
PA2024-0788;2024-04-04;Standard;10;Bestandskunde;Sonstige;Bearbeitung;17;Stahl;pulverbeschichtet;28;28;15;0,051;4;51;51;1,0;4;0;0;136;17
PA2024-0789;2024-04-07;Änderung;15;Bestandskunde;Medizintechnik;Bearbeitung;6;Stahl;pulverbeschichtet;26;26;7;0,012;4;18;18;1,0;4;0;0;42;6
PA2024-0790;2024-04-04;Änderung;11;Bestandskunde;Maschinenbau;Bearbeitung;19;Stahl;pulverbeschichtet;26;26;7;0,038;4;57;57;1,0;4;0;0;133;19
PA2024-0791;2024-04-01;Standard;9;Bestandskunde;Logistiktechnik;Bearbeitung;6;Stahl;pulverbeschichtet;26;26;7;0,012;4;18;18;1,0;4;0;0;42;6
PA2024-0792;2024-04-01;Änderung;14;Bestandskunde;Haushaltsgeräte;Bearbeitung;13;Stahl;pulverbeschichtet;26;26;7;0,026;4;39;39;1,0;4;0;0;91;13
PA2024-0793;2024-04-05;Standard;11;Bestandskunde;Sonstige;Bearbeitung;11;Stahl;pulverbeschichtet;26;26;7;0,022;4;33;33;1,0;4;0;0;77;11
PA2024-0794;2024-04-07;Standard;7;Bestandskunde;Medizintechnik;Bearbeitung;14;Stahl;pulverbeschichtet;26;26;7;0,028;4;42;42;1,0;4;0;0;98;14
PA2024-0795;2024-04-06;Änderung;14;Bestandskunde;Maschinenbau;Bearbeitung;5;Stahl;pulverbeschichtet;28;28;15;0,015;4;15;15;1,0;4;0;0;40;5
PA2024-0796;2024-04-05;Standard;9;Bestandskunde;Automobilindustrie;Bearbeitung;16;Stahl;pulverbeschichtet;26;26;7;0,032;4;48;48;1,0;4;0;0;112;16
PA2024-0797;2024-04-02;Änderung;8;Bestandskunde;Automobilindustrie;Bearbeitung;14;Stahl;pulverbeschichtet;26;26;7;0,028;4;42;42;1,0;4;0;0;98;14
PA2024-0798;2024-04-05;Standard;3;Bestandskunde;Logistiktechnik;Bearbeitung;20;Stahl;pulverbeschichtet;28;28;15;0,06;4;60;60;1,0;4;0;0;160;20
PA2024-0799;2024-04-02;Änderung;7;Bestandskunde;Automobilindustrie;Bearbeitung;5;Stahl;pulverbeschichtet;26;26;7;0,01;4;15;15;1,0;4;0;0;35;5
PA2024-0800;2024-04-03;Änderung;5;Bestandskunde;Medizintechnik;Bearbeitung;6;Stahl;pulverbeschichtet;26;26;7;0,012;4;18;18;1,0;4;0;0;42;6
PA2024-0801;2024-04-05;Standard;6;Bestandskunde;Maschinenbau;Bearbeitung;12;Stahl;pulverbeschichtet;26;26;7;0,024;4;36;36;1,0;4;0;0;84;12
PA2024-0802;2024-04-07;Änderung;10;Bestandskunde;Maschinenbau;Bearbeitung;3;Stahl;pulverbeschichtet;26;26;7;0,006;4;9;9;1,0;4;0;0;21;3
PA2024-0803;2024-04-01;Standard;10;Bestandskunde;Automobilindustrie;Bearbeitung;9;Stahl;pulverbeschichtet;28;28;15;0,027;4;27;27;1,0;4;0;0;72;9
PA2024-0804;2024-04-04;Standard;15;Bestandskunde;Sonstige;Bearbeitung;2;Stahl;pulverbeschichtet;28;28;15;0,006;4;6;6;1,0;4;0;0;16;2
PA2024-0805;2024-04-04;Standard;10;Bestandskunde;Automobilindustrie;Bearbeitung;9;Stahl;pulverbeschichtet;26;26;7;0,018;4;27;27;1,0;4;0;0;63;9
PA2024-0806;2024-04-05;Standard;14;Bestandskunde;Medizintechnik;Bearbeitung;16;Stahl;pulverbeschichtet;28;28;15;0,048;4;48;48;1,0;4;0;0;128;16
PA2024-0807;2024-04-06;Änderung;10;Bestandskunde;Sonstige;Bearbeitung;1;Stahl;pulverbeschichtet;26;26;7;0,002;4;3;3;1,0;4;0;0;7;1
PA2024-0808;2024-04-07;Änderung;6;Bestandskunde;Automobilindustrie;Bearbeitung;20;Stahl;pulverbeschichtet;28;28;15;0,06;4;60;60;1,0;4;0;0;160;20
PA2024-0809;2024-04-01;Standard;11;Bestandskunde;Maschinenbau;Bearbeitung;7;Stahl;pulverbeschichtet;28;28;15;0,021;4;21;21;1,0;4;0;0;56;7
PA2024-0810;2024-04-06;Änderung;10;Bestandskunde;Logistiktechnik;Bearbeitung;10;Stahl;pulverbeschichtet;26;26;7;0,02;4;30;30;1,0;4;0;0;70;10
PA2024-0811;2024-04-01;Änderung;11;Neukunde;Logistiktechnik;Bearbeitung;20;Stahl;pulverbeschichtet;28;28;15;0,06;4;60;60;1,0;4;0;0;160;20
PA2024-0812;2024-04-02;Standard;11;Bestandskunde;Logistiktechnik;Bearbeitung;16;Stahl;pulverbeschichtet;26;26;7;0,032;4;48;48;1,0;4;0;0;112;16
PA2024-0813;2024-04-06;Änderung;6;Bestandskunde;Maschinenbau;Bearbeitung;18;Stahl;pulverbeschichtet;28;28;15;0,054;4;54;54;1,0;4;0;0;144;18
PA2024-0814;2024-04-07;Standard;14;Bestandskunde;Automobilindustrie;Bearbeitung;17;Stahl;pulverbeschichtet;28;28;15;0,051;4;51;51;1,0;4;0;0;136;17
PA2024-0815;2024-04-06;Standard;10;Bestandskunde;Maschinenbau;Bearbeitung;19;Stahl;pulverbeschichtet;28;28;15;0,057;4;57;57;1,0;4;0;0;152;19
PA2024-0816;2024-04-01;Änderung;7;Bestandskunde;Automobilindustrie;Bearbeitung;13;Stahl;pulverbeschichtet;28;28;15;0,039;4;39;39;1,0;4;0;0;104;13
PA2024-0817;2024-04-02;Standard;6;Bestandskunde;Automobilindustrie;Bearbeitung;11;Stahl;pulverbeschichtet;26;26;7;0,022;4;33;33;1,0;4;0;0;77;11
PA2024-0818;2024-04-04;Änderung;5;Bestandskunde;Maschinenbau;Bearbeitung;15;Stahl;pulverbeschichtet;26;26;7;0,03;4;45;45;1,0;4;0;0;105;15
PA2024-0819;2024-04-05;Änderung;10;Bestandskunde;Automobilindustrie;Bearbeitung;2;Stahl;pulverbeschichtet;28;28;15;0,006;4;6;6;1,0;4;0;0;16;2
PA2024-0820;2024-04-04;Änderung;15;Bestandskunde;Logistiktechnik;Bearbeitung;17;Stahl;pulverbeschichtet;26;26;7;0,034;4;51;51;1,0;4;0;0;119;17
PA2024-0821;2024-04-03;Standard;14;Bestandskunde;Automobilindustrie;Bearbeitung;11;Stahl;pulverbeschichtet;26;26;7;0,022;4;33;33;1,0;4;0;0;77;11
PA2024-0822;2024-04-07;Änderung;15;Bestandskunde;Maschinenbau;Bearbeitung;2;Stahl;pulverbeschichtet;26;26;7;0,004;4;6;6;1,0;4;0;0;14;2
PA2024-0823;2024-04-06;Standard;15;Bestandskunde;Medizintechnik;Bearbeitung;2;Stahl;pulverbeschichtet;28;28;15;0,006;4;6;6;1,0;4;0;0;16;2
PA2024-0824;2024-04-04;Standard;4;Bestandskunde;Haushaltsgeräte;Bearbeitung;10;Stahl;pulverbeschichtet;26;26;7;0,02;4;30;30;1,0;4;0;0;70;10
PA2024-0825;2024-04-06;Standard;8;Bestandskunde;Maschinenbau;Bearbeitung;9;Stahl;pulverbeschichtet;26;26;7;0,018;4;27;27;1,0;4;0;0;63;9
PA2024-0826;2024-04-06;Standard;5;Bestandskunde;Maschinenbau;Bearbeitung;4;Stahl;pulverbeschichtet;28;28;15;0,012;4;12;12;1,0;4;0;0;32;4
PA2024-0827;2024-04-02;Standard;12;Bestandskunde;Logistiktechnik;Bearbeitung;10;Stahl;pulverbeschichtet;26;26;7;0,02;4;30;30;1,0;4;0;0;70;10
PA2024-0828;2024-04-01;Änderung;10;Bestandskunde;Haushaltsgeräte;Bearbeitung;15;Stahl;pulverbeschichtet;26;26;7;0,03;4;45;45;1,0;4;0;0;105;15
PA2024-0829;2024-04-01;Standard;14;Bestandskunde;Sonstige;Bearbeitung;13;Stahl;pulverbeschichtet;26;26;7;0,026;4;39;39;1,0;4;0;0;91;13
PA2024-0830;2024-04-04;Standard;11;Bestandskunde;Sonstige;Bearbeitung;19;Stahl;pulverbeschichtet;26;26;7;0,038;4;57;57;1,0;4;0;0;133;19
PA2024-0831;2024-04-03;Änderung;10;Bestandskunde;Sonstige;Bearbeitung;18;Stahl;pulverbeschichtet;28;28;15;0,054;4;54;54;1,0;4;0;0;144;18
PA2024-0832;2024-04-05;Standard;5;Bestandskunde;Maschinenbau;Bearbeitung;15;Stahl;pulverbeschichtet;26;26;7;0,03;4;45;45;1,0;4;0;0;105;15
PA2024-0833;2024-04-03;Standard;13;Bestandskunde;Logistiktechnik;Bearbeitung;5;Stahl;pulverbeschichtet;26;26;7;0,01;4;15;15;1,0;4;0;0;35;5
PA2024-0834;2024-04-04;Standard;6;Bestandskunde;Logistiktechnik;Bearbeitung;11;Stahl;pulverbeschichtet;28;28;15;0,033;4;33;33;1,0;4;0;0;88;11
PA2024-0835;2024-04-01;Standard;5;Bestandskunde;Haushaltsgeräte;Bearbeitung;15;Stahl;pulverbeschichtet;28;28;15;0,045;4;45;45;1,0;4;0;0;120;15
PA2024-0836;2024-04-07;Standard;12;Bestandskunde;Logistiktechnik;Bearbeitung;4;Stahl;pulverbeschichtet;26;26;7;0,008;4;12;12;1,0;4;0;0;28;4
PA2024-0837;2024-04-07;Standard;6;Bestandskunde;Medizintechnik;Bearbeitung;10;Stahl;pulverbeschichtet;28;28;15;0,03;4;30;30;1,0;4;0;0;80;10
PA2024-0838;2024-04-05;Standard;12;Bestandskunde;Sonstige;Bearbeitung;6;Stahl;pulverbeschichtet;28;28;15;0,018;4;18;18;1,0;4;0;0;48;6
PA2024-0839;2024-04-01;Standard;11;Bestandskunde;Sonstige;Bearbeitung;14;Stahl;pulverbeschichtet;28;28;15;0,042;4;42;42;1,0;4;0;0;112;14
PA2024-0840;2024-04-07;Standard;11;Bestandskunde;Maschinenbau;Bearbeitung;3;Stahl;pulverbeschichtet;28;28;15;0,009;4;9;9;1,0;4;0;0;24;3
PA2024-0841;2024-04-05;Standard;13;Bestandskunde;Logistiktechnik;Bearbeitung;15;Stahl;pulverbeschichtet;28;28;15;0,045;4;45;45;1,0;4;0;0;120;15
PA2024-0842;2024-04-04;Standard;5;Bestandskunde;Maschinenbau;Bearbeitung;20;Stahl;pulverbeschichtet;26;26;7;0,04;4;60;60;1,0;4;0;0;140;20
PA2024-0843;2024-04-04;Änderung;4;Neukunde;Automobilindustrie;Bearbeitung;19;Stahl;pulverbeschichtet;28;28;15;0,057;4;57;57;1,0;4;0;0;152;19
PA2024-0844;2024-04-06;Standard;6;Bestandskunde;Logistiktechnik;Bearbeitung;20;Stahl;pulverbeschichtet;26;26;7;0,04;4;60;60;1,0;4;0;0;140;20
PA2024-0845;2024-04-02;Standard;11;Bestandskunde;Haushaltsgeräte;Bearbeitung;10;Stahl;pulverbeschichtet;28;28;15;0,03;4;30;30;1,0;4;0;0;80;10
PA2024-0846;2024-04-03;Standard;5;Bestandskunde;Haushaltsgeräte;Bearbeitung;17;Stahl;pulverbeschichtet;28;28;15;0,051;4;51;51;1,0;4;0;0;136;17
PA2024-0847;2024-04-07;Änderung;10;Neukunde;Haushaltsgeräte;Bearbeitung;2;Stahl;pulverbeschichtet;28;28;15;0,006;4;6;6;1,0;4;0;0;16;2
PA2024-0848;2024-04-01;Standard;10;Bestandskunde;Sonstige;Bearbeitung;19;Stahl;pulverbeschichtet;26;26;7;0,038;4;57;57;1,0;4;0;0;133;19
PA2024-0849;2024-04-03;Standard;12;Bestandskunde;Sonstige;Bearbeitung;7;Stahl;pulverbeschichtet;28;28;15;0,021;4;21;21;1,0;4;0;0;56;7
PA2024-0850;2024-04-02;Änderung;8;Bestandskunde;Medizintechnik;Bearbeitung;12;Stahl;pulverbeschichtet;26;26;7;0,024;4;36;36;1,0;4;0;0;84;12
PA2024-0851;2024-04-03;Standard;7;Bestandskunde;Haushaltsgeräte;Bearbeitung;1;Stahl;pulverbeschichtet;28;28;15;0,003;4;3;3;1,0;4;0;0;8;1
PA2024-0852;2024-04-06;Änderung;13;Bestandskunde;Automobilindustrie;Bearbeitung;5;Stahl;pulverbeschichtet;26;26;7;0,01;4;15;15;1,0;4;0;0;35;5
PA2024-0853;2024-04-07;Standard;14;Bestandskunde;Maschinenbau;Bearbeitung;14;Stahl;pulverbeschichtet;28;28;15;0,042;4;42;42;1,0;4;0;0;112;14
PA2024-0854;2024-04-03;Standard;8;Bestandskunde;Logistiktechnik;Bearbeitung;19;Stahl;pulverbeschichtet;28;28;15;0,057;4;57;57;1,0;4;0;0;152;19
PA2024-0855;2024-04-02;Änderung;15;Bestandskunde;Automobilindustrie;Bearbeitung;19;Stahl;pulverbeschichtet;28;28;15;0,057;4;57;57;1,0;4;0;0;152;19
PA2024-0856;2024-04-01;Standard;14;Bestandskunde;Maschinenbau;Bearbeitung;16;Stahl;pulverbeschichtet;28;28;15;0,048;4;48;48;1,0;4;0;0;128;16
PA2024-0857;2024-04-06;Änderung;15;Neukunde;Sonstige;Bearbeitung;9;Stahl;pulverbeschichtet;26;26;7;0,018;4;27;27;1,0;4;0;0;63;9
PA2024-0858;2024-04-01;Standard;15;Bestandskunde;Automobilindustrie;Bearbeitung;16;Stahl;pulverbeschichtet;28;28;15;0,048;4;48;48;1,0;4;0;0;128;16
PA2024-0859;2024-04-05;Standard;4;Bestandskunde;Maschinenbau;Bearbeitung;1;Stahl;pulverbeschichtet;26;26;7;0,002;4;3;3;1,0;4;0;0;7;1
PA2024-0860;2024-04-05;Standard;14;Bestandskunde;Sonstige;Bearbeitung;12;Stahl;pulverbeschichtet;28;28;15;0,036;4;36;36;1,0;4;0;0;96;12
PA2024-0861;2024-04-02;Standard;4;Bestandskunde;Maschinenbau;Bearbeitung;10;Stahl;pulverbeschichtet;28;28;15;0,03;4;30;30;1,0;4;0;0;80;10
PA2024-0862;2024-04-06;Standard;15;Bestandskunde;Logistiktechnik;Bearbeitung;10;Stahl;pulverbeschichtet;28;28;15;0,03;4;30;30;1,0;4;0;0;80;10
PA2024-0863;2024-04-04;Standard;5;Bestandskunde;Maschinenbau;Bearbeitung;9;Stahl;pulverbeschichtet;26;26;7;0,018;4;27;27;1,0;4;0;0;63;9
PA2024-0864;2024-04-05;Standard;9;Bestandskunde;Automobilindustrie;Bearbeitung;4;Stahl;pulverbeschichtet;28;28;15;0,012;4;12;12;1,0;4;0;0;32;4
PA2024-0865;2024-04-06;Standard;14;Bestandskunde;Automobilindustrie;Bearbeitung;8;Stahl;pulverbeschichtet;26;26;7;0,016;4;24;24;1,0;4;0;0;56;8
PA2024-0866;2024-04-07;Standard;15;Bestandskunde;Automobilindustrie;Bearbeitung;3;Stahl;pulverbeschichtet;28;28;15;0,009;4;9;9;1,0;4;0;0;24;3
PA2024-0867;2024-04-07;Änderung;15;Bestandskunde;Logistiktechnik;Bearbeitung;13;Stahl;pulverbeschichtet;26;26;7;0,026;4;39;39;1,0;4;0;0;91;13
PA2024-0868;2024-04-06;Standard;7;Bestandskunde;Sonstige;Bearbeitung;12;Stahl;pulverbeschichtet;26;26;7;0,024;4;36;36;1,0;4;0;0;84;12
PA2024-0869;2024-04-07;Änderung;6;Bestandskunde;Maschinenbau;Bearbeitung;16;Stahl;pulverbeschichtet;26;26;7;0,032;4;48;48;1,0;4;0;0;112;16
PA2024-0870;2024-04-06;Standard;9;Bestandskunde;Maschinenbau;Bearbeitung;16;Stahl;pulverbeschichtet;28;28;15;0,048;4;48;48;1,0;4;0;0;128;16
PA2024-0871;2024-04-12;Änderung;12;Bestandskunde;Logistiktechnik;Bearbeitung;15;Stahl;pulverbeschichtet;28;28;15;0,045;4;45;45;1,0;4;0;0;120;15
PA2024-0872;2024-04-10;Standard;15;Bestandskunde;Automobilindustrie;Bearbeitung;18;Stahl;pulverbeschichtet;28;28;15;0,054;4;54;54;1,0;4;0;0;144;18
PA2024-0873;2024-04-12;Standard;9;Bestandskunde;Logistiktechnik;Bearbeitung;4;Stahl;pulverbeschichtet;28;28;15;0,012;4;12;12;1,0;4;0;0;32;4
PA2024-0874;2024-04-12;Standard;11;Bestandskunde;Automobilindustrie;Bearbeitung;8;Stahl;pulverbeschichtet;28;28;15;0,024;4;24;24;1,0;4;0;0;64;8
PA2024-0875;2024-04-13;Standard;7;Bestandskunde;Automobilindustrie;Bearbeitung;1;Stahl;pulverbeschichtet;26;26;7;0,002;4;3;3;1,0;4;0;0;7;1
PA2024-0876;2024-04-11;Standard;6;Bestandskunde;Logistiktechnik;Bearbeitung;12;Stahl;pulverbeschichtet;26;26;7;0,024;4;36;36;1,0;4;0;0;84;12
PA2024-0877;2024-04-10;Änderung;7;Bestandskunde;Maschinenbau;Bearbeitung;2;Stahl;pulverbeschichtet;26;26;7;0,004;4;6;6;1,0;4;0;0;14;2
PA2024-0878;2024-04-13;Änderung;5;Bestandskunde;Automobilindustrie;Bearbeitung;13;Stahl;pulverbeschichtet;26;26;7;0,026;4;39;39;1,0;4;0;0;91;13
PA2024-0879;2024-04-13;Standard;7;Bestandskunde;Automobilindustrie;Bearbeitung;3;Stahl;pulverbeschichtet;26;26;7;0,006;4;9;9;1,0;4;0;0;21;3
PA2024-0880;2024-04-14;Änderung;14;Bestandskunde;Logistiktechnik;Bearbeitung;11;Stahl;pulverbeschichtet;28;28;15;0,033;4;33;33;1,0;4;0;0;88;11
PA2024-0881;2024-04-14;Standard;5;Bestandskunde;Automobilindustrie;Bearbeitung;13;Stahl;pulverbeschichtet;28;28;15;0,039;4;39;39;1,0;4;0;0;104;13
PA2024-0882;2024-04-10;Standard;9;Bestandskunde;Logistiktechnik;Bearbeitung;7;Stahl;pulverbeschichtet;28;28;15;0,021;4;21;21;1,0;4;0;0;56;7
PA2024-0883;2024-04-13;Standard;15;Bestandskunde;Maschinenbau;Bearbeitung;14;Stahl;pulverbeschichtet;28;28;15;0,042;4;42;42;1,0;4;0;0;112;14
PA2024-0884;2024-04-11;Standard;9;Bestandskunde;Automobilindustrie;Bearbeitung;19;Stahl;pulverbeschichtet;26;26;7;0,038;4;57;57;1,0;4;0;0;133;19
PA2024-0885;2024-04-08;Standard;14;Bestandskunde;Sonstige;Bearbeitung;2;Stahl;pulverbeschichtet;28;28;15;0,006;4;6;6;1,0;4;0;0;16;2
PA2024-0886;2024-04-09;Änderung;11;Bestandskunde;Maschinenbau;Bearbeitung;17;Stahl;pulverbeschichtet;28;28;15;0,051;4;51;51;1,0;4;0;0;136;17
PA2024-0887;2024-04-11;Standard;11;Bestandskunde;Maschinenbau;Bearbeitung;3;Stahl;pulverbeschichtet;28;28;15;0,009;4;9;9;1,0;4;0;0;24;3
PA2024-0888;2024-04-11;Standard;14;Bestandskunde;Maschinenbau;Bearbeitung;12;Stahl;pulverbeschichtet;26;26;7;0,024;4;36;36;1,0;4;0;0;84;12
PA2024-0889;2024-04-10;Änderung;12;Bestandskunde;Automobilindustrie;Bearbeitung;3;Stahl;pulverbeschichtet;28;28;15;0,009;4;9;9;1,0;4;0;0;24;3
PA2024-0890;2024-04-14;Standard;11;Bestandskunde;Maschinenbau;Bearbeitung;10;Stahl;pulverbeschichtet;28;28;15;0,03;4;30;30;1,0;4;0;0;80;10
PA2024-0891;2024-04-12;Standard;4;Bestandskunde;Logistiktechnik;Bearbeitung;10;Stahl;pulverbeschichtet;26;26;7;0,02;4;30;30;1,0;4;0;0;70;10
PA2024-0892;2024-04-13;Änderung;11;Bestandskunde;Automobilindustrie;Bearbeitung;15;Stahl;pulverbeschichtet;28;28;15;0,045;4;45;45;1,0;4;0;0;120;15
PA2024-0893;2024-04-08;Standard;9;Bestandskunde;Sonstige;Bearbeitung;8;Stahl;pulverbeschichtet;26;26;7;0,016;4;24;24;1,0;4;0;0;56;8
PA2024-0894;2024-04-08;Standard;10;Neukunde;Haushaltsgeräte;Bearbeitung;15;Stahl;pulverbeschichtet;28;28;15;0,045;4;45;45;1,0;4;0;0;120;15
PA2024-0895;2024-04-10;Änderung;4;Bestandskunde;Haushaltsgeräte;Bearbeitung;13;Stahl;pulverbeschichtet;26;26;7;0,026;4;39;39;1,0;4;0;0;91;13
PA2024-0896;2024-04-14;Standard;15;Bestandskunde;Maschinenbau;Bearbeitung;18;Stahl;pulverbeschichtet;26;26;7;0,036;4;54;54;1,0;4;0;0;126;18
PA2024-0897;2024-04-08;Standard;4;Bestandskunde;Maschinenbau;Bearbeitung;1;Stahl;pulverbeschichtet;26;26;7;0,002;4;3;3;1,0;4;0;0;7;1
PA2024-0898;2024-04-08;Standard;9;Bestandskunde;Medizintechnik;Bearbeitung;6;Stahl;pulverbeschichtet;28;28;15;0,018;4;18;18;1,0;4;0;0;48;6
PA2024-0899;2024-04-14;Änderung;6;Bestandskunde;Haushaltsgeräte;Bearbeitung;19;Stahl;pulverbeschichtet;26;26;7;0,038;4;57;57;1,0;4;0;0;133;19
PA2024-0900;2024-04-08;Standard;14;Bestandskunde;Sonstige;Bearbeitung;3;Stahl;pulverbeschichtet;26;26;7;0,006;4;9;9;1,0;4;0;0;21;3
PA2024-0901;2024-04-10;Standard;12;Bestandskunde;Logistiktechnik;Bearbeitung;19;Stahl;pulverbeschichtet;26;26;7;0,038;4;57;57;1,0;4;0;0;133;19
PA2024-0902;2024-04-14;Standard;9;Bestandskunde;Automobilindustrie;Bearbeitung;11;Stahl;pulverbeschichtet;26;26;7;0,022;4;33;33;1,0;4;0;0;77;11
PA2024-0903;2024-04-10;Standard;7;Bestandskunde;Maschinenbau;Bearbeitung;12;Stahl;pulverbeschichtet;26;26;7;0,024;4;36;36;1,0;4;0;0;84;12
PA2024-0904;2024-04-09;Standard;4;Bestandskunde;Automobilindustrie;Bearbeitung;20;Stahl;pulverbeschichtet;26;26;7;0,04;4;60;60;1,0;4;0;0;140;20
PA2024-0905;2024-04-08;Standard;14;Bestandskunde;Haushaltsgeräte;Bearbeitung;3;Stahl;pulverbeschichtet;28;28;15;0,009;4;9;9;1,0;4;0;0;24;3
PA2024-0906;2024-04-13;Standard;15;Bestandskunde;Sonstige;Bearbeitung;9;Stahl;pulverbeschichtet;28;28;15;0,027;4;27;27;1,0;4;0;0;72;9
PA2024-0907;2024-04-09;Standard;8;Bestandskunde;Haushaltsgeräte;Bearbeitung;6;Stahl;pulverbeschichtet;28;28;15;0,018;4;18;18;1,0;4;0;0;48;6
PA2024-0908;2024-04-08;Änderung;10;Bestandskunde;Medizintechnik;Bearbeitung;8;Stahl;pulverbeschichtet;28;28;15;0,024;4;24;24;1,0;4;0;0;64;8
PA2024-0909;2024-04-12;Standard;5;Bestandskunde;Haushaltsgeräte;Bearbeitung;18;Stahl;pulverbeschichtet;26;26;7;0,036;4;54;54;1,0;4;0;0;126;18
PA2024-0910;2024-04-14;Standard;9;Bestandskunde;Maschinenbau;Bearbeitung;5;Stahl;pulverbeschichtet;26;26;7;0,01;4;15;15;1,0;4;0;0;35;5
PA2024-0911;2024-04-09;Änderung;8;Bestandskunde;Sonstige;Bearbeitung;12;Stahl;pulverbeschichtet;28;28;15;0,036;4;36;36;1,0;4;0;0;96;12
PA2024-0912;2024-04-11;Standard;9;Bestandskunde;Automobilindustrie;Bearbeitung;15;Stahl;pulverbeschichtet;28;28;15;0,045;4;45;45;1,0;4;0;0;120;15
PA2024-0913;2024-04-13;Standard;5;Bestandskunde;Automobilindustrie;Bearbeitung;1;Stahl;pulverbeschichtet;26;26;7;0,002;4;3;3;1,0;4;0;0;7;1
PA2024-0914;2024-04-08;Änderung;5;Bestandskunde;Automobilindustrie;Bearbeitung;19;Stahl;pulverbeschichtet;28;28;15;0,057;4;57;57;1,0;4;0;0;152;19
PA2024-0915;2024-04-09;Änderung;11;Bestandskunde;Maschinenbau;Bearbeitung;8;Stahl;pulverbeschichtet;28;28;15;0,024;4;24;24;1,0;4;0;0;64;8
PA2024-0916;2024-04-13;Standard;13;Bestandskunde;Sonstige;Bearbeitung;8;Stahl;pulverbeschichtet;26;26;7;0,016;4;24;24;1,0;4;0;0;56;8
PA2024-0917;2024-04-12;Standard;14;Bestandskunde;Maschinenbau;Bearbeitung;7;Stahl;pulverbeschichtet;26;26;7;0,014;4;21;21;1,0;4;0;0;49;7
PA2024-0918;2024-04-11;Standard;11;Bestandskunde;Medizintechnik;Bearbeitung;12;Stahl;pulverbeschichtet;28;28;15;0,036;4;36;36;1,0;4;0;0;96;12
PA2024-0919;2024-04-10;Standard;7;Bestandskunde;Automobilindustrie;Bearbeitung;9;Stahl;pulverbeschichtet;28;28;15;0,027;4;27;27;1,0;4;0;0;72;9
PA2024-0920;2024-04-14;Änderung;15;Bestandskunde;Logistiktechnik;Bearbeitung;11;Stahl;pulverbeschichtet;26;26;7;0,022;4;33;33;1,0;4;0;0;77;11
PA2024-0921;2024-04-12;Standard;6;Bestandskunde;Haushaltsgeräte;Bearbeitung;20;Stahl;pulverbeschichtet;26;26;7;0,04;4;60;60;1,0;4;0;0;140;20
PA2024-0922;2024-04-08;Standard;14;Bestandskunde;Haushaltsgeräte;Bearbeitung;7;Stahl;pulverbeschichtet;26;26;7;0,014;4;21;21;1,0;4;0;0;49;7
PA2024-0923;2024-04-10;Änderung;3;Bestandskunde;Maschinenbau;Bearbeitung;8;Stahl;pulverbeschichtet;28;28;15;0,024;4;24;24;1,0;4;0;0;64;8
PA2024-0924;2024-04-11;Standard;8;Bestandskunde;Maschinenbau;Bearbeitung;5;Stahl;pulverbeschichtet;26;26;7;0,01;4;15;15;1,0;4;0;0;35;5
PA2024-0925;2024-04-08;Standard;4;Bestandskunde;Logistiktechnik;Bearbeitung;17;Stahl;pulverbeschichtet;26;26;7;0,034;4;51;51;1,0;4;0;0;119;17
PA2024-0926;2024-04-12;Änderung;11;Bestandskunde;Maschinenbau;Bearbeitung;4;Stahl;pulverbeschichtet;26;26;7;0,008;4;12;12;1,0;4;0;0;28;4
PA2024-0927;2024-04-09;Änderung;5;Bestandskunde;Logistiktechnik;Bearbeitung;14;Stahl;pulverbeschichtet;28;28;15;0,042;4;42;42;1,0;4;0;0;112;14
PA2024-0928;2024-04-10;Standard;10;Bestandskunde;Logistiktechnik;Bearbeitung;1;Stahl;pulverbeschichtet;26;26;7;0,002;4;3;3;1,0;4;0;0;7;1
PA2024-0929;2024-04-10;Standard;7;Bestandskunde;Automobilindustrie;Bearbeitung;19;Stahl;pulverbeschichtet;28;28;15;0,057;4;57;57;1,0;4;0;0;152;19
PA2024-0930;2024-04-11;Änderung;6;Bestandskunde;Medizintechnik;Bearbeitung;12;Stahl;pulverbeschichtet;26;26;7;0,024;4;36;36;1,0;4;0;0;84;12
PA2024-0931;2024-04-13;Standard;4;Bestandskunde;Sonstige;Bearbeitung;11;Stahl;pulverbeschichtet;28;28;15;0,033;4;33;33;1,0;4;0;0;88;11
PA2024-0932;2024-04-11;Standard;9;Bestandskunde;Sonstige;Bearbeitung;19;Stahl;pulverbeschichtet;26;26;7;0,038;4;57;57;1,0;4;0;0;133;19
PA2024-0933;2024-04-12;Standard;10;Bestandskunde;Sonstige;Bearbeitung;12;Stahl;pulverbeschichtet;26;26;7;0,024;4;36;36;1,0;4;0;0;84;12
PA2024-0934;2024-04-11;Änderung;11;Bestandskunde;Haushaltsgeräte;Bearbeitung;12;Stahl;pulverbeschichtet;26;26;7;0,024;4;36;36;1,0;4;0;0;84;12
PA2024-0935;2024-04-12;Standard;7;Bestandskunde;Sonstige;Bearbeitung;18;Stahl;pulverbeschichtet;26;26;7;0,036;4;54;54;1,0;4;0;0;126;18
PA2024-0936;2024-04-13;Änderung;8;Bestandskunde;Maschinenbau;Bearbeitung;11;Stahl;pulverbeschichtet;26;26;7;0,022;4;33;33;1,0;4;0;0;77;11
PA2024-0937;2024-04-12;Standard;12;Bestandskunde;Automobilindustrie;Bearbeitung;12;Stahl;pulverbeschichtet;28;28;15;0,036;4;36;36;1,0;4;0;0;96;12
PA2024-0938;2024-04-12;Standard;15;Bestandskunde;Automobilindustrie;Bearbeitung;18;Stahl;pulverbeschichtet;28;28;15;0,054;4;54;54;1,0;4;0;0;144;18
PA2024-0939;2024-04-12;Standard;10;Bestandskunde;Maschinenbau;Bearbeitung;3;Stahl;pulverbeschichtet;28;28;15;0,009;4;9;9;1,0;4;0;0;24;3
PA2024-0940;2024-04-08;Änderung;5;Bestandskunde;Sonstige;Bearbeitung;3;Stahl;pulverbeschichtet;26;26;7;0,006;4;9;9;1,0;4;0;0;21;3
PA2024-0941;2024-04-10;Standard;6;Bestandskunde;Automobilindustrie;Bearbeitung;7;Stahl;pulverbeschichtet;26;26;7;0,014;4;21;21;1,0;4;0;0;49;7
PA2024-0942;2024-04-11;Standard;6;Bestandskunde;Automobilindustrie;Bearbeitung;1;Stahl;pulverbeschichtet;26;26;7;0,002;4;3;3;1,0;4;0;0;7;1
PA2024-0943;2024-04-08;Standard;4;Bestandskunde;Maschinenbau;Bearbeitung;17;Stahl;pulverbeschichtet;28;28;15;0,051;4;51;51;1,0;4;0;0;136;17
PA2024-0944;2024-04-12;Standard;10;Neukunde;Maschinenbau;Bearbeitung;16;Stahl;pulverbeschichtet;28;28;15;0,048;4;48;48;1,0;4;0;0;128;16
PA2024-0945;2024-04-10;Änderung;7;Bestandskunde;Haushaltsgeräte;Bearbeitung;9;Stahl;pulverbeschichtet;28;28;15;0,027;4;27;27;1,0;4;0;0;72;9
PA2024-0946;2024-04-10;Standard;10;Bestandskunde;Haushaltsgeräte;Bearbeitung;12;Stahl;pulverbeschichtet;26;26;7;0,024;4;36;36;1,0;4;0;0;84;12
PA2024-0947;2024-04-09;Standard;8;Bestandskunde;Sonstige;Bearbeitung;6;Stahl;pulverbeschichtet;28;28;15;0,018;4;18;18;1,0;4;0;0;48;6
PA2024-0948;2024-04-09;Standard;6;Bestandskunde;Sonstige;Bearbeitung;5;Stahl;pulverbeschichtet;26;26;7;0,01;4;15;15;1,0;4;0;0;35;5
PA2024-0949;2024-04-10;Standard;7;Bestandskunde;Sonstige;Bearbeitung;11;Stahl;pulverbeschichtet;28;28;15;0,033;4;33;33;1,0;4;0;0;88;11
PA2024-0950;2024-04-10;Standard;13;Bestandskunde;Logistiktechnik;Bearbeitung;10;Stahl;pulverbeschichtet;28;28;15;0,03;4;30;30;1,0;4;0;0;80;10
PA2024-0951;2024-04-11;Standard;14;Neukunde;Automobilindustrie;Bearbeitung;11;Stahl;pulverbeschichtet;26;26;7;0,022;4;33;33;1,0;4;0;0;77;11
PA2024-0952;2024-04-13;Standard;15;Neukunde;Logistiktechnik;Bearbeitung;16;Stahl;pulverbeschichtet;26;26;7;0,032;4;48;48;1,0;4;0;0;112;16
PA2024-0953;2024-04-13;Standard;6;Bestandskunde;Automobilindustrie;Bearbeitung;15;Stahl;pulverbeschichtet;28;28;15;0,045;4;45;45;1,0;4;0;0;120;15
PA2024-0954;2024-04-08;Änderung;14;Bestandskunde;Maschinenbau;Bearbeitung;18;Stahl;pulverbeschichtet;28;28;15;0,054;4;54;54;1,0;4;0;0;144;18
PA2024-0955;2024-04-08;Standard;13;Bestandskunde;Maschinenbau;Bearbeitung;12;Stahl;pulverbeschichtet;26;26;7;0,024;4;36;36;1,0;4;0;0;84;12
PA2024-0956;2024-04-08;Änderung;9;Bestandskunde;Maschinenbau;Bearbeitung;9;Stahl;pulverbeschichtet;26;26;7;0,018;4;27;27;1,0;4;0;0;63;9
PA2024-0957;2024-04-08;Änderung;14;Neukunde;Automobilindustrie;Bearbeitung;17;Stahl;pulverbeschichtet;26;26;7;0,034;4;51;51;1,0;4;0;0;119;17
PA2024-0958;2024-04-11;Änderung;11;Bestandskunde;Logistiktechnik;Bearbeitung;2;Stahl;pulverbeschichtet;28;28;15;0,006;4;6;6;1,0;4;0;0;16;2
PA2024-0959;2024-04-09;Standard;13;Bestandskunde;Sonstige;Bearbeitung;10;Stahl;pulverbeschichtet;28;28;15;0,03;4;30;30;1,0;4;0;0;80;10
PA2024-0960;2024-04-10;Standard;13;Bestandskunde;Maschinenbau;Bearbeitung;15;Stahl;pulverbeschichtet;28;28;15;0,045;4;45;45;1,0;4;0;0;120;15
PA2024-0961;2024-04-17;Änderung;7;Bestandskunde;Automobilindustrie;Bearbeitung;14;Stahl;pulverbeschichtet;28;28;15;0,042;4;42;42;1,0;4;0;0;112;14
PA2024-0962;2024-04-21;Standard;5;Bestandskunde;Automobilindustrie;Bearbeitung;17;Stahl;pulverbeschichtet;28;28;15;0,051;4;51;51;1,0;4;0;0;136;17
PA2024-0963;2024-04-19;Standard;11;Bestandskunde;Sonstige;Bearbeitung;9;Stahl;pulverbeschichtet;28;28;15;0,027;4;27;27;1,0;4;0;0;72;9
PA2024-0964;2024-04-19;Standard;13;Bestandskunde;Automobilindustrie;Bearbeitung;5;Stahl;pulverbeschichtet;28;28;15;0,015;4;15;15;1,0;4;0;0;40;5
PA2024-0965;2024-04-21;Standard;13;Bestandskunde;Automobilindustrie;Bearbeitung;10;Stahl;pulverbeschichtet;26;26;7;0,02;4;30;30;1,0;4;0;0;70;10
PA2024-0966;2024-04-19;Standard;13;Bestandskunde;Automobilindustrie;Bearbeitung;5;Stahl;pulverbeschichtet;28;28;15;0,015;4;15;15;1,0;4;0;0;40;5
PA2024-0967;2024-04-20;Standard;15;Bestandskunde;Sonstige;Bearbeitung;10;Stahl;pulverbeschichtet;28;28;15;0,03;4;30;30;1,0;4;0;0;80;10
PA2024-0968;2024-04-18;Standard;8;Bestandskunde;Sonstige;Bearbeitung;16;Stahl;pulverbeschichtet;28;28;15;0,048;4;48;48;1,0;4;0;0;128;16
PA2024-0969;2024-04-19;Standard;14;Bestandskunde;Maschinenbau;Bearbeitung;16;Stahl;pulverbeschichtet;26;26;7;0,032;4;48;48;1,0;4;0;0;112;16
PA2024-0970;2024-04-19;Änderung;3;Bestandskunde;Logistiktechnik;Bearbeitung;2;Stahl;pulverbeschichtet;26;26;7;0,004;4;6;6;1,0;4;0;0;14;2
PA2024-0971;2024-04-18;Standard;6;Bestandskunde;Automobilindustrie;Bearbeitung;12;Stahl;pulverbeschichtet;26;26;7;0,024;4;36;36;1,0;4;0;0;84;12
PA2024-0972;2024-04-17;Standard;4;Bestandskunde;Logistiktechnik;Bearbeitung;3;Stahl;pulverbeschichtet;28;28;15;0,009;4;9;9;1,0;4;0;0;24;3
PA2024-0973;2024-04-21;Standard;6;Bestandskunde;Logistiktechnik;Bearbeitung;11;Stahl;pulverbeschichtet;26;26;7;0,022;4;33;33;1,0;4;0;0;77;11
PA2024-0974;2024-04-21;Standard;10;Neukunde;Haushaltsgeräte;Bearbeitung;12;Stahl;pulverbeschichtet;28;28;15;0,036;4;36;36;1,0;4;0;0;96;12
PA2024-0975;2024-04-21;Änderung;7;Bestandskunde;Automobilindustrie;Bearbeitung;12;Stahl;pulverbeschichtet;26;26;7;0,024;4;36;36;1,0;4;0;0;84;12
PA2024-0976;2024-04-17;Standard;7;Bestandskunde;Sonstige;Bearbeitung;8;Stahl;pulverbeschichtet;28;28;15;0,024;4;24;24;1,0;4;0;0;64;8
PA2024-0977;2024-04-18;Standard;13;Bestandskunde;Maschinenbau;Bearbeitung;5;Stahl;pulverbeschichtet;26;26;7;0,01;4;15;15;1,0;4;0;0;35;5
PA2024-0978;2024-04-17;Änderung;10;Bestandskunde;Automobilindustrie;Bearbeitung;15;Stahl;pulverbeschichtet;26;26;7;0,03;4;45;45;1,0;4;0;0;105;15
PA2024-0979;2024-04-20;Standard;10;Neukunde;Logistiktechnik;Bearbeitung;8;Stahl;pulverbeschichtet;28;28;15;0,024;4;24;24;1,0;4;0;0;64;8
PA2024-0980;2024-04-20;Standard;9;Bestandskunde;Automobilindustrie;Bearbeitung;3;Stahl;pulverbeschichtet;26;26;7;0,006;4;9;9;1,0;4;0;0;21;3
PA2024-0981;2024-04-21;Standard;6;Bestandskunde;Medizintechnik;Bearbeitung;14;Stahl;pulverbeschichtet;28;28;15;0,042;4;42;42;1,0;4;0;0;112;14
PA2024-0982;2024-04-15;Änderung;4;Bestandskunde;Automobilindustrie;Bearbeitung;2;Stahl;pulverbeschichtet;26;26;7;0,004;4;6;6;1,0;4;0;0;14;2
PA2024-0983;2024-04-17;Änderung;4;Bestandskunde;Automobilindustrie;Bearbeitung;4;Stahl;pulverbeschichtet;28;28;15;0,012;4;12;12;1,0;4;0;0;32;4
PA2024-0984;2024-04-19;Standard;7;Bestandskunde;Logistiktechnik;Bearbeitung;3;Stahl;pulverbeschichtet;26;26;7;0,006;4;9;9;1,0;4;0;0;21;3
PA2024-0985;2024-04-19;Standard;10;Neukunde;Logistiktechnik;Bearbeitung;20;Stahl;pulverbeschichtet;26;26;7;0,04;4;60;60;1,0;4;0;0;140;20
PA2024-0986;2024-04-15;Standard;4;Neukunde;Logistiktechnik;Bearbeitung;10;Stahl;pulverbeschichtet;26;26;7;0,02;4;30;30;1,0;4;0;0;70;10
PA2024-0987;2024-04-20;Standard;5;Bestandskunde;Sonstige;Bearbeitung;16;Stahl;pulverbeschichtet;26;26;7;0,032;4;48;48;1,0;4;0;0;112;16
PA2024-0988;2024-04-19;Standard;6;Bestandskunde;Automobilindustrie;Bearbeitung;6;Stahl;pulverbeschichtet;28;28;15;0,018;4;18;18;1,0;4;0;0;48;6
PA2024-0989;2024-04-18;Standard;7;Bestandskunde;Automobilindustrie;Bearbeitung;11;Stahl;pulverbeschichtet;28;28;15;0,033;4;33;33;1,0;4;0;0;88;11
PA2024-0990;2024-04-15;Änderung;15;Bestandskunde;Maschinenbau;Bearbeitung;10;Stahl;pulverbeschichtet;26;26;7;0,02;4;30;30;1,0;4;0;0;70;10
PA2024-0991;2024-04-17;Standard;14;Bestandskunde;Maschinenbau;Bearbeitung;20;Stahl;pulverbeschichtet;26;26;7;0,04;4;60;60;1,0;4;0;0;140;20
PA2024-0992;2024-04-21;Änderung;15;Bestandskunde;Medizintechnik;Bearbeitung;14;Stahl;pulverbeschichtet;28;28;15;0,042;4;42;42;1,0;4;0;0;112;14
PA2024-0993;2024-04-21;Standard;15;Bestandskunde;Automobilindustrie;Bearbeitung;1;Stahl;pulverbeschichtet;26;26;7;0,002;4;3;3;1,0;4;0;0;7;1
PA2024-0994;2024-04-15;Standard;13;Bestandskunde;Maschinenbau;Bearbeitung;3;Stahl;pulverbeschichtet;28;28;15;0,009;4;9;9;1,0;4;0;0;24;3
PA2024-0995;2024-04-18;Standard;11;Bestandskunde;Maschinenbau;Bearbeitung;6;Stahl;pulverbeschichtet;26;26;7;0,012;4;18;18;1,0;4;0;0;42;6
PA2024-0996;2024-04-16;Standard;11;Neukunde;Maschinenbau;Bearbeitung;13;Stahl;pulverbeschichtet;26;26;7;0,026;4;39;39;1,0;4;0;0;91;13
PA2024-0997;2024-04-21;Standard;14;Bestandskunde;Logistiktechnik;Bearbeitung;19;Stahl;pulverbeschichtet;26;26;7;0,038;4;57;57;1,0;4;0;0;133;19
PA2024-0998;2024-04-18;Änderung;11;Bestandskunde;Haushaltsgeräte;Bearbeitung;13;Stahl;pulverbeschichtet;28;28;15;0,039;4;39;39;1,0;4;0;0;104;13
PA2024-0999;2024-04-17;Standard;7;Bestandskunde;Haushaltsgeräte;Bearbeitung;9;Stahl;pulverbeschichtet;28;28;15;0,027;4;27;27;1,0;4;0;0;72;9
PA2024-1000;2024-04-16;Standard;7;Bestandskunde;Automobilindustrie;Bearbeitung;3;Stahl;pulverbeschichtet;28;28;15;0,009;4;9;9;1,0;4;0;0;24;3
PA2024-1001;2024-04-15;Änderung;8;Bestandskunde;Logistiktechnik;Bearbeitung;5;Stahl;pulverbeschichtet;28;28;15;0,015;4;15;15;1,0;4;0;0;40;5
PA2024-1002;2024-04-19;Änderung;5;Bestandskunde;Maschinenbau;Bearbeitung;17;Stahl;pulverbeschichtet;28;28;15;0,051;4;51;51;1,0;4;0;0;136;17
PA2024-1003;2024-04-16;Standard;10;Bestandskunde;Automobilindustrie;Bearbeitung;9;Stahl;pulverbeschichtet;28;28;15;0,027;4;27;27;1,0;4;0;0;72;9
PA2024-1004;2024-04-19;Standard;3;Bestandskunde;Maschinenbau;Bearbeitung;14;Stahl;pulverbeschichtet;28;28;15;0,042;4;42;42;1,0;4;0;0;112;14
PA2024-1005;2024-04-18;Standard;11;Bestandskunde;Haushaltsgeräte;Bearbeitung;2;Stahl;pulverbeschichtet;26;26;7;0,004;4;6;6;1,0;4;0;0;14;2
PA2024-1006;2024-04-19;Standard;10;Bestandskunde;Logistiktechnik;Bearbeitung;14;Stahl;pulverbeschichtet;26;26;7;0,028;4;42;42;1,0;4;0;0;98;14
PA2024-1007;2024-04-20;Standard;12;Bestandskunde;Haushaltsgeräte;Bearbeitung;16;Stahl;pulverbeschichtet;26;26;7;0,032;4;48;48;1,0;4;0;0;112;16
PA2024-1008;2024-04-19;Standard;6;Bestandskunde;Maschinenbau;Bearbeitung;16;Stahl;pulverbeschichtet;28;28;15;0,048;4;48;48;1,0;4;0;0;128;16
PA2024-1009;2024-04-20;Änderung;11;Bestandskunde;Automobilindustrie;Bearbeitung;2;Stahl;pulverbeschichtet;28;28;15;0,006;4;6;6;1,0;4;0;0;16;2
PA2024-1010;2024-04-16;Änderung;12;Bestandskunde;Logistiktechnik;Bearbeitung;1;Stahl;pulverbeschichtet;26;26;7;0,002;4;3;3;1,0;4;0;0;7;1
PA2024-1011;2024-04-15;Änderung;14;Bestandskunde;Maschinenbau;Bearbeitung;12;Stahl;pulverbeschichtet;28;28;15;0,036;4;36;36;1,0;4;0;0;96;12
PA2024-1012;2024-04-16;Standard;8;Bestandskunde;Automobilindustrie;Bearbeitung;3;Stahl;pulverbeschichtet;26;26;7;0,006;4;9;9;1,0;4;0;0;21;3
PA2024-1013;2024-04-17;Standard;7;Bestandskunde;Automobilindustrie;Bearbeitung;15;Stahl;pulverbeschichtet;28;28;15;0,045;4;45;45;1,0;4;0;0;120;15
PA2024-1014;2024-04-19;Standard;12;Bestandskunde;Automobilindustrie;Bearbeitung;19;Stahl;pulverbeschichtet;28;28;15;0,057;4;57;57;1,0;4;0;0;152;19
PA2024-1015;2024-04-18;Änderung;11;Bestandskunde;Sonstige;Bearbeitung;16;Stahl;pulverbeschichtet;26;26;7;0,032;4;48;48;1,0;4;0;0;112;16
PA2024-1016;2024-04-17;Standard;14;Bestandskunde;Haushaltsgeräte;Bearbeitung;11;Stahl;pulverbeschichtet;26;26;7;0,022;4;33;33;1,0;4;0;0;77;11
PA2024-1017;2024-04-17;Standard;12;Bestandskunde;Automobilindustrie;Bearbeitung;3;Stahl;pulverbeschichtet;26;26;7;0,006;4;9;9;1,0;4;0;0;21;3
PA2024-1018;2024-04-17;Standard;4;Bestandskunde;Haushaltsgeräte;Bearbeitung;8;Stahl;pulverbeschichtet;26;26;7;0,016;4;24;24;1,0;4;0;0;56;8
PA2024-1019;2024-04-19;Änderung;10;Bestandskunde;Automobilindustrie;Bearbeitung;17;Stahl;pulverbeschichtet;26;26;7;0,034;4;51;51;1,0;4;0;0;119;17
PA2024-1020;2024-04-16;Standard;12;Bestandskunde;Medizintechnik;Bearbeitung;10;Stahl;pulverbeschichtet;28;28;15;0,03;4;30;30;1,0;4;0;0;80;10
PA2024-1021;2024-04-20;Standard;10;Bestandskunde;Medizintechnik;Bearbeitung;20;Stahl;pulverbeschichtet;28;28;15;0,06;4;60;60;1,0;4;0;0;160;20
PA2024-1022;2024-04-21;Standard;8;Bestandskunde;Automobilindustrie;Bearbeitung;17;Stahl;pulverbeschichtet;28;28;15;0,051;4;51;51;1,0;4;0;0;136;17
PA2024-1023;2024-04-16;Änderung;13;Bestandskunde;Automobilindustrie;Bearbeitung;20;Stahl;pulverbeschichtet;26;26;7;0,04;4;60;60;1,0;4;0;0;140;20
PA2024-1024;2024-04-20;Standard;5;Bestandskunde;Automobilindustrie;Bearbeitung;5;Stahl;pulverbeschichtet;28;28;15;0,015;4;15;15;1,0;4;0;0;40;5
PA2024-1025;2024-04-20;Änderung;10;Bestandskunde;Sonstige;Bearbeitung;3;Stahl;pulverbeschichtet;26;26;7;0,006;4;9;9;1,0;4;0;0;21;3
PA2024-1026;2024-04-17;Standard;10;Bestandskunde;Medizintechnik;Bearbeitung;20;Stahl;pulverbeschichtet;26;26;7;0,04;4;60;60;1,0;4;0;0;140;20
PA2024-1027;2024-04-16;Standard;6;Bestandskunde;Haushaltsgeräte;Bearbeitung;10;Stahl;pulverbeschichtet;26;26;7;0,02;4;30;30;1,0;4;0;0;70;10
PA2024-1028;2024-04-19;Änderung;12;Neukunde;Maschinenbau;Bearbeitung;7;Stahl;pulverbeschichtet;28;28;15;0,021;4;21;21;1,0;4;0;0;56;7
PA2024-1029;2024-04-16;Standard;3;Bestandskunde;Sonstige;Bearbeitung;18;Stahl;pulverbeschichtet;26;26;7;0,036;4;54;54;1,0;4;0;0;126;18
PA2024-1030;2024-04-20;Standard;15;Bestandskunde;Haushaltsgeräte;Bearbeitung;3;Stahl;pulverbeschichtet;26;26;7;0,006;4;9;9;1,0;4;0;0;21;3
PA2024-1031;2024-04-17;Standard;5;Bestandskunde;Sonstige;Bearbeitung;12;Stahl;pulverbeschichtet;28;28;15;0,036;4;36;36;1,0;4;0;0;96;12
PA2024-1032;2024-04-21;Standard;7;Bestandskunde;Maschinenbau;Bearbeitung;17;Stahl;pulverbeschichtet;26;26;7;0,034;4;51;51;1,0;4;0;0;119;17
PA2024-1033;2024-04-18;Standard;5;Bestandskunde;Haushaltsgeräte;Bearbeitung;11;Stahl;pulverbeschichtet;26;26;7;0,022;4;33;33;1,0;4;0;0;77;11
PA2024-1034;2024-04-20;Standard;12;Neukunde;Automobilindustrie;Bearbeitung;14;Stahl;pulverbeschichtet;28;28;15;0,042;4;42;42;1,0;4;0;0;112;14
PA2024-1035;2024-04-15;Standard;8;Bestandskunde;Logistiktechnik;Bearbeitung;14;Stahl;pulverbeschichtet;26;26;7;0,028;4;42;42;1,0;4;0;0;98;14
PA2024-1036;2024-04-15;Änderung;14;Bestandskunde;Medizintechnik;Bearbeitung;4;Stahl;pulverbeschichtet;28;28;15;0,012;4;12;12;1,0;4;0;0;32;4
PA2024-1037;2024-04-18;Standard;14;Bestandskunde;Automobilindustrie;Bearbeitung;5;Stahl;pulverbeschichtet;28;28;15;0,015;4;15;15;1,0;4;0;0;40;5
PA2024-1038;2024-04-20;Standard;11;Bestandskunde;Medizintechnik;Bearbeitung;20;Stahl;pulverbeschichtet;28;28;15;0,06;4;60;60;1,0;4;0;0;160;20
PA2024-1039;2024-04-20;Änderung;9;Bestandskunde;Maschinenbau;Bearbeitung;12;Stahl;pulverbeschichtet;26;26;7;0,024;4;36;36;1,0;4;0;0;84;12
PA2024-1040;2024-04-21;Standard;15;Bestandskunde;Automobilindustrie;Bearbeitung;13;Stahl;pulverbeschichtet;26;26;7;0,026;4;39;39;1,0;4;0;0;91;13
PA2024-1041;2024-04-15;Änderung;9;Bestandskunde;Maschinenbau;Bearbeitung;6;Stahl;pulverbeschichtet;28;28;15;0,018;4;18;18;1,0;4;0;0;48;6
PA2024-1042;2024-04-17;Änderung;12;Bestandskunde;Sonstige;Bearbeitung;3;Stahl;pulverbeschichtet;28;28;15;0,009;4;9;9;1,0;4;0;0;24;3
PA2024-1043;2024-04-20;Änderung;13;Bestandskunde;Maschinenbau;Bearbeitung;14;Stahl;pulverbeschichtet;28;28;15;0,042;4;42;42;1,0;4;0;0;112;14
PA2024-1044;2024-04-20;Standard;10;Bestandskunde;Medizintechnik;Bearbeitung;20;Stahl;pulverbeschichtet;26;26;7;0,04;4;60;60;1,0;4;0;0;140;20
PA2024-1045;2024-04-20;Standard;4;Bestandskunde;Automobilindustrie;Bearbeitung;6;Stahl;pulverbeschichtet;28;28;15;0,018;4;18;18;1,0;4;0;0;48;6
PA2024-1046;2024-04-16;Standard;3;Bestandskunde;Maschinenbau;Bearbeitung;11;Stahl;pulverbeschichtet;28;28;15;0,033;4;33;33;1,0;4;0;0;88;11
PA2024-1047;2024-04-16;Standard;8;Neukunde;Haushaltsgeräte;Bearbeitung;5;Stahl;pulverbeschichtet;26;26;7;0,01;4;15;15;1,0;4;0;0;35;5
PA2024-1048;2024-04-18;Änderung;14;Bestandskunde;Logistiktechnik;Bearbeitung;6;Stahl;pulverbeschichtet;28;28;15;0,018;4;18;18;1,0;4;0;0;48;6
PA2024-1049;2024-04-16;Standard;5;Bestandskunde;Logistiktechnik;Bearbeitung;13;Stahl;pulverbeschichtet;28;28;15;0,039;4;39;39;1,0;4;0;0;104;13
PA2024-1050;2024-04-15;Standard;9;Bestandskunde;Automobilindustrie;Bearbeitung;7;Stahl;pulverbeschichtet;26;26;7;0,014;4;21;21;1,0;4;0;0;49;7
PA2024-1051;2024-04-28;Standard;8;Bestandskunde;Haushaltsgeräte;Bearbeitung;20;Stahl;pulverbeschichtet;28;28;15;0,06;4;60;60;1,0;4;0;0;160;20
PA2024-1052;2024-04-22;Änderung;12;Bestandskunde;Logistiktechnik;Bearbeitung;1;Stahl;pulverbeschichtet;28;28;15;0,003;4;3;3;1,0;4;0;0;8;1
PA2024-1053;2024-04-28;Standard;15;Bestandskunde;Logistiktechnik;Bearbeitung;7;Stahl;pulverbeschichtet;28;28;15;0,021;4;21;21;1,0;4;0;0;56;7
PA2024-1054;2024-04-27;Standard;15;Bestandskunde;Automobilindustrie;Bearbeitung;7;Stahl;pulverbeschichtet;28;28;15;0,021;4;21;21;1,0;4;0;0;56;7
PA2024-1055;2024-04-27;Standard;8;Bestandskunde;Maschinenbau;Bearbeitung;5;Stahl;pulverbeschichtet;26;26;7;0,01;4;15;15;1,0;4;0;0;35;5
PA2024-1056;2024-04-24;Änderung;8;Bestandskunde;Automobilindustrie;Bearbeitung;12;Stahl;pulverbeschichtet;26;26;7;0,024;4;36;36;1,0;4;0;0;84;12
PA2024-1057;2024-04-22;Standard;14;Bestandskunde;Haushaltsgeräte;Bearbeitung;13;Stahl;pulverbeschichtet;28;28;15;0,039;4;39;39;1,0;4;0;0;104;13
PA2024-1058;2024-04-27;Standard;13;Bestandskunde;Sonstige;Bearbeitung;4;Stahl;pulverbeschichtet;26;26;7;0,008;4;12;12;1,0;4;0;0;28;4
PA2024-1059;2024-04-24;Standard;8;Bestandskunde;Logistiktechnik;Bearbeitung;20;Stahl;pulverbeschichtet;26;26;7;0,04;4;60;60;1,0;4;0;0;140;20
PA2024-1060;2024-04-24;Standard;15;Bestandskunde;Sonstige;Bearbeitung;13;Stahl;pulverbeschichtet;26;26;7;0,026;4;39;39;1,0;4;0;0;91;13
PA2024-1061;2024-04-26;Änderung;4;Bestandskunde;Maschinenbau;Bearbeitung;17;Stahl;pulverbeschichtet;28;28;15;0,051;4;51;51;1,0;4;0;0;136;17
PA2024-1062;2024-04-25;Änderung;6;Bestandskunde;Automobilindustrie;Bearbeitung;14;Stahl;pulverbeschichtet;28;28;15;0,042;4;42;42;1,0;4;0;0;112;14
PA2024-1063;2024-04-22;Standard;11;Bestandskunde;Maschinenbau;Bearbeitung;9;Stahl;pulverbeschichtet;26;26;7;0,018;4;27;27;1,0;4;0;0;63;9
PA2024-1064;2024-04-24;Standard;9;Bestandskunde;Logistiktechnik;Bearbeitung;9;Stahl;pulverbeschichtet;28;28;15;0,027;4;27;27;1,0;4;0;0;72;9
PA2024-1065;2024-04-23;Änderung;11;Bestandskunde;Automobilindustrie;Bearbeitung;5;Stahl;pulverbeschichtet;28;28;15;0,015;4;15;15;1,0;4;0;0;40;5
PA2024-1066;2024-04-23;Standard;7;Bestandskunde;Maschinenbau;Bearbeitung;16;Stahl;pulverbeschichtet;28;28;15;0,048;4;48;48;1,0;4;0;0;128;16
PA2024-1067;2024-04-27;Änderung;14;Neukunde;Sonstige;Bearbeitung;16;Stahl;pulverbeschichtet;28;28;15;0,048;4;48;48;1,0;4;0;0;128;16
PA2024-1068;2024-04-24;Standard;14;Bestandskunde;Maschinenbau;Bearbeitung;5;Stahl;pulverbeschichtet;26;26;7;0,01;4;15;15;1,0;4;0;0;35;5
PA2024-1069;2024-04-22;Änderung;9;Bestandskunde;Sonstige;Bearbeitung;6;Stahl;pulverbeschichtet;26;26;7;0,012;4;18;18;1,0;4;0;0;42;6
PA2024-1070;2024-04-27;Standard;8;Bestandskunde;Maschinenbau;Bearbeitung;17;Stahl;pulverbeschichtet;28;28;15;0,051;4;51;51;1,0;4;0;0;136;17
PA2024-1071;2024-04-22;Standard;9;Bestandskunde;Automobilindustrie;Bearbeitung;11;Stahl;pulverbeschichtet;26;26;7;0,022;4;33;33;1,0;4;0;0;77;11
PA2024-1072;2024-04-27;Standard;5;Bestandskunde;Sonstige;Bearbeitung;4;Stahl;pulverbeschichtet;26;26;7;0,008;4;12;12;1,0;4;0;0;28;4
PA2024-1073;2024-04-22;Änderung;5;Bestandskunde;Automobilindustrie;Bearbeitung;16;Stahl;pulverbeschichtet;28;28;15;0,048;4;48;48;1,0;4;0;0;128;16
PA2024-1074;2024-04-24;Standard;3;Bestandskunde;Logistiktechnik;Bearbeitung;20;Stahl;pulverbeschichtet;28;28;15;0,06;4;60;60;1,0;4;0;0;160;20
PA2024-1075;2024-04-27;Standard;6;Bestandskunde;Maschinenbau;Bearbeitung;10;Stahl;pulverbeschichtet;28;28;15;0,03;4;30;30;1,0;4;0;0;80;10
PA2024-1076;2024-04-27;Änderung;5;Bestandskunde;Medizintechnik;Bearbeitung;3;Stahl;pulverbeschichtet;28;28;15;0,009;4;9;9;1,0;4;0;0;24;3
PA2024-1077;2024-04-23;Änderung;8;Bestandskunde;Sonstige;Bearbeitung;3;Stahl;pulverbeschichtet;28;28;15;0,009;4;9;9;1,0;4;0;0;24;3
PA2024-1078;2024-04-23;Änderung;13;Bestandskunde;Sonstige;Bearbeitung;5;Stahl;pulverbeschichtet;26;26;7;0,01;4;15;15;1,0;4;0;0;35;5
PA2024-1079;2024-04-25;Standard;12;Neukunde;Sonstige;Bearbeitung;20;Stahl;pulverbeschichtet;26;26;7;0,04;4;60;60;1,0;4;0;0;140;20
PA2024-1080;2024-04-27;Standard;5;Bestandskunde;Automobilindustrie;Bearbeitung;16;Stahl;pulverbeschichtet;26;26;7;0,032;4;48;48;1,0;4;0;0;112;16
PA2024-1081;2024-04-25;Standard;9;Bestandskunde;Automobilindustrie;Bearbeitung;14;Stahl;pulverbeschichtet;28;28;15;0,042;4;42;42;1,0;4;0;0;112;14
PA2024-1082;2024-04-23;Änderung;13;Bestandskunde;Sonstige;Bearbeitung;17;Stahl;pulverbeschichtet;28;28;15;0,051;4;51;51;1,0;4;0;0;136;17
PA2024-1083;2024-04-27;Standard;9;Neukunde;Automobilindustrie;Bearbeitung;16;Stahl;pulverbeschichtet;28;28;15;0,048;4;48;48;1,0;4;0;0;128;16
PA2024-1084;2024-04-25;Standard;12;Bestandskunde;Logistiktechnik;Bearbeitung;10;Stahl;pulverbeschichtet;26;26;7;0,02;4;30;30;1,0;4;0;0;70;10
PA2024-1085;2024-04-27;Änderung;10;Bestandskunde;Automobilindustrie;Bearbeitung;10;Stahl;pulverbeschichtet;26;26;7;0,02;4;30;30;1,0;4;0;0;70;10
PA2024-1086;2024-04-22;Standard;15;Bestandskunde;Logistiktechnik;Bearbeitung;4;Stahl;pulverbeschichtet;26;26;7;0,008;4;12;12;1,0;4;0;0;28;4
PA2024-1087;2024-04-27;Standard;10;Bestandskunde;Sonstige;Bearbeitung;17;Stahl;pulverbeschichtet;28;28;15;0,051;4;51;51;1,0;4;0;0;136;17
PA2024-1088;2024-04-27;Standard;14;Bestandskunde;Logistiktechnik;Bearbeitung;13;Stahl;pulverbeschichtet;26;26;7;0,026;4;39;39;1,0;4;0;0;91;13
PA2024-1089;2024-04-25;Standard;10;Bestandskunde;Automobilindustrie;Bearbeitung;15;Stahl;pulverbeschichtet;26;26;7;0,03;4;45;45;1,0;4;0;0;105;15
PA2024-1090;2024-04-28;Änderung;8;Bestandskunde;Maschinenbau;Bearbeitung;20;Stahl;pulverbeschichtet;28;28;15;0,06;4;60;60;1,0;4;0;0;160;20
PA2024-1091;2024-04-22;Änderung;14;Bestandskunde;Sonstige;Bearbeitung;4;Stahl;pulverbeschichtet;28;28;15;0,012;4;12;12;1,0;4;0;0;32;4
PA2024-1092;2024-04-27;Änderung;15;Bestandskunde;Haushaltsgeräte;Bearbeitung;20;Stahl;pulverbeschichtet;26;26;7;0,04;4;60;60;1,0;4;0;0;140;20
PA2024-1093;2024-04-26;Änderung;10;Bestandskunde;Logistiktechnik;Bearbeitung;13;Stahl;pulverbeschichtet;28;28;15;0,039;4;39;39;1,0;4;0;0;104;13
PA2024-1094;2024-04-23;Standard;7;Bestandskunde;Automobilindustrie;Bearbeitung;1;Stahl;pulverbeschichtet;28;28;15;0,003;4;3;3;1,0;4;0;0;8;1
PA2024-1095;2024-04-23;Änderung;14;Bestandskunde;Logistiktechnik;Bearbeitung;14;Stahl;pulverbeschichtet;26;26;7;0,028;4;42;42;1,0;4;0;0;98;14
PA2024-1096;2024-04-24;Standard;13;Bestandskunde;Sonstige;Bearbeitung;4;Stahl;pulverbeschichtet;26;26;7;0,008;4;12;12;1,0;4;0;0;28;4
PA2024-1097;2024-04-27;Änderung;14;Bestandskunde;Haushaltsgeräte;Bearbeitung;15;Stahl;pulverbeschichtet;26;26;7;0,03;4;45;45;1,0;4;0;0;105;15
PA2024-1098;2024-04-24;Änderung;12;Bestandskunde;Maschinenbau;Bearbeitung;14;Stahl;pulverbeschichtet;26;26;7;0,028;4;42;42;1,0;4;0;0;98;14
PA2024-1099;2024-04-27;Standard;10;Bestandskunde;Logistiktechnik;Bearbeitung;17;Stahl;pulverbeschichtet;28;28;15;0,051;4;51;51;1,0;4;0;0;136;17
PA2024-1100;2024-04-27;Änderung;5;Bestandskunde;Automobilindustrie;Bearbeitung;11;Stahl;pulverbeschichtet;28;28;15;0,033;4;33;33;1,0;4;0;0;88;11
PA2024-1101;2024-04-27;Änderung;13;Bestandskunde;Automobilindustrie;Bearbeitung;20;Stahl;pulverbeschichtet;26;26;7;0,04;4;60;60;1,0;4;0;0;140;20
PA2024-1102;2024-04-27;Standard;13;Bestandskunde;Maschinenbau;Bearbeitung;7;Stahl;pulverbeschichtet;28;28;15;0,021;4;21;21;1,0;4;0;0;56;7
PA2024-1103;2024-04-25;Änderung;8;Bestandskunde;Maschinenbau;Bearbeitung;11;Stahl;pulverbeschichtet;28;28;15;0,033;4;33;33;1,0;4;0;0;88;11
PA2024-1104;2024-04-24;Standard;12;Bestandskunde;Medizintechnik;Bearbeitung;12;Stahl;pulverbeschichtet;28;28;15;0,036;4;36;36;1,0;4;0;0;96;12
PA2024-1105;2024-04-26;Änderung;7;Bestandskunde;Medizintechnik;Bearbeitung;16;Stahl;pulverbeschichtet;28;28;15;0,048;4;48;48;1,0;4;0;0;128;16
PA2024-1106;2024-04-23;Standard;8;Bestandskunde;Sonstige;Bearbeitung;14;Stahl;pulverbeschichtet;26;26;7;0,028;4;42;42;1,0;4;0;0;98;14
PA2024-1107;2024-04-23;Standard;8;Bestandskunde;Logistiktechnik;Bearbeitung;12;Stahl;pulverbeschichtet;28;28;15;0,036;4;36;36;1,0;4;0;0;96;12
PA2024-1108;2024-04-27;Standard;7;Bestandskunde;Automobilindustrie;Bearbeitung;17;Stahl;pulverbeschichtet;28;28;15;0,051;4;51;51;1,0;4;0;0;136;17
PA2024-1109;2024-04-24;Standard;12;Bestandskunde;Logistiktechnik;Bearbeitung;18;Stahl;pulverbeschichtet;26;26;7;0,036;4;54;54;1,0;4;0;0;126;18
PA2024-1110;2024-04-24;Änderung;11;Neukunde;Automobilindustrie;Bearbeitung;18;Stahl;pulverbeschichtet;26;26;7;0,036;4;54;54;1,0;4;0;0;126;18
PA2024-1111;2024-04-28;Änderung;15;Bestandskunde;Maschinenbau;Bearbeitung;2;Stahl;pulverbeschichtet;28;28;15;0,006;4;6;6;1,0;4;0;0;16;2
PA2024-1112;2024-04-28;Änderung;6;Bestandskunde;Haushaltsgeräte;Bearbeitung;20;Stahl;pulverbeschichtet;28;28;15;0,06;4;60;60;1,0;4;0;0;160;20
PA2024-1113;2024-04-26;Standard;5;Bestandskunde;Logistiktechnik;Bearbeitung;7;Stahl;pulverbeschichtet;26;26;7;0,014;4;21;21;1,0;4;0;0;49;7
PA2024-1114;2024-04-27;Standard;10;Neukunde;Automobilindustrie;Bearbeitung;16;Stahl;pulverbeschichtet;28;28;15;0,048;4;48;48;1,0;4;0;0;128;16
PA2024-1115;2024-04-27;Änderung;11;Bestandskunde;Medizintechnik;Bearbeitung;7;Stahl;pulverbeschichtet;26;26;7;0,014;4;21;21;1,0;4;0;0;49;7
PA2024-1116;2024-04-28;Standard;5;Bestandskunde;Automobilindustrie;Bearbeitung;11;Stahl;pulverbeschichtet;28;28;15;0,033;4;33;33;1,0;4;0;0;88;11
PA2024-1117;2024-04-23;Standard;5;Neukunde;Sonstige;Bearbeitung;14;Stahl;pulverbeschichtet;28;28;15;0,042;4;42;42;1,0;4;0;0;112;14
PA2024-1118;2024-04-27;Standard;9;Neukunde;Logistiktechnik;Bearbeitung;14;Stahl;pulverbeschichtet;28;28;15;0,042;4;42;42;1,0;4;0;0;112;14
PA2024-1119;2024-04-28;Standard;14;Bestandskunde;Maschinenbau;Bearbeitung;15;Stahl;pulverbeschichtet;26;26;7;0,03;4;45;45;1,0;4;0;0;105;15
PA2024-1120;2024-04-25;Standard;6;Bestandskunde;Haushaltsgeräte;Bearbeitung;17;Stahl;pulverbeschichtet;28;28;15;0,051;4;51;51;1,0;4;0;0;136;17
PA2024-1121;2024-04-24;Änderung;11;Bestandskunde;Automobilindustrie;Bearbeitung;14;Stahl;pulverbeschichtet;26;26;7;0,028;4;42;42;1,0;4;0;0;98;14
PA2024-1122;2024-04-28;Änderung;5;Bestandskunde;Maschinenbau;Bearbeitung;19;Stahl;pulverbeschichtet;26;26;7;0,038;4;57;57;1,0;4;0;0;133;19
PA2024-1123;2024-04-25;Änderung;11;Bestandskunde;Automobilindustrie;Bearbeitung;10;Stahl;pulverbeschichtet;26;26;7;0,02;4;30;30;1,0;4;0;0;70;10
PA2024-1124;2024-04-22;Standard;9;Bestandskunde;Sonstige;Bearbeitung;5;Stahl;pulverbeschichtet;28;28;15;0,015;4;15;15;1,0;4;0;0;40;5
PA2024-1125;2024-04-27;Standard;8;Bestandskunde;Automobilindustrie;Bearbeitung;20;Stahl;pulverbeschichtet;28;28;15;0,06;4;60;60;1,0;4;0;0;160;20
PA2024-1126;2024-04-24;Standard;12;Bestandskunde;Automobilindustrie;Bearbeitung;3;Stahl;pulverbeschichtet;28;28;15;0,009;4;9;9;1,0;4;0;0;24;3
PA2024-1127;2024-04-25;Standard;6;Bestandskunde;Maschinenbau;Bearbeitung;7;Stahl;pulverbeschichtet;26;26;7;0,014;4;21;21;1,0;4;0;0;49;7
PA2024-1128;2024-04-26;Standard;10;Bestandskunde;Haushaltsgeräte;Bearbeitung;1;Stahl;pulverbeschichtet;26;26;7;0,002;4;3;3;1,0;4;0;0;7;1
PA2024-1129;2024-04-28;Standard;10;Bestandskunde;Medizintechnik;Bearbeitung;4;Stahl;pulverbeschichtet;28;28;15;0,012;4;12;12;1,0;4;0;0;32;4
PA2024-1130;2024-04-24;Standard;15;Bestandskunde;Automobilindustrie;Bearbeitung;4;Stahl;pulverbeschichtet;26;26;7;0,008;4;12;12;1,0;4;0;0;28;4
PA2024-1131;2024-04-26;Standard;3;Neukunde;Medizintechnik;Bearbeitung;19;Stahl;pulverbeschichtet;28;28;15;0,057;4;57;57;1,0;4;0;0;152;19
PA2024-1132;2024-04-24;Standard;10;Bestandskunde;Sonstige;Bearbeitung;19;Stahl;pulverbeschichtet;26;26;7;0,038;4;57;57;1,0;4;0;0;133;19
PA2024-1133;2024-04-26;Änderung;8;Bestandskunde;Automobilindustrie;Bearbeitung;7;Stahl;pulverbeschichtet;26;26;7;0,014;4;21;21;1,0;4;0;0;49;7
PA2024-1134;2024-04-22;Standard;7;Neukunde;Logistiktechnik;Bearbeitung;3;Stahl;pulverbeschichtet;28;28;15;0,009;4;9;9;1,0;4;0;0;24;3
PA2024-1135;2024-04-25;Standard;6;Bestandskunde;Medizintechnik;Bearbeitung;12;Stahl;pulverbeschichtet;26;26;7;0,024;4;36;36;1,0;4;0;0;84;12
PA2024-1136;2024-04-26;Änderung;15;Bestandskunde;Sonstige;Bearbeitung;19;Stahl;pulverbeschichtet;28;28;15;0,057;4;57;57;1,0;4;0;0;152;19
PA2024-1137;2024-04-25;Standard;13;Bestandskunde;Maschinenbau;Bearbeitung;14;Stahl;pulverbeschichtet;28;28;15;0,042;4;42;42;1,0;4;0;0;112;14
PA2024-1138;2024-04-26;Änderung;5;Bestandskunde;Maschinenbau;Bearbeitung;17;Stahl;pulverbeschichtet;26;26;7;0,034;4;51;51;1,0;4;0;0;119;17
PA2024-1139;2024-04-25;Standard;14;Bestandskunde;Logistiktechnik;Bearbeitung;18;Stahl;pulverbeschichtet;26;26;7;0,036;4;54;54;1,0;4;0;0;126;18
PA2024-1140;2024-04-26;Standard;12;Bestandskunde;Automobilindustrie;Bearbeitung;10;Stahl;pulverbeschichtet;28;28;15;0,03;4;30;30;1,0;4;0;0;80;10
PA2024-1141;2024-04-29;Standard;12;Bestandskunde;Automobilindustrie;Bearbeitung;10;Stahl;pulverbeschichtet;26;26;7;0,02;4;30;30;1,0;4;0;0;70;10
PA2024-1142;2024-05-05;Änderung;7;Bestandskunde;Sonstige;Bearbeitung;2;Stahl;pulverbeschichtet;28;28;15;0,006;4;6;6;1,0;4;0;0;16;2
PA2024-1143;2024-04-30;Standard;8;Bestandskunde;Sonstige;Bearbeitung;4;Stahl;pulverbeschichtet;28;28;15;0,012;4;12;12;1,0;4;0;0;32;4
PA2024-1144;2024-05-05;Standard;5;Bestandskunde;Logistiktechnik;Bearbeitung;19;Stahl;pulverbeschichtet;28;28;15;0,057;4;57;57;1,0;4;0;0;152;19
PA2024-1145;2024-05-05;Standard;13;Neukunde;Automobilindustrie;Bearbeitung;20;Stahl;pulverbeschichtet;28;28;15;0,06;4;60;60;1,0;4;0;0;160;20
PA2024-1146;2024-05-03;Änderung;13;Bestandskunde;Logistiktechnik;Bearbeitung;5;Stahl;pulverbeschichtet;26;26;7;0,01;4;15;15;1,0;4;0;0;35;5
PA2024-1147;2024-05-05;Standard;14;Bestandskunde;Sonstige;Bearbeitung;11;Stahl;pulverbeschichtet;28;28;15;0,033;4;33;33;1,0;4;0;0;88;11
PA2024-1148;2024-05-04;Standard;10;Bestandskunde;Logistiktechnik;Bearbeitung;1;Stahl;pulverbeschichtet;26;26;7;0,002;4;3;3;1,0;4;0;0;7;1
PA2024-1149;2024-05-04;Standard;5;Bestandskunde;Maschinenbau;Bearbeitung;20;Stahl;pulverbeschichtet;28;28;15;0,06;4;60;60;1,0;4;0;0;160;20
PA2024-1150;2024-05-05;Änderung;15;Bestandskunde;Maschinenbau;Bearbeitung;18;Stahl;pulverbeschichtet;26;26;7;0,036;4;54;54;1,0;4;0;0;126;18
PA2024-1151;2024-05-01;Änderung;7;Bestandskunde;Sonstige;Bearbeitung;19;Stahl;pulverbeschichtet;26;26;7;0,038;4;57;57;1,0;4;0;0;133;19
PA2024-1152;2024-05-05;Änderung;11;Bestandskunde;Automobilindustrie;Bearbeitung;1;Stahl;pulverbeschichtet;28;28;15;0,003;4;3;3;1,0;4;0;0;8;1
PA2024-1153;2024-04-30;Änderung;13;Bestandskunde;Sonstige;Bearbeitung;13;Stahl;pulverbeschichtet;28;28;15;0,039;4;39;39;1,0;4;0;0;104;13
PA2024-1154;2024-04-29;Standard;6;Bestandskunde;Automobilindustrie;Bearbeitung;6;Stahl;pulverbeschichtet;28;28;15;0,018;4;18;18;1,0;4;0;0;48;6
PA2024-1155;2024-04-30;Standard;10;Bestandskunde;Automobilindustrie;Bearbeitung;2;Stahl;pulverbeschichtet;28;28;15;0,006;4;6;6;1,0;4;0;0;16;2
PA2024-1156;2024-04-29;Standard;4;Bestandskunde;Automobilindustrie;Bearbeitung;5;Stahl;pulverbeschichtet;28;28;15;0,015;4;15;15;1,0;4;0;0;40;5
PA2024-1157;2024-05-01;Standard;12;Neukunde;Automobilindustrie;Bearbeitung;2;Stahl;pulverbeschichtet;28;28;15;0,006;4;6;6;1,0;4;0;0;16;2
PA2024-1158;2024-05-05;Änderung;10;Neukunde;Automobilindustrie;Bearbeitung;13;Stahl;pulverbeschichtet;26;26;7;0,026;4;39;39;1,0;4;0;0;91;13
PA2024-1159;2024-04-29;Standard;11;Bestandskunde;Maschinenbau;Bearbeitung;16;Stahl;pulverbeschichtet;26;26;7;0,032;4;48;48;1,0;4;0;0;112;16
PA2024-1160;2024-05-04;Standard;9;Bestandskunde;Haushaltsgeräte;Bearbeitung;18;Stahl;pulverbeschichtet;26;26;7;0,036;4;54;54;1,0;4;0;0;126;18
PA2024-1161;2024-05-05;Standard;7;Bestandskunde;Automobilindustrie;Bearbeitung;3;Stahl;pulverbeschichtet;26;26;7;0,006;4;9;9;1,0;4;0;0;21;3
PA2024-1162;2024-05-01;Standard;7;Bestandskunde;Haushaltsgeräte;Bearbeitung;14;Stahl;pulverbeschichtet;26;26;7;0,028;4;42;42;1,0;4;0;0;98;14
PA2024-1163;2024-04-29;Standard;14;Bestandskunde;Automobilindustrie;Bearbeitung;6;Stahl;pulverbeschichtet;28;28;15;0,018;4;18;18;1,0;4;0;0;48;6
PA2024-1164;2024-05-02;Standard;9;Bestandskunde;Logistiktechnik;Bearbeitung;13;Stahl;pulverbeschichtet;26;26;7;0,026;4;39;39;1,0;4;0;0;91;13
PA2024-1165;2024-04-30;Standard;15;Bestandskunde;Haushaltsgeräte;Bearbeitung;18;Stahl;pulverbeschichtet;28;28;15;0,054;4;54;54;1,0;4;0;0;144;18
PA2024-1166;2024-04-29;Änderung;13;Bestandskunde;Automobilindustrie;Bearbeitung;18;Stahl;pulverbeschichtet;26;26;7;0,036;4;54;54;1,0;4;0;0;126;18
PA2024-1167;2024-04-30;Standard;15;Bestandskunde;Maschinenbau;Bearbeitung;11;Stahl;pulverbeschichtet;28;28;15;0,033;4;33;33;1,0;4;0;0;88;11
PA2024-1168;2024-05-02;Änderung;9;Bestandskunde;Haushaltsgeräte;Bearbeitung;11;Stahl;pulverbeschichtet;28;28;15;0,033;4;33;33;1,0;4;0;0;88;11
PA2024-1169;2024-05-03;Standard;10;Neukunde;Logistiktechnik;Bearbeitung;1;Stahl;pulverbeschichtet;26;26;7;0,002;4;3;3;1,0;4;0;0;7;1
PA2024-1170;2024-04-29;Änderung;8;Neukunde;Sonstige;Bearbeitung;16;Stahl;pulverbeschichtet;28;28;15;0,048;4;48;48;1,0;4;0;0;128;16
PA2024-1171;2024-04-29;Standard;5;Bestandskunde;Sonstige;Bearbeitung;15;Stahl;pulverbeschichtet;28;28;15;0,045;4;45;45;1,0;4;0;0;120;15
PA2024-1172;2024-05-05;Standard;13;Bestandskunde;Maschinenbau;Bearbeitung;6;Stahl;pulverbeschichtet;26;26;7;0,012;4;18;18;1,0;4;0;0;42;6
PA2024-1173;2024-05-02;Änderung;11;Bestandskunde;Maschinenbau;Bearbeitung;8;Stahl;pulverbeschichtet;26;26;7;0,016;4;24;24;1,0;4;0;0;56;8
PA2024-1174;2024-05-04;Standard;11;Bestandskunde;Logistiktechnik;Bearbeitung;10;Stahl;pulverbeschichtet;26;26;7;0,02;4;30;30;1,0;4;0;0;70;10
PA2024-1175;2024-05-02;Standard;11;Bestandskunde;Maschinenbau;Bearbeitung;20;Stahl;pulverbeschichtet;26;26;7;0,04;4;60;60;1,0;4;0;0;140;20
PA2024-1176;2024-04-30;Änderung;13;Bestandskunde;Sonstige;Bearbeitung;17;Stahl;pulverbeschichtet;26;26;7;0,034;4;51;51;1,0;4;0;0;119;17
PA2024-1177;2024-05-03;Änderung;7;Bestandskunde;Automobilindustrie;Bearbeitung;20;Stahl;pulverbeschichtet;28;28;15;0,06;4;60;60;1,0;4;0;0;160;20
PA2024-1178;2024-05-03;Standard;5;Bestandskunde;Haushaltsgeräte;Bearbeitung;19;Stahl;pulverbeschichtet;26;26;7;0,038;4;57;57;1,0;4;0;0;133;19
PA2024-1179;2024-04-30;Standard;3;Bestandskunde;Sonstige;Bearbeitung;18;Stahl;pulverbeschichtet;26;26;7;0,036;4;54;54;1,0;4;0;0;126;18
PA2024-1180;2024-05-03;Änderung;13;Bestandskunde;Maschinenbau;Bearbeitung;2;Stahl;pulverbeschichtet;28;28;15;0,006;4;6;6;1,0;4;0;0;16;2
PA2024-1181;2024-05-05;Standard;14;Bestandskunde;Medizintechnik;Bearbeitung;15;Stahl;pulverbeschichtet;28;28;15;0,045;4;45;45;1,0;4;0;0;120;15
PA2024-1182;2024-05-03;Standard;4;Bestandskunde;Logistiktechnik;Bearbeitung;9;Stahl;pulverbeschichtet;28;28;15;0,027;4;27;27;1,0;4;0;0;72;9
PA2024-1183;2024-05-02;Änderung;11;Bestandskunde;Sonstige;Bearbeitung;3;Stahl;pulverbeschichtet;28;28;15;0,009;4;9;9;1,0;4;0;0;24;3
PA2024-1184;2024-05-04;Standard;13;Bestandskunde;Haushaltsgeräte;Bearbeitung;7;Stahl;pulverbeschichtet;26;26;7;0,014;4;21;21;1,0;4;0;0;49;7
PA2024-1185;2024-05-01;Standard;5;Bestandskunde;Maschinenbau;Bearbeitung;16;Stahl;pulverbeschichtet;26;26;7;0,032;4;48;48;1,0;4;0;0;112;16
PA2024-1186;2024-05-03;Standard;10;Bestandskunde;Medizintechnik;Bearbeitung;16;Stahl;pulverbeschichtet;28;28;15;0,048;4;48;48;1,0;4;0;0;128;16
PA2024-1187;2024-05-05;Änderung;5;Bestandskunde;Sonstige;Bearbeitung;8;Stahl;pulverbeschichtet;26;26;7;0,016;4;24;24;1,0;4;0;0;56;8
PA2024-1188;2024-05-05;Standard;6;Bestandskunde;Automobilindustrie;Bearbeitung;3;Stahl;pulverbeschichtet;26;26;7;0,006;4;9;9;1,0;4;0;0;21;3
PA2024-1189;2024-05-02;Standard;11;Bestandskunde;Automobilindustrie;Bearbeitung;5;Stahl;pulverbeschichtet;26;26;7;0,01;4;15;15;1,0;4;0;0;35;5
PA2024-1190;2024-04-29;Standard;10;Bestandskunde;Haushaltsgeräte;Bearbeitung;4;Stahl;pulverbeschichtet;26;26;7;0,008;4;12;12;1,0;4;0;0;28;4
PA2024-1191;2024-05-01;Standard;12;Bestandskunde;Logistiktechnik;Bearbeitung;14;Stahl;pulverbeschichtet;26;26;7;0,028;4;42;42;1,0;4;0;0;98;14
PA2024-1192;2024-05-02;Standard;11;Bestandskunde;Sonstige;Bearbeitung;20;Stahl;pulverbeschichtet;26;26;7;0,04;4;60;60;1,0;4;0;0;140;20
PA2024-1193;2024-05-04;Standard;4;Bestandskunde;Maschinenbau;Bearbeitung;7;Stahl;pulverbeschichtet;26;26;7;0,014;4;21;21;1,0;4;0;0;49;7
PA2024-1194;2024-04-29;Standard;5;Neukunde;Automobilindustrie;Bearbeitung;19;Stahl;pulverbeschichtet;26;26;7;0,038;4;57;57;1,0;4;0;0;133;19
PA2024-1195;2024-05-01;Standard;12;Bestandskunde;Medizintechnik;Bearbeitung;6;Stahl;pulverbeschichtet;26;26;7;0,012;4;18;18;1,0;4;0;0;42;6
PA2024-1196;2024-05-05;Änderung;5;Bestandskunde;Maschinenbau;Bearbeitung;14;Stahl;pulverbeschichtet;26;26;7;0,028;4;42;42;1,0;4;0;0;98;14
PA2024-1197;2024-05-03;Standard;5;Bestandskunde;Maschinenbau;Bearbeitung;11;Stahl;pulverbeschichtet;28;28;15;0,033;4;33;33;1,0;4;0;0;88;11
PA2024-1198;2024-04-29;Standard;15;Bestandskunde;Maschinenbau;Bearbeitung;2;Stahl;pulverbeschichtet;28;28;15;0,006;4;6;6;1,0;4;0;0;16;2
PA2024-1199;2024-05-02;Standard;11;Bestandskunde;Maschinenbau;Bearbeitung;7;Stahl;pulverbeschichtet;26;26;7;0,014;4;21;21;1,0;4;0;0;49;7
PA2024-1200;2024-04-30;Änderung;14;Bestandskunde;Logistiktechnik;Bearbeitung;20;Stahl;pulverbeschichtet;26;26;7;0,04;4;60;60;1,0;4;0;0;140;20
PA2024-1201;2024-05-03;Standard;10;Bestandskunde;Automobilindustrie;Bearbeitung;6;Stahl;pulverbeschichtet;28;28;15;0,018;4;18;18;1,0;4;0;0;48;6
PA2024-1202;2024-05-05;Standard;5;Neukunde;Haushaltsgeräte;Bearbeitung;8;Stahl;pulverbeschichtet;26;26;7;0,016;4;24;24;1,0;4;0;0;56;8
PA2024-1203;2024-05-03;Standard;7;Neukunde;Maschinenbau;Bearbeitung;11;Stahl;pulverbeschichtet;26;26;7;0,022;4;33;33;1,0;4;0;0;77;11
PA2024-1204;2024-05-02;Standard;6;Bestandskunde;Sonstige;Bearbeitung;1;Stahl;pulverbeschichtet;28;28;15;0,003;4;3;3;1,0;4;0;0;8;1
PA2024-1205;2024-04-29;Standard;6;Bestandskunde;Sonstige;Bearbeitung;19;Stahl;pulverbeschichtet;26;26;7;0,038;4;57;57;1,0;4;0;0;133;19
PA2024-1206;2024-04-29;Standard;9;Bestandskunde;Maschinenbau;Bearbeitung;9;Stahl;pulverbeschichtet;28;28;15;0,027;4;27;27;1,0;4;0;0;72;9
PA2024-1207;2024-05-05;Standard;10;Bestandskunde;Automobilindustrie;Bearbeitung;9;Stahl;pulverbeschichtet;26;26;7;0,018;4;27;27;1,0;4;0;0;63;9
PA2024-1208;2024-05-05;Standard;7;Bestandskunde;Sonstige;Bearbeitung;4;Stahl;pulverbeschichtet;26;26;7;0,008;4;12;12;1,0;4;0;0;28;4
PA2024-1209;2024-05-01;Änderung;13;Bestandskunde;Medizintechnik;Bearbeitung;6;Stahl;pulverbeschichtet;28;28;15;0,018;4;18;18;1,0;4;0;0;48;6
PA2024-1210;2024-04-29;Standard;6;Bestandskunde;Logistiktechnik;Bearbeitung;7;Stahl;pulverbeschichtet;28;28;15;0,021;4;21;21;1,0;4;0;0;56;7
PA2024-1211;2024-05-04;Standard;11;Bestandskunde;Logistiktechnik;Bearbeitung;8;Stahl;pulverbeschichtet;26;26;7;0,016;4;24;24;1,0;4;0;0;56;8
PA2024-1212;2024-05-05;Standard;10;Bestandskunde;Sonstige;Bearbeitung;2;Stahl;pulverbeschichtet;26;26;7;0,004;4;6;6;1,0;4;0;0;14;2
PA2024-1213;2024-05-05;Änderung;15;Neukunde;Sonstige;Bearbeitung;7;Stahl;pulverbeschichtet;28;28;15;0,021;4;21;21;1,0;4;0;0;56;7
PA2024-1214;2024-05-05;Standard;5;Bestandskunde;Haushaltsgeräte;Bearbeitung;17;Stahl;pulverbeschichtet;26;26;7;0,034;4;51;51;1,0;4;0;0;119;17
PA2024-1215;2024-05-03;Standard;13;Bestandskunde;Maschinenbau;Bearbeitung;17;Stahl;pulverbeschichtet;28;28;15;0,051;4;51;51;1,0;4;0;0;136;17
PA2024-1216;2024-05-02;Standard;14;Bestandskunde;Sonstige;Bearbeitung;19;Stahl;pulverbeschichtet;28;28;15;0,057;4;57;57;1,0;4;0;0;152;19
PA2024-1217;2024-04-30;Standard;8;Bestandskunde;Sonstige;Bearbeitung;7;Stahl;pulverbeschichtet;26;26;7;0,014;4;21;21;1,0;4;0;0;49;7
PA2024-1218;2024-05-02;Änderung;6;Bestandskunde;Logistiktechnik;Bearbeitung;18;Stahl;pulverbeschichtet;28;28;15;0,054;4;54;54;1,0;4;0;0;144;18
PA2024-1219;2024-05-05;Änderung;5;Bestandskunde;Logistiktechnik;Bearbeitung;8;Stahl;pulverbeschichtet;26;26;7;0,016;4;24;24;1,0;4;0;0;56;8
PA2024-1220;2024-05-03;Änderung;10;Bestandskunde;Automobilindustrie;Bearbeitung;14;Stahl;pulverbeschichtet;26;26;7;0,028;4;42;42;1,0;4;0;0;98;14
PA2024-1221;2024-05-01;Standard;9;Bestandskunde;Sonstige;Bearbeitung;8;Stahl;pulverbeschichtet;28;28;15;0,024;4;24;24;1,0;4;0;0;64;8
PA2024-1222;2024-04-29;Änderung;12;Bestandskunde;Automobilindustrie;Bearbeitung;17;Stahl;pulverbeschichtet;28;28;15;0,051;4;51;51;1,0;4;0;0;136;17
PA2024-1223;2024-04-30;Standard;6;Bestandskunde;Sonstige;Bearbeitung;18;Stahl;pulverbeschichtet;26;26;7;0,036;4;54;54;1,0;4;0;0;126;18
PA2024-1224;2024-04-30;Standard;11;Bestandskunde;Medizintechnik;Bearbeitung;9;Stahl;pulverbeschichtet;26;26;7;0,018;4;27;27;1,0;4;0;0;63;9
PA2024-1225;2024-05-05;Änderung;10;Bestandskunde;Automobilindustrie;Bearbeitung;12;Stahl;pulverbeschichtet;26;26;7;0,024;4;36;36;1,0;4;0;0;84;12
PA2024-1226;2024-05-05;Standard;5;Bestandskunde;Haushaltsgeräte;Bearbeitung;5;Stahl;pulverbeschichtet;28;28;15;0,015;4;15;15;1,0;4;0;0;40;5
PA2024-1227;2024-04-30;Änderung;8;Bestandskunde;Logistiktechnik;Bearbeitung;18;Stahl;pulverbeschichtet;28;28;15;0,054;4;54;54;1,0;4;0;0;144;18
PA2024-1228;2024-05-05;Änderung;15;Bestandskunde;Automobilindustrie;Bearbeitung;7;Stahl;pulverbeschichtet;28;28;15;0,021;4;21;21;1,0;4;0;0;56;7
PA2024-1229;2024-05-02;Änderung;7;Bestandskunde;Maschinenbau;Bearbeitung;1;Stahl;pulverbeschichtet;28;28;15;0,003;4;3;3;1,0;4;0;0;8;1
PA2024-1230;2024-05-03;Änderung;5;Bestandskunde;Automobilindustrie;Bearbeitung;16;Stahl;pulverbeschichtet;28;28;15;0,048;4;48;48;1,0;4;0;0;128;16
PA2024-1231;2024-05-07;Änderung;13;Bestandskunde;Sonstige;Bearbeitung;18;Stahl;pulverbeschichtet;28;28;15;0,054;4;54;54;1,0;4;0;0;144;18
PA2024-1232;2024-05-10;Standard;3;Bestandskunde;Automobilindustrie;Bearbeitung;5;Stahl;pulverbeschichtet;28;28;15;0,015;4;15;15;1,0;4;0;0;40;5
PA2024-1233;2024-05-10;Standard;11;Bestandskunde;Logistiktechnik;Bearbeitung;13;Stahl;pulverbeschichtet;26;26;7;0,026;4;39;39;1,0;4;0;0;91;13
PA2024-1234;2024-05-07;Änderung;14;Bestandskunde;Logistiktechnik;Bearbeitung;15;Stahl;pulverbeschichtet;26;26;7;0,03;4;45;45;1,0;4;0;0;105;15
PA2024-1235;2024-05-07;Standard;6;Bestandskunde;Haushaltsgeräte;Bearbeitung;20;Stahl;pulverbeschichtet;28;28;15;0,06;4;60;60;1,0;4;0;0;160;20
PA2024-1236;2024-05-07;Standard;8;Neukunde;Maschinenbau;Bearbeitung;10;Stahl;pulverbeschichtet;28;28;15;0,03;4;30;30;1,0;4;0;0;80;10
PA2024-1237;2024-05-08;Änderung;15;Bestandskunde;Automobilindustrie;Bearbeitung;17;Stahl;pulverbeschichtet;26;26;7;0,034;4;51;51;1,0;4;0;0;119;17
PA2024-1238;2024-05-08;Standard;12;Bestandskunde;Automobilindustrie;Bearbeitung;5;Stahl;pulverbeschichtet;26;26;7;0,01;4;15;15;1,0;4;0;0;35;5
PA2024-1239;2024-05-11;Standard;5;Bestandskunde;Automobilindustrie;Bearbeitung;7;Stahl;pulverbeschichtet;28;28;15;0,021;4;21;21;1,0;4;0;0;56;7
PA2024-1240;2024-05-08;Änderung;12;Bestandskunde;Maschinenbau;Bearbeitung;6;Stahl;pulverbeschichtet;26;26;7;0,012;4;18;18;1,0;4;0;0;42;6
PA2024-1241;2024-05-07;Standard;15;Bestandskunde;Maschinenbau;Bearbeitung;7;Stahl;pulverbeschichtet;28;28;15;0,021;4;21;21;1,0;4;0;0;56;7
PA2024-1242;2024-05-09;Standard;5;Bestandskunde;Automobilindustrie;Bearbeitung;8;Stahl;pulverbeschichtet;26;26;7;0,016;4;24;24;1,0;4;0;0;56;8
PA2024-1243;2024-05-09;Standard;13;Bestandskunde;Automobilindustrie;Bearbeitung;3;Stahl;pulverbeschichtet;28;28;15;0,009;4;9;9;1,0;4;0;0;24;3
PA2024-1244;2024-05-09;Standard;11;Bestandskunde;Maschinenbau;Bearbeitung;10;Stahl;pulverbeschichtet;28;28;15;0,03;4;30;30;1,0;4;0;0;80;10
PA2024-1245;2024-05-12;Standard;8;Bestandskunde;Haushaltsgeräte;Bearbeitung;20;Stahl;pulverbeschichtet;28;28;15;0,06;4;60;60;1,0;4;0;0;160;20
PA2024-1246;2024-05-09;Änderung;6;Bestandskunde;Maschinenbau;Bearbeitung;2;Stahl;pulverbeschichtet;28;28;15;0,006;4;6;6;1,0;4;0;0;16;2
PA2024-1247;2024-05-08;Standard;10;Bestandskunde;Automobilindustrie;Bearbeitung;7;Stahl;pulverbeschichtet;26;26;7;0,014;4;21;21;1,0;4;0;0;49;7
PA2024-1248;2024-05-12;Standard;6;Bestandskunde;Sonstige;Bearbeitung;4;Stahl;pulverbeschichtet;28;28;15;0,012;4;12;12;1,0;4;0;0;32;4
PA2024-1249;2024-05-09;Änderung;6;Bestandskunde;Automobilindustrie;Bearbeitung;15;Stahl;pulverbeschichtet;28;28;15;0,045;4;45;45;1,0;4;0;0;120;15
PA2024-1250;2024-05-11;Standard;14;Bestandskunde;Sonstige;Bearbeitung;7;Stahl;pulverbeschichtet;26;26;7;0,014;4;21;21;1,0;4;0;0;49;7
PA2024-1251;2024-05-06;Standard;9;Bestandskunde;Sonstige;Bearbeitung;11;Stahl;pulverbeschichtet;28;28;15;0,033;4;33;33;1,0;4;0;0;88;11
PA2024-1252;2024-05-09;Standard;5;Bestandskunde;Automobilindustrie;Bearbeitung;15;Stahl;pulverbeschichtet;28;28;15;0,045;4;45;45;1,0;4;0;0;120;15
PA2024-1253;2024-05-12;Änderung;10;Bestandskunde;Maschinenbau;Bearbeitung;1;Stahl;pulverbeschichtet;26;26;7;0,002;4;3;3;1,0;4;0;0;7;1
PA2024-1254;2024-05-08;Änderung;6;Bestandskunde;Medizintechnik;Bearbeitung;3;Stahl;pulverbeschichtet;26;26;7;0,006;4;9;9;1,0;4;0;0;21;3
PA2024-1255;2024-05-07;Standard;13;Bestandskunde;Sonstige;Bearbeitung;2;Stahl;pulverbeschichtet;26;26;7;0,004;4;6;6;1,0;4;0;0;14;2
PA2024-1256;2024-05-11;Standard;5;Neukunde;Maschinenbau;Bearbeitung;4;Stahl;pulverbeschichtet;26;26;7;0,008;4;12;12;1,0;4;0;0;28;4
PA2024-1257;2024-05-08;Standard;13;Bestandskunde;Automobilindustrie;Bearbeitung;13;Stahl;pulverbeschichtet;28;28;15;0,039;4;39;39;1,0;4;0;0;104;13
PA2024-1258;2024-05-08;Standard;8;Bestandskunde;Maschinenbau;Bearbeitung;1;Stahl;pulverbeschichtet;26;26;7;0,002;4;3;3;1,0;4;0;0;7;1
PA2024-1259;2024-05-12;Standard;9;Bestandskunde;Automobilindustrie;Bearbeitung;4;Stahl;pulverbeschichtet;26;26;7;0,008;4;12;12;1,0;4;0;0;28;4
PA2024-1260;2024-05-06;Standard;14;Neukunde;Logistiktechnik;Bearbeitung;11;Stahl;pulverbeschichtet;26;26;7;0,022;4;33;33;1,0;4;0;0;77;11
PA2024-1261;2024-05-10;Standard;11;Bestandskunde;Automobilindustrie;Bearbeitung;7;Stahl;pulverbeschichtet;26;26;7;0,014;4;21;21;1,0;4;0;0;49;7
PA2024-1262;2024-05-08;Standard;7;Bestandskunde;Sonstige;Bearbeitung;1;Stahl;pulverbeschichtet;26;26;7;0,002;4;3;3;1,0;4;0;0;7;1
PA2024-1263;2024-05-09;Änderung;8;Neukunde;Automobilindustrie;Bearbeitung;20;Stahl;pulverbeschichtet;28;28;15;0,06;4;60;60;1,0;4;0;0;160;20
PA2024-1264;2024-05-06;Änderung;9;Neukunde;Logistiktechnik;Bearbeitung;16;Stahl;pulverbeschichtet;28;28;15;0,048;4;48;48;1,0;4;0;0;128;16
PA2024-1265;2024-05-08;Standard;6;Bestandskunde;Automobilindustrie;Bearbeitung;13;Stahl;pulverbeschichtet;26;26;7;0,026;4;39;39;1,0;4;0;0;91;13
PA2024-1266;2024-05-07;Änderung;11;Bestandskunde;Automobilindustrie;Bearbeitung;3;Stahl;pulverbeschichtet;26;26;7;0,006;4;9;9;1,0;4;0;0;21;3
PA2024-1267;2024-05-10;Standard;13;Bestandskunde;Sonstige;Bearbeitung;8;Stahl;pulverbeschichtet;28;28;15;0,024;4;24;24;1,0;4;0;0;64;8
PA2024-1268;2024-05-06;Standard;6;Bestandskunde;Sonstige;Bearbeitung;8;Stahl;pulverbeschichtet;26;26;7;0,016;4;24;24;1,0;4;0;0;56;8
PA2024-1269;2024-05-07;Standard;12;Bestandskunde;Maschinenbau;Bearbeitung;13;Stahl;pulverbeschichtet;26;26;7;0,026;4;39;39;1,0;4;0;0;91;13
PA2024-1270;2024-05-07;Standard;13;Bestandskunde;Sonstige;Bearbeitung;9;Stahl;pulverbeschichtet;26;26;7;0,018;4;27;27;1,0;4;0;0;63;9
PA2024-1271;2024-05-12;Standard;5;Bestandskunde;Automobilindustrie;Bearbeitung;10;Stahl;pulverbeschichtet;28;28;15;0,03;4;30;30;1,0;4;0;0;80;10
PA2024-1272;2024-05-12;Änderung;11;Bestandskunde;Medizintechnik;Bearbeitung;2;Stahl;pulverbeschichtet;26;26;7;0,004;4;6;6;1,0;4;0;0;14;2
PA2024-1273;2024-05-10;Standard;11;Bestandskunde;Logistiktechnik;Bearbeitung;1;Stahl;pulverbeschichtet;26;26;7;0,002;4;3;3;1,0;4;0;0;7;1
PA2024-1274;2024-05-06;Änderung;9;Bestandskunde;Medizintechnik;Bearbeitung;7;Stahl;pulverbeschichtet;26;26;7;0,014;4;21;21;1,0;4;0;0;49;7
PA2024-1275;2024-05-07;Standard;8;Bestandskunde;Automobilindustrie;Bearbeitung;15;Stahl;pulverbeschichtet;26;26;7;0,03;4;45;45;1,0;4;0;0;105;15
PA2024-1276;2024-05-11;Standard;8;Bestandskunde;Logistiktechnik;Bearbeitung;8;Stahl;pulverbeschichtet;28;28;15;0,024;4;24;24;1,0;4;0;0;64;8
PA2024-1277;2024-05-10;Standard;13;Bestandskunde;Automobilindustrie;Bearbeitung;16;Stahl;pulverbeschichtet;28;28;15;0,048;4;48;48;1,0;4;0;0;128;16
PA2024-1278;2024-05-09;Standard;11;Bestandskunde;Medizintechnik;Bearbeitung;17;Stahl;pulverbeschichtet;26;26;7;0,034;4;51;51;1,0;4;0;0;119;17
PA2024-1279;2024-05-12;Standard;15;Bestandskunde;Logistiktechnik;Bearbeitung;3;Stahl;pulverbeschichtet;28;28;15;0,009;4;9;9;1,0;4;0;0;24;3
PA2024-1280;2024-05-10;Änderung;5;Bestandskunde;Maschinenbau;Bearbeitung;13;Stahl;pulverbeschichtet;28;28;15;0,039;4;39;39;1,0;4;0;0;104;13
PA2024-1281;2024-05-09;Änderung;10;Bestandskunde;Sonstige;Bearbeitung;3;Stahl;pulverbeschichtet;28;28;15;0,009;4;9;9;1,0;4;0;0;24;3
PA2024-1282;2024-05-11;Änderung;15;Bestandskunde;Maschinenbau;Bearbeitung;1;Stahl;pulverbeschichtet;28;28;15;0,003;4;3;3;1,0;4;0;0;8;1
PA2024-1283;2024-05-09;Änderung;11;Bestandskunde;Automobilindustrie;Bearbeitung;12;Stahl;pulverbeschichtet;26;26;7;0,024;4;36;36;1,0;4;0;0;84;12
PA2024-1284;2024-05-08;Standard;5;Bestandskunde;Automobilindustrie;Bearbeitung;4;Stahl;pulverbeschichtet;28;28;15;0,012;4;12;12;1,0;4;0;0;32;4
PA2024-1285;2024-05-07;Änderung;8;Bestandskunde;Sonstige;Bearbeitung;12;Stahl;pulverbeschichtet;28;28;15;0,036;4;36;36;1,0;4;0;0;96;12
PA2024-1286;2024-05-11;Standard;11;Bestandskunde;Sonstige;Bearbeitung;14;Stahl;pulverbeschichtet;28;28;15;0,042;4;42;42;1,0;4;0;0;112;14
PA2024-1287;2024-05-09;Änderung;4;Bestandskunde;Automobilindustrie;Bearbeitung;1;Stahl;pulverbeschichtet;26;26;7;0,002;4;3;3;1,0;4;0;0;7;1
PA2024-1288;2024-05-10;Standard;13;Bestandskunde;Sonstige;Bearbeitung;8;Stahl;pulverbeschichtet;26;26;7;0,016;4;24;24;1,0;4;0;0;56;8
PA2024-1289;2024-05-06;Standard;5;Bestandskunde;Medizintechnik;Bearbeitung;13;Stahl;pulverbeschichtet;26;26;7;0,026;4;39;39;1,0;4;0;0;91;13
PA2024-1290;2024-05-09;Änderung;6;Bestandskunde;Logistiktechnik;Bearbeitung;10;Stahl;pulverbeschichtet;26;26;7;0,02;4;30;30;1,0;4;0;0;70;10
PA2024-1291;2024-05-08;Änderung;12;Bestandskunde;Automobilindustrie;Bearbeitung;3;Stahl;pulverbeschichtet;28;28;15;0,009;4;9;9;1,0;4;0;0;24;3
PA2024-1292;2024-05-12;Standard;7;Bestandskunde;Haushaltsgeräte;Bearbeitung;13;Stahl;pulverbeschichtet;26;26;7;0,026;4;39;39;1,0;4;0;0;91;13
PA2024-1293;2024-05-07;Standard;14;Bestandskunde;Sonstige;Bearbeitung;14;Stahl;pulverbeschichtet;28;28;15;0,042;4;42;42;1,0;4;0;0;112;14
PA2024-1294;2024-05-08;Standard;12;Bestandskunde;Logistiktechnik;Bearbeitung;5;Stahl;pulverbeschichtet;28;28;15;0,015;4;15;15;1,0;4;0;0;40;5
PA2024-1295;2024-05-07;Standard;15;Bestandskunde;Automobilindustrie;Bearbeitung;7;Stahl;pulverbeschichtet;26;26;7;0,014;4;21;21;1,0;4;0;0;49;7
PA2024-1296;2024-05-06;Standard;8;Bestandskunde;Haushaltsgeräte;Bearbeitung;14;Stahl;pulverbeschichtet;26;26;7;0,028;4;42;42;1,0;4;0;0;98;14
PA2024-1297;2024-05-10;Standard;5;Bestandskunde;Automobilindustrie;Bearbeitung;10;Stahl;pulverbeschichtet;28;28;15;0,03;4;30;30;1,0;4;0;0;80;10
PA2024-1298;2024-05-06;Standard;9;Bestandskunde;Logistiktechnik;Bearbeitung;8;Stahl;pulverbeschichtet;26;26;7;0,016;4;24;24;1,0;4;0;0;56;8
PA2024-1299;2024-05-11;Standard;5;Bestandskunde;Medizintechnik;Bearbeitung;1;Stahl;pulverbeschichtet;28;28;15;0,003;4;3;3;1,0;4;0;0;8;1
PA2024-1300;2024-05-07;Standard;15;Bestandskunde;Sonstige;Bearbeitung;17;Stahl;pulverbeschichtet;26;26;7;0,034;4;51;51;1,0;4;0;0;119;17
PA2024-1301;2024-05-09;Änderung;11;Bestandskunde;Logistiktechnik;Bearbeitung;11;Stahl;pulverbeschichtet;28;28;15;0,033;4;33;33;1,0;4;0;0;88;11
PA2024-1302;2024-05-08;Standard;12;Bestandskunde;Logistiktechnik;Bearbeitung;12;Stahl;pulverbeschichtet;28;28;15;0,036;4;36;36;1,0;4;0;0;96;12
PA2024-1303;2024-05-06;Standard;14;Bestandskunde;Logistiktechnik;Bearbeitung;5;Stahl;pulverbeschichtet;28;28;15;0,015;4;15;15;1,0;4;0;0;40;5
PA2024-1304;2024-05-12;Änderung;15;Bestandskunde;Automobilindustrie;Bearbeitung;8;Stahl;pulverbeschichtet;26;26;7;0,016;4;24;24;1,0;4;0;0;56;8
PA2024-1305;2024-05-10;Standard;14;Bestandskunde;Medizintechnik;Bearbeitung;1;Stahl;pulverbeschichtet;28;28;15;0,003;4;3;3;1,0;4;0;0;8;1
PA2024-1306;2024-05-11;Standard;11;Bestandskunde;Logistiktechnik;Bearbeitung;11;Stahl;pulverbeschichtet;28;28;15;0,033;4;33;33;1,0;4;0;0;88;11
PA2024-1307;2024-05-10;Änderung;14;Bestandskunde;Sonstige;Bearbeitung;3;Stahl;pulverbeschichtet;28;28;15;0,009;4;9;9;1,0;4;0;0;24;3
PA2024-1308;2024-05-09;Standard;6;Bestandskunde;Logistiktechnik;Bearbeitung;7;Stahl;pulverbeschichtet;28;28;15;0,021;4;21;21;1,0;4;0;0;56;7
PA2024-1309;2024-05-07;Änderung;14;Bestandskunde;Sonstige;Bearbeitung;18;Stahl;pulverbeschichtet;26;26;7;0,036;4;54;54;1,0;4;0;0;126;18
PA2024-1310;2024-05-09;Änderung;6;Bestandskunde;Maschinenbau;Bearbeitung;8;Stahl;pulverbeschichtet;28;28;15;0,024;4;24;24;1,0;4;0;0;64;8
PA2024-1311;2024-05-12;Änderung;5;Bestandskunde;Sonstige;Bearbeitung;1;Stahl;pulverbeschichtet;26;26;7;0,002;4;3;3;1,0;4;0;0;7;1
PA2024-1312;2024-05-09;Standard;9;Bestandskunde;Haushaltsgeräte;Bearbeitung;16;Stahl;pulverbeschichtet;26;26;7;0,032;4;48;48;1,0;4;0;0;112;16
PA2024-1313;2024-05-10;Standard;14;Bestandskunde;Logistiktechnik;Bearbeitung;8;Stahl;pulverbeschichtet;26;26;7;0,016;4;24;24;1,0;4;0;0;56;8
PA2024-1314;2024-05-09;Standard;11;Bestandskunde;Medizintechnik;Bearbeitung;14;Stahl;pulverbeschichtet;26;26;7;0,028;4;42;42;1,0;4;0;0;98;14
PA2024-1315;2024-05-08;Standard;6;Bestandskunde;Maschinenbau;Bearbeitung;11;Stahl;pulverbeschichtet;26;26;7;0,022;4;33;33;1,0;4;0;0;77;11
PA2024-1316;2024-05-10;Standard;10;Bestandskunde;Maschinenbau;Bearbeitung;13;Stahl;pulverbeschichtet;26;26;7;0,026;4;39;39;1,0;4;0;0;91;13
PA2024-1317;2024-05-06;Standard;9;Bestandskunde;Maschinenbau;Bearbeitung;11;Stahl;pulverbeschichtet;26;26;7;0,022;4;33;33;1,0;4;0;0;77;11
PA2024-1318;2024-05-12;Änderung;7;Bestandskunde;Logistiktechnik;Bearbeitung;8;Stahl;pulverbeschichtet;28;28;15;0,024;4;24;24;1,0;4;0;0;64;8
PA2024-1319;2024-05-06;Standard;14;Bestandskunde;Logistiktechnik;Bearbeitung;10;Stahl;pulverbeschichtet;26;26;7;0,02;4;30;30;1,0;4;0;0;70;10
PA2024-1320;2024-05-11;Standard;14;Bestandskunde;Medizintechnik;Bearbeitung;2;Stahl;pulverbeschichtet;26;26;7;0,004;4;6;6;1,0;4;0;0;14;2
PA2024-1321;2024-05-17;Standard;5;Neukunde;Logistiktechnik;Bearbeitung;19;Stahl;pulverbeschichtet;28;28;15;0,057;4;57;57;1,0;4;0;0;152;19
PA2024-1322;2024-05-19;Änderung;9;Bestandskunde;Maschinenbau;Bearbeitung;13;Stahl;pulverbeschichtet;28;28;15;0,039;4;39;39;1,0;4;0;0;104;13
PA2024-1323;2024-05-14;Standard;8;Bestandskunde;Automobilindustrie;Bearbeitung;8;Stahl;pulverbeschichtet;26;26;7;0,016;4;24;24;1,0;4;0;0;56;8
PA2024-1324;2024-05-19;Änderung;15;Bestandskunde;Logistiktechnik;Bearbeitung;6;Stahl;pulverbeschichtet;26;26;7;0,012;4;18;18;1,0;4;0;0;42;6
PA2024-1325;2024-05-15;Standard;12;Bestandskunde;Automobilindustrie;Bearbeitung;13;Stahl;pulverbeschichtet;26;26;7;0,026;4;39;39;1,0;4;0;0;91;13
PA2024-1326;2024-05-17;Standard;10;Bestandskunde;Medizintechnik;Bearbeitung;18;Stahl;pulverbeschichtet;28;28;15;0,054;4;54;54;1,0;4;0;0;144;18
PA2024-1327;2024-05-14;Standard;11;Bestandskunde;Automobilindustrie;Bearbeitung;2;Stahl;pulverbeschichtet;28;28;15;0,006;4;6;6;1,0;4;0;0;16;2
PA2024-1328;2024-05-18;Standard;7;Bestandskunde;Automobilindustrie;Bearbeitung;16;Stahl;pulverbeschichtet;28;28;15;0,048;4;48;48;1,0;4;0;0;128;16
PA2024-1329;2024-05-14;Änderung;8;Bestandskunde;Logistiktechnik;Bearbeitung;1;Stahl;pulverbeschichtet;28;28;15;0,003;4;3;3;1,0;4;0;0;8;1
PA2024-1330;2024-05-19;Standard;6;Bestandskunde;Sonstige;Bearbeitung;5;Stahl;pulverbeschichtet;28;28;15;0,015;4;15;15;1,0;4;0;0;40;5
PA2024-1331;2024-05-18;Standard;7;Bestandskunde;Logistiktechnik;Bearbeitung;16;Stahl;pulverbeschichtet;28;28;15;0,048;4;48;48;1,0;4;0;0;128;16
PA2024-1332;2024-05-13;Standard;15;Bestandskunde;Sonstige;Bearbeitung;5;Stahl;pulverbeschichtet;26;26;7;0,01;4;15;15;1,0;4;0;0;35;5
PA2024-1333;2024-05-13;Standard;6;Bestandskunde;Maschinenbau;Bearbeitung;20;Stahl;pulverbeschichtet;28;28;15;0,06;4;60;60;1,0;4;0;0;160;20
PA2024-1334;2024-05-19;Standard;5;Bestandskunde;Sonstige;Bearbeitung;13;Stahl;pulverbeschichtet;26;26;7;0,026;4;39;39;1,0;4;0;0;91;13
PA2024-1335;2024-05-18;Standard;14;Bestandskunde;Maschinenbau;Bearbeitung;3;Stahl;pulverbeschichtet;28;28;15;0,009;4;9;9;1,0;4;0;0;24;3
PA2024-1336;2024-05-18;Standard;15;Bestandskunde;Medizintechnik;Bearbeitung;19;Stahl;pulverbeschichtet;26;26;7;0,038;4;57;57;1,0;4;0;0;133;19
PA2024-1337;2024-05-18;Standard;5;Bestandskunde;Automobilindustrie;Bearbeitung;16;Stahl;pulverbeschichtet;28;28;15;0,048;4;48;48;1,0;4;0;0;128;16
PA2024-1338;2024-05-17;Änderung;5;Bestandskunde;Automobilindustrie;Bearbeitung;18;Stahl;pulverbeschichtet;28;28;15;0,054;4;54;54;1,0;4;0;0;144;18
PA2024-1339;2024-05-19;Standard;5;Bestandskunde;Logistiktechnik;Bearbeitung;17;Stahl;pulverbeschichtet;26;26;7;0,034;4;51;51;1,0;4;0;0;119;17
PA2024-1340;2024-05-17;Änderung;5;Bestandskunde;Automobilindustrie;Bearbeitung;4;Stahl;pulverbeschichtet;28;28;15;0,012;4;12;12;1,0;4;0;0;32;4
PA2024-1341;2024-05-13;Standard;14;Bestandskunde;Automobilindustrie;Bearbeitung;5;Stahl;pulverbeschichtet;26;26;7;0,01;4;15;15;1,0;4;0;0;35;5
PA2024-1342;2024-05-13;Änderung;9;Bestandskunde;Medizintechnik;Bearbeitung;4;Stahl;pulverbeschichtet;26;26;7;0,008;4;12;12;1,0;4;0;0;28;4
PA2024-1343;2024-05-17;Standard;6;Bestandskunde;Automobilindustrie;Bearbeitung;1;Stahl;pulverbeschichtet;28;28;15;0,003;4;3;3;1,0;4;0;0;8;1
PA2024-1344;2024-05-13;Änderung;15;Bestandskunde;Maschinenbau;Bearbeitung;18;Stahl;pulverbeschichtet;26;26;7;0,036;4;54;54;1,0;4;0;0;126;18
PA2024-1345;2024-05-17;Standard;14;Bestandskunde;Logistiktechnik;Bearbeitung;12;Stahl;pulverbeschichtet;28;28;15;0,036;4;36;36;1,0;4;0;0;96;12
PA2024-1346;2024-05-18;Standard;5;Bestandskunde;Automobilindustrie;Bearbeitung;10;Stahl;pulverbeschichtet;26;26;7;0,02;4;30;30;1,0;4;0;0;70;10
PA2024-1347;2024-05-17;Standard;7;Bestandskunde;Medizintechnik;Bearbeitung;20;Stahl;pulverbeschichtet;26;26;7;0,04;4;60;60;1,0;4;0;0;140;20
PA2024-1348;2024-05-17;Änderung;9;Bestandskunde;Haushaltsgeräte;Bearbeitung;6;Stahl;pulverbeschichtet;28;28;15;0,018;4;18;18;1,0;4;0;0;48;6
PA2024-1349;2024-05-13;Standard;9;Neukunde;Haushaltsgeräte;Bearbeitung;5;Stahl;pulverbeschichtet;28;28;15;0,015;4;15;15;1,0;4;0;0;40;5
PA2024-1350;2024-05-18;Standard;10;Bestandskunde;Automobilindustrie;Bearbeitung;7;Stahl;pulverbeschichtet;26;26;7;0,014;4;21;21;1,0;4;0;0;49;7
PA2024-1351;2024-05-18;Standard;15;Bestandskunde;Logistiktechnik;Bearbeitung;5;Stahl;pulverbeschichtet;28;28;15;0,015;4;15;15;1,0;4;0;0;40;5
PA2024-1352;2024-05-16;Änderung;3;Bestandskunde;Automobilindustrie;Bearbeitung;9;Stahl;pulverbeschichtet;28;28;15;0,027;4;27;27;1,0;4;0;0;72;9
PA2024-1353;2024-05-18;Änderung;13;Bestandskunde;Automobilindustrie;Bearbeitung;12;Stahl;pulverbeschichtet;26;26;7;0,024;4;36;36;1,0;4;0;0;84;12
PA2024-1354;2024-05-14;Standard;8;Bestandskunde;Automobilindustrie;Bearbeitung;8;Stahl;pulverbeschichtet;28;28;15;0,024;4;24;24;1,0;4;0;0;64;8
PA2024-1355;2024-05-19;Standard;6;Bestandskunde;Maschinenbau;Bearbeitung;10;Stahl;pulverbeschichtet;28;28;15;0,03;4;30;30;1,0;4;0;0;80;10
PA2024-1356;2024-05-17;Standard;10;Bestandskunde;Medizintechnik;Bearbeitung;18;Stahl;pulverbeschichtet;28;28;15;0,054;4;54;54;1,0;4;0;0;144;18
PA2024-1357;2024-05-13;Standard;4;Bestandskunde;Maschinenbau;Bearbeitung;13;Stahl;pulverbeschichtet;28;28;15;0,039;4;39;39;1,0;4;0;0;104;13
PA2024-1358;2024-05-19;Standard;13;Bestandskunde;Sonstige;Bearbeitung;1;Stahl;pulverbeschichtet;26;26;7;0,002;4;3;3;1,0;4;0;0;7;1
PA2024-1359;2024-05-14;Standard;13;Bestandskunde;Sonstige;Bearbeitung;12;Stahl;pulverbeschichtet;26;26;7;0,024;4;36;36;1,0;4;0;0;84;12
PA2024-1360;2024-05-18;Änderung;14;Bestandskunde;Logistiktechnik;Bearbeitung;15;Stahl;pulverbeschichtet;26;26;7;0,03;4;45;45;1,0;4;0;0;105;15
PA2024-1361;2024-05-16;Standard;15;Bestandskunde;Sonstige;Bearbeitung;8;Stahl;pulverbeschichtet;28;28;15;0,024;4;24;24;1,0;4;0;0;64;8
PA2024-1362;2024-05-19;Standard;5;Bestandskunde;Maschinenbau;Bearbeitung;11;Stahl;pulverbeschichtet;28;28;15;0,033;4;33;33;1,0;4;0;0;88;11
PA2024-1363;2024-05-13;Standard;9;Bestandskunde;Automobilindustrie;Bearbeitung;2;Stahl;pulverbeschichtet;26;26;7;0,004;4;6;6;1,0;4;0;0;14;2
PA2024-1364;2024-05-17;Standard;14;Bestandskunde;Logistiktechnik;Bearbeitung;14;Stahl;pulverbeschichtet;26;26;7;0,028;4;42;42;1,0;4;0;0;98;14
PA2024-1365;2024-05-16;Änderung;15;Bestandskunde;Maschinenbau;Bearbeitung;18;Stahl;pulverbeschichtet;26;26;7;0,036;4;54;54;1,0;4;0;0;126;18
PA2024-1366;2024-05-13;Standard;9;Bestandskunde;Maschinenbau;Bearbeitung;14;Stahl;pulverbeschichtet;26;26;7;0,028;4;42;42;1,0;4;0;0;98;14
PA2024-1367;2024-05-18;Änderung;15;Bestandskunde;Sonstige;Bearbeitung;15;Stahl;pulverbeschichtet;28;28;15;0,045;4;45;45;1,0;4;0;0;120;15
PA2024-1368;2024-05-14;Standard;5;Bestandskunde;Medizintechnik;Bearbeitung;12;Stahl;pulverbeschichtet;26;26;7;0,024;4;36;36;1,0;4;0;0;84;12
PA2024-1369;2024-05-16;Änderung;11;Bestandskunde;Medizintechnik;Bearbeitung;11;Stahl;pulverbeschichtet;26;26;7;0,022;4;33;33;1,0;4;0;0;77;11
PA2024-1370;2024-05-15;Standard;10;Bestandskunde;Haushaltsgeräte;Bearbeitung;1;Stahl;pulverbeschichtet;26;26;7;0,002;4;3;3;1,0;4;0;0;7;1
PA2024-1371;2024-05-15;Standard;15;Bestandskunde;Automobilindustrie;Bearbeitung;15;Stahl;pulverbeschichtet;28;28;15;0,045;4;45;45;1,0;4;0;0;120;15
PA2024-1372;2024-05-15;Standard;3;Bestandskunde;Maschinenbau;Bearbeitung;12;Stahl;pulverbeschichtet;28;28;15;0,036;4;36;36;1,0;4;0;0;96;12
PA2024-1373;2024-05-15;Standard;7;Bestandskunde;Medizintechnik;Bearbeitung;14;Stahl;pulverbeschichtet;26;26;7;0,028;4;42;42;1,0;4;0;0;98;14
PA2024-1374;2024-05-13;Änderung;15;Bestandskunde;Automobilindustrie;Bearbeitung;4;Stahl;pulverbeschichtet;28;28;15;0,012;4;12;12;1,0;4;0;0;32;4
PA2024-1375;2024-05-14;Änderung;9;Bestandskunde;Sonstige;Bearbeitung;10;Stahl;pulverbeschichtet;28;28;15;0,03;4;30;30;1,0;4;0;0;80;10
PA2024-1376;2024-05-14;Änderung;9;Bestandskunde;Medizintechnik;Bearbeitung;15;Stahl;pulverbeschichtet;28;28;15;0,045;4;45;45;1,0;4;0;0;120;15
PA2024-1377;2024-05-15;Änderung;12;Bestandskunde;Sonstige;Bearbeitung;7;Stahl;pulverbeschichtet;26;26;7;0,014;4;21;21;1,0;4;0;0;49;7
PA2024-1378;2024-05-15;Standard;4;Bestandskunde;Sonstige;Bearbeitung;11;Stahl;pulverbeschichtet;26;26;7;0,022;4;33;33;1,0;4;0;0;77;11
PA2024-1379;2024-05-18;Standard;8;Bestandskunde;Medizintechnik;Bearbeitung;9;Stahl;pulverbeschichtet;26;26;7;0,018;4;27;27;1,0;4;0;0;63;9
PA2024-1380;2024-05-16;Standard;14;Neukunde;Maschinenbau;Bearbeitung;11;Stahl;pulverbeschichtet;26;26;7;0,022;4;33;33;1,0;4;0;0;77;11
PA2024-1381;2024-05-18;Standard;12;Neukunde;Maschinenbau;Bearbeitung;1;Stahl;pulverbeschichtet;28;28;15;0,003;4;3;3;1,0;4;0;0;8;1
PA2024-1382;2024-05-15;Änderung;15;Neukunde;Medizintechnik;Bearbeitung;2;Stahl;pulverbeschichtet;26;26;7;0,004;4;6;6;1,0;4;0;0;14;2
PA2024-1383;2024-05-17;Standard;3;Bestandskunde;Automobilindustrie;Bearbeitung;16;Stahl;pulverbeschichtet;28;28;15;0,048;4;48;48;1,0;4;0;0;128;16
PA2024-1384;2024-05-14;Standard;7;Bestandskunde;Automobilindustrie;Bearbeitung;9;Stahl;pulverbeschichtet;26;26;7;0,018;4;27;27;1,0;4;0;0;63;9
PA2024-1385;2024-05-18;Änderung;9;Bestandskunde;Medizintechnik;Bearbeitung;16;Stahl;pulverbeschichtet;26;26;7;0,032;4;48;48;1,0;4;0;0;112;16
PA2024-1386;2024-05-14;Standard;7;Bestandskunde;Medizintechnik;Bearbeitung;2;Stahl;pulverbeschichtet;26;26;7;0,004;4;6;6;1,0;4;0;0;14;2
PA2024-1387;2024-05-14;Standard;13;Bestandskunde;Medizintechnik;Bearbeitung;2;Stahl;pulverbeschichtet;28;28;15;0,006;4;6;6;1,0;4;0;0;16;2
PA2024-1388;2024-05-17;Standard;10;Neukunde;Maschinenbau;Bearbeitung;8;Stahl;pulverbeschichtet;28;28;15;0,024;4;24;24;1,0;4;0;0;64;8
PA2024-1389;2024-05-16;Änderung;4;Bestandskunde;Sonstige;Bearbeitung;10;Stahl;pulverbeschichtet;28;28;15;0,03;4;30;30;1,0;4;0;0;80;10
PA2024-1390;2024-05-15;Standard;9;Bestandskunde;Medizintechnik;Bearbeitung;8;Stahl;pulverbeschichtet;26;26;7;0,016;4;24;24;1,0;4;0;0;56;8
PA2024-1391;2024-05-14;Standard;4;Bestandskunde;Automobilindustrie;Bearbeitung;11;Stahl;pulverbeschichtet;28;28;15;0,033;4;33;33;1,0;4;0;0;88;11
PA2024-1392;2024-05-16;Standard;9;Bestandskunde;Medizintechnik;Bearbeitung;6;Stahl;pulverbeschichtet;26;26;7;0,012;4;18;18;1,0;4;0;0;42;6
PA2024-1393;2024-05-15;Standard;11;Bestandskunde;Sonstige;Bearbeitung;1;Stahl;pulverbeschichtet;28;28;15;0,003;4;3;3;1,0;4;0;0;8;1
PA2024-1394;2024-05-15;Änderung;12;Bestandskunde;Automobilindustrie;Bearbeitung;20;Stahl;pulverbeschichtet;26;26;7;0,04;4;60;60;1,0;4;0;0;140;20
PA2024-1395;2024-05-18;Standard;10;Bestandskunde;Medizintechnik;Bearbeitung;4;Stahl;pulverbeschichtet;28;28;15;0,012;4;12;12;1,0;4;0;0;32;4
PA2024-1396;2024-05-13;Standard;9;Bestandskunde;Haushaltsgeräte;Bearbeitung;4;Stahl;pulverbeschichtet;26;26;7;0,008;4;12;12;1,0;4;0;0;28;4
PA2024-1397;2024-05-15;Standard;14;Bestandskunde;Automobilindustrie;Bearbeitung;5;Stahl;pulverbeschichtet;26;26;7;0,01;4;15;15;1,0;4;0;0;35;5
PA2024-1398;2024-05-14;Standard;13;Bestandskunde;Maschinenbau;Bearbeitung;18;Stahl;pulverbeschichtet;26;26;7;0,036;4;54;54;1,0;4;0;0;126;18
PA2024-1399;2024-05-16;Standard;6;Bestandskunde;Maschinenbau;Bearbeitung;14;Stahl;pulverbeschichtet;28;28;15;0,042;4;42;42;1,0;4;0;0;112;14
PA2024-1400;2024-05-17;Standard;9;Bestandskunde;Maschinenbau;Bearbeitung;2;Stahl;pulverbeschichtet;26;26;7;0,004;4;6;6;1,0;4;0;0;14;2
PA2024-1401;2024-05-18;Änderung;12;Bestandskunde;Automobilindustrie;Bearbeitung;17;Stahl;pulverbeschichtet;26;26;7;0,034;4;51;51;1,0;4;0;0;119;17
PA2024-1402;2024-05-16;Standard;15;Bestandskunde;Maschinenbau;Bearbeitung;13;Stahl;pulverbeschichtet;26;26;7;0,026;4;39;39;1,0;4;0;0;91;13
PA2024-1403;2024-05-14;Änderung;3;Bestandskunde;Logistiktechnik;Bearbeitung;1;Stahl;pulverbeschichtet;28;28;15;0,003;4;3;3;1,0;4;0;0;8;1
PA2024-1404;2024-05-18;Standard;15;Bestandskunde;Sonstige;Bearbeitung;10;Stahl;pulverbeschichtet;28;28;15;0,03;4;30;30;1,0;4;0;0;80;10
PA2024-1405;2024-05-13;Änderung;8;Bestandskunde;Logistiktechnik;Bearbeitung;10;Stahl;pulverbeschichtet;28;28;15;0,03;4;30;30;1,0;4;0;0;80;10
PA2024-1406;2024-05-15;Standard;7;Bestandskunde;Haushaltsgeräte;Bearbeitung;8;Stahl;pulverbeschichtet;26;26;7;0,016;4;24;24;1,0;4;0;0;56;8
PA2024-1407;2024-05-13;Standard;12;Neukunde;Haushaltsgeräte;Bearbeitung;11;Stahl;pulverbeschichtet;26;26;7;0,022;4;33;33;1,0;4;0;0;77;11
PA2024-1408;2024-05-18;Standard;6;Bestandskunde;Sonstige;Bearbeitung;11;Stahl;pulverbeschichtet;26;26;7;0,022;4;33;33;1,0;4;0;0;77;11
PA2024-1409;2024-05-19;Änderung;12;Bestandskunde;Logistiktechnik;Bearbeitung;6;Stahl;pulverbeschichtet;26;26;7;0,012;4;18;18;1,0;4;0;0;42;6
PA2024-1410;2024-05-17;Änderung;5;Bestandskunde;Maschinenbau;Bearbeitung;9;Stahl;pulverbeschichtet;28;28;15;0,027;4;27;27;1,0;4;0;0;72;9
PA2024-1411;2024-05-21;Standard;11;Bestandskunde;Automobilindustrie;Bearbeitung;13;Stahl;pulverbeschichtet;26;26;7;0,026;4;39;39;1,0;4;0;0;91;13
PA2024-1412;2024-05-21;Standard;13;Bestandskunde;Automobilindustrie;Bearbeitung;3;Stahl;pulverbeschichtet;26;26;7;0,006;4;9;9;1,0;4;0;0;21;3
PA2024-1413;2024-05-23;Änderung;6;Bestandskunde;Maschinenbau;Bearbeitung;19;Stahl;pulverbeschichtet;28;28;15;0,057;4;57;57;1,0;4;0;0;152;19
PA2024-1414;2024-05-21;Standard;10;Bestandskunde;Logistiktechnik;Bearbeitung;6;Stahl;pulverbeschichtet;28;28;15;0,018;4;18;18;1,0;4;0;0;48;6
PA2024-1415;2024-05-24;Standard;7;Bestandskunde;Medizintechnik;Bearbeitung;8;Stahl;pulverbeschichtet;28;28;15;0,024;4;24;24;1,0;4;0;0;64;8
PA2024-1416;2024-05-23;Änderung;6;Bestandskunde;Automobilindustrie;Bearbeitung;1;Stahl;pulverbeschichtet;28;28;15;0,003;4;3;3;1,0;4;0;0;8;1
PA2024-1417;2024-05-23;Standard;3;Bestandskunde;Logistiktechnik;Bearbeitung;2;Stahl;pulverbeschichtet;26;26;7;0,004;4;6;6;1,0;4;0;0;14;2
PA2024-1418;2024-05-26;Standard;5;Bestandskunde;Logistiktechnik;Bearbeitung;20;Stahl;pulverbeschichtet;26;26;7;0,04;4;60;60;1,0;4;0;0;140;20
PA2024-1419;2024-05-26;Standard;6;Bestandskunde;Maschinenbau;Bearbeitung;3;Stahl;pulverbeschichtet;26;26;7;0,006;4;9;9;1,0;4;0;0;21;3
PA2024-1420;2024-05-23;Standard;13;Bestandskunde;Maschinenbau;Bearbeitung;16;Stahl;pulverbeschichtet;26;26;7;0,032;4;48;48;1,0;4;0;0;112;16
PA2024-1421;2024-05-20;Änderung;9;Bestandskunde;Automobilindustrie;Bearbeitung;2;Stahl;pulverbeschichtet;26;26;7;0,004;4;6;6;1,0;4;0;0;14;2
PA2024-1422;2024-05-20;Standard;15;Bestandskunde;Automobilindustrie;Bearbeitung;1;Stahl;pulverbeschichtet;26;26;7;0,002;4;3;3;1,0;4;0;0;7;1
PA2024-1423;2024-05-21;Änderung;13;Bestandskunde;Sonstige;Bearbeitung;10;Stahl;pulverbeschichtet;26;26;7;0,02;4;30;30;1,0;4;0;0;70;10
PA2024-1424;2024-05-25;Standard;5;Neukunde;Logistiktechnik;Bearbeitung;8;Stahl;pulverbeschichtet;26;26;7;0,016;4;24;24;1,0;4;0;0;56;8
PA2024-1425;2024-05-22;Standard;5;Bestandskunde;Automobilindustrie;Bearbeitung;3;Stahl;pulverbeschichtet;26;26;7;0,006;4;9;9;1,0;4;0;0;21;3
PA2024-1426;2024-05-21;Standard;13;Bestandskunde;Maschinenbau;Bearbeitung;14;Stahl;pulverbeschichtet;26;26;7;0,028;4;42;42;1,0;4;0;0;98;14
PA2024-1427;2024-05-24;Änderung;10;Bestandskunde;Medizintechnik;Bearbeitung;16;Stahl;pulverbeschichtet;26;26;7;0,032;4;48;48;1,0;4;0;0;112;16
PA2024-1428;2024-05-26;Standard;5;Bestandskunde;Sonstige;Bearbeitung;5;Stahl;pulverbeschichtet;28;28;15;0,015;4;15;15;1,0;4;0;0;40;5
PA2024-1429;2024-05-21;Standard;13;Bestandskunde;Maschinenbau;Bearbeitung;16;Stahl;pulverbeschichtet;26;26;7;0,032;4;48;48;1,0;4;0;0;112;16
PA2024-1430;2024-05-24;Änderung;12;Bestandskunde;Maschinenbau;Bearbeitung;3;Stahl;pulverbeschichtet;26;26;7;0,006;4;9;9;1,0;4;0;0;21;3
PA2024-1431;2024-05-21;Änderung;13;Bestandskunde;Logistiktechnik;Bearbeitung;16;Stahl;pulverbeschichtet;28;28;15;0,048;4;48;48;1,0;4;0;0;128;16
PA2024-1432;2024-05-26;Standard;11;Bestandskunde;Automobilindustrie;Bearbeitung;8;Stahl;pulverbeschichtet;28;28;15;0,024;4;24;24;1,0;4;0;0;64;8
PA2024-1433;2024-05-24;Standard;14;Bestandskunde;Sonstige;Bearbeitung;18;Stahl;pulverbeschichtet;28;28;15;0,054;4;54;54;1,0;4;0;0;144;18
PA2024-1434;2024-05-20;Standard;14;Bestandskunde;Sonstige;Bearbeitung;8;Stahl;pulverbeschichtet;26;26;7;0,016;4;24;24;1,0;4;0;0;56;8
PA2024-1435;2024-05-22;Standard;3;Bestandskunde;Maschinenbau;Bearbeitung;12;Stahl;pulverbeschichtet;26;26;7;0,024;4;36;36;1,0;4;0;0;84;12
PA2024-1436;2024-05-20;Änderung;4;Bestandskunde;Maschinenbau;Bearbeitung;5;Stahl;pulverbeschichtet;28;28;15;0,015;4;15;15;1,0;4;0;0;40;5
PA2024-1437;2024-05-21;Standard;13;Bestandskunde;Haushaltsgeräte;Bearbeitung;2;Stahl;pulverbeschichtet;28;28;15;0,006;4;6;6;1,0;4;0;0;16;2
PA2024-1438;2024-05-25;Änderung;6;Bestandskunde;Maschinenbau;Bearbeitung;14;Stahl;pulverbeschichtet;26;26;7;0,028;4;42;42;1,0;4;0;0;98;14
PA2024-1439;2024-05-25;Änderung;5;Bestandskunde;Automobilindustrie;Bearbeitung;20;Stahl;pulverbeschichtet;28;28;15;0,06;4;60;60;1,0;4;0;0;160;20
PA2024-1440;2024-05-21;Standard;12;Bestandskunde;Logistiktechnik;Bearbeitung;1;Stahl;pulverbeschichtet;26;26;7;0,002;4;3;3;1,0;4;0;0;7;1
PA2024-1441;2024-05-26;Standard;8;Bestandskunde;Maschinenbau;Bearbeitung;17;Stahl;pulverbeschichtet;28;28;15;0,051;4;51;51;1,0;4;0;0;136;17
PA2024-1442;2024-05-23;Änderung;11;Bestandskunde;Sonstige;Bearbeitung;1;Stahl;pulverbeschichtet;28;28;15;0,003;4;3;3;1,0;4;0;0;8;1
PA2024-1443;2024-05-21;Standard;4;Bestandskunde;Maschinenbau;Bearbeitung;6;Stahl;pulverbeschichtet;28;28;15;0,018;4;18;18;1,0;4;0;0;48;6
PA2024-1444;2024-05-23;Standard;12;Bestandskunde;Sonstige;Bearbeitung;18;Stahl;pulverbeschichtet;26;26;7;0,036;4;54;54;1,0;4;0;0;126;18
PA2024-1445;2024-05-24;Standard;10;Bestandskunde;Sonstige;Bearbeitung;6;Stahl;pulverbeschichtet;28;28;15;0,018;4;18;18;1,0;4;0;0;48;6
PA2024-1446;2024-05-24;Standard;11;Bestandskunde;Maschinenbau;Bearbeitung;7;Stahl;pulverbeschichtet;28;28;15;0,021;4;21;21;1,0;4;0;0;56;7
PA2024-1447;2024-05-20;Änderung;9;Bestandskunde;Sonstige;Bearbeitung;18;Stahl;pulverbeschichtet;28;28;15;0,054;4;54;54;1,0;4;0;0;144;18
PA2024-1448;2024-05-23;Standard;11;Bestandskunde;Maschinenbau;Bearbeitung;13;Stahl;pulverbeschichtet;26;26;7;0,026;4;39;39;1,0;4;0;0;91;13
PA2024-1449;2024-05-26;Standard;12;Bestandskunde;Maschinenbau;Bearbeitung;4;Stahl;pulverbeschichtet;26;26;7;0,008;4;12;12;1,0;4;0;0;28;4
PA2024-1450;2024-05-22;Änderung;11;Bestandskunde;Sonstige;Bearbeitung;18;Stahl;pulverbeschichtet;26;26;7;0,036;4;54;54;1,0;4;0;0;126;18
PA2024-1451;2024-05-21;Standard;3;Bestandskunde;Maschinenbau;Bearbeitung;18;Stahl;pulverbeschichtet;26;26;7;0,036;4;54;54;1,0;4;0;0;126;18
PA2024-1452;2024-05-21;Standard;9;Bestandskunde;Sonstige;Bearbeitung;2;Stahl;pulverbeschichtet;26;26;7;0,004;4;6;6;1,0;4;0;0;14;2
PA2024-1453;2024-05-20;Standard;11;Bestandskunde;Haushaltsgeräte;Bearbeitung;12;Stahl;pulverbeschichtet;28;28;15;0,036;4;36;36;1,0;4;0;0;96;12
PA2024-1454;2024-05-24;Standard;7;Bestandskunde;Automobilindustrie;Bearbeitung;12;Stahl;pulverbeschichtet;28;28;15;0,036;4;36;36;1,0;4;0;0;96;12
PA2024-1455;2024-05-22;Änderung;12;Bestandskunde;Sonstige;Bearbeitung;17;Stahl;pulverbeschichtet;26;26;7;0,034;4;51;51;1,0;4;0;0;119;17
PA2024-1456;2024-05-24;Standard;11;Bestandskunde;Maschinenbau;Bearbeitung;2;Stahl;pulverbeschichtet;26;26;7;0,004;4;6;6;1,0;4;0;0;14;2
PA2024-1457;2024-05-21;Standard;13;Bestandskunde;Automobilindustrie;Bearbeitung;8;Stahl;pulverbeschichtet;28;28;15;0,024;4;24;24;1,0;4;0;0;64;8
PA2024-1458;2024-05-26;Änderung;8;Bestandskunde;Haushaltsgeräte;Bearbeitung;20;Stahl;pulverbeschichtet;26;26;7;0,04;4;60;60;1,0;4;0;0;140;20
PA2024-1459;2024-05-26;Standard;7;Bestandskunde;Logistiktechnik;Bearbeitung;14;Stahl;pulverbeschichtet;28;28;15;0,042;4;42;42;1,0;4;0;0;112;14
PA2024-1460;2024-05-21;Änderung;8;Bestandskunde;Automobilindustrie;Bearbeitung;5;Stahl;pulverbeschichtet;26;26;7;0,01;4;15;15;1,0;4;0;0;35;5
PA2024-1461;2024-05-26;Standard;5;Neukunde;Logistiktechnik;Bearbeitung;18;Stahl;pulverbeschichtet;28;28;15;0,054;4;54;54;1,0;4;0;0;144;18
PA2024-1462;2024-05-20;Standard;14;Bestandskunde;Maschinenbau;Bearbeitung;6;Stahl;pulverbeschichtet;26;26;7;0,012;4;18;18;1,0;4;0;0;42;6
PA2024-1463;2024-05-24;Standard;10;Bestandskunde;Automobilindustrie;Bearbeitung;15;Stahl;pulverbeschichtet;26;26;7;0,03;4;45;45;1,0;4;0;0;105;15
PA2024-1464;2024-05-22;Standard;13;Bestandskunde;Maschinenbau;Bearbeitung;4;Stahl;pulverbeschichtet;28;28;15;0,012;4;12;12;1,0;4;0;0;32;4
PA2024-1465;2024-05-22;Änderung;10;Neukunde;Medizintechnik;Bearbeitung;5;Stahl;pulverbeschichtet;28;28;15;0,015;4;15;15;1,0;4;0;0;40;5
PA2024-1466;2024-05-24;Standard;10;Bestandskunde;Medizintechnik;Bearbeitung;17;Stahl;pulverbeschichtet;28;28;15;0,051;4;51;51;1,0;4;0;0;136;17
PA2024-1467;2024-05-25;Standard;5;Bestandskunde;Maschinenbau;Bearbeitung;8;Stahl;pulverbeschichtet;28;28;15;0,024;4;24;24;1,0;4;0;0;64;8
PA2024-1468;2024-05-26;Standard;6;Bestandskunde;Automobilindustrie;Bearbeitung;13;Stahl;pulverbeschichtet;26;26;7;0,026;4;39;39;1,0;4;0;0;91;13
PA2024-1469;2024-05-23;Änderung;13;Bestandskunde;Logistiktechnik;Bearbeitung;15;Stahl;pulverbeschichtet;26;26;7;0,03;4;45;45;1,0;4;0;0;105;15
PA2024-1470;2024-05-20;Standard;8;Bestandskunde;Medizintechnik;Bearbeitung;13;Stahl;pulverbeschichtet;28;28;15;0,039;4;39;39;1,0;4;0;0;104;13
PA2024-1471;2024-05-23;Standard;11;Bestandskunde;Sonstige;Bearbeitung;20;Stahl;pulverbeschichtet;28;28;15;0,06;4;60;60;1,0;4;0;0;160;20
PA2024-1472;2024-05-25;Änderung;15;Bestandskunde;Automobilindustrie;Bearbeitung;18;Stahl;pulverbeschichtet;28;28;15;0,054;4;54;54;1,0;4;0;0;144;18
PA2024-1473;2024-05-21;Standard;8;Bestandskunde;Medizintechnik;Bearbeitung;20;Stahl;pulverbeschichtet;26;26;7;0,04;4;60;60;1,0;4;0;0;140;20
PA2024-1474;2024-05-26;Standard;12;Bestandskunde;Haushaltsgeräte;Bearbeitung;7;Stahl;pulverbeschichtet;28;28;15;0,021;4;21;21;1,0;4;0;0;56;7
PA2024-1475;2024-05-26;Änderung;5;Neukunde;Automobilindustrie;Bearbeitung;9;Stahl;pulverbeschichtet;26;26;7;0,018;4;27;27;1,0;4;0;0;63;9
PA2024-1476;2024-05-21;Standard;5;Bestandskunde;Logistiktechnik;Bearbeitung;3;Stahl;pulverbeschichtet;28;28;15;0,009;4;9;9;1,0;4;0;0;24;3
PA2024-1477;2024-05-23;Änderung;12;Bestandskunde;Logistiktechnik;Bearbeitung;9;Stahl;pulverbeschichtet;28;28;15;0,027;4;27;27;1,0;4;0;0;72;9
PA2024-1478;2024-05-20;Standard;14;Bestandskunde;Logistiktechnik;Bearbeitung;6;Stahl;pulverbeschichtet;26;26;7;0,012;4;18;18;1,0;4;0;0;42;6
PA2024-1479;2024-05-23;Standard;14;Bestandskunde;Maschinenbau;Bearbeitung;6;Stahl;pulverbeschichtet;26;26;7;0,012;4;18;18;1,0;4;0;0;42;6
PA2024-1480;2024-05-25;Standard;12;Bestandskunde;Sonstige;Bearbeitung;20;Stahl;pulverbeschichtet;28;28;15;0,06;4;60;60;1,0;4;0;0;160;20
PA2024-1481;2024-05-25;Standard;6;Bestandskunde;Logistiktechnik;Bearbeitung;11;Stahl;pulverbeschichtet;26;26;7;0,022;4;33;33;1,0;4;0;0;77;11
PA2024-1482;2024-05-23;Standard;6;Bestandskunde;Maschinenbau;Bearbeitung;14;Stahl;pulverbeschichtet;26;26;7;0,028;4;42;42;1,0;4;0;0;98;14
PA2024-1483;2024-05-25;Standard;4;Bestandskunde;Maschinenbau;Bearbeitung;5;Stahl;pulverbeschichtet;28;28;15;0,015;4;15;15;1,0;4;0;0;40;5
PA2024-1484;2024-05-24;Standard;5;Bestandskunde;Logistiktechnik;Bearbeitung;7;Stahl;pulverbeschichtet;28;28;15;0,021;4;21;21;1,0;4;0;0;56;7
PA2024-1485;2024-05-24;Standard;6;Bestandskunde;Sonstige;Bearbeitung;7;Stahl;pulverbeschichtet;28;28;15;0,021;4;21;21;1,0;4;0;0;56;7
PA2024-1486;2024-05-22;Standard;12;Bestandskunde;Haushaltsgeräte;Bearbeitung;17;Stahl;pulverbeschichtet;26;26;7;0,034;4;51;51;1,0;4;0;0;119;17
PA2024-1487;2024-05-25;Standard;14;Bestandskunde;Maschinenbau;Bearbeitung;18;Stahl;pulverbeschichtet;26;26;7;0,036;4;54;54;1,0;4;0;0;126;18
PA2024-1488;2024-05-26;Änderung;11;Bestandskunde;Automobilindustrie;Bearbeitung;14;Stahl;pulverbeschichtet;28;28;15;0,042;4;42;42;1,0;4;0;0;112;14
PA2024-1489;2024-05-24;Standard;6;Bestandskunde;Automobilindustrie;Bearbeitung;14;Stahl;pulverbeschichtet;28;28;15;0,042;4;42;42;1,0;4;0;0;112;14
PA2024-1490;2024-05-24;Änderung;5;Neukunde;Logistiktechnik;Bearbeitung;4;Stahl;pulverbeschichtet;28;28;15;0,012;4;12;12;1,0;4;0;0;32;4
PA2024-1491;2024-05-24;Standard;12;Bestandskunde;Haushaltsgeräte;Bearbeitung;20;Stahl;pulverbeschichtet;26;26;7;0,04;4;60;60;1,0;4;0;0;140;20
PA2024-1492;2024-05-24;Änderung;4;Bestandskunde;Logistiktechnik;Bearbeitung;7;Stahl;pulverbeschichtet;26;26;7;0,014;4;21;21;1,0;4;0;0;49;7
PA2024-1493;2024-05-24;Änderung;11;Neukunde;Maschinenbau;Bearbeitung;4;Stahl;pulverbeschichtet;26;26;7;0,008;4;12;12;1,0;4;0;0;28;4
PA2024-1494;2024-05-23;Standard;11;Bestandskunde;Maschinenbau;Bearbeitung;8;Stahl;pulverbeschichtet;28;28;15;0,024;4;24;24;1,0;4;0;0;64;8
PA2024-1495;2024-05-25;Standard;10;Bestandskunde;Maschinenbau;Bearbeitung;14;Stahl;pulverbeschichtet;28;28;15;0,042;4;42;42;1,0;4;0;0;112;14
PA2024-1496;2024-05-23;Änderung;4;Bestandskunde;Sonstige;Bearbeitung;12;Stahl;pulverbeschichtet;26;26;7;0,024;4;36;36;1,0;4;0;0;84;12
PA2024-1497;2024-05-21;Standard;13;Bestandskunde;Maschinenbau;Bearbeitung;7;Stahl;pulverbeschichtet;28;28;15;0,021;4;21;21;1,0;4;0;0;56;7
PA2024-1498;2024-05-26;Änderung;14;Bestandskunde;Logistiktechnik;Bearbeitung;6;Stahl;pulverbeschichtet;28;28;15;0,018;4;18;18;1,0;4;0;0;48;6
PA2024-1499;2024-05-24;Änderung;6;Bestandskunde;Automobilindustrie;Bearbeitung;5;Stahl;pulverbeschichtet;28;28;15;0,015;4;15;15;1,0;4;0;0;40;5
PA2024-1500;2024-05-26;Standard;10;Bestandskunde;Maschinenbau;Bearbeitung;11;Stahl;pulverbeschichtet;26;26;7;0,022;4;33;33;1,0;4;0;0;77;11
PA2024-1501;2024-05-27;Standard;4;Bestandskunde;Maschinenbau;Bearbeitung;19;Stahl;pulverbeschichtet;26;26;7;0,038;4;57;57;1,0;4;0;0;133;19
PA2024-1502;2024-05-31;Standard;5;Bestandskunde;Haushaltsgeräte;Bearbeitung;5;Stahl;pulverbeschichtet;26;26;7;0,01;4;15;15;1,0;4;0;0;35;5
PA2024-1503;2024-06-01;Standard;11;Bestandskunde;Maschinenbau;Bearbeitung;8;Stahl;pulverbeschichtet;28;28;15;0,024;4;24;24;1,0;4;0;0;64;8
PA2024-1504;2024-05-31;Änderung;8;Bestandskunde;Automobilindustrie;Bearbeitung;13;Stahl;pulverbeschichtet;28;28;15;0,039;4;39;39;1,0;4;0;0;104;13
PA2024-1505;2024-05-27;Standard;9;Bestandskunde;Haushaltsgeräte;Bearbeitung;1;Stahl;pulverbeschichtet;28;28;15;0,003;4;3;3;1,0;4;0;0;8;1
PA2024-1506;2024-05-30;Standard;6;Bestandskunde;Logistiktechnik;Bearbeitung;6;Stahl;pulverbeschichtet;26;26;7;0,012;4;18;18;1,0;4;0;0;42;6
PA2024-1507;2024-05-30;Standard;11;Bestandskunde;Automobilindustrie;Bearbeitung;4;Stahl;pulverbeschichtet;26;26;7;0,008;4;12;12;1,0;4;0;0;28;4
PA2024-1508;2024-05-30;Standard;5;Bestandskunde;Sonstige;Bearbeitung;7;Stahl;pulverbeschichtet;28;28;15;0,021;4;21;21;1,0;4;0;0;56;7
PA2024-1509;2024-05-29;Änderung;13;Bestandskunde;Logistiktechnik;Bearbeitung;1;Stahl;pulverbeschichtet;28;28;15;0,003;4;3;3;1,0;4;0;0;8;1
PA2024-1510;2024-05-27;Standard;11;Bestandskunde;Automobilindustrie;Bearbeitung;20;Stahl;pulverbeschichtet;26;26;7;0,04;4;60;60;1,0;4;0;0;140;20
PA2024-1511;2024-05-31;Standard;9;Bestandskunde;Automobilindustrie;Bearbeitung;1;Stahl;pulverbeschichtet;26;26;7;0,002;4;3;3;1,0;4;0;0;7;1
PA2024-1512;2024-05-28;Änderung;12;Bestandskunde;Maschinenbau;Bearbeitung;11;Stahl;pulverbeschichtet;26;26;7;0,022;4;33;33;1,0;4;0;0;77;11
PA2024-1513;2024-05-27;Standard;7;Bestandskunde;Logistiktechnik;Bearbeitung;3;Stahl;pulverbeschichtet;26;26;7;0,006;4;9;9;1,0;4;0;0;21;3
PA2024-1514;2024-05-31;Standard;10;Bestandskunde;Automobilindustrie;Bearbeitung;14;Stahl;pulverbeschichtet;28;28;15;0,042;4;42;42;1,0;4;0;0;112;14
PA2024-1515;2024-05-29;Standard;7;Bestandskunde;Medizintechnik;Bearbeitung;9;Stahl;pulverbeschichtet;28;28;15;0,027;4;27;27;1,0;4;0;0;72;9
PA2024-1516;2024-05-31;Standard;10;Bestandskunde;Haushaltsgeräte;Bearbeitung;16;Stahl;pulverbeschichtet;28;28;15;0,048;4;48;48;1,0;4;0;0;128;16
PA2024-1517;2024-05-30;Standard;9;Bestandskunde;Medizintechnik;Bearbeitung;20;Stahl;pulverbeschichtet;28;28;15;0,06;4;60;60;1,0;4;0;0;160;20
PA2024-1518;2024-05-28;Standard;12;Bestandskunde;Sonstige;Bearbeitung;3;Stahl;pulverbeschichtet;28;28;15;0,009;4;9;9;1,0;4;0;0;24;3
PA2024-1519;2024-05-27;Änderung;15;Bestandskunde;Automobilindustrie;Bearbeitung;20;Stahl;pulverbeschichtet;28;28;15;0,06;4;60;60;1,0;4;0;0;160;20
PA2024-1520;2024-05-27;Änderung;6;Bestandskunde;Automobilindustrie;Bearbeitung;6;Stahl;pulverbeschichtet;28;28;15;0,018;4;18;18;1,0;4;0;0;48;6
PA2024-1521;2024-05-27;Änderung;9;Bestandskunde;Medizintechnik;Bearbeitung;11;Stahl;pulverbeschichtet;28;28;15;0,033;4;33;33;1,0;4;0;0;88;11
PA2024-1522;2024-05-29;Standard;3;Bestandskunde;Medizintechnik;Bearbeitung;19;Stahl;pulverbeschichtet;26;26;7;0,038;4;57;57;1,0;4;0;0;133;19
PA2024-1523;2024-05-31;Standard;5;Bestandskunde;Logistiktechnik;Bearbeitung;17;Stahl;pulverbeschichtet;28;28;15;0,051;4;51;51;1,0;4;0;0;136;17
PA2024-1524;2024-05-31;Standard;9;Bestandskunde;Automobilindustrie;Bearbeitung;3;Stahl;pulverbeschichtet;26;26;7;0,006;4;9;9;1,0;4;0;0;21;3
PA2024-1525;2024-06-02;Standard;14;Bestandskunde;Automobilindustrie;Bearbeitung;7;Stahl;pulverbeschichtet;28;28;15;0,021;4;21;21;1,0;4;0;0;56;7
PA2024-1526;2024-05-30;Standard;4;Bestandskunde;Maschinenbau;Bearbeitung;4;Stahl;pulverbeschichtet;26;26;7;0,008;4;12;12;1,0;4;0;0;28;4
PA2024-1527;2024-05-31;Standard;10;Bestandskunde;Automobilindustrie;Bearbeitung;1;Stahl;pulverbeschichtet;28;28;15;0,003;4;3;3;1,0;4;0;0;8;1
PA2024-1528;2024-06-01;Standard;4;Bestandskunde;Logistiktechnik;Bearbeitung;13;Stahl;pulverbeschichtet;28;28;15;0,039;4;39;39;1,0;4;0;0;104;13
PA2024-1529;2024-05-29;Änderung;3;Bestandskunde;Automobilindustrie;Bearbeitung;14;Stahl;pulverbeschichtet;26;26;7;0,028;4;42;42;1,0;4;0;0;98;14
PA2024-1530;2024-05-29;Änderung;12;Bestandskunde;Haushaltsgeräte;Bearbeitung;11;Stahl;pulverbeschichtet;28;28;15;0,033;4;33;33;1,0;4;0;0;88;11
PA2024-1531;2024-05-27;Standard;13;Bestandskunde;Logistiktechnik;Bearbeitung;16;Stahl;pulverbeschichtet;28;28;15;0,048;4;48;48;1,0;4;0;0;128;16
PA2024-1532;2024-05-31;Standard;5;Bestandskunde;Haushaltsgeräte;Bearbeitung;1;Stahl;pulverbeschichtet;26;26;7;0,002;4;3;3;1,0;4;0;0;7;1
PA2024-1533;2024-05-29;Änderung;12;Bestandskunde;Medizintechnik;Bearbeitung;12;Stahl;pulverbeschichtet;26;26;7;0,024;4;36;36;1,0;4;0;0;84;12
PA2024-1534;2024-05-29;Änderung;4;Bestandskunde;Medizintechnik;Bearbeitung;3;Stahl;pulverbeschichtet;26;26;7;0,006;4;9;9;1,0;4;0;0;21;3
PA2024-1535;2024-06-01;Änderung;12;Bestandskunde;Sonstige;Bearbeitung;5;Stahl;pulverbeschichtet;28;28;15;0,015;4;15;15;1,0;4;0;0;40;5
PA2024-1536;2024-05-28;Standard;11;Bestandskunde;Maschinenbau;Bearbeitung;14;Stahl;pulverbeschichtet;28;28;15;0,042;4;42;42;1,0;4;0;0;112;14
PA2024-1537;2024-05-27;Standard;15;Bestandskunde;Maschinenbau;Bearbeitung;16;Stahl;pulverbeschichtet;28;28;15;0,048;4;48;48;1,0;4;0;0;128;16
PA2024-1538;2024-06-02;Standard;15;Bestandskunde;Sonstige;Bearbeitung;10;Stahl;pulverbeschichtet;28;28;15;0,03;4;30;30;1,0;4;0;0;80;10
PA2024-1539;2024-05-31;Standard;8;Neukunde;Haushaltsgeräte;Bearbeitung;7;Stahl;pulverbeschichtet;26;26;7;0,014;4;21;21;1,0;4;0;0;49;7
PA2024-1540;2024-05-30;Standard;4;Bestandskunde;Maschinenbau;Bearbeitung;15;Stahl;pulverbeschichtet;26;26;7;0,03;4;45;45;1,0;4;0;0;105;15
PA2024-1541;2024-05-30;Standard;6;Bestandskunde;Maschinenbau;Bearbeitung;17;Stahl;pulverbeschichtet;28;28;15;0,051;4;51;51;1,0;4;0;0;136;17
PA2024-1542;2024-06-01;Standard;14;Bestandskunde;Logistiktechnik;Bearbeitung;4;Stahl;pulverbeschichtet;28;28;15;0,012;4;12;12;1,0;4;0;0;32;4
PA2024-1543;2024-05-29;Änderung;12;Bestandskunde;Haushaltsgeräte;Bearbeitung;17;Stahl;pulverbeschichtet;26;26;7;0,034;4;51;51;1,0;4;0;0;119;17
PA2024-1544;2024-05-28;Standard;5;Bestandskunde;Maschinenbau;Bearbeitung;10;Stahl;pulverbeschichtet;26;26;7;0,02;4;30;30;1,0;4;0;0;70;10
PA2024-1545;2024-05-30;Änderung;6;Bestandskunde;Logistiktechnik;Bearbeitung;15;Stahl;pulverbeschichtet;26;26;7;0,03;4;45;45;1,0;4;0;0;105;15
PA2024-1546;2024-05-27;Änderung;14;Bestandskunde;Logistiktechnik;Bearbeitung;9;Stahl;pulverbeschichtet;26;26;7;0,018;4;27;27;1,0;4;0;0;63;9
PA2024-1547;2024-05-29;Standard;12;Bestandskunde;Sonstige;Bearbeitung;14;Stahl;pulverbeschichtet;26;26;7;0,028;4;42;42;1,0;4;0;0;98;14
PA2024-1548;2024-05-30;Standard;9;Bestandskunde;Automobilindustrie;Bearbeitung;13;Stahl;pulverbeschichtet;28;28;15;0,039;4;39;39;1,0;4;0;0;104;13
PA2024-1549;2024-05-29;Standard;7;Bestandskunde;Haushaltsgeräte;Bearbeitung;17;Stahl;pulverbeschichtet;28;28;15;0,051;4;51;51;1,0;4;0;0;136;17
PA2024-1550;2024-05-30;Standard;6;Bestandskunde;Automobilindustrie;Bearbeitung;4;Stahl;pulverbeschichtet;28;28;15;0,012;4;12;12;1,0;4;0;0;32;4
PA2024-1551;2024-05-27;Standard;4;Bestandskunde;Medizintechnik;Bearbeitung;18;Stahl;pulverbeschichtet;26;26;7;0,036;4;54;54;1,0;4;0;0;126;18
PA2024-1552;2024-05-28;Standard;13;Bestandskunde;Maschinenbau;Bearbeitung;9;Stahl;pulverbeschichtet;26;26;7;0,018;4;27;27;1,0;4;0;0;63;9
PA2024-1553;2024-05-28;Standard;8;Bestandskunde;Medizintechnik;Bearbeitung;20;Stahl;pulverbeschichtet;28;28;15;0,06;4;60;60;1,0;4;0;0;160;20
PA2024-1554;2024-05-27;Änderung;6;Neukunde;Maschinenbau;Bearbeitung;20;Stahl;pulverbeschichtet;28;28;15;0,06;4;60;60;1,0;4;0;0;160;20
PA2024-1555;2024-05-29;Änderung;8;Neukunde;Automobilindustrie;Bearbeitung;6;Stahl;pulverbeschichtet;28;28;15;0,018;4;18;18;1,0;4;0;0;48;6
PA2024-1556;2024-05-30;Änderung;6;Bestandskunde;Maschinenbau;Bearbeitung;14;Stahl;pulverbeschichtet;26;26;7;0,028;4;42;42;1,0;4;0;0;98;14
PA2024-1557;2024-05-28;Standard;9;Bestandskunde;Sonstige;Bearbeitung;1;Stahl;pulverbeschichtet;28;28;15;0,003;4;3;3;1,0;4;0;0;8;1
PA2024-1558;2024-05-31;Änderung;3;Bestandskunde;Maschinenbau;Bearbeitung;4;Stahl;pulverbeschichtet;28;28;15;0,012;4;12;12;1,0;4;0;0;32;4
PA2024-1559;2024-05-31;Standard;10;Bestandskunde;Medizintechnik;Bearbeitung;6;Stahl;pulverbeschichtet;26;26;7;0,012;4;18;18;1,0;4;0;0;42;6
PA2024-1560;2024-05-27;Änderung;10;Bestandskunde;Sonstige;Bearbeitung;16;Stahl;pulverbeschichtet;26;26;7;0,032;4;48;48;1,0;4;0;0;112;16
PA2024-1561;2024-05-29;Standard;14;Bestandskunde;Logistiktechnik;Bearbeitung;12;Stahl;pulverbeschichtet;28;28;15;0,036;4;36;36;1,0;4;0;0;96;12
PA2024-1562;2024-05-29;Standard;15;Bestandskunde;Sonstige;Bearbeitung;20;Stahl;pulverbeschichtet;28;28;15;0,06;4;60;60;1,0;4;0;0;160;20
PA2024-1563;2024-05-29;Standard;15;Bestandskunde;Automobilindustrie;Bearbeitung;14;Stahl;pulverbeschichtet;28;28;15;0,042;4;42;42;1,0;4;0;0;112;14
PA2024-1564;2024-05-29;Standard;14;Bestandskunde;Automobilindustrie;Bearbeitung;14;Stahl;pulverbeschichtet;26;26;7;0,028;4;42;42;1,0;4;0;0;98;14
PA2024-1565;2024-06-01;Standard;5;Bestandskunde;Automobilindustrie;Bearbeitung;4;Stahl;pulverbeschichtet;28;28;15;0,012;4;12;12;1,0;4;0;0;32;4
PA2024-1566;2024-06-01;Standard;14;Bestandskunde;Medizintechnik;Bearbeitung;6;Stahl;pulverbeschichtet;28;28;15;0,018;4;18;18;1,0;4;0;0;48;6
PA2024-1567;2024-05-29;Standard;11;Bestandskunde;Automobilindustrie;Bearbeitung;9;Stahl;pulverbeschichtet;28;28;15;0,027;4;27;27;1,0;4;0;0;72;9
PA2024-1568;2024-05-27;Änderung;15;Neukunde;Medizintechnik;Bearbeitung;4;Stahl;pulverbeschichtet;28;28;15;0,012;4;12;12;1,0;4;0;0;32;4
PA2024-1569;2024-05-31;Standard;10;Bestandskunde;Automobilindustrie;Bearbeitung;16;Stahl;pulverbeschichtet;28;28;15;0,048;4;48;48;1,0;4;0;0;128;16
PA2024-1570;2024-06-01;Standard;6;Bestandskunde;Sonstige;Bearbeitung;18;Stahl;pulverbeschichtet;26;26;7;0,036;4;54;54;1,0;4;0;0;126;18
PA2024-1571;2024-05-30;Änderung;10;Bestandskunde;Maschinenbau;Bearbeitung;15;Stahl;pulverbeschichtet;26;26;7;0,03;4;45;45;1,0;4;0;0;105;15
PA2024-1572;2024-05-29;Änderung;6;Bestandskunde;Maschinenbau;Bearbeitung;14;Stahl;pulverbeschichtet;26;26;7;0,028;4;42;42;1,0;4;0;0;98;14
PA2024-1573;2024-06-02;Standard;5;Bestandskunde;Automobilindustrie;Bearbeitung;10;Stahl;pulverbeschichtet;28;28;15;0,03;4;30;30;1,0;4;0;0;80;10
PA2024-1574;2024-06-01;Standard;10;Neukunde;Sonstige;Bearbeitung;14;Stahl;pulverbeschichtet;26;26;7;0,028;4;42;42;1,0;4;0;0;98;14
PA2024-1575;2024-05-28;Standard;4;Bestandskunde;Automobilindustrie;Bearbeitung;13;Stahl;pulverbeschichtet;26;26;7;0,026;4;39;39;1,0;4;0;0;91;13
PA2024-1576;2024-05-27;Standard;9;Bestandskunde;Maschinenbau;Bearbeitung;6;Stahl;pulverbeschichtet;28;28;15;0,018;4;18;18;1,0;4;0;0;48;6
PA2024-1577;2024-05-29;Standard;7;Bestandskunde;Automobilindustrie;Bearbeitung;5;Stahl;pulverbeschichtet;28;28;15;0,015;4;15;15;1,0;4;0;0;40;5
PA2024-1578;2024-05-28;Standard;10;Bestandskunde;Automobilindustrie;Bearbeitung;15;Stahl;pulverbeschichtet;28;28;15;0,045;4;45;45;1,0;4;0;0;120;15
PA2024-1579;2024-06-02;Standard;14;Bestandskunde;Haushaltsgeräte;Bearbeitung;11;Stahl;pulverbeschichtet;26;26;7;0,022;4;33;33;1,0;4;0;0;77;11
PA2024-1580;2024-05-29;Standard;12;Bestandskunde;Logistiktechnik;Bearbeitung;15;Stahl;pulverbeschichtet;28;28;15;0,045;4;45;45;1,0;4;0;0;120;15
PA2024-1581;2024-06-02;Änderung;14;Bestandskunde;Logistiktechnik;Bearbeitung;10;Stahl;pulverbeschichtet;26;26;7;0,02;4;30;30;1,0;4;0;0;70;10
PA2024-1582;2024-05-28;Standard;10;Bestandskunde;Haushaltsgeräte;Bearbeitung;5;Stahl;pulverbeschichtet;26;26;7;0,01;4;15;15;1,0;4;0;0;35;5
PA2024-1583;2024-05-27;Standard;14;Neukunde;Sonstige;Bearbeitung;15;Stahl;pulverbeschichtet;28;28;15;0,045;4;45;45;1,0;4;0;0;120;15
PA2024-1584;2024-05-27;Änderung;9;Bestandskunde;Automobilindustrie;Bearbeitung;11;Stahl;pulverbeschichtet;26;26;7;0,022;4;33;33;1,0;4;0;0;77;11
PA2024-1585;2024-05-31;Standard;14;Bestandskunde;Logistiktechnik;Bearbeitung;4;Stahl;pulverbeschichtet;26;26;7;0,008;4;12;12;1,0;4;0;0;28;4
PA2024-1586;2024-05-31;Änderung;5;Bestandskunde;Logistiktechnik;Bearbeitung;5;Stahl;pulverbeschichtet;26;26;7;0,01;4;15;15;1,0;4;0;0;35;5
PA2024-1587;2024-05-29;Standard;10;Bestandskunde;Medizintechnik;Bearbeitung;16;Stahl;pulverbeschichtet;26;26;7;0,032;4;48;48;1,0;4;0;0;112;16
PA2024-1588;2024-05-27;Änderung;4;Bestandskunde;Sonstige;Bearbeitung;17;Stahl;pulverbeschichtet;26;26;7;0,034;4;51;51;1,0;4;0;0;119;17
PA2024-1589;2024-05-28;Standard;6;Bestandskunde;Maschinenbau;Bearbeitung;15;Stahl;pulverbeschichtet;26;26;7;0,03;4;45;45;1,0;4;0;0;105;15
PA2024-1590;2024-05-27;Änderung;10;Neukunde;Medizintechnik;Bearbeitung;8;Stahl;pulverbeschichtet;28;28;15;0,024;4;24;24;1,0;4;0;0;64;8
PA2024-1591;2024-06-08;Änderung;14;Bestandskunde;Logistiktechnik;Bearbeitung;14;Stahl;pulverbeschichtet;28;28;15;0,042;4;42;42;1,0;4;0;0;112;14
PA2024-1592;2024-06-04;Änderung;7;Bestandskunde;Logistiktechnik;Bearbeitung;6;Stahl;pulverbeschichtet;26;26;7;0,012;4;18;18;1,0;4;0;0;42;6
PA2024-1593;2024-06-06;Standard;10;Bestandskunde;Automobilindustrie;Bearbeitung;19;Stahl;pulverbeschichtet;26;26;7;0,038;4;57;57;1,0;4;0;0;133;19
PA2024-1594;2024-06-08;Standard;10;Neukunde;Maschinenbau;Bearbeitung;4;Stahl;pulverbeschichtet;28;28;15;0,012;4;12;12;1,0;4;0;0;32;4
PA2024-1595;2024-06-09;Standard;14;Bestandskunde;Logistiktechnik;Bearbeitung;4;Stahl;pulverbeschichtet;28;28;15;0,012;4;12;12;1,0;4;0;0;32;4
PA2024-1596;2024-06-07;Standard;10;Bestandskunde;Maschinenbau;Bearbeitung;20;Stahl;pulverbeschichtet;28;28;15;0,06;4;60;60;1,0;4;0;0;160;20
PA2024-1597;2024-06-05;Standard;7;Bestandskunde;Automobilindustrie;Bearbeitung;9;Stahl;pulverbeschichtet;28;28;15;0,027;4;27;27;1,0;4;0;0;72;9
PA2024-1598;2024-06-05;Änderung;15;Bestandskunde;Sonstige;Bearbeitung;12;Stahl;pulverbeschichtet;26;26;7;0,024;4;36;36;1,0;4;0;0;84;12
PA2024-1599;2024-06-03;Standard;8;Bestandskunde;Logistiktechnik;Bearbeitung;19;Stahl;pulverbeschichtet;28;28;15;0,057;4;57;57;1,0;4;0;0;152;19
PA2024-1600;2024-06-08;Standard;6;Bestandskunde;Automobilindustrie;Bearbeitung;10;Stahl;pulverbeschichtet;28;28;15;0,03;4;30;30;1,0;4;0;0;80;10
PA2024-1601;2024-06-09;Standard;15;Bestandskunde;Automobilindustrie;Bearbeitung;6;Stahl;pulverbeschichtet;28;28;15;0,018;4;18;18;1,0;4;0;0;48;6
PA2024-1602;2024-06-08;Änderung;10;Bestandskunde;Maschinenbau;Bearbeitung;19;Stahl;pulverbeschichtet;28;28;15;0,057;4;57;57;1,0;4;0;0;152;19
PA2024-1603;2024-06-03;Standard;4;Bestandskunde;Sonstige;Bearbeitung;4;Stahl;pulverbeschichtet;28;28;15;0,012;4;12;12;1,0;4;0;0;32;4
PA2024-1604;2024-06-08;Standard;15;Bestandskunde;Maschinenbau;Bearbeitung;8;Stahl;pulverbeschichtet;26;26;7;0,016;4;24;24;1,0;4;0;0;56;8
PA2024-1605;2024-06-08;Standard;12;Bestandskunde;Sonstige;Bearbeitung;3;Stahl;pulverbeschichtet;26;26;7;0,006;4;9;9;1,0;4;0;0;21;3
PA2024-1606;2024-06-03;Änderung;4;Bestandskunde;Automobilindustrie;Bearbeitung;12;Stahl;pulverbeschichtet;26;26;7;0,024;4;36;36;1,0;4;0;0;84;12
PA2024-1607;2024-06-05;Standard;6;Bestandskunde;Medizintechnik;Bearbeitung;19;Stahl;pulverbeschichtet;26;26;7;0,038;4;57;57;1,0;4;0;0;133;19
PA2024-1608;2024-06-05;Standard;14;Bestandskunde;Maschinenbau;Bearbeitung;7;Stahl;pulverbeschichtet;26;26;7;0,014;4;21;21;1,0;4;0;0;49;7
PA2024-1609;2024-06-09;Standard;15;Bestandskunde;Haushaltsgeräte;Bearbeitung;19;Stahl;pulverbeschichtet;26;26;7;0,038;4;57;57;1,0;4;0;0;133;19
PA2024-1610;2024-06-04;Standard;4;Bestandskunde;Haushaltsgeräte;Bearbeitung;12;Stahl;pulverbeschichtet;26;26;7;0,024;4;36;36;1,0;4;0;0;84;12
PA2024-1611;2024-06-07;Standard;5;Neukunde;Maschinenbau;Bearbeitung;17;Stahl;pulverbeschichtet;28;28;15;0,051;4;51;51;1,0;4;0;0;136;17
PA2024-1612;2024-06-09;Standard;9;Bestandskunde;Maschinenbau;Bearbeitung;12;Stahl;pulverbeschichtet;28;28;15;0,036;4;36;36;1,0;4;0;0;96;12
PA2024-1613;2024-06-07;Standard;5;Bestandskunde;Maschinenbau;Bearbeitung;13;Stahl;pulverbeschichtet;28;28;15;0,039;4;39;39;1,0;4;0;0;104;13
PA2024-1614;2024-06-04;Standard;15;Bestandskunde;Maschinenbau;Bearbeitung;8;Stahl;pulverbeschichtet;26;26;7;0,016;4;24;24;1,0;4;0;0;56;8
PA2024-1615;2024-06-03;Standard;9;Bestandskunde;Sonstige;Bearbeitung;9;Stahl;pulverbeschichtet;26;26;7;0,018;4;27;27;1,0;4;0;0;63;9
PA2024-1616;2024-06-05;Standard;5;Bestandskunde;Haushaltsgeräte;Bearbeitung;10;Stahl;pulverbeschichtet;28;28;15;0,03;4;30;30;1,0;4;0;0;80;10
PA2024-1617;2024-06-09;Änderung;15;Bestandskunde;Automobilindustrie;Bearbeitung;13;Stahl;pulverbeschichtet;26;26;7;0,026;4;39;39;1,0;4;0;0;91;13
PA2024-1618;2024-06-07;Standard;14;Bestandskunde;Automobilindustrie;Bearbeitung;1;Stahl;pulverbeschichtet;26;26;7;0,002;4;3;3;1,0;4;0;0;7;1
PA2024-1619;2024-06-06;Standard;9;Bestandskunde;Sonstige;Bearbeitung;2;Stahl;pulverbeschichtet;26;26;7;0,004;4;6;6;1,0;4;0;0;14;2
PA2024-1620;2024-06-07;Standard;10;Bestandskunde;Medizintechnik;Bearbeitung;2;Stahl;pulverbeschichtet;26;26;7;0,004;4;6;6;1,0;4;0;0;14;2
PA2024-1621;2024-06-03;Standard;4;Bestandskunde;Maschinenbau;Bearbeitung;14;Stahl;pulverbeschichtet;26;26;7;0,028;4;42;42;1,0;4;0;0;98;14
PA2024-1622;2024-06-04;Standard;9;Bestandskunde;Logistiktechnik;Bearbeitung;16;Stahl;pulverbeschichtet;26;26;7;0,032;4;48;48;1,0;4;0;0;112;16
PA2024-1623;2024-06-06;Standard;14;Neukunde;Logistiktechnik;Bearbeitung;8;Stahl;pulverbeschichtet;26;26;7;0,016;4;24;24;1,0;4;0;0;56;8
PA2024-1624;2024-06-03;Standard;9;Neukunde;Logistiktechnik;Bearbeitung;1;Stahl;pulverbeschichtet;26;26;7;0,002;4;3;3;1,0;4;0;0;7;1
PA2024-1625;2024-06-06;Standard;11;Bestandskunde;Maschinenbau;Bearbeitung;14;Stahl;pulverbeschichtet;28;28;15;0,042;4;42;42;1,0;4;0;0;112;14
PA2024-1626;2024-06-06;Standard;6;Bestandskunde;Sonstige;Bearbeitung;12;Stahl;pulverbeschichtet;26;26;7;0,024;4;36;36;1,0;4;0;0;84;12
PA2024-1627;2024-06-05;Standard;12;Bestandskunde;Maschinenbau;Bearbeitung;3;Stahl;pulverbeschichtet;28;28;15;0,009;4;9;9;1,0;4;0;0;24;3
PA2024-1628;2024-06-06;Änderung;4;Bestandskunde;Maschinenbau;Bearbeitung;8;Stahl;pulverbeschichtet;26;26;7;0,016;4;24;24;1,0;4;0;0;56;8
PA2024-1629;2024-06-03;Standard;7;Bestandskunde;Maschinenbau;Bearbeitung;11;Stahl;pulverbeschichtet;26;26;7;0,022;4;33;33;1,0;4;0;0;77;11
PA2024-1630;2024-06-08;Änderung;9;Bestandskunde;Sonstige;Bearbeitung;13;Stahl;pulverbeschichtet;28;28;15;0,039;4;39;39;1,0;4;0;0;104;13
PA2024-1631;2024-06-03;Standard;5;Bestandskunde;Logistiktechnik;Bearbeitung;7;Stahl;pulverbeschichtet;28;28;15;0,021;4;21;21;1,0;4;0;0;56;7
PA2024-1632;2024-06-08;Änderung;11;Bestandskunde;Haushaltsgeräte;Bearbeitung;15;Stahl;pulverbeschichtet;28;28;15;0,045;4;45;45;1,0;4;0;0;120;15
PA2024-1633;2024-06-09;Standard;10;Bestandskunde;Maschinenbau;Bearbeitung;9;Stahl;pulverbeschichtet;28;28;15;0,027;4;27;27;1,0;4;0;0;72;9
PA2024-1634;2024-06-07;Änderung;15;Bestandskunde;Sonstige;Bearbeitung;14;Stahl;pulverbeschichtet;28;28;15;0,042;4;42;42;1,0;4;0;0;112;14
PA2024-1635;2024-06-03;Standard;9;Bestandskunde;Maschinenbau;Bearbeitung;17;Stahl;pulverbeschichtet;28;28;15;0,051;4;51;51;1,0;4;0;0;136;17
PA2024-1636;2024-06-08;Änderung;8;Neukunde;Haushaltsgeräte;Bearbeitung;5;Stahl;pulverbeschichtet;26;26;7;0,01;4;15;15;1,0;4;0;0;35;5
PA2024-1637;2024-06-08;Standard;14;Bestandskunde;Automobilindustrie;Bearbeitung;4;Stahl;pulverbeschichtet;26;26;7;0,008;4;12;12;1,0;4;0;0;28;4
PA2024-1638;2024-06-09;Änderung;5;Bestandskunde;Maschinenbau;Bearbeitung;10;Stahl;pulverbeschichtet;26;26;7;0,02;4;30;30;1,0;4;0;0;70;10
PA2024-1639;2024-06-05;Standard;12;Bestandskunde;Medizintechnik;Bearbeitung;13;Stahl;pulverbeschichtet;26;26;7;0,026;4;39;39;1,0;4;0;0;91;13
PA2024-1640;2024-06-04;Standard;8;Bestandskunde;Medizintechnik;Bearbeitung;18;Stahl;pulverbeschichtet;28;28;15;0,054;4;54;54;1,0;4;0;0;144;18
PA2024-1641;2024-06-03;Standard;12;Bestandskunde;Maschinenbau;Bearbeitung;11;Stahl;pulverbeschichtet;26;26;7;0,022;4;33;33;1,0;4;0;0;77;11
PA2024-1642;2024-06-04;Änderung;3;Neukunde;Automobilindustrie;Bearbeitung;14;Stahl;pulverbeschichtet;28;28;15;0,042;4;42;42;1,0;4;0;0;112;14
PA2024-1643;2024-06-08;Änderung;5;Bestandskunde;Medizintechnik;Bearbeitung;10;Stahl;pulverbeschichtet;28;28;15;0,03;4;30;30;1,0;4;0;0;80;10
PA2024-1644;2024-06-07;Änderung;15;Bestandskunde;Logistiktechnik;Bearbeitung;15;Stahl;pulverbeschichtet;28;28;15;0,045;4;45;45;1,0;4;0;0;120;15
PA2024-1645;2024-06-03;Standard;9;Bestandskunde;Automobilindustrie;Bearbeitung;3;Stahl;pulverbeschichtet;26;26;7;0,006;4;9;9;1,0;4;0;0;21;3
PA2024-1646;2024-06-05;Änderung;12;Bestandskunde;Maschinenbau;Bearbeitung;9;Stahl;pulverbeschichtet;26;26;7;0,018;4;27;27;1,0;4;0;0;63;9
PA2024-1647;2024-06-09;Standard;5;Bestandskunde;Maschinenbau;Bearbeitung;11;Stahl;pulverbeschichtet;28;28;15;0,033;4;33;33;1,0;4;0;0;88;11
PA2024-1648;2024-06-06;Änderung;13;Bestandskunde;Maschinenbau;Bearbeitung;2;Stahl;pulverbeschichtet;28;28;15;0,006;4;6;6;1,0;4;0;0;16;2
PA2024-1649;2024-06-08;Standard;8;Bestandskunde;Haushaltsgeräte;Bearbeitung;3;Stahl;pulverbeschichtet;28;28;15;0,009;4;9;9;1,0;4;0;0;24;3
PA2024-1650;2024-06-07;Änderung;10;Bestandskunde;Automobilindustrie;Bearbeitung;9;Stahl;pulverbeschichtet;28;28;15;0,027;4;27;27;1,0;4;0;0;72;9
PA2024-1651;2024-06-09;Änderung;15;Bestandskunde;Haushaltsgeräte;Bearbeitung;5;Stahl;pulverbeschichtet;28;28;15;0,015;4;15;15;1,0;4;0;0;40;5
PA2024-1652;2024-06-03;Änderung;4;Bestandskunde;Automobilindustrie;Bearbeitung;15;Stahl;pulverbeschichtet;26;26;7;0,03;4;45;45;1,0;4;0;0;105;15
PA2024-1653;2024-06-07;Standard;8;Bestandskunde;Maschinenbau;Bearbeitung;9;Stahl;pulverbeschichtet;28;28;15;0,027;4;27;27;1,0;4;0;0;72;9
PA2024-1654;2024-06-08;Standard;11;Bestandskunde;Medizintechnik;Bearbeitung;8;Stahl;pulverbeschichtet;28;28;15;0,024;4;24;24;1,0;4;0;0;64;8
PA2024-1655;2024-06-03;Änderung;15;Bestandskunde;Logistiktechnik;Bearbeitung;8;Stahl;pulverbeschichtet;28;28;15;0,024;4;24;24;1,0;4;0;0;64;8
PA2024-1656;2024-06-07;Standard;10;Bestandskunde;Medizintechnik;Bearbeitung;3;Stahl;pulverbeschichtet;26;26;7;0,006;4;9;9;1,0;4;0;0;21;3
PA2024-1657;2024-06-04;Standard;3;Bestandskunde;Automobilindustrie;Bearbeitung;11;Stahl;pulverbeschichtet;28;28;15;0,033;4;33;33;1,0;4;0;0;88;11
PA2024-1658;2024-06-05;Standard;14;Bestandskunde;Haushaltsgeräte;Bearbeitung;1;Stahl;pulverbeschichtet;28;28;15;0,003;4;3;3;1,0;4;0;0;8;1
PA2024-1659;2024-06-03;Standard;10;Bestandskunde;Logistiktechnik;Bearbeitung;1;Stahl;pulverbeschichtet;26;26;7;0,002;4;3;3;1,0;4;0;0;7;1
PA2024-1660;2024-06-09;Standard;11;Neukunde;Automobilindustrie;Bearbeitung;17;Stahl;pulverbeschichtet;26;26;7;0,034;4;51;51;1,0;4;0;0;119;17
PA2024-1661;2024-06-06;Standard;4;Bestandskunde;Logistiktechnik;Bearbeitung;3;Stahl;pulverbeschichtet;28;28;15;0,009;4;9;9;1,0;4;0;0;24;3
PA2024-1662;2024-06-07;Änderung;15;Bestandskunde;Maschinenbau;Bearbeitung;14;Stahl;pulverbeschichtet;26;26;7;0,028;4;42;42;1,0;4;0;0;98;14
PA2024-1663;2024-06-07;Standard;14;Bestandskunde;Automobilindustrie;Bearbeitung;11;Stahl;pulverbeschichtet;26;26;7;0,022;4;33;33;1,0;4;0;0;77;11
PA2024-1664;2024-06-09;Standard;10;Bestandskunde;Medizintechnik;Bearbeitung;12;Stahl;pulverbeschichtet;28;28;15;0,036;4;36;36;1,0;4;0;0;96;12
PA2024-1665;2024-06-05;Änderung;6;Bestandskunde;Automobilindustrie;Bearbeitung;14;Stahl;pulverbeschichtet;26;26;7;0,028;4;42;42;1,0;4;0;0;98;14
PA2024-1666;2024-06-05;Standard;15;Bestandskunde;Automobilindustrie;Bearbeitung;16;Stahl;pulverbeschichtet;28;28;15;0,048;4;48;48;1,0;4;0;0;128;16
PA2024-1667;2024-06-09;Standard;14;Neukunde;Automobilindustrie;Bearbeitung;5;Stahl;pulverbeschichtet;26;26;7;0,01;4;15;15;1,0;4;0;0;35;5
PA2024-1668;2024-06-08;Standard;6;Bestandskunde;Logistiktechnik;Bearbeitung;11;Stahl;pulverbeschichtet;26;26;7;0,022;4;33;33;1,0;4;0;0;77;11
PA2024-1669;2024-06-03;Änderung;14;Bestandskunde;Sonstige;Bearbeitung;19;Stahl;pulverbeschichtet;28;28;15;0,057;4;57;57;1,0;4;0;0;152;19
PA2024-1670;2024-06-09;Änderung;9;Bestandskunde;Logistiktechnik;Bearbeitung;1;Stahl;pulverbeschichtet;28;28;15;0,003;4;3;3;1,0;4;0;0;8;1
PA2024-1671;2024-06-06;Änderung;9;Bestandskunde;Maschinenbau;Bearbeitung;16;Stahl;pulverbeschichtet;26;26;7;0,032;4;48;48;1,0;4;0;0;112;16
PA2024-1672;2024-06-09;Standard;5;Bestandskunde;Logistiktechnik;Bearbeitung;6;Stahl;pulverbeschichtet;26;26;7;0,012;4;18;18;1,0;4;0;0;42;6
PA2024-1673;2024-06-07;Standard;15;Bestandskunde;Logistiktechnik;Bearbeitung;12;Stahl;pulverbeschichtet;26;26;7;0,024;4;36;36;1,0;4;0;0;84;12
PA2024-1674;2024-06-08;Standard;9;Bestandskunde;Automobilindustrie;Bearbeitung;11;Stahl;pulverbeschichtet;26;26;7;0,022;4;33;33;1,0;4;0;0;77;11
PA2024-1675;2024-06-03;Änderung;12;Bestandskunde;Maschinenbau;Bearbeitung;15;Stahl;pulverbeschichtet;26;26;7;0,03;4;45;45;1,0;4;0;0;105;15
PA2024-1676;2024-06-09;Standard;15;Bestandskunde;Automobilindustrie;Bearbeitung;19;Stahl;pulverbeschichtet;28;28;15;0,057;4;57;57;1,0;4;0;0;152;19
PA2024-1677;2024-06-03;Standard;12;Bestandskunde;Automobilindustrie;Bearbeitung;11;Stahl;pulverbeschichtet;26;26;7;0,022;4;33;33;1,0;4;0;0;77;11
PA2024-1678;2024-06-07;Änderung;9;Bestandskunde;Maschinenbau;Bearbeitung;10;Stahl;pulverbeschichtet;28;28;15;0,03;4;30;30;1,0;4;0;0;80;10
PA2024-1679;2024-06-03;Standard;15;Bestandskunde;Maschinenbau;Bearbeitung;14;Stahl;pulverbeschichtet;28;28;15;0,042;4;42;42;1,0;4;0;0;112;14
PA2024-1680;2024-06-06;Standard;11;Bestandskunde;Sonstige;Bearbeitung;2;Stahl;pulverbeschichtet;28;28;15;0,006;4;6;6;1,0;4;0;0;16;2
PA2024-1681;2024-06-14;Änderung;9;Bestandskunde;Automobilindustrie;Bearbeitung;4;Stahl;pulverbeschichtet;26;26;7;0,008;4;12;12;1,0;4;0;0;28;4
PA2024-1682;2024-06-11;Standard;6;Bestandskunde;Maschinenbau;Bearbeitung;8;Stahl;pulverbeschichtet;28;28;15;0,024;4;24;24;1,0;4;0;0;64;8
PA2024-1683;2024-06-12;Standard;6;Bestandskunde;Automobilindustrie;Bearbeitung;5;Stahl;pulverbeschichtet;26;26;7;0,01;4;15;15;1,0;4;0;0;35;5
PA2024-1684;2024-06-14;Änderung;15;Bestandskunde;Maschinenbau;Bearbeitung;2;Stahl;pulverbeschichtet;26;26;7;0,004;4;6;6;1,0;4;0;0;14;2
PA2024-1685;2024-06-13;Änderung;3;Bestandskunde;Sonstige;Bearbeitung;19;Stahl;pulverbeschichtet;26;26;7;0,038;4;57;57;1,0;4;0;0;133;19
PA2024-1686;2024-06-13;Standard;15;Bestandskunde;Automobilindustrie;Bearbeitung;4;Stahl;pulverbeschichtet;28;28;15;0,012;4;12;12;1,0;4;0;0;32;4
PA2024-1687;2024-06-13;Standard;14;Bestandskunde;Automobilindustrie;Bearbeitung;9;Stahl;pulverbeschichtet;26;26;7;0,018;4;27;27;1,0;4;0;0;63;9
PA2024-1688;2024-06-16;Standard;5;Bestandskunde;Automobilindustrie;Bearbeitung;3;Stahl;pulverbeschichtet;26;26;7;0,006;4;9;9;1,0;4;0;0;21;3
PA2024-1689;2024-06-14;Standard;10;Bestandskunde;Maschinenbau;Bearbeitung;17;Stahl;pulverbeschichtet;28;28;15;0,051;4;51;51;1,0;4;0;0;136;17
PA2024-1690;2024-06-10;Änderung;14;Neukunde;Medizintechnik;Bearbeitung;17;Stahl;pulverbeschichtet;26;26;7;0,034;4;51;51;1,0;4;0;0;119;17
PA2024-1691;2024-06-16;Standard;5;Bestandskunde;Medizintechnik;Bearbeitung;8;Stahl;pulverbeschichtet;28;28;15;0,024;4;24;24;1,0;4;0;0;64;8
PA2024-1692;2024-06-16;Standard;10;Bestandskunde;Sonstige;Bearbeitung;5;Stahl;pulverbeschichtet;26;26;7;0,01;4;15;15;1,0;4;0;0;35;5
PA2024-1693;2024-06-15;Standard;15;Bestandskunde;Maschinenbau;Bearbeitung;3;Stahl;pulverbeschichtet;28;28;15;0,009;4;9;9;1,0;4;0;0;24;3
PA2024-1694;2024-06-13;Standard;5;Bestandskunde;Automobilindustrie;Bearbeitung;6;Stahl;pulverbeschichtet;26;26;7;0,012;4;18;18;1,0;4;0;0;42;6
PA2024-1695;2024-06-15;Änderung;10;Bestandskunde;Maschinenbau;Bearbeitung;8;Stahl;pulverbeschichtet;26;26;7;0,016;4;24;24;1,0;4;0;0;56;8
PA2024-1696;2024-06-14;Änderung;6;Bestandskunde;Automobilindustrie;Bearbeitung;10;Stahl;pulverbeschichtet;28;28;15;0,03;4;30;30;1,0;4;0;0;80;10
PA2024-1697;2024-06-16;Standard;13;Bestandskunde;Maschinenbau;Bearbeitung;10;Stahl;pulverbeschichtet;28;28;15;0,03;4;30;30;1,0;4;0;0;80;10
PA2024-1698;2024-06-10;Standard;10;Bestandskunde;Automobilindustrie;Bearbeitung;8;Stahl;pulverbeschichtet;26;26;7;0,016;4;24;24;1,0;4;0;0;56;8
PA2024-1699;2024-06-11;Änderung;13;Bestandskunde;Automobilindustrie;Bearbeitung;12;Stahl;pulverbeschichtet;28;28;15;0,036;4;36;36;1,0;4;0;0;96;12
PA2024-1700;2024-06-11;Änderung;14;Bestandskunde;Maschinenbau;Bearbeitung;20;Stahl;pulverbeschichtet;28;28;15;0,06;4;60;60;1,0;4;0;0;160;20
PA2024-1701;2024-06-11;Standard;3;Bestandskunde;Automobilindustrie;Bearbeitung;14;Stahl;pulverbeschichtet;28;28;15;0,042;4;42;42;1,0;4;0;0;112;14
PA2024-1702;2024-06-12;Änderung;11;Bestandskunde;Sonstige;Bearbeitung;14;Stahl;pulverbeschichtet;26;26;7;0,028;4;42;42;1,0;4;0;0;98;14
PA2024-1703;2024-06-10;Standard;9;Bestandskunde;Sonstige;Bearbeitung;2;Stahl;pulverbeschichtet;28;28;15;0,006;4;6;6;1,0;4;0;0;16;2
PA2024-1704;2024-06-13;Standard;8;Bestandskunde;Maschinenbau;Bearbeitung;7;Stahl;pulverbeschichtet;28;28;15;0,021;4;21;21;1,0;4;0;0;56;7
PA2024-1705;2024-06-11;Standard;3;Bestandskunde;Maschinenbau;Bearbeitung;13;Stahl;pulverbeschichtet;26;26;7;0,026;4;39;39;1,0;4;0;0;91;13
PA2024-1706;2024-06-12;Standard;5;Bestandskunde;Automobilindustrie;Bearbeitung;12;Stahl;pulverbeschichtet;26;26;7;0,024;4;36;36;1,0;4;0;0;84;12
PA2024-1707;2024-06-16;Standard;13;Bestandskunde;Medizintechnik;Bearbeitung;6;Stahl;pulverbeschichtet;26;26;7;0,012;4;18;18;1,0;4;0;0;42;6
PA2024-1708;2024-06-13;Standard;7;Bestandskunde;Automobilindustrie;Bearbeitung;1;Stahl;pulverbeschichtet;28;28;15;0,003;4;3;3;1,0;4;0;0;8;1
PA2024-1709;2024-06-16;Änderung;15;Bestandskunde;Sonstige;Bearbeitung;16;Stahl;pulverbeschichtet;26;26;7;0,032;4;48;48;1,0;4;0;0;112;16
PA2024-1710;2024-06-12;Änderung;10;Bestandskunde;Haushaltsgeräte;Bearbeitung;8;Stahl;pulverbeschichtet;26;26;7;0,016;4;24;24;1,0;4;0;0;56;8
PA2024-1711;2024-06-15;Änderung;5;Bestandskunde;Automobilindustrie;Bearbeitung;13;Stahl;pulverbeschichtet;26;26;7;0,026;4;39;39;1,0;4;0;0;91;13
PA2024-1712;2024-06-16;Standard;5;Bestandskunde;Automobilindustrie;Bearbeitung;14;Stahl;pulverbeschichtet;26;26;7;0,028;4;42;42;1,0;4;0;0;98;14
PA2024-1713;2024-06-15;Änderung;6;Bestandskunde;Haushaltsgeräte;Bearbeitung;13;Stahl;pulverbeschichtet;26;26;7;0,026;4;39;39;1,0;4;0;0;91;13
PA2024-1714;2024-06-16;Änderung;11;Neukunde;Medizintechnik;Bearbeitung;10;Stahl;pulverbeschichtet;26;26;7;0,02;4;30;30;1,0;4;0;0;70;10
PA2024-1715;2024-06-11;Standard;6;Bestandskunde;Maschinenbau;Bearbeitung;16;Stahl;pulverbeschichtet;28;28;15;0,048;4;48;48;1,0;4;0;0;128;16
PA2024-1716;2024-06-13;Standard;5;Bestandskunde;Automobilindustrie;Bearbeitung;9;Stahl;pulverbeschichtet;28;28;15;0,027;4;27;27;1,0;4;0;0;72;9
PA2024-1717;2024-06-15;Änderung;15;Bestandskunde;Medizintechnik;Bearbeitung;16;Stahl;pulverbeschichtet;28;28;15;0,048;4;48;48;1,0;4;0;0;128;16
PA2024-1718;2024-06-16;Standard;6;Bestandskunde;Maschinenbau;Bearbeitung;1;Stahl;pulverbeschichtet;28;28;15;0,003;4;3;3;1,0;4;0;0;8;1
PA2024-1719;2024-06-13;Standard;11;Bestandskunde;Automobilindustrie;Bearbeitung;10;Stahl;pulverbeschichtet;28;28;15;0,03;4;30;30;1,0;4;0;0;80;10
PA2024-1720;2024-06-16;Standard;5;Bestandskunde;Medizintechnik;Bearbeitung;16;Stahl;pulverbeschichtet;28;28;15;0,048;4;48;48;1,0;4;0;0;128;16
PA2024-1721;2024-06-11;Standard;13;Bestandskunde;Medizintechnik;Bearbeitung;19;Stahl;pulverbeschichtet;26;26;7;0,038;4;57;57;1,0;4;0;0;133;19
PA2024-1722;2024-06-16;Standard;15;Bestandskunde;Automobilindustrie;Bearbeitung;11;Stahl;pulverbeschichtet;26;26;7;0,022;4;33;33;1,0;4;0;0;77;11
PA2024-1723;2024-06-12;Standard;12;Bestandskunde;Logistiktechnik;Bearbeitung;7;Stahl;pulverbeschichtet;26;26;7;0,014;4;21;21;1,0;4;0;0;49;7
PA2024-1724;2024-06-13;Änderung;11;Bestandskunde;Automobilindustrie;Bearbeitung;15;Stahl;pulverbeschichtet;28;28;15;0,045;4;45;45;1,0;4;0;0;120;15
PA2024-1725;2024-06-14;Standard;5;Bestandskunde;Sonstige;Bearbeitung;3;Stahl;pulverbeschichtet;28;28;15;0,009;4;9;9;1,0;4;0;0;24;3
PA2024-1726;2024-06-16;Standard;5;Bestandskunde;Automobilindustrie;Bearbeitung;6;Stahl;pulverbeschichtet;28;28;15;0,018;4;18;18;1,0;4;0;0;48;6
PA2024-1727;2024-06-16;Änderung;6;Bestandskunde;Haushaltsgeräte;Bearbeitung;6;Stahl;pulverbeschichtet;26;26;7;0,012;4;18;18;1,0;4;0;0;42;6
PA2024-1728;2024-06-15;Standard;13;Bestandskunde;Automobilindustrie;Bearbeitung;14;Stahl;pulverbeschichtet;28;28;15;0,042;4;42;42;1,0;4;0;0;112;14
PA2024-1729;2024-06-15;Standard;10;Bestandskunde;Maschinenbau;Bearbeitung;12;Stahl;pulverbeschichtet;28;28;15;0,036;4;36;36;1,0;4;0;0;96;12
PA2024-1730;2024-06-12;Standard;15;Bestandskunde;Sonstige;Bearbeitung;12;Stahl;pulverbeschichtet;26;26;7;0,024;4;36;36;1,0;4;0;0;84;12
PA2024-1731;2024-06-13;Änderung;7;Bestandskunde;Logistiktechnik;Bearbeitung;5;Stahl;pulverbeschichtet;28;28;15;0,015;4;15;15;1,0;4;0;0;40;5
PA2024-1732;2024-06-10;Standard;11;Bestandskunde;Sonstige;Bearbeitung;3;Stahl;pulverbeschichtet;26;26;7;0,006;4;9;9;1,0;4;0;0;21;3
PA2024-1733;2024-06-15;Standard;8;Bestandskunde;Medizintechnik;Bearbeitung;15;Stahl;pulverbeschichtet;26;26;7;0,03;4;45;45;1,0;4;0;0;105;15
PA2024-1734;2024-06-10;Standard;14;Bestandskunde;Automobilindustrie;Bearbeitung;18;Stahl;pulverbeschichtet;28;28;15;0,054;4;54;54;1,0;4;0;0;144;18
PA2024-1735;2024-06-15;Standard;4;Bestandskunde;Logistiktechnik;Bearbeitung;14;Stahl;pulverbeschichtet;26;26;7;0,028;4;42;42;1,0;4;0;0;98;14
PA2024-1736;2024-06-14;Änderung;11;Bestandskunde;Automobilindustrie;Bearbeitung;7;Stahl;pulverbeschichtet;28;28;15;0,021;4;21;21;1,0;4;0;0;56;7
PA2024-1737;2024-06-10;Änderung;9;Bestandskunde;Automobilindustrie;Bearbeitung;4;Stahl;pulverbeschichtet;26;26;7;0,008;4;12;12;1,0;4;0;0;28;4
PA2024-1738;2024-06-12;Änderung;9;Bestandskunde;Haushaltsgeräte;Bearbeitung;20;Stahl;pulverbeschichtet;26;26;7;0,04;4;60;60;1,0;4;0;0;140;20
PA2024-1739;2024-06-11;Standard;3;Bestandskunde;Automobilindustrie;Bearbeitung;3;Stahl;pulverbeschichtet;28;28;15;0,009;4;9;9;1,0;4;0;0;24;3
PA2024-1740;2024-06-11;Standard;14;Bestandskunde;Sonstige;Bearbeitung;2;Stahl;pulverbeschichtet;26;26;7;0,004;4;6;6;1,0;4;0;0;14;2
PA2024-1741;2024-06-13;Standard;14;Bestandskunde;Sonstige;Bearbeitung;4;Stahl;pulverbeschichtet;26;26;7;0,008;4;12;12;1,0;4;0;0;28;4
PA2024-1742;2024-06-13;Änderung;11;Bestandskunde;Maschinenbau;Bearbeitung;17;Stahl;pulverbeschichtet;26;26;7;0,034;4;51;51;1,0;4;0;0;119;17
PA2024-1743;2024-06-10;Standard;9;Bestandskunde;Logistiktechnik;Bearbeitung;9;Stahl;pulverbeschichtet;28;28;15;0,027;4;27;27;1,0;4;0;0;72;9
PA2024-1744;2024-06-14;Standard;13;Bestandskunde;Maschinenbau;Bearbeitung;4;Stahl;pulverbeschichtet;26;26;7;0,008;4;12;12;1,0;4;0;0;28;4
PA2024-1745;2024-06-12;Änderung;7;Bestandskunde;Medizintechnik;Bearbeitung;15;Stahl;pulverbeschichtet;28;28;15;0,045;4;45;45;1,0;4;0;0;120;15
PA2024-1746;2024-06-13;Änderung;7;Bestandskunde;Automobilindustrie;Bearbeitung;7;Stahl;pulverbeschichtet;28;28;15;0,021;4;21;21;1,0;4;0;0;56;7
PA2024-1747;2024-06-11;Änderung;3;Bestandskunde;Sonstige;Bearbeitung;7;Stahl;pulverbeschichtet;28;28;15;0,021;4;21;21;1,0;4;0;0;56;7
PA2024-1748;2024-06-12;Änderung;6;Neukunde;Logistiktechnik;Bearbeitung;17;Stahl;pulverbeschichtet;26;26;7;0,034;4;51;51;1,0;4;0;0;119;17
PA2024-1749;2024-06-10;Änderung;9;Bestandskunde;Sonstige;Bearbeitung;9;Stahl;pulverbeschichtet;26;26;7;0,018;4;27;27;1,0;4;0;0;63;9
PA2024-1750;2024-06-10;Standard;4;Bestandskunde;Automobilindustrie;Bearbeitung;20;Stahl;pulverbeschichtet;28;28;15;0,06;4;60;60;1,0;4;0;0;160;20
PA2024-1751;2024-06-11;Änderung;14;Bestandskunde;Haushaltsgeräte;Bearbeitung;18;Stahl;pulverbeschichtet;28;28;15;0,054;4;54;54;1,0;4;0;0;144;18
PA2024-1752;2024-06-12;Änderung;3;Bestandskunde;Sonstige;Bearbeitung;6;Stahl;pulverbeschichtet;26;26;7;0,012;4;18;18;1,0;4;0;0;42;6
PA2024-1753;2024-06-13;Standard;6;Bestandskunde;Maschinenbau;Bearbeitung;2;Stahl;pulverbeschichtet;26;26;7;0,004;4;6;6;1,0;4;0;0;14;2
PA2024-1754;2024-06-16;Standard;10;Bestandskunde;Logistiktechnik;Bearbeitung;20;Stahl;pulverbeschichtet;28;28;15;0,06;4;60;60;1,0;4;0;0;160;20
PA2024-1755;2024-06-16;Änderung;11;Bestandskunde;Logistiktechnik;Bearbeitung;19;Stahl;pulverbeschichtet;26;26;7;0,038;4;57;57;1,0;4;0;0;133;19
PA2024-1756;2024-06-10;Standard;13;Bestandskunde;Automobilindustrie;Bearbeitung;2;Stahl;pulverbeschichtet;28;28;15;0,006;4;6;6;1,0;4;0;0;16;2
PA2024-1757;2024-06-16;Standard;15;Bestandskunde;Sonstige;Bearbeitung;6;Stahl;pulverbeschichtet;26;26;7;0,012;4;18;18;1,0;4;0;0;42;6
PA2024-1758;2024-06-12;Änderung;7;Bestandskunde;Maschinenbau;Bearbeitung;1;Stahl;pulverbeschichtet;28;28;15;0,003;4;3;3;1,0;4;0;0;8;1
PA2024-1759;2024-06-14;Standard;10;Bestandskunde;Medizintechnik;Bearbeitung;3;Stahl;pulverbeschichtet;28;28;15;0,009;4;9;9;1,0;4;0;0;24;3
PA2024-1760;2024-06-10;Änderung;5;Bestandskunde;Logistiktechnik;Bearbeitung;11;Stahl;pulverbeschichtet;28;28;15;0,033;4;33;33;1,0;4;0;0;88;11
PA2024-1761;2024-06-16;Änderung;5;Bestandskunde;Automobilindustrie;Bearbeitung;3;Stahl;pulverbeschichtet;26;26;7;0,006;4;9;9;1,0;4;0;0;21;3
PA2024-1762;2024-06-16;Standard;9;Bestandskunde;Medizintechnik;Bearbeitung;10;Stahl;pulverbeschichtet;26;26;7;0,02;4;30;30;1,0;4;0;0;70;10
PA2024-1763;2024-06-15;Standard;10;Bestandskunde;Automobilindustrie;Bearbeitung;11;Stahl;pulverbeschichtet;26;26;7;0,022;4;33;33;1,0;4;0;0;77;11
PA2024-1764;2024-06-16;Änderung;9;Bestandskunde;Maschinenbau;Bearbeitung;10;Stahl;pulverbeschichtet;28;28;15;0,03;4;30;30;1,0;4;0;0;80;10
PA2024-1765;2024-06-13;Standard;9;Bestandskunde;Automobilindustrie;Bearbeitung;12;Stahl;pulverbeschichtet;28;28;15;0,036;4;36;36;1,0;4;0;0;96;12
PA2024-1766;2024-06-14;Standard;13;Bestandskunde;Sonstige;Bearbeitung;6;Stahl;pulverbeschichtet;28;28;15;0,018;4;18;18;1,0;4;0;0;48;6
PA2024-1767;2024-06-11;Standard;8;Bestandskunde;Sonstige;Bearbeitung;10;Stahl;pulverbeschichtet;26;26;7;0,02;4;30;30;1,0;4;0;0;70;10
PA2024-1768;2024-06-15;Änderung;15;Bestandskunde;Automobilindustrie;Bearbeitung;9;Stahl;pulverbeschichtet;26;26;7;0,018;4;27;27;1,0;4;0;0;63;9
PA2024-1769;2024-06-12;Standard;7;Bestandskunde;Automobilindustrie;Bearbeitung;4;Stahl;pulverbeschichtet;26;26;7;0,008;4;12;12;1,0;4;0;0;28;4
PA2024-1770;2024-06-11;Standard;13;Bestandskunde;Logistiktechnik;Bearbeitung;13;Stahl;pulverbeschichtet;26;26;7;0,026;4;39;39;1,0;4;0;0;91;13
PA2024-1771;2024-06-22;Standard;5;Bestandskunde;Sonstige;Bearbeitung;1;Stahl;pulverbeschichtet;26;26;7;0,002;4;3;3;1,0;4;0;0;7;1
PA2024-1772;2024-06-20;Standard;11;Bestandskunde;Maschinenbau;Bearbeitung;6;Stahl;pulverbeschichtet;26;26;7;0,012;4;18;18;1,0;4;0;0;42;6
PA2024-1773;2024-06-18;Standard;13;Bestandskunde;Automobilindustrie;Bearbeitung;15;Stahl;pulverbeschichtet;28;28;15;0,045;4;45;45;1,0;4;0;0;120;15
PA2024-1774;2024-06-21;Änderung;12;Bestandskunde;Medizintechnik;Bearbeitung;8;Stahl;pulverbeschichtet;28;28;15;0,024;4;24;24;1,0;4;0;0;64;8
PA2024-1775;2024-06-19;Standard;11;Bestandskunde;Maschinenbau;Bearbeitung;2;Stahl;pulverbeschichtet;28;28;15;0,006;4;6;6;1,0;4;0;0;16;2
PA2024-1776;2024-06-20;Standard;12;Neukunde;Maschinenbau;Bearbeitung;13;Stahl;pulverbeschichtet;26;26;7;0,026;4;39;39;1,0;4;0;0;91;13
PA2024-1777;2024-06-21;Änderung;6;Bestandskunde;Automobilindustrie;Bearbeitung;17;Stahl;pulverbeschichtet;26;26;7;0,034;4;51;51;1,0;4;0;0;119;17
PA2024-1778;2024-06-18;Standard;11;Bestandskunde;Maschinenbau;Bearbeitung;3;Stahl;pulverbeschichtet;26;26;7;0,006;4;9;9;1,0;4;0;0;21;3
PA2024-1779;2024-06-23;Standard;12;Bestandskunde;Automobilindustrie;Bearbeitung;1;Stahl;pulverbeschichtet;28;28;15;0,003;4;3;3;1,0;4;0;0;8;1
PA2024-1780;2024-06-18;Änderung;10;Bestandskunde;Automobilindustrie;Bearbeitung;7;Stahl;pulverbeschichtet;26;26;7;0,014;4;21;21;1,0;4;0;0;49;7
PA2024-1781;2024-06-22;Änderung;9;Bestandskunde;Automobilindustrie;Bearbeitung;12;Stahl;pulverbeschichtet;28;28;15;0,036;4;36;36;1,0;4;0;0;96;12
PA2024-1782;2024-06-18;Änderung;12;Bestandskunde;Logistiktechnik;Bearbeitung;13;Stahl;pulverbeschichtet;26;26;7;0,026;4;39;39;1,0;4;0;0;91;13
PA2024-1783;2024-06-22;Standard;12;Bestandskunde;Automobilindustrie;Bearbeitung;4;Stahl;pulverbeschichtet;26;26;7;0,008;4;12;12;1,0;4;0;0;28;4
PA2024-1784;2024-06-19;Standard;7;Bestandskunde;Haushaltsgeräte;Bearbeitung;10;Stahl;pulverbeschichtet;28;28;15;0,03;4;30;30;1,0;4;0;0;80;10
PA2024-1785;2024-06-20;Änderung;5;Bestandskunde;Maschinenbau;Bearbeitung;19;Stahl;pulverbeschichtet;28;28;15;0,057;4;57;57;1,0;4;0;0;152;19
PA2024-1786;2024-06-21;Änderung;6;Bestandskunde;Haushaltsgeräte;Bearbeitung;11;Stahl;pulverbeschichtet;26;26;7;0,022;4;33;33;1,0;4;0;0;77;11
PA2024-1787;2024-06-17;Änderung;9;Bestandskunde;Logistiktechnik;Bearbeitung;7;Stahl;pulverbeschichtet;26;26;7;0,014;4;21;21;1,0;4;0;0;49;7
PA2024-1788;2024-06-17;Standard;11;Bestandskunde;Logistiktechnik;Bearbeitung;5;Stahl;pulverbeschichtet;28;28;15;0,015;4;15;15;1,0;4;0;0;40;5
PA2024-1789;2024-06-20;Standard;14;Bestandskunde;Medizintechnik;Bearbeitung;14;Stahl;pulverbeschichtet;28;28;15;0,042;4;42;42;1,0;4;0;0;112;14
PA2024-1790;2024-06-20;Standard;15;Bestandskunde;Maschinenbau;Bearbeitung;3;Stahl;pulverbeschichtet;26;26;7;0,006;4;9;9;1,0;4;0;0;21;3
PA2024-1791;2024-06-22;Standard;5;Bestandskunde;Maschinenbau;Bearbeitung;1;Stahl;pulverbeschichtet;28;28;15;0,003;4;3;3;1,0;4;0;0;8;1
PA2024-1792;2024-06-18;Standard;15;Bestandskunde;Maschinenbau;Bearbeitung;16;Stahl;pulverbeschichtet;26;26;7;0,032;4;48;48;1,0;4;0;0;112;16
PA2024-1793;2024-06-23;Standard;5;Bestandskunde;Sonstige;Bearbeitung;4;Stahl;pulverbeschichtet;28;28;15;0,012;4;12;12;1,0;4;0;0;32;4
PA2024-1794;2024-06-19;Standard;14;Neukunde;Maschinenbau;Bearbeitung;12;Stahl;pulverbeschichtet;28;28;15;0,036;4;36;36;1,0;4;0;0;96;12
PA2024-1795;2024-06-20;Standard;11;Bestandskunde;Automobilindustrie;Bearbeitung;1;Stahl;pulverbeschichtet;26;26;7;0,002;4;3;3;1,0;4;0;0;7;1
PA2024-1796;2024-06-21;Änderung;9;Bestandskunde;Sonstige;Bearbeitung;15;Stahl;pulverbeschichtet;28;28;15;0,045;4;45;45;1,0;4;0;0;120;15
PA2024-1797;2024-06-20;Standard;10;Bestandskunde;Maschinenbau;Bearbeitung;15;Stahl;pulverbeschichtet;28;28;15;0,045;4;45;45;1,0;4;0;0;120;15
PA2024-1798;2024-06-21;Standard;10;Bestandskunde;Sonstige;Bearbeitung;10;Stahl;pulverbeschichtet;28;28;15;0,03;4;30;30;1,0;4;0;0;80;10
PA2024-1799;2024-06-18;Standard;10;Bestandskunde;Maschinenbau;Bearbeitung;11;Stahl;pulverbeschichtet;26;26;7;0,022;4;33;33;1,0;4;0;0;77;11
PA2024-1800;2024-06-17;Änderung;6;Bestandskunde;Sonstige;Bearbeitung;13;Stahl;pulverbeschichtet;28;28;15;0,039;4;39;39;1,0;4;0;0;104;13
PA2024-1801;2024-06-17;Änderung;6;Bestandskunde;Automobilindustrie;Bearbeitung;16;Stahl;pulverbeschichtet;26;26;7;0,032;4;48;48;1,0;4;0;0;112;16
PA2024-1802;2024-06-19;Standard;13;Bestandskunde;Logistiktechnik;Bearbeitung;17;Stahl;pulverbeschichtet;28;28;15;0,051;4;51;51;1,0;4;0;0;136;17
PA2024-1803;2024-06-17;Standard;11;Bestandskunde;Maschinenbau;Bearbeitung;4;Stahl;pulverbeschichtet;28;28;15;0,012;4;12;12;1,0;4;0;0;32;4
PA2024-1804;2024-06-22;Standard;5;Bestandskunde;Logistiktechnik;Bearbeitung;10;Stahl;pulverbeschichtet;28;28;15;0,03;4;30;30;1,0;4;0;0;80;10
PA2024-1805;2024-06-17;Änderung;8;Bestandskunde;Haushaltsgeräte;Bearbeitung;3;Stahl;pulverbeschichtet;28;28;15;0,009;4;9;9;1,0;4;0;0;24;3
PA2024-1806;2024-06-23;Änderung;9;Bestandskunde;Maschinenbau;Bearbeitung;20;Stahl;pulverbeschichtet;28;28;15;0,06;4;60;60;1,0;4;0;0;160;20
PA2024-1807;2024-06-19;Änderung;14;Neukunde;Maschinenbau;Bearbeitung;9;Stahl;pulverbeschichtet;26;26;7;0,018;4;27;27;1,0;4;0;0;63;9
PA2024-1808;2024-06-21;Änderung;4;Bestandskunde;Automobilindustrie;Bearbeitung;10;Stahl;pulverbeschichtet;26;26;7;0,02;4;30;30;1,0;4;0;0;70;10
PA2024-1809;2024-06-20;Standard;7;Bestandskunde;Automobilindustrie;Bearbeitung;5;Stahl;pulverbeschichtet;28;28;15;0,015;4;15;15;1,0;4;0;0;40;5
PA2024-1810;2024-06-20;Standard;11;Bestandskunde;Haushaltsgeräte;Bearbeitung;11;Stahl;pulverbeschichtet;28;28;15;0,033;4;33;33;1,0;4;0;0;88;11
PA2024-1811;2024-06-21;Änderung;10;Bestandskunde;Sonstige;Bearbeitung;15;Stahl;pulverbeschichtet;26;26;7;0,03;4;45;45;1,0;4;0;0;105;15
PA2024-1812;2024-06-21;Standard;10;Bestandskunde;Sonstige;Bearbeitung;18;Stahl;pulverbeschichtet;28;28;15;0,054;4;54;54;1,0;4;0;0;144;18
PA2024-1813;2024-06-19;Änderung;11;Bestandskunde;Sonstige;Bearbeitung;15;Stahl;pulverbeschichtet;26;26;7;0,03;4;45;45;1,0;4;0;0;105;15
PA2024-1814;2024-06-21;Standard;6;Bestandskunde;Sonstige;Bearbeitung;2;Stahl;pulverbeschichtet;28;28;15;0,006;4;6;6;1,0;4;0;0;16;2
PA2024-1815;2024-06-21;Standard;10;Bestandskunde;Automobilindustrie;Bearbeitung;17;Stahl;pulverbeschichtet;26;26;7;0,034;4;51;51;1,0;4;0;0;119;17
PA2024-1816;2024-06-19;Standard;11;Bestandskunde;Haushaltsgeräte;Bearbeitung;5;Stahl;pulverbeschichtet;28;28;15;0,015;4;15;15;1,0;4;0;0;40;5
PA2024-1817;2024-06-21;Änderung;12;Bestandskunde;Haushaltsgeräte;Bearbeitung;10;Stahl;pulverbeschichtet;26;26;7;0,02;4;30;30;1,0;4;0;0;70;10
PA2024-1818;2024-06-20;Standard;6;Bestandskunde;Automobilindustrie;Bearbeitung;4;Stahl;pulverbeschichtet;28;28;15;0,012;4;12;12;1,0;4;0;0;32;4
PA2024-1819;2024-06-18;Änderung;8;Bestandskunde;Sonstige;Bearbeitung;6;Stahl;pulverbeschichtet;26;26;7;0,012;4;18;18;1,0;4;0;0;42;6
PA2024-1820;2024-06-21;Standard;12;Bestandskunde;Maschinenbau;Bearbeitung;20;Stahl;pulverbeschichtet;26;26;7;0,04;4;60;60;1,0;4;0;0;140;20
PA2024-1821;2024-06-23;Standard;12;Bestandskunde;Maschinenbau;Bearbeitung;11;Stahl;pulverbeschichtet;28;28;15;0,033;4;33;33;1,0;4;0;0;88;11
PA2024-1822;2024-06-23;Standard;13;Bestandskunde;Maschinenbau;Bearbeitung;15;Stahl;pulverbeschichtet;28;28;15;0,045;4;45;45;1,0;4;0;0;120;15
PA2024-1823;2024-06-20;Standard;10;Bestandskunde;Maschinenbau;Bearbeitung;15;Stahl;pulverbeschichtet;26;26;7;0,03;4;45;45;1,0;4;0;0;105;15
PA2024-1824;2024-06-20;Standard;12;Bestandskunde;Logistiktechnik;Bearbeitung;1;Stahl;pulverbeschichtet;26;26;7;0,002;4;3;3;1,0;4;0;0;7;1
PA2024-1825;2024-06-21;Standard;15;Bestandskunde;Sonstige;Bearbeitung;14;Stahl;pulverbeschichtet;26;26;7;0,028;4;42;42;1,0;4;0;0;98;14
PA2024-1826;2024-06-21;Standard;8;Bestandskunde;Automobilindustrie;Bearbeitung;3;Stahl;pulverbeschichtet;26;26;7;0,006;4;9;9;1,0;4;0;0;21;3
PA2024-1827;2024-06-22;Änderung;12;Bestandskunde;Automobilindustrie;Bearbeitung;6;Stahl;pulverbeschichtet;28;28;15;0,018;4;18;18;1,0;4;0;0;48;6
PA2024-1828;2024-06-22;Änderung;9;Bestandskunde;Sonstige;Bearbeitung;7;Stahl;pulverbeschichtet;28;28;15;0,021;4;21;21;1,0;4;0;0;56;7
PA2024-1829;2024-06-19;Änderung;5;Bestandskunde;Logistiktechnik;Bearbeitung;15;Stahl;pulverbeschichtet;28;28;15;0,045;4;45;45;1,0;4;0;0;120;15
PA2024-1830;2024-06-22;Änderung;14;Bestandskunde;Medizintechnik;Bearbeitung;15;Stahl;pulverbeschichtet;28;28;15;0,045;4;45;45;1,0;4;0;0;120;15
PA2024-1831;2024-06-23;Änderung;8;Bestandskunde;Automobilindustrie;Bearbeitung;3;Stahl;pulverbeschichtet;26;26;7;0,006;4;9;9;1,0;4;0;0;21;3
PA2024-1832;2024-06-22;Standard;13;Bestandskunde;Automobilindustrie;Bearbeitung;13;Stahl;pulverbeschichtet;26;26;7;0,026;4;39;39;1,0;4;0;0;91;13
PA2024-1833;2024-06-19;Standard;6;Bestandskunde;Automobilindustrie;Bearbeitung;18;Stahl;pulverbeschichtet;26;26;7;0,036;4;54;54;1,0;4;0;0;126;18
PA2024-1834;2024-06-20;Standard;4;Bestandskunde;Maschinenbau;Bearbeitung;2;Stahl;pulverbeschichtet;26;26;7;0,004;4;6;6;1,0;4;0;0;14;2
PA2024-1835;2024-06-22;Änderung;15;Bestandskunde;Automobilindustrie;Bearbeitung;4;Stahl;pulverbeschichtet;28;28;15;0,012;4;12;12;1,0;4;0;0;32;4
PA2024-1836;2024-06-23;Änderung;10;Bestandskunde;Maschinenbau;Bearbeitung;4;Stahl;pulverbeschichtet;26;26;7;0,008;4;12;12;1,0;4;0;0;28;4
PA2024-1837;2024-06-20;Änderung;11;Bestandskunde;Maschinenbau;Bearbeitung;16;Stahl;pulverbeschichtet;26;26;7;0,032;4;48;48;1,0;4;0;0;112;16
PA2024-1838;2024-06-17;Standard;11;Bestandskunde;Haushaltsgeräte;Bearbeitung;16;Stahl;pulverbeschichtet;26;26;7;0,032;4;48;48;1,0;4;0;0;112;16
PA2024-1839;2024-06-19;Standard;10;Bestandskunde;Medizintechnik;Bearbeitung;15;Stahl;pulverbeschichtet;26;26;7;0,03;4;45;45;1,0;4;0;0;105;15
PA2024-1840;2024-06-19;Standard;4;Bestandskunde;Sonstige;Bearbeitung;10;Stahl;pulverbeschichtet;28;28;15;0,03;4;30;30;1,0;4;0;0;80;10
PA2024-1841;2024-06-19;Standard;12;Bestandskunde;Automobilindustrie;Bearbeitung;6;Stahl;pulverbeschichtet;26;26;7;0,012;4;18;18;1,0;4;0;0;42;6
PA2024-1842;2024-06-22;Standard;14;Bestandskunde;Logistiktechnik;Bearbeitung;5;Stahl;pulverbeschichtet;28;28;15;0,015;4;15;15;1,0;4;0;0;40;5
PA2024-1843;2024-06-23;Standard;13;Bestandskunde;Automobilindustrie;Bearbeitung;7;Stahl;pulverbeschichtet;26;26;7;0,014;4;21;21;1,0;4;0;0;49;7
PA2024-1844;2024-06-21;Standard;3;Neukunde;Automobilindustrie;Bearbeitung;17;Stahl;pulverbeschichtet;28;28;15;0,051;4;51;51;1,0;4;0;0;136;17
PA2024-1845;2024-06-21;Standard;6;Bestandskunde;Maschinenbau;Bearbeitung;19;Stahl;pulverbeschichtet;28;28;15;0,057;4;57;57;1,0;4;0;0;152;19
PA2024-1846;2024-06-19;Standard;12;Bestandskunde;Maschinenbau;Bearbeitung;6;Stahl;pulverbeschichtet;28;28;15;0,018;4;18;18;1,0;4;0;0;48;6
PA2024-1847;2024-06-20;Änderung;11;Bestandskunde;Automobilindustrie;Bearbeitung;11;Stahl;pulverbeschichtet;28;28;15;0,033;4;33;33;1,0;4;0;0;88;11
PA2024-1848;2024-06-18;Standard;8;Bestandskunde;Automobilindustrie;Bearbeitung;4;Stahl;pulverbeschichtet;26;26;7;0,008;4;12;12;1,0;4;0;0;28;4
PA2024-1849;2024-06-20;Standard;13;Bestandskunde;Sonstige;Bearbeitung;1;Stahl;pulverbeschichtet;26;26;7;0,002;4;3;3;1,0;4;0;0;7;1
PA2024-1850;2024-06-19;Standard;4;Bestandskunde;Maschinenbau;Bearbeitung;11;Stahl;pulverbeschichtet;26;26;7;0,022;4;33;33;1,0;4;0;0;77;11
PA2024-1851;2024-06-21;Standard;5;Bestandskunde;Automobilindustrie;Bearbeitung;19;Stahl;pulverbeschichtet;26;26;7;0,038;4;57;57;1,0;4;0;0;133;19
PA2024-1852;2024-06-19;Standard;7;Bestandskunde;Logistiktechnik;Bearbeitung;8;Stahl;pulverbeschichtet;26;26;7;0,016;4;24;24;1,0;4;0;0;56;8
PA2024-1853;2024-06-18;Änderung;4;Bestandskunde;Logistiktechnik;Bearbeitung;9;Stahl;pulverbeschichtet;26;26;7;0,018;4;27;27;1,0;4;0;0;63;9
PA2024-1854;2024-06-22;Standard;5;Bestandskunde;Sonstige;Bearbeitung;10;Stahl;pulverbeschichtet;26;26;7;0,02;4;30;30;1,0;4;0;0;70;10
PA2024-1855;2024-06-18;Standard;8;Bestandskunde;Maschinenbau;Bearbeitung;15;Stahl;pulverbeschichtet;26;26;7;0,03;4;45;45;1,0;4;0;0;105;15
PA2024-1856;2024-06-19;Standard;5;Bestandskunde;Maschinenbau;Bearbeitung;3;Stahl;pulverbeschichtet;26;26;7;0,006;4;9;9;1,0;4;0;0;21;3
PA2024-1857;2024-06-17;Änderung;9;Bestandskunde;Logistiktechnik;Bearbeitung;1;Stahl;pulverbeschichtet;28;28;15;0,003;4;3;3;1,0;4;0;0;8;1
PA2024-1858;2024-06-22;Standard;14;Bestandskunde;Haushaltsgeräte;Bearbeitung;20;Stahl;pulverbeschichtet;28;28;15;0,06;4;60;60;1,0;4;0;0;160;20
PA2024-1859;2024-06-19;Standard;12;Bestandskunde;Automobilindustrie;Bearbeitung;6;Stahl;pulverbeschichtet;28;28;15;0,018;4;18;18;1,0;4;0;0;48;6
PA2024-1860;2024-06-20;Standard;15;Bestandskunde;Haushaltsgeräte;Bearbeitung;9;Stahl;pulverbeschichtet;28;28;15;0,027;4;27;27;1,0;4;0;0;72;9
PA2024-1861;2024-06-26;Standard;15;Bestandskunde;Maschinenbau;Bearbeitung;6;Stahl;pulverbeschichtet;26;26;7;0,012;4;18;18;1,0;4;0;0;42;6
PA2024-1862;2024-06-26;Standard;15;Bestandskunde;Logistiktechnik;Bearbeitung;3;Stahl;pulverbeschichtet;28;28;15;0,009;4;9;9;1,0;4;0;0;24;3
PA2024-1863;2024-06-26;Standard;6;Bestandskunde;Sonstige;Bearbeitung;18;Stahl;pulverbeschichtet;28;28;15;0,054;4;54;54;1,0;4;0;0;144;18
PA2024-1864;2024-06-30;Standard;6;Bestandskunde;Medizintechnik;Bearbeitung;17;Stahl;pulverbeschichtet;26;26;7;0,034;4;51;51;1,0;4;0;0;119;17
PA2024-1865;2024-06-30;Änderung;15;Bestandskunde;Haushaltsgeräte;Bearbeitung;20;Stahl;pulverbeschichtet;28;28;15;0,06;4;60;60;1,0;4;0;0;160;20
PA2024-1866;2024-06-26;Standard;7;Bestandskunde;Logistiktechnik;Bearbeitung;6;Stahl;pulverbeschichtet;26;26;7;0,012;4;18;18;1,0;4;0;0;42;6
PA2024-1867;2024-06-26;Änderung;15;Bestandskunde;Automobilindustrie;Bearbeitung;14;Stahl;pulverbeschichtet;26;26;7;0,028;4;42;42;1,0;4;0;0;98;14
PA2024-1868;2024-06-26;Änderung;14;Neukunde;Automobilindustrie;Bearbeitung;12;Stahl;pulverbeschichtet;28;28;15;0,036;4;36;36;1,0;4;0;0;96;12
PA2024-1869;2024-06-26;Standard;12;Bestandskunde;Automobilindustrie;Bearbeitung;10;Stahl;pulverbeschichtet;26;26;7;0,02;4;30;30;1,0;4;0;0;70;10
PA2024-1870;2024-06-27;Standard;12;Neukunde;Automobilindustrie;Bearbeitung;2;Stahl;pulverbeschichtet;28;28;15;0,006;4;6;6;1,0;4;0;0;16;2
PA2024-1871;2024-06-29;Änderung;6;Neukunde;Logistiktechnik;Bearbeitung;1;Stahl;pulverbeschichtet;28;28;15;0,003;4;3;3;1,0;4;0;0;8;1
PA2024-1872;2024-06-29;Standard;10;Bestandskunde;Maschinenbau;Bearbeitung;11;Stahl;pulverbeschichtet;26;26;7;0,022;4;33;33;1,0;4;0;0;77;11
PA2024-1873;2024-06-26;Standard;7;Bestandskunde;Haushaltsgeräte;Bearbeitung;15;Stahl;pulverbeschichtet;28;28;15;0,045;4;45;45;1,0;4;0;0;120;15
PA2024-1874;2024-06-24;Standard;9;Bestandskunde;Automobilindustrie;Bearbeitung;19;Stahl;pulverbeschichtet;28;28;15;0,057;4;57;57;1,0;4;0;0;152;19
PA2024-1875;2024-06-30;Änderung;13;Bestandskunde;Sonstige;Bearbeitung;16;Stahl;pulverbeschichtet;28;28;15;0,048;4;48;48;1,0;4;0;0;128;16
PA2024-1876;2024-06-28;Standard;11;Bestandskunde;Maschinenbau;Bearbeitung;11;Stahl;pulverbeschichtet;26;26;7;0,022;4;33;33;1,0;4;0;0;77;11
PA2024-1877;2024-06-26;Änderung;13;Bestandskunde;Maschinenbau;Bearbeitung;5;Stahl;pulverbeschichtet;28;28;15;0,015;4;15;15;1,0;4;0;0;40;5
PA2024-1878;2024-06-30;Änderung;14;Bestandskunde;Maschinenbau;Bearbeitung;19;Stahl;pulverbeschichtet;26;26;7;0,038;4;57;57;1,0;4;0;0;133;19
PA2024-1879;2024-06-25;Änderung;5;Bestandskunde;Maschinenbau;Bearbeitung;18;Stahl;pulverbeschichtet;28;28;15;0,054;4;54;54;1,0;4;0;0;144;18
PA2024-1880;2024-06-28;Standard;10;Bestandskunde;Automobilindustrie;Bearbeitung;3;Stahl;pulverbeschichtet;28;28;15;0,009;4;9;9;1,0;4;0;0;24;3
PA2024-1881;2024-06-30;Standard;15;Bestandskunde;Automobilindustrie;Bearbeitung;11;Stahl;pulverbeschichtet;28;28;15;0,033;4;33;33;1,0;4;0;0;88;11
PA2024-1882;2024-06-27;Standard;11;Bestandskunde;Sonstige;Bearbeitung;9;Stahl;pulverbeschichtet;28;28;15;0,027;4;27;27;1,0;4;0;0;72;9
PA2024-1883;2024-06-29;Standard;4;Bestandskunde;Automobilindustrie;Bearbeitung;14;Stahl;pulverbeschichtet;28;28;15;0,042;4;42;42;1,0;4;0;0;112;14
PA2024-1884;2024-06-30;Standard;5;Bestandskunde;Logistiktechnik;Bearbeitung;17;Stahl;pulverbeschichtet;28;28;15;0,051;4;51;51;1,0;4;0;0;136;17
PA2024-1885;2024-06-28;Standard;12;Bestandskunde;Automobilindustrie;Bearbeitung;11;Stahl;pulverbeschichtet;28;28;15;0,033;4;33;33;1,0;4;0;0;88;11
PA2024-1886;2024-06-28;Standard;10;Neukunde;Medizintechnik;Bearbeitung;19;Stahl;pulverbeschichtet;28;28;15;0,057;4;57;57;1,0;4;0;0;152;19
PA2024-1887;2024-06-28;Standard;6;Bestandskunde;Maschinenbau;Bearbeitung;3;Stahl;pulverbeschichtet;26;26;7;0,006;4;9;9;1,0;4;0;0;21;3
PA2024-1888;2024-06-29;Standard;8;Neukunde;Logistiktechnik;Bearbeitung;14;Stahl;pulverbeschichtet;28;28;15;0,042;4;42;42;1,0;4;0;0;112;14
PA2024-1889;2024-06-27;Änderung;6;Bestandskunde;Medizintechnik;Bearbeitung;19;Stahl;pulverbeschichtet;28;28;15;0,057;4;57;57;1,0;4;0;0;152;19
PA2024-1890;2024-06-28;Standard;12;Bestandskunde;Medizintechnik;Bearbeitung;10;Stahl;pulverbeschichtet;28;28;15;0,03;4;30;30;1,0;4;0;0;80;10
PA2024-1891;2024-06-24;Änderung;4;Bestandskunde;Haushaltsgeräte;Bearbeitung;9;Stahl;pulverbeschichtet;26;26;7;0,018;4;27;27;1,0;4;0;0;63;9
PA2024-1892;2024-06-28;Standard;13;Bestandskunde;Maschinenbau;Bearbeitung;19;Stahl;pulverbeschichtet;26;26;7;0,038;4;57;57;1,0;4;0;0;133;19
PA2024-1893;2024-06-30;Änderung;7;Bestandskunde;Haushaltsgeräte;Bearbeitung;10;Stahl;pulverbeschichtet;28;28;15;0,03;4;30;30;1,0;4;0;0;80;10
PA2024-1894;2024-06-24;Standard;4;Bestandskunde;Maschinenbau;Bearbeitung;3;Stahl;pulverbeschichtet;26;26;7;0,006;4;9;9;1,0;4;0;0;21;3
PA2024-1895;2024-06-25;Standard;8;Bestandskunde;Logistiktechnik;Bearbeitung;9;Stahl;pulverbeschichtet;28;28;15;0,027;4;27;27;1,0;4;0;0;72;9
PA2024-1896;2024-06-30;Standard;12;Neukunde;Logistiktechnik;Bearbeitung;15;Stahl;pulverbeschichtet;26;26;7;0,03;4;45;45;1,0;4;0;0;105;15
PA2024-1897;2024-06-24;Standard;14;Bestandskunde;Automobilindustrie;Bearbeitung;7;Stahl;pulverbeschichtet;26;26;7;0,014;4;21;21;1,0;4;0;0;49;7
PA2024-1898;2024-06-27;Standard;13;Bestandskunde;Sonstige;Bearbeitung;13;Stahl;pulverbeschichtet;28;28;15;0,039;4;39;39;1,0;4;0;0;104;13
PA2024-1899;2024-06-25;Standard;15;Bestandskunde;Automobilindustrie;Bearbeitung;4;Stahl;pulverbeschichtet;26;26;7;0,008;4;12;12;1,0;4;0;0;28;4
PA2024-1900;2024-06-24;Standard;14;Bestandskunde;Automobilindustrie;Bearbeitung;11;Stahl;pulverbeschichtet;26;26;7;0,022;4;33;33;1,0;4;0;0;77;11
PA2024-1901;2024-06-25;Standard;5;Bestandskunde;Sonstige;Bearbeitung;9;Stahl;pulverbeschichtet;28;28;15;0,027;4;27;27;1,0;4;0;0;72;9
PA2024-1902;2024-06-24;Änderung;4;Bestandskunde;Haushaltsgeräte;Bearbeitung;4;Stahl;pulverbeschichtet;26;26;7;0,008;4;12;12;1,0;4;0;0;28;4
PA2024-1903;2024-06-26;Standard;5;Bestandskunde;Sonstige;Bearbeitung;10;Stahl;pulverbeschichtet;28;28;15;0,03;4;30;30;1,0;4;0;0;80;10
PA2024-1904;2024-06-29;Standard;12;Bestandskunde;Automobilindustrie;Bearbeitung;9;Stahl;pulverbeschichtet;26;26;7;0,018;4;27;27;1,0;4;0;0;63;9
PA2024-1905;2024-06-25;Standard;8;Bestandskunde;Medizintechnik;Bearbeitung;17;Stahl;pulverbeschichtet;28;28;15;0,051;4;51;51;1,0;4;0;0;136;17
PA2024-1906;2024-06-29;Änderung;15;Bestandskunde;Automobilindustrie;Bearbeitung;7;Stahl;pulverbeschichtet;26;26;7;0,014;4;21;21;1,0;4;0;0;49;7
PA2024-1907;2024-06-28;Standard;12;Bestandskunde;Medizintechnik;Bearbeitung;6;Stahl;pulverbeschichtet;28;28;15;0,018;4;18;18;1,0;4;0;0;48;6
PA2024-1908;2024-06-26;Standard;6;Bestandskunde;Automobilindustrie;Bearbeitung;7;Stahl;pulverbeschichtet;26;26;7;0,014;4;21;21;1,0;4;0;0;49;7
PA2024-1909;2024-06-29;Änderung;11;Bestandskunde;Maschinenbau;Bearbeitung;11;Stahl;pulverbeschichtet;28;28;15;0,033;4;33;33;1,0;4;0;0;88;11
PA2024-1910;2024-06-26;Änderung;3;Bestandskunde;Logistiktechnik;Bearbeitung;5;Stahl;pulverbeschichtet;26;26;7;0,01;4;15;15;1,0;4;0;0;35;5
PA2024-1911;2024-06-28;Standard;11;Bestandskunde;Logistiktechnik;Bearbeitung;6;Stahl;pulverbeschichtet;28;28;15;0,018;4;18;18;1,0;4;0;0;48;6
PA2024-1912;2024-06-24;Änderung;12;Bestandskunde;Automobilindustrie;Bearbeitung;3;Stahl;pulverbeschichtet;26;26;7;0,006;4;9;9;1,0;4;0;0;21;3
PA2024-1913;2024-06-27;Standard;12;Bestandskunde;Logistiktechnik;Bearbeitung;5;Stahl;pulverbeschichtet;26;26;7;0,01;4;15;15;1,0;4;0;0;35;5
PA2024-1914;2024-06-27;Änderung;14;Bestandskunde;Automobilindustrie;Bearbeitung;11;Stahl;pulverbeschichtet;26;26;7;0,022;4;33;33;1,0;4;0;0;77;11
PA2024-1915;2024-06-29;Standard;5;Bestandskunde;Sonstige;Bearbeitung;19;Stahl;pulverbeschichtet;28;28;15;0,057;4;57;57;1,0;4;0;0;152;19
PA2024-1916;2024-06-25;Änderung;15;Bestandskunde;Automobilindustrie;Bearbeitung;8;Stahl;pulverbeschichtet;26;26;7;0,016;4;24;24;1,0;4;0;0;56;8
PA2024-1917;2024-06-29;Änderung;12;Bestandskunde;Maschinenbau;Bearbeitung;8;Stahl;pulverbeschichtet;26;26;7;0,016;4;24;24;1,0;4;0;0;56;8
PA2024-1918;2024-06-25;Änderung;10;Bestandskunde;Haushaltsgeräte;Bearbeitung;19;Stahl;pulverbeschichtet;26;26;7;0,038;4;57;57;1,0;4;0;0;133;19
PA2024-1919;2024-06-26;Standard;12;Bestandskunde;Automobilindustrie;Bearbeitung;2;Stahl;pulverbeschichtet;28;28;15;0,006;4;6;6;1,0;4;0;0;16;2
PA2024-1920;2024-06-24;Standard;9;Bestandskunde;Sonstige;Bearbeitung;2;Stahl;pulverbeschichtet;28;28;15;0,006;4;6;6;1,0;4;0;0;16;2
PA2024-1921;2024-06-27;Änderung;11;Bestandskunde;Sonstige;Bearbeitung;12;Stahl;pulverbeschichtet;26;26;7;0,024;4;36;36;1,0;4;0;0;84;12
PA2024-1922;2024-06-27;Änderung;7;Bestandskunde;Automobilindustrie;Bearbeitung;15;Stahl;pulverbeschichtet;26;26;7;0,03;4;45;45;1,0;4;0;0;105;15
PA2024-1923;2024-06-29;Änderung;15;Bestandskunde;Automobilindustrie;Bearbeitung;6;Stahl;pulverbeschichtet;26;26;7;0,012;4;18;18;1,0;4;0;0;42;6
PA2024-1924;2024-06-30;Änderung;15;Bestandskunde;Logistiktechnik;Bearbeitung;4;Stahl;pulverbeschichtet;28;28;15;0,012;4;12;12;1,0;4;0;0;32;4
PA2024-1925;2024-06-26;Standard;5;Bestandskunde;Maschinenbau;Bearbeitung;1;Stahl;pulverbeschichtet;28;28;15;0,003;4;3;3;1,0;4;0;0;8;1
PA2024-1926;2024-06-25;Standard;13;Bestandskunde;Maschinenbau;Bearbeitung;10;Stahl;pulverbeschichtet;26;26;7;0,02;4;30;30;1,0;4;0;0;70;10
PA2024-1927;2024-06-26;Standard;13;Bestandskunde;Automobilindustrie;Bearbeitung;3;Stahl;pulverbeschichtet;26;26;7;0,006;4;9;9;1,0;4;0;0;21;3
PA2024-1928;2024-06-30;Änderung;15;Bestandskunde;Haushaltsgeräte;Bearbeitung;8;Stahl;pulverbeschichtet;26;26;7;0,016;4;24;24;1,0;4;0;0;56;8
PA2024-1929;2024-06-29;Standard;11;Bestandskunde;Maschinenbau;Bearbeitung;19;Stahl;pulverbeschichtet;26;26;7;0,038;4;57;57;1,0;4;0;0;133;19
PA2024-1930;2024-06-28;Änderung;8;Neukunde;Maschinenbau;Bearbeitung;6;Stahl;pulverbeschichtet;26;26;7;0,012;4;18;18;1,0;4;0;0;42;6
PA2024-1931;2024-06-24;Änderung;8;Bestandskunde;Maschinenbau;Bearbeitung;8;Stahl;pulverbeschichtet;28;28;15;0,024;4;24;24;1,0;4;0;0;64;8
PA2024-1932;2024-06-30;Standard;9;Bestandskunde;Maschinenbau;Bearbeitung;13;Stahl;pulverbeschichtet;26;26;7;0,026;4;39;39;1,0;4;0;0;91;13
PA2024-1933;2024-06-28;Standard;12;Bestandskunde;Medizintechnik;Bearbeitung;5;Stahl;pulverbeschichtet;28;28;15;0,015;4;15;15;1,0;4;0;0;40;5
PA2024-1934;2024-06-24;Standard;9;Bestandskunde;Automobilindustrie;Bearbeitung;7;Stahl;pulverbeschichtet;28;28;15;0,021;4;21;21;1,0;4;0;0;56;7
PA2024-1935;2024-06-30;Änderung;14;Bestandskunde;Logistiktechnik;Bearbeitung;6;Stahl;pulverbeschichtet;26;26;7;0,012;4;18;18;1,0;4;0;0;42;6
PA2024-1936;2024-06-30;Standard;8;Bestandskunde;Maschinenbau;Bearbeitung;7;Stahl;pulverbeschichtet;26;26;7;0,014;4;21;21;1,0;4;0;0;49;7
PA2024-1937;2024-06-24;Standard;9;Bestandskunde;Automobilindustrie;Bearbeitung;13;Stahl;pulverbeschichtet;26;26;7;0,026;4;39;39;1,0;4;0;0;91;13
PA2024-1938;2024-06-25;Standard;13;Bestandskunde;Medizintechnik;Bearbeitung;11;Stahl;pulverbeschichtet;26;26;7;0,022;4;33;33;1,0;4;0;0;77;11
PA2024-1939;2024-06-28;Änderung;10;Bestandskunde;Automobilindustrie;Bearbeitung;20;Stahl;pulverbeschichtet;26;26;7;0,04;4;60;60;1,0;4;0;0;140;20
PA2024-1940;2024-06-29;Standard;14;Bestandskunde;Automobilindustrie;Bearbeitung;20;Stahl;pulverbeschichtet;28;28;15;0,06;4;60;60;1,0;4;0;0;160;20
PA2024-1941;2024-06-24;Änderung;11;Bestandskunde;Maschinenbau;Bearbeitung;2;Stahl;pulverbeschichtet;28;28;15;0,006;4;6;6;1,0;4;0;0;16;2
PA2024-1942;2024-06-24;Standard;14;Bestandskunde;Logistiktechnik;Bearbeitung;16;Stahl;pulverbeschichtet;28;28;15;0,048;4;48;48;1,0;4;0;0;128;16
PA2024-1943;2024-06-28;Änderung;5;Bestandskunde;Maschinenbau;Bearbeitung;20;Stahl;pulverbeschichtet;28;28;15;0,06;4;60;60;1,0;4;0;0;160;20
PA2024-1944;2024-06-30;Standard;15;Bestandskunde;Maschinenbau;Bearbeitung;14;Stahl;pulverbeschichtet;28;28;15;0,042;4;42;42;1,0;4;0;0;112;14
PA2024-1945;2024-06-30;Standard;10;Bestandskunde;Logistiktechnik;Bearbeitung;9;Stahl;pulverbeschichtet;26;26;7;0,018;4;27;27;1,0;4;0;0;63;9
PA2024-1946;2024-06-29;Standard;10;Bestandskunde;Maschinenbau;Bearbeitung;4;Stahl;pulverbeschichtet;28;28;15;0,012;4;12;12;1,0;4;0;0;32;4
PA2024-1947;2024-06-28;Änderung;14;Bestandskunde;Logistiktechnik;Bearbeitung;9;Stahl;pulverbeschichtet;28;28;15;0,027;4;27;27;1,0;4;0;0;72;9
PA2024-1948;2024-06-28;Änderung;11;Neukunde;Medizintechnik;Bearbeitung;13;Stahl;pulverbeschichtet;26;26;7;0,026;4;39;39;1,0;4;0;0;91;13
PA2024-1949;2024-06-28;Standard;5;Bestandskunde;Automobilindustrie;Bearbeitung;8;Stahl;pulverbeschichtet;26;26;7;0,016;4;24;24;1,0;4;0;0;56;8
PA2024-1950;2024-06-29;Standard;13;Bestandskunde;Maschinenbau;Bearbeitung;2;Stahl;pulverbeschichtet;28;28;15;0,006;4;6;6;1,0;4;0;0;16;2
PA2024-1951;2024-07-07;Änderung;15;Bestandskunde;Automobilindustrie;Bearbeitung;17;Stahl;pulverbeschichtet;28;28;15;0,051;4;51;51;1,0;4;0;0;136;17
PA2024-1952;2024-07-07;Standard;14;Bestandskunde;Logistiktechnik;Bearbeitung;19;Stahl;pulverbeschichtet;26;26;7;0,038;4;57;57;1,0;4;0;0;133;19
PA2024-1953;2024-07-06;Standard;10;Bestandskunde;Automobilindustrie;Bearbeitung;1;Stahl;pulverbeschichtet;26;26;7;0,002;4;3;3;1,0;4;0;0;7;1
PA2024-1954;2024-07-03;Änderung;12;Neukunde;Maschinenbau;Bearbeitung;9;Stahl;pulverbeschichtet;28;28;15;0,027;4;27;27;1,0;4;0;0;72;9
PA2024-1955;2024-07-03;Änderung;13;Bestandskunde;Logistiktechnik;Bearbeitung;6;Stahl;pulverbeschichtet;28;28;15;0,018;4;18;18;1,0;4;0;0;48;6
PA2024-1956;2024-07-06;Änderung;12;Bestandskunde;Maschinenbau;Bearbeitung;6;Stahl;pulverbeschichtet;26;26;7;0,012;4;18;18;1,0;4;0;0;42;6
PA2024-1957;2024-07-03;Änderung;12;Neukunde;Maschinenbau;Bearbeitung;8;Stahl;pulverbeschichtet;28;28;15;0,024;4;24;24;1,0;4;0;0;64;8
PA2024-1958;2024-07-01;Standard;5;Bestandskunde;Sonstige;Bearbeitung;16;Stahl;pulverbeschichtet;28;28;15;0,048;4;48;48;1,0;4;0;0;128;16
PA2024-1959;2024-07-02;Standard;9;Bestandskunde;Maschinenbau;Bearbeitung;11;Stahl;pulverbeschichtet;26;26;7;0,022;4;33;33;1,0;4;0;0;77;11
PA2024-1960;2024-07-07;Standard;8;Bestandskunde;Logistiktechnik;Bearbeitung;4;Stahl;pulverbeschichtet;28;28;15;0,012;4;12;12;1,0;4;0;0;32;4
PA2024-1961;2024-07-05;Standard;10;Bestandskunde;Automobilindustrie;Bearbeitung;13;Stahl;pulverbeschichtet;26;26;7;0,026;4;39;39;1,0;4;0;0;91;13
PA2024-1962;2024-07-01;Änderung;5;Bestandskunde;Sonstige;Bearbeitung;13;Stahl;pulverbeschichtet;26;26;7;0,026;4;39;39;1,0;4;0;0;91;13
PA2024-1963;2024-07-06;Änderung;10;Bestandskunde;Maschinenbau;Bearbeitung;13;Stahl;pulverbeschichtet;28;28;15;0,039;4;39;39;1,0;4;0;0;104;13
PA2024-1964;2024-07-05;Änderung;5;Bestandskunde;Automobilindustrie;Bearbeitung;2;Stahl;pulverbeschichtet;26;26;7;0,004;4;6;6;1,0;4;0;0;14;2
PA2024-1965;2024-07-06;Änderung;10;Bestandskunde;Logistiktechnik;Bearbeitung;8;Stahl;pulverbeschichtet;26;26;7;0,016;4;24;24;1,0;4;0;0;56;8
PA2024-1966;2024-07-04;Standard;7;Bestandskunde;Haushaltsgeräte;Bearbeitung;1;Stahl;pulverbeschichtet;26;26;7;0,002;4;3;3;1,0;4;0;0;7;1
PA2024-1967;2024-07-04;Standard;7;Bestandskunde;Maschinenbau;Bearbeitung;19;Stahl;pulverbeschichtet;28;28;15;0,057;4;57;57;1,0;4;0;0;152;19
PA2024-1968;2024-07-05;Änderung;11;Bestandskunde;Sonstige;Bearbeitung;12;Stahl;pulverbeschichtet;28;28;15;0,036;4;36;36;1,0;4;0;0;96;12
PA2024-1969;2024-07-03;Standard;12;Bestandskunde;Medizintechnik;Bearbeitung;11;Stahl;pulverbeschichtet;28;28;15;0,033;4;33;33;1,0;4;0;0;88;11
PA2024-1970;2024-07-06;Standard;6;Bestandskunde;Maschinenbau;Bearbeitung;8;Stahl;pulverbeschichtet;28;28;15;0,024;4;24;24;1,0;4;0;0;64;8
PA2024-1971;2024-07-07;Standard;15;Bestandskunde;Automobilindustrie;Bearbeitung;4;Stahl;pulverbeschichtet;26;26;7;0,008;4;12;12;1,0;4;0;0;28;4
PA2024-1972;2024-07-06;Standard;9;Bestandskunde;Maschinenbau;Bearbeitung;2;Stahl;pulverbeschichtet;26;26;7;0,004;4;6;6;1,0;4;0;0;14;2
PA2024-1973;2024-07-04;Änderung;14;Bestandskunde;Sonstige;Bearbeitung;6;Stahl;pulverbeschichtet;28;28;15;0,018;4;18;18;1,0;4;0;0;48;6
PA2024-1974;2024-07-05;Änderung;4;Bestandskunde;Sonstige;Bearbeitung;5;Stahl;pulverbeschichtet;26;26;7;0,01;4;15;15;1,0;4;0;0;35;5
PA2024-1975;2024-07-01;Standard;9;Bestandskunde;Logistiktechnik;Bearbeitung;1;Stahl;pulverbeschichtet;26;26;7;0,002;4;3;3;1,0;4;0;0;7;1
PA2024-1976;2024-07-06;Änderung;6;Bestandskunde;Logistiktechnik;Bearbeitung;15;Stahl;pulverbeschichtet;28;28;15;0,045;4;45;45;1,0;4;0;0;120;15
PA2024-1977;2024-07-06;Standard;10;Bestandskunde;Haushaltsgeräte;Bearbeitung;17;Stahl;pulverbeschichtet;28;28;15;0,051;4;51;51;1,0;4;0;0;136;17
PA2024-1978;2024-07-07;Standard;11;Bestandskunde;Automobilindustrie;Bearbeitung;2;Stahl;pulverbeschichtet;28;28;15;0,006;4;6;6;1,0;4;0;0;16;2
PA2024-1979;2024-07-01;Standard;5;Bestandskunde;Sonstige;Bearbeitung;6;Stahl;pulverbeschichtet;28;28;15;0,018;4;18;18;1,0;4;0;0;48;6
PA2024-1980;2024-07-05;Standard;6;Bestandskunde;Sonstige;Bearbeitung;16;Stahl;pulverbeschichtet;26;26;7;0,032;4;48;48;1,0;4;0;0;112;16
PA2024-1981;2024-07-01;Standard;6;Bestandskunde;Logistiktechnik;Bearbeitung;13;Stahl;pulverbeschichtet;26;26;7;0,026;4;39;39;1,0;4;0;0;91;13
PA2024-1982;2024-07-06;Standard;15;Bestandskunde;Automobilindustrie;Bearbeitung;4;Stahl;pulverbeschichtet;28;28;15;0,012;4;12;12;1,0;4;0;0;32;4
PA2024-1983;2024-07-02;Standard;13;Bestandskunde;Maschinenbau;Bearbeitung;6;Stahl;pulverbeschichtet;28;28;15;0,018;4;18;18;1,0;4;0;0;48;6
PA2024-1984;2024-07-02;Standard;8;Bestandskunde;Haushaltsgeräte;Bearbeitung;3;Stahl;pulverbeschichtet;28;28;15;0,009;4;9;9;1,0;4;0;0;24;3
PA2024-1985;2024-07-07;Standard;6;Bestandskunde;Medizintechnik;Bearbeitung;20;Stahl;pulverbeschichtet;28;28;15;0,06;4;60;60;1,0;4;0;0;160;20
PA2024-1986;2024-07-06;Standard;11;Bestandskunde;Automobilindustrie;Bearbeitung;17;Stahl;pulverbeschichtet;26;26;7;0,034;4;51;51;1,0;4;0;0;119;17
PA2024-1987;2024-07-03;Änderung;12;Bestandskunde;Sonstige;Bearbeitung;19;Stahl;pulverbeschichtet;26;26;7;0,038;4;57;57;1,0;4;0;0;133;19
PA2024-1988;2024-07-02;Standard;8;Bestandskunde;Sonstige;Bearbeitung;18;Stahl;pulverbeschichtet;28;28;15;0,054;4;54;54;1,0;4;0;0;144;18
PA2024-1989;2024-07-01;Standard;7;Bestandskunde;Sonstige;Bearbeitung;15;Stahl;pulverbeschichtet;26;26;7;0,03;4;45;45;1,0;4;0;0;105;15
PA2024-1990;2024-07-07;Änderung;15;Bestandskunde;Medizintechnik;Bearbeitung;18;Stahl;pulverbeschichtet;26;26;7;0,036;4;54;54;1,0;4;0;0;126;18
PA2024-1991;2024-07-03;Standard;6;Bestandskunde;Medizintechnik;Bearbeitung;17;Stahl;pulverbeschichtet;26;26;7;0,034;4;51;51;1,0;4;0;0;119;17
PA2024-1992;2024-07-04;Änderung;7;Neukunde;Maschinenbau;Bearbeitung;11;Stahl;pulverbeschichtet;26;26;7;0,022;4;33;33;1,0;4;0;0;77;11
PA2024-1993;2024-07-05;Änderung;11;Neukunde;Sonstige;Bearbeitung;18;Stahl;pulverbeschichtet;28;28;15;0,054;4;54;54;1,0;4;0;0;144;18
PA2024-1994;2024-07-02;Standard;12;Bestandskunde;Logistiktechnik;Bearbeitung;16;Stahl;pulverbeschichtet;26;26;7;0,032;4;48;48;1,0;4;0;0;112;16
PA2024-1995;2024-07-01;Änderung;12;Bestandskunde;Medizintechnik;Bearbeitung;16;Stahl;pulverbeschichtet;26;26;7;0,032;4;48;48;1,0;4;0;0;112;16
PA2024-1996;2024-07-06;Standard;10;Bestandskunde;Logistiktechnik;Bearbeitung;18;Stahl;pulverbeschichtet;26;26;7;0,036;4;54;54;1,0;4;0;0;126;18
PA2024-1997;2024-07-06;Änderung;8;Bestandskunde;Maschinenbau;Bearbeitung;7;Stahl;pulverbeschichtet;28;28;15;0,021;4;21;21;1,0;4;0;0;56;7
PA2024-1998;2024-07-04;Änderung;11;Bestandskunde;Maschinenbau;Bearbeitung;1;Stahl;pulverbeschichtet;28;28;15;0,003;4;3;3;1,0;4;0;0;8;1
PA2024-1999;2024-07-03;Standard;14;Bestandskunde;Automobilindustrie;Bearbeitung;10;Stahl;pulverbeschichtet;28;28;15;0,03;4;30;30;1,0;4;0;0;80;10
PA2024-2000;2024-07-02;Änderung;5;Bestandskunde;Maschinenbau;Bearbeitung;19;Stahl;pulverbeschichtet;26;26;7;0,038;4;57;57;1,0;4;0;0;133;19
PA2024-2001;2024-07-06;Änderung;5;Bestandskunde;Maschinenbau;Bearbeitung;10;Stahl;pulverbeschichtet;26;26;7;0,02;4;30;30;1,0;4;0;0;70;10
PA2024-2002;2024-07-03;Standard;4;Bestandskunde;Sonstige;Bearbeitung;14;Stahl;pulverbeschichtet;28;28;15;0,042;4;42;42;1,0;4;0;0;112;14
PA2024-2003;2024-07-06;Änderung;5;Bestandskunde;Sonstige;Bearbeitung;6;Stahl;pulverbeschichtet;26;26;7;0,012;4;18;18;1,0;4;0;0;42;6
PA2024-2004;2024-07-01;Änderung;9;Bestandskunde;Sonstige;Bearbeitung;20;Stahl;pulverbeschichtet;26;26;7;0,04;4;60;60;1,0;4;0;0;140;20
PA2024-2005;2024-07-04;Standard;7;Bestandskunde;Automobilindustrie;Bearbeitung;10;Stahl;pulverbeschichtet;26;26;7;0,02;4;30;30;1,0;4;0;0;70;10
PA2024-2006;2024-07-06;Änderung;10;Bestandskunde;Maschinenbau;Bearbeitung;8;Stahl;pulverbeschichtet;26;26;7;0,016;4;24;24;1,0;4;0;0;56;8
PA2024-2007;2024-07-01;Standard;7;Bestandskunde;Sonstige;Bearbeitung;9;Stahl;pulverbeschichtet;28;28;15;0,027;4;27;27;1,0;4;0;0;72;9
PA2024-2008;2024-07-05;Änderung;10;Bestandskunde;Automobilindustrie;Bearbeitung;9;Stahl;pulverbeschichtet;28;28;15;0,027;4;27;27;1,0;4;0;0;72;9
PA2024-2009;2024-07-01;Änderung;14;Bestandskunde;Automobilindustrie;Bearbeitung;7;Stahl;pulverbeschichtet;28;28;15;0,021;4;21;21;1,0;4;0;0;56;7
PA2024-2010;2024-07-05;Standard;3;Bestandskunde;Sonstige;Bearbeitung;15;Stahl;pulverbeschichtet;28;28;15;0,045;4;45;45;1,0;4;0;0;120;15
PA2024-2011;2024-07-01;Änderung;6;Bestandskunde;Haushaltsgeräte;Bearbeitung;16;Stahl;pulverbeschichtet;26;26;7;0,032;4;48;48;1,0;4;0;0;112;16
PA2024-2012;2024-07-05;Standard;10;Bestandskunde;Automobilindustrie;Bearbeitung;13;Stahl;pulverbeschichtet;26;26;7;0,026;4;39;39;1,0;4;0;0;91;13
PA2024-2013;2024-07-03;Standard;10;Bestandskunde;Sonstige;Bearbeitung;4;Stahl;pulverbeschichtet;28;28;15;0,012;4;12;12;1,0;4;0;0;32;4
PA2024-2014;2024-07-01;Änderung;14;Bestandskunde;Haushaltsgeräte;Bearbeitung;2;Stahl;pulverbeschichtet;28;28;15;0,006;4;6;6;1,0;4;0;0;16;2
PA2024-2015;2024-07-01;Standard;6;Bestandskunde;Maschinenbau;Bearbeitung;6;Stahl;pulverbeschichtet;28;28;15;0,018;4;18;18;1,0;4;0;0;48;6
PA2024-2016;2024-07-02;Standard;13;Bestandskunde;Logistiktechnik;Bearbeitung;5;Stahl;pulverbeschichtet;26;26;7;0,01;4;15;15;1,0;4;0;0;35;5
PA2024-2017;2024-07-07;Änderung;5;Bestandskunde;Logistiktechnik;Bearbeitung;7;Stahl;pulverbeschichtet;28;28;15;0,021;4;21;21;1,0;4;0;0;56;7
PA2024-2018;2024-07-01;Standard;4;Bestandskunde;Haushaltsgeräte;Bearbeitung;9;Stahl;pulverbeschichtet;26;26;7;0,018;4;27;27;1,0;4;0;0;63;9
PA2024-2019;2024-07-04;Änderung;7;Bestandskunde;Maschinenbau;Bearbeitung;13;Stahl;pulverbeschichtet;26;26;7;0,026;4;39;39;1,0;4;0;0;91;13
PA2024-2020;2024-07-05;Standard;5;Bestandskunde;Maschinenbau;Bearbeitung;11;Stahl;pulverbeschichtet;26;26;7;0,022;4;33;33;1,0;4;0;0;77;11
PA2024-2021;2024-07-07;Standard;15;Bestandskunde;Automobilindustrie;Bearbeitung;17;Stahl;pulverbeschichtet;28;28;15;0,051;4;51;51;1,0;4;0;0;136;17
PA2024-2022;2024-07-02;Standard;7;Bestandskunde;Automobilindustrie;Bearbeitung;4;Stahl;pulverbeschichtet;28;28;15;0,012;4;12;12;1,0;4;0;0;32;4
PA2024-2023;2024-07-05;Standard;3;Bestandskunde;Sonstige;Bearbeitung;11;Stahl;pulverbeschichtet;26;26;7;0,022;4;33;33;1,0;4;0;0;77;11
PA2024-2024;2024-07-02;Standard;6;Bestandskunde;Automobilindustrie;Bearbeitung;1;Stahl;pulverbeschichtet;28;28;15;0,003;4;3;3;1,0;4;0;0;8;1
PA2024-2025;2024-07-07;Standard;6;Bestandskunde;Logistiktechnik;Bearbeitung;2;Stahl;pulverbeschichtet;26;26;7;0,004;4;6;6;1,0;4;0;0;14;2
PA2024-2026;2024-07-06;Standard;15;Bestandskunde;Maschinenbau;Bearbeitung;10;Stahl;pulverbeschichtet;26;26;7;0,02;4;30;30;1,0;4;0;0;70;10
PA2024-2027;2024-07-06;Standard;9;Bestandskunde;Logistiktechnik;Bearbeitung;12;Stahl;pulverbeschichtet;28;28;15;0,036;4;36;36;1,0;4;0;0;96;12
PA2024-2028;2024-07-02;Standard;13;Bestandskunde;Logistiktechnik;Bearbeitung;5;Stahl;pulverbeschichtet;28;28;15;0,015;4;15;15;1,0;4;0;0;40;5
PA2024-2029;2024-07-06;Änderung;7;Bestandskunde;Maschinenbau;Bearbeitung;9;Stahl;pulverbeschichtet;28;28;15;0,027;4;27;27;1,0;4;0;0;72;9
PA2024-2030;2024-07-06;Änderung;4;Bestandskunde;Medizintechnik;Bearbeitung;2;Stahl;pulverbeschichtet;26;26;7;0,004;4;6;6;1,0;4;0;0;14;2
PA2024-2031;2024-07-06;Standard;9;Bestandskunde;Sonstige;Bearbeitung;12;Stahl;pulverbeschichtet;28;28;15;0,036;4;36;36;1,0;4;0;0;96;12
PA2024-2032;2024-07-04;Standard;12;Bestandskunde;Logistiktechnik;Bearbeitung;13;Stahl;pulverbeschichtet;26;26;7;0,026;4;39;39;1,0;4;0;0;91;13
PA2024-2033;2024-07-03;Standard;11;Bestandskunde;Logistiktechnik;Bearbeitung;17;Stahl;pulverbeschichtet;28;28;15;0,051;4;51;51;1,0;4;0;0;136;17
PA2024-2034;2024-07-02;Änderung;8;Bestandskunde;Maschinenbau;Bearbeitung;20;Stahl;pulverbeschichtet;26;26;7;0,04;4;60;60;1,0;4;0;0;140;20
PA2024-2035;2024-07-05;Änderung;12;Bestandskunde;Logistiktechnik;Bearbeitung;13;Stahl;pulverbeschichtet;28;28;15;0,039;4;39;39;1,0;4;0;0;104;13
PA2024-2036;2024-07-01;Änderung;14;Bestandskunde;Haushaltsgeräte;Bearbeitung;20;Stahl;pulverbeschichtet;26;26;7;0,04;4;60;60;1,0;4;0;0;140;20
PA2024-2037;2024-07-02;Standard;8;Bestandskunde;Maschinenbau;Bearbeitung;13;Stahl;pulverbeschichtet;28;28;15;0,039;4;39;39;1,0;4;0;0;104;13
PA2024-2038;2024-07-04;Standard;3;Bestandskunde;Haushaltsgeräte;Bearbeitung;6;Stahl;pulverbeschichtet;28;28;15;0,018;4;18;18;1,0;4;0;0;48;6
PA2024-2039;2024-07-06;Änderung;6;Bestandskunde;Automobilindustrie;Bearbeitung;7;Stahl;pulverbeschichtet;28;28;15;0,021;4;21;21;1,0;4;0;0;56;7
PA2024-2040;2024-07-03;Standard;13;Bestandskunde;Logistiktechnik;Bearbeitung;16;Stahl;pulverbeschichtet;26;26;7;0,032;4;48;48;1,0;4;0;0;112;16
PA2024-2041;2024-07-14;Standard;15;Bestandskunde;Maschinenbau;Bearbeitung;4;Stahl;pulverbeschichtet;28;28;15;0,012;4;12;12;1,0;4;0;0;32;4
PA2024-2042;2024-07-08;Standard;4;Bestandskunde;Automobilindustrie;Bearbeitung;11;Stahl;pulverbeschichtet;26;26;7;0,022;4;33;33;1,0;4;0;0;77;11
PA2024-2043;2024-07-10;Standard;7;Bestandskunde;Sonstige;Bearbeitung;10;Stahl;pulverbeschichtet;26;26;7;0,02;4;30;30;1,0;4;0;0;70;10
PA2024-2044;2024-07-12;Änderung;10;Bestandskunde;Automobilindustrie;Bearbeitung;16;Stahl;pulverbeschichtet;26;26;7;0,032;4;48;48;1,0;4;0;0;112;16
PA2024-2045;2024-07-09;Standard;10;Bestandskunde;Sonstige;Bearbeitung;6;Stahl;pulverbeschichtet;28;28;15;0,018;4;18;18;1,0;4;0;0;48;6
PA2024-2046;2024-07-11;Änderung;6;Bestandskunde;Logistiktechnik;Bearbeitung;6;Stahl;pulverbeschichtet;26;26;7;0,012;4;18;18;1,0;4;0;0;42;6
PA2024-2047;2024-07-10;Standard;8;Bestandskunde;Maschinenbau;Bearbeitung;5;Stahl;pulverbeschichtet;28;28;15;0,015;4;15;15;1,0;4;0;0;40;5
PA2024-2048;2024-07-14;Standard;5;Bestandskunde;Sonstige;Bearbeitung;13;Stahl;pulverbeschichtet;28;28;15;0,039;4;39;39;1,0;4;0;0;104;13
PA2024-2049;2024-07-14;Standard;5;Bestandskunde;Haushaltsgeräte;Bearbeitung;12;Stahl;pulverbeschichtet;28;28;15;0,036;4;36;36;1,0;4;0;0;96;12
PA2024-2050;2024-07-12;Änderung;6;Bestandskunde;Maschinenbau;Bearbeitung;16;Stahl;pulverbeschichtet;28;28;15;0,048;4;48;48;1,0;4;0;0;128;16
PA2024-2051;2024-07-08;Standard;12;Bestandskunde;Automobilindustrie;Bearbeitung;10;Stahl;pulverbeschichtet;28;28;15;0,03;4;30;30;1,0;4;0;0;80;10
PA2024-2052;2024-07-08;Änderung;9;Bestandskunde;Automobilindustrie;Bearbeitung;3;Stahl;pulverbeschichtet;28;28;15;0,009;4;9;9;1,0;4;0;0;24;3
PA2024-2053;2024-07-14;Standard;15;Bestandskunde;Medizintechnik;Bearbeitung;14;Stahl;pulverbeschichtet;28;28;15;0,042;4;42;42;1,0;4;0;0;112;14
PA2024-2054;2024-07-14;Standard;10;Bestandskunde;Haushaltsgeräte;Bearbeitung;17;Stahl;pulverbeschichtet;26;26;7;0,034;4;51;51;1,0;4;0;0;119;17
PA2024-2055;2024-07-10;Standard;7;Bestandskunde;Sonstige;Bearbeitung;10;Stahl;pulverbeschichtet;26;26;7;0,02;4;30;30;1,0;4;0;0;70;10
PA2024-2056;2024-07-11;Änderung;11;Neukunde;Logistiktechnik;Bearbeitung;15;Stahl;pulverbeschichtet;28;28;15;0,045;4;45;45;1,0;4;0;0;120;15
PA2024-2057;2024-07-12;Änderung;4;Bestandskunde;Automobilindustrie;Bearbeitung;20;Stahl;pulverbeschichtet;26;26;7;0,04;4;60;60;1,0;4;0;0;140;20
PA2024-2058;2024-07-10;Änderung;12;Bestandskunde;Automobilindustrie;Bearbeitung;13;Stahl;pulverbeschichtet;26;26;7;0,026;4;39;39;1,0;4;0;0;91;13
PA2024-2059;2024-07-13;Änderung;12;Bestandskunde;Automobilindustrie;Bearbeitung;14;Stahl;pulverbeschichtet;26;26;7;0,028;4;42;42;1,0;4;0;0;98;14
PA2024-2060;2024-07-10;Standard;7;Bestandskunde;Automobilindustrie;Bearbeitung;18;Stahl;pulverbeschichtet;28;28;15;0,054;4;54;54;1,0;4;0;0;144;18
PA2024-2061;2024-07-10;Änderung;9;Bestandskunde;Sonstige;Bearbeitung;3;Stahl;pulverbeschichtet;26;26;7;0,006;4;9;9;1,0;4;0;0;21;3
PA2024-2062;2024-07-08;Standard;4;Neukunde;Maschinenbau;Bearbeitung;4;Stahl;pulverbeschichtet;28;28;15;0,012;4;12;12;1,0;4;0;0;32;4
PA2024-2063;2024-07-09;Standard;12;Bestandskunde;Haushaltsgeräte;Bearbeitung;8;Stahl;pulverbeschichtet;26;26;7;0,016;4;24;24;1,0;4;0;0;56;8
PA2024-2064;2024-07-08;Änderung;4;Bestandskunde;Medizintechnik;Bearbeitung;20;Stahl;pulverbeschichtet;26;26;7;0,04;4;60;60;1,0;4;0;0;140;20
PA2024-2065;2024-07-12;Standard;13;Bestandskunde;Medizintechnik;Bearbeitung;4;Stahl;pulverbeschichtet;26;26;7;0,008;4;12;12;1,0;4;0;0;28;4
PA2024-2066;2024-07-13;Standard;6;Bestandskunde;Automobilindustrie;Bearbeitung;3;Stahl;pulverbeschichtet;26;26;7;0,006;4;9;9;1,0;4;0;0;21;3
PA2024-2067;2024-07-13;Standard;5;Bestandskunde;Haushaltsgeräte;Bearbeitung;8;Stahl;pulverbeschichtet;26;26;7;0,016;4;24;24;1,0;4;0;0;56;8
PA2024-2068;2024-07-13;Standard;5;Bestandskunde;Automobilindustrie;Bearbeitung;7;Stahl;pulverbeschichtet;26;26;7;0,014;4;21;21;1,0;4;0;0;49;7
PA2024-2069;2024-07-13;Änderung;15;Bestandskunde;Sonstige;Bearbeitung;10;Stahl;pulverbeschichtet;28;28;15;0,03;4;30;30;1,0;4;0;0;80;10
PA2024-2070;2024-07-09;Änderung;15;Bestandskunde;Maschinenbau;Bearbeitung;7;Stahl;pulverbeschichtet;26;26;7;0,014;4;21;21;1,0;4;0;0;49;7
PA2024-2071;2024-07-12;Änderung;7;Bestandskunde;Sonstige;Bearbeitung;3;Stahl;pulverbeschichtet;28;28;15;0,009;4;9;9;1,0;4;0;0;24;3
PA2024-2072;2024-07-14;Standard;11;Bestandskunde;Automobilindustrie;Bearbeitung;13;Stahl;pulverbeschichtet;26;26;7;0,026;4;39;39;1,0;4;0;0;91;13
PA2024-2073;2024-07-11;Standard;15;Bestandskunde;Sonstige;Bearbeitung;9;Stahl;pulverbeschichtet;28;28;15;0,027;4;27;27;1,0;4;0;0;72;9
PA2024-2074;2024-07-09;Änderung;15;Bestandskunde;Sonstige;Bearbeitung;9;Stahl;pulverbeschichtet;28;28;15;0,027;4;27;27;1,0;4;0;0;72;9
PA2024-2075;2024-07-08;Standard;4;Bestandskunde;Automobilindustrie;Bearbeitung;2;Stahl;pulverbeschichtet;28;28;15;0,006;4;6;6;1,0;4;0;0;16;2
PA2024-2076;2024-07-13;Standard;14;Bestandskunde;Maschinenbau;Bearbeitung;3;Stahl;pulverbeschichtet;28;28;15;0,009;4;9;9;1,0;4;0;0;24;3
PA2024-2077;2024-07-14;Standard;12;Bestandskunde;Medizintechnik;Bearbeitung;3;Stahl;pulverbeschichtet;28;28;15;0,009;4;9;9;1,0;4;0;0;24;3
PA2024-2078;2024-07-14;Standard;11;Bestandskunde;Maschinenbau;Bearbeitung;16;Stahl;pulverbeschichtet;28;28;15;0,048;4;48;48;1,0;4;0;0;128;16
PA2024-2079;2024-07-10;Änderung;14;Bestandskunde;Automobilindustrie;Bearbeitung;7;Stahl;pulverbeschichtet;28;28;15;0,021;4;21;21;1,0;4;0;0;56;7
PA2024-2080;2024-07-08;Standard;12;Bestandskunde;Automobilindustrie;Bearbeitung;11;Stahl;pulverbeschichtet;26;26;7;0,022;4;33;33;1,0;4;0;0;77;11
PA2024-2081;2024-07-14;Standard;15;Bestandskunde;Haushaltsgeräte;Bearbeitung;13;Stahl;pulverbeschichtet;28;28;15;0,039;4;39;39;1,0;4;0;0;104;13
PA2024-2082;2024-07-14;Standard;7;Bestandskunde;Haushaltsgeräte;Bearbeitung;5;Stahl;pulverbeschichtet;28;28;15;0,015;4;15;15;1,0;4;0;0;40;5
PA2024-2083;2024-07-08;Änderung;14;Bestandskunde;Medizintechnik;Bearbeitung;6;Stahl;pulverbeschichtet;28;28;15;0,018;4;18;18;1,0;4;0;0;48;6
PA2024-2084;2024-07-09;Standard;6;Bestandskunde;Maschinenbau;Bearbeitung;9;Stahl;pulverbeschichtet;26;26;7;0,018;4;27;27;1,0;4;0;0;63;9
PA2024-2085;2024-07-08;Standard;14;Bestandskunde;Logistiktechnik;Bearbeitung;18;Stahl;pulverbeschichtet;28;28;15;0,054;4;54;54;1,0;4;0;0;144;18
PA2024-2086;2024-07-09;Standard;14;Bestandskunde;Haushaltsgeräte;Bearbeitung;14;Stahl;pulverbeschichtet;28;28;15;0,042;4;42;42;1,0;4;0;0;112;14
PA2024-2087;2024-07-13;Standard;5;Bestandskunde;Logistiktechnik;Bearbeitung;11;Stahl;pulverbeschichtet;26;26;7;0,022;4;33;33;1,0;4;0;0;77;11
PA2024-2088;2024-07-10;Änderung;7;Bestandskunde;Sonstige;Bearbeitung;7;Stahl;pulverbeschichtet;28;28;15;0,021;4;21;21;1,0;4;0;0;56;7
PA2024-2089;2024-07-08;Änderung;10;Bestandskunde;Maschinenbau;Bearbeitung;10;Stahl;pulverbeschichtet;28;28;15;0,03;4;30;30;1,0;4;0;0;80;10
PA2024-2090;2024-07-08;Standard;7;Bestandskunde;Automobilindustrie;Bearbeitung;12;Stahl;pulverbeschichtet;28;28;15;0,036;4;36;36;1,0;4;0;0;96;12
PA2024-2091;2024-07-12;Standard;14;Bestandskunde;Maschinenbau;Bearbeitung;14;Stahl;pulverbeschichtet;26;26;7;0,028;4;42;42;1,0;4;0;0;98;14
PA2024-2092;2024-07-10;Änderung;8;Neukunde;Logistiktechnik;Bearbeitung;16;Stahl;pulverbeschichtet;26;26;7;0,032;4;48;48;1,0;4;0;0;112;16
PA2024-2093;2024-07-10;Standard;11;Bestandskunde;Medizintechnik;Bearbeitung;11;Stahl;pulverbeschichtet;28;28;15;0,033;4;33;33;1,0;4;0;0;88;11
PA2024-2094;2024-07-14;Änderung;10;Bestandskunde;Haushaltsgeräte;Bearbeitung;1;Stahl;pulverbeschichtet;26;26;7;0,002;4;3;3;1,0;4;0;0;7;1
PA2024-2095;2024-07-08;Änderung;13;Bestandskunde;Sonstige;Bearbeitung;3;Stahl;pulverbeschichtet;28;28;15;0,009;4;9;9;1,0;4;0;0;24;3
PA2024-2096;2024-07-12;Standard;9;Bestandskunde;Logistiktechnik;Bearbeitung;7;Stahl;pulverbeschichtet;28;28;15;0,021;4;21;21;1,0;4;0;0;56;7
PA2024-2097;2024-07-09;Standard;12;Bestandskunde;Automobilindustrie;Bearbeitung;8;Stahl;pulverbeschichtet;28;28;15;0,024;4;24;24;1,0;4;0;0;64;8
PA2024-2098;2024-07-10;Standard;12;Bestandskunde;Medizintechnik;Bearbeitung;5;Stahl;pulverbeschichtet;26;26;7;0,01;4;15;15;1,0;4;0;0;35;5
PA2024-2099;2024-07-11;Änderung;11;Bestandskunde;Maschinenbau;Bearbeitung;7;Stahl;pulverbeschichtet;28;28;15;0,021;4;21;21;1,0;4;0;0;56;7
PA2024-2100;2024-07-13;Standard;5;Bestandskunde;Maschinenbau;Bearbeitung;17;Stahl;pulverbeschichtet;26;26;7;0,034;4;51;51;1,0;4;0;0;119;17
PA2024-2101;2024-07-14;Standard;13;Bestandskunde;Haushaltsgeräte;Bearbeitung;1;Stahl;pulverbeschichtet;28;28;15;0,003;4;3;3;1,0;4;0;0;8;1
PA2024-2102;2024-07-09;Standard;7;Bestandskunde;Maschinenbau;Bearbeitung;14;Stahl;pulverbeschichtet;28;28;15;0,042;4;42;42;1,0;4;0;0;112;14
PA2024-2103;2024-07-11;Standard;6;Bestandskunde;Sonstige;Bearbeitung;6;Stahl;pulverbeschichtet;26;26;7;0,012;4;18;18;1,0;4;0;0;42;6
PA2024-2104;2024-07-08;Standard;9;Bestandskunde;Automobilindustrie;Bearbeitung;20;Stahl;pulverbeschichtet;28;28;15;0,06;4;60;60;1,0;4;0;0;160;20
PA2024-2105;2024-07-09;Änderung;7;Bestandskunde;Medizintechnik;Bearbeitung;2;Stahl;pulverbeschichtet;28;28;15;0,006;4;6;6;1,0;4;0;0;16;2
PA2024-2106;2024-07-11;Änderung;11;Bestandskunde;Automobilindustrie;Bearbeitung;13;Stahl;pulverbeschichtet;28;28;15;0,039;4;39;39;1,0;4;0;0;104;13
PA2024-2107;2024-07-13;Änderung;10;Bestandskunde;Automobilindustrie;Bearbeitung;2;Stahl;pulverbeschichtet;26;26;7;0,004;4;6;6;1,0;4;0;0;14;2
PA2024-2108;2024-07-12;Standard;4;Bestandskunde;Haushaltsgeräte;Bearbeitung;5;Stahl;pulverbeschichtet;28;28;15;0,015;4;15;15;1,0;4;0;0;40;5
PA2024-2109;2024-07-08;Standard;7;Bestandskunde;Logistiktechnik;Bearbeitung;8;Stahl;pulverbeschichtet;28;28;15;0,024;4;24;24;1,0;4;0;0;64;8
PA2024-2110;2024-07-10;Standard;11;Bestandskunde;Logistiktechnik;Bearbeitung;3;Stahl;pulverbeschichtet;26;26;7;0,006;4;9;9;1,0;4;0;0;21;3
PA2024-2111;2024-07-12;Änderung;4;Bestandskunde;Automobilindustrie;Bearbeitung;13;Stahl;pulverbeschichtet;28;28;15;0,039;4;39;39;1,0;4;0;0;104;13
PA2024-2112;2024-07-14;Standard;9;Bestandskunde;Automobilindustrie;Bearbeitung;9;Stahl;pulverbeschichtet;26;26;7;0,018;4;27;27;1,0;4;0;0;63;9
PA2024-2113;2024-07-08;Änderung;4;Bestandskunde;Maschinenbau;Bearbeitung;8;Stahl;pulverbeschichtet;26;26;7;0,016;4;24;24;1,0;4;0;0;56;8
PA2024-2114;2024-07-08;Standard;9;Bestandskunde;Sonstige;Bearbeitung;5;Stahl;pulverbeschichtet;28;28;15;0,015;4;15;15;1,0;4;0;0;40;5
PA2024-2115;2024-07-11;Standard;11;Bestandskunde;Maschinenbau;Bearbeitung;16;Stahl;pulverbeschichtet;28;28;15;0,048;4;48;48;1,0;4;0;0;128;16
PA2024-2116;2024-07-12;Änderung;5;Bestandskunde;Automobilindustrie;Bearbeitung;7;Stahl;pulverbeschichtet;26;26;7;0,014;4;21;21;1,0;4;0;0;49;7
PA2024-2117;2024-07-08;Standard;12;Bestandskunde;Automobilindustrie;Bearbeitung;12;Stahl;pulverbeschichtet;26;26;7;0,024;4;36;36;1,0;4;0;0;84;12
PA2024-2118;2024-07-09;Änderung;7;Bestandskunde;Medizintechnik;Bearbeitung;20;Stahl;pulverbeschichtet;26;26;7;0,04;4;60;60;1,0;4;0;0;140;20
PA2024-2119;2024-07-12;Standard;10;Bestandskunde;Maschinenbau;Bearbeitung;7;Stahl;pulverbeschichtet;28;28;15;0,021;4;21;21;1,0;4;0;0;56;7
PA2024-2120;2024-07-09;Standard;11;Bestandskunde;Automobilindustrie;Bearbeitung;10;Stahl;pulverbeschichtet;28;28;15;0,03;4;30;30;1,0;4;0;0;80;10
PA2024-2121;2024-07-11;Standard;15;Bestandskunde;Automobilindustrie;Bearbeitung;4;Stahl;pulverbeschichtet;28;28;15;0,012;4;12;12;1,0;4;0;0;32;4
PA2024-2122;2024-07-14;Standard;6;Bestandskunde;Maschinenbau;Bearbeitung;7;Stahl;pulverbeschichtet;26;26;7;0,014;4;21;21;1,0;4;0;0;49;7
PA2024-2123;2024-07-13;Standard;8;Bestandskunde;Haushaltsgeräte;Bearbeitung;12;Stahl;pulverbeschichtet;28;28;15;0,036;4;36;36;1,0;4;0;0;96;12
PA2024-2124;2024-07-13;Standard;9;Bestandskunde;Maschinenbau;Bearbeitung;9;Stahl;pulverbeschichtet;28;28;15;0,027;4;27;27;1,0;4;0;0;72;9
PA2024-2125;2024-07-10;Standard;3;Bestandskunde;Haushaltsgeräte;Bearbeitung;11;Stahl;pulverbeschichtet;26;26;7;0,022;4;33;33;1,0;4;0;0;77;11
PA2024-2126;2024-07-13;Standard;12;Bestandskunde;Automobilindustrie;Bearbeitung;13;Stahl;pulverbeschichtet;26;26;7;0,026;4;39;39;1,0;4;0;0;91;13
PA2024-2127;2024-07-11;Standard;10;Bestandskunde;Maschinenbau;Bearbeitung;8;Stahl;pulverbeschichtet;26;26;7;0,016;4;24;24;1,0;4;0;0;56;8
PA2024-2128;2024-07-08;Standard;4;Bestandskunde;Automobilindustrie;Bearbeitung;9;Stahl;pulverbeschichtet;26;26;7;0,018;4;27;27;1,0;4;0;0;63;9
PA2024-2129;2024-07-11;Änderung;11;Bestandskunde;Logistiktechnik;Bearbeitung;4;Stahl;pulverbeschichtet;26;26;7;0,008;4;12;12;1,0;4;0;0;28;4
PA2024-2130;2024-07-09;Standard;8;Bestandskunde;Medizintechnik;Bearbeitung;12;Stahl;pulverbeschichtet;26;26;7;0,024;4;36;36;1,0;4;0;0;84;12
PA2024-2131;2024-07-18;Standard;3;Bestandskunde;Maschinenbau;Bearbeitung;4;Stahl;pulverbeschichtet;26;26;7;0,008;4;12;12;1,0;4;0;0;28;4
PA2024-2132;2024-07-17;Standard;13;Bestandskunde;Automobilindustrie;Bearbeitung;7;Stahl;pulverbeschichtet;28;28;15;0,021;4;21;21;1,0;4;0;0;56;7
PA2024-2133;2024-07-18;Standard;6;Bestandskunde;Logistiktechnik;Bearbeitung;8;Stahl;pulverbeschichtet;26;26;7;0,016;4;24;24;1,0;4;0;0;56;8
PA2024-2134;2024-07-20;Änderung;10;Bestandskunde;Automobilindustrie;Bearbeitung;16;Stahl;pulverbeschichtet;28;28;15;0,048;4;48;48;1,0;4;0;0;128;16
PA2024-2135;2024-07-16;Standard;5;Bestandskunde;Haushaltsgeräte;Bearbeitung;2;Stahl;pulverbeschichtet;26;26;7;0,004;4;6;6;1,0;4;0;0;14;2
PA2024-2136;2024-07-21;Änderung;15;Bestandskunde;Maschinenbau;Bearbeitung;19;Stahl;pulverbeschichtet;28;28;15;0,057;4;57;57;1,0;4;0;0;152;19
PA2024-2137;2024-07-21;Standard;10;Neukunde;Medizintechnik;Bearbeitung;7;Stahl;pulverbeschichtet;26;26;7;0,014;4;21;21;1,0;4;0;0;49;7
PA2024-2138;2024-07-20;Standard;10;Bestandskunde;Maschinenbau;Bearbeitung;15;Stahl;pulverbeschichtet;28;28;15;0,045;4;45;45;1,0;4;0;0;120;15
PA2024-2139;2024-07-21;Änderung;14;Neukunde;Automobilindustrie;Bearbeitung;8;Stahl;pulverbeschichtet;26;26;7;0,016;4;24;24;1,0;4;0;0;56;8
PA2024-2140;2024-07-17;Standard;5;Bestandskunde;Sonstige;Bearbeitung;16;Stahl;pulverbeschichtet;26;26;7;0,032;4;48;48;1,0;4;0;0;112;16
PA2024-2141;2024-07-20;Standard;11;Bestandskunde;Sonstige;Bearbeitung;11;Stahl;pulverbeschichtet;26;26;7;0,022;4;33;33;1,0;4;0;0;77;11
PA2024-2142;2024-07-16;Standard;13;Bestandskunde;Automobilindustrie;Bearbeitung;10;Stahl;pulverbeschichtet;28;28;15;0,03;4;30;30;1,0;4;0;0;80;10
PA2024-2143;2024-07-20;Standard;13;Bestandskunde;Haushaltsgeräte;Bearbeitung;20;Stahl;pulverbeschichtet;26;26;7;0,04;4;60;60;1,0;4;0;0;140;20
PA2024-2144;2024-07-17;Standard;12;Bestandskunde;Maschinenbau;Bearbeitung;18;Stahl;pulverbeschichtet;28;28;15;0,054;4;54;54;1,0;4;0;0;144;18
PA2024-2145;2024-07-17;Änderung;15;Bestandskunde;Medizintechnik;Bearbeitung;5;Stahl;pulverbeschichtet;26;26;7;0,01;4;15;15;1,0;4;0;0;35;5
PA2024-2146;2024-07-20;Änderung;7;Bestandskunde;Automobilindustrie;Bearbeitung;7;Stahl;pulverbeschichtet;28;28;15;0,021;4;21;21;1,0;4;0;0;56;7
PA2024-2147;2024-07-21;Standard;14;Bestandskunde;Medizintechnik;Bearbeitung;18;Stahl;pulverbeschichtet;28;28;15;0,054;4;54;54;1,0;4;0;0;144;18
PA2024-2148;2024-07-19;Standard;3;Bestandskunde;Haushaltsgeräte;Bearbeitung;6;Stahl;pulverbeschichtet;26;26;7;0,012;4;18;18;1,0;4;0;0;42;6
PA2024-2149;2024-07-18;Standard;6;Bestandskunde;Maschinenbau;Bearbeitung;12;Stahl;pulverbeschichtet;26;26;7;0,024;4;36;36;1,0;4;0;0;84;12
PA2024-2150;2024-07-20;Änderung;12;Bestandskunde;Automobilindustrie;Bearbeitung;14;Stahl;pulverbeschichtet;28;28;15;0,042;4;42;42;1,0;4;0;0;112;14
PA2024-2151;2024-07-20;Änderung;14;Bestandskunde;Sonstige;Bearbeitung;7;Stahl;pulverbeschichtet;26;26;7;0,014;4;21;21;1,0;4;0;0;49;7
PA2024-2152;2024-07-18;Änderung;6;Neukunde;Automobilindustrie;Bearbeitung;10;Stahl;pulverbeschichtet;26;26;7;0,02;4;30;30;1,0;4;0;0;70;10
PA2024-2153;2024-07-17;Standard;7;Bestandskunde;Maschinenbau;Bearbeitung;7;Stahl;pulverbeschichtet;26;26;7;0,014;4;21;21;1,0;4;0;0;49;7
PA2024-2154;2024-07-15;Standard;10;Bestandskunde;Logistiktechnik;Bearbeitung;3;Stahl;pulverbeschichtet;26;26;7;0,006;4;9;9;1,0;4;0;0;21;3
PA2024-2155;2024-07-18;Standard;6;Bestandskunde;Maschinenbau;Bearbeitung;13;Stahl;pulverbeschichtet;26;26;7;0,026;4;39;39;1,0;4;0;0;91;13
PA2024-2156;2024-07-17;Standard;12;Bestandskunde;Maschinenbau;Bearbeitung;20;Stahl;pulverbeschichtet;26;26;7;0,04;4;60;60;1,0;4;0;0;140;20
PA2024-2157;2024-07-19;Standard;4;Bestandskunde;Automobilindustrie;Bearbeitung;16;Stahl;pulverbeschichtet;28;28;15;0,048;4;48;48;1,0;4;0;0;128;16
PA2024-2158;2024-07-15;Standard;9;Neukunde;Maschinenbau;Bearbeitung;13;Stahl;pulverbeschichtet;28;28;15;0,039;4;39;39;1,0;4;0;0;104;13
PA2024-2159;2024-07-20;Standard;11;Bestandskunde;Maschinenbau;Bearbeitung;1;Stahl;pulverbeschichtet;26;26;7;0,002;4;3;3;1,0;4;0;0;7;1
PA2024-2160;2024-07-18;Änderung;5;Bestandskunde;Automobilindustrie;Bearbeitung;3;Stahl;pulverbeschichtet;28;28;15;0,009;4;9;9;1,0;4;0;0;24;3
PA2024-2161;2024-07-18;Änderung;11;Bestandskunde;Automobilindustrie;Bearbeitung;16;Stahl;pulverbeschichtet;26;26;7;0,032;4;48;48;1,0;4;0;0;112;16
PA2024-2162;2024-07-17;Änderung;13;Bestandskunde;Sonstige;Bearbeitung;1;Stahl;pulverbeschichtet;26;26;7;0,002;4;3;3;1,0;4;0;0;7;1
PA2024-2163;2024-07-19;Standard;13;Bestandskunde;Maschinenbau;Bearbeitung;9;Stahl;pulverbeschichtet;26;26;7;0,018;4;27;27;1,0;4;0;0;63;9
PA2024-2164;2024-07-20;Änderung;5;Bestandskunde;Automobilindustrie;Bearbeitung;17;Stahl;pulverbeschichtet;28;28;15;0,051;4;51;51;1,0;4;0;0;136;17
PA2024-2165;2024-07-18;Standard;10;Bestandskunde;Maschinenbau;Bearbeitung;20;Stahl;pulverbeschichtet;28;28;15;0,06;4;60;60;1,0;4;0;0;160;20
PA2024-2166;2024-07-15;Änderung;7;Bestandskunde;Maschinenbau;Bearbeitung;16;Stahl;pulverbeschichtet;28;28;15;0,048;4;48;48;1,0;4;0;0;128;16
PA2024-2167;2024-07-15;Standard;13;Neukunde;Sonstige;Bearbeitung;6;Stahl;pulverbeschichtet;28;28;15;0,018;4;18;18;1,0;4;0;0;48;6
PA2024-2168;2024-07-17;Änderung;7;Bestandskunde;Haushaltsgeräte;Bearbeitung;19;Stahl;pulverbeschichtet;28;28;15;0,057;4;57;57;1,0;4;0;0;152;19
PA2024-2169;2024-07-20;Änderung;14;Bestandskunde;Medizintechnik;Bearbeitung;4;Stahl;pulverbeschichtet;28;28;15;0,012;4;12;12;1,0;4;0;0;32;4
PA2024-2170;2024-07-16;Standard;7;Bestandskunde;Automobilindustrie;Bearbeitung;19;Stahl;pulverbeschichtet;26;26;7;0,038;4;57;57;1,0;4;0;0;133;19
PA2024-2171;2024-07-18;Standard;11;Bestandskunde;Sonstige;Bearbeitung;17;Stahl;pulverbeschichtet;26;26;7;0,034;4;51;51;1,0;4;0;0;119;17
PA2024-2172;2024-07-19;Standard;5;Bestandskunde;Automobilindustrie;Bearbeitung;14;Stahl;pulverbeschichtet;28;28;15;0,042;4;42;42;1,0;4;0;0;112;14
PA2024-2173;2024-07-15;Änderung;5;Neukunde;Sonstige;Bearbeitung;12;Stahl;pulverbeschichtet;28;28;15;0,036;4;36;36;1,0;4;0;0;96;12
PA2024-2174;2024-07-19;Änderung;8;Bestandskunde;Maschinenbau;Bearbeitung;4;Stahl;pulverbeschichtet;28;28;15;0,012;4;12;12;1,0;4;0;0;32;4
PA2024-2175;2024-07-15;Änderung;8;Bestandskunde;Automobilindustrie;Bearbeitung;18;Stahl;pulverbeschichtet;26;26;7;0,036;4;54;54;1,0;4;0;0;126;18
PA2024-2176;2024-07-17;Änderung;14;Bestandskunde;Haushaltsgeräte;Bearbeitung;6;Stahl;pulverbeschichtet;28;28;15;0,018;4;18;18;1,0;4;0;0;48;6
PA2024-2177;2024-07-19;Standard;4;Bestandskunde;Logistiktechnik;Bearbeitung;5;Stahl;pulverbeschichtet;28;28;15;0,015;4;15;15;1,0;4;0;0;40;5
PA2024-2178;2024-07-17;Standard;4;Bestandskunde;Maschinenbau;Bearbeitung;17;Stahl;pulverbeschichtet;28;28;15;0,051;4;51;51;1,0;4;0;0;136;17
PA2024-2179;2024-07-19;Standard;3;Neukunde;Sonstige;Bearbeitung;11;Stahl;pulverbeschichtet;28;28;15;0,033;4;33;33;1,0;4;0;0;88;11
PA2024-2180;2024-07-21;Standard;9;Bestandskunde;Logistiktechnik;Bearbeitung;16;Stahl;pulverbeschichtet;26;26;7;0,032;4;48;48;1,0;4;0;0;112;16
PA2024-2181;2024-07-16;Änderung;13;Bestandskunde;Medizintechnik;Bearbeitung;3;Stahl;pulverbeschichtet;26;26;7;0,006;4;9;9;1,0;4;0;0;21;3
PA2024-2182;2024-07-21;Änderung;15;Neukunde;Maschinenbau;Bearbeitung;16;Stahl;pulverbeschichtet;26;26;7;0,032;4;48;48;1,0;4;0;0;112;16
PA2024-2183;2024-07-16;Standard;13;Bestandskunde;Logistiktechnik;Bearbeitung;8;Stahl;pulverbeschichtet;26;26;7;0,016;4;24;24;1,0;4;0;0;56;8
PA2024-2184;2024-07-15;Standard;14;Bestandskunde;Automobilindustrie;Bearbeitung;13;Stahl;pulverbeschichtet;28;28;15;0,039;4;39;39;1,0;4;0;0;104;13
PA2024-2185;2024-07-20;Änderung;11;Bestandskunde;Haushaltsgeräte;Bearbeitung;8;Stahl;pulverbeschichtet;26;26;7;0,016;4;24;24;1,0;4;0;0;56;8
PA2024-2186;2024-07-19;Standard;15;Bestandskunde;Medizintechnik;Bearbeitung;6;Stahl;pulverbeschichtet;26;26;7;0,012;4;18;18;1,0;4;0;0;42;6
PA2024-2187;2024-07-18;Standard;5;Bestandskunde;Maschinenbau;Bearbeitung;3;Stahl;pulverbeschichtet;26;26;7;0,006;4;9;9;1,0;4;0;0;21;3
PA2024-2188;2024-07-21;Änderung;5;Bestandskunde;Medizintechnik;Bearbeitung;15;Stahl;pulverbeschichtet;26;26;7;0,03;4;45;45;1,0;4;0;0;105;15
PA2024-2189;2024-07-21;Standard;11;Bestandskunde;Haushaltsgeräte;Bearbeitung;16;Stahl;pulverbeschichtet;28;28;15;0,048;4;48;48;1,0;4;0;0;128;16
PA2024-2190;2024-07-21;Standard;7;Bestandskunde;Haushaltsgeräte;Bearbeitung;16;Stahl;pulverbeschichtet;28;28;15;0,048;4;48;48;1,0;4;0;0;128;16
PA2024-2191;2024-07-19;Standard;5;Bestandskunde;Automobilindustrie;Bearbeitung;9;Stahl;pulverbeschichtet;28;28;15;0,027;4;27;27;1,0;4;0;0;72;9
PA2024-2192;2024-07-19;Standard;8;Neukunde;Haushaltsgeräte;Bearbeitung;8;Stahl;pulverbeschichtet;28;28;15;0,024;4;24;24;1,0;4;0;0;64;8
PA2024-2193;2024-07-17;Standard;7;Bestandskunde;Maschinenbau;Bearbeitung;14;Stahl;pulverbeschichtet;26;26;7;0,028;4;42;42;1,0;4;0;0;98;14
PA2024-2194;2024-07-19;Standard;12;Bestandskunde;Sonstige;Bearbeitung;20;Stahl;pulverbeschichtet;28;28;15;0,06;4;60;60;1,0;4;0;0;160;20
PA2024-2195;2024-07-16;Standard;12;Bestandskunde;Haushaltsgeräte;Bearbeitung;7;Stahl;pulverbeschichtet;26;26;7;0,014;4;21;21;1,0;4;0;0;49;7
PA2024-2196;2024-07-19;Standard;6;Bestandskunde;Medizintechnik;Bearbeitung;10;Stahl;pulverbeschichtet;28;28;15;0,03;4;30;30;1,0;4;0;0;80;10
PA2024-2197;2024-07-19;Änderung;10;Bestandskunde;Maschinenbau;Bearbeitung;16;Stahl;pulverbeschichtet;26;26;7;0,032;4;48;48;1,0;4;0;0;112;16
PA2024-2198;2024-07-18;Standard;14;Bestandskunde;Medizintechnik;Bearbeitung;15;Stahl;pulverbeschichtet;28;28;15;0,045;4;45;45;1,0;4;0;0;120;15
PA2024-2199;2024-07-17;Änderung;5;Bestandskunde;Sonstige;Bearbeitung;18;Stahl;pulverbeschichtet;28;28;15;0,054;4;54;54;1,0;4;0;0;144;18
PA2024-2200;2024-07-15;Standard;9;Bestandskunde;Maschinenbau;Bearbeitung;16;Stahl;pulverbeschichtet;28;28;15;0,048;4;48;48;1,0;4;0;0;128;16
PA2024-2201;2024-07-19;Standard;9;Bestandskunde;Medizintechnik;Bearbeitung;9;Stahl;pulverbeschichtet;28;28;15;0,027;4;27;27;1,0;4;0;0;72;9
PA2024-2202;2024-07-20;Standard;15;Bestandskunde;Haushaltsgeräte;Bearbeitung;13;Stahl;pulverbeschichtet;26;26;7;0,026;4;39;39;1,0;4;0;0;91;13
PA2024-2203;2024-07-16;Standard;8;Bestandskunde;Automobilindustrie;Bearbeitung;2;Stahl;pulverbeschichtet;28;28;15;0,006;4;6;6;1,0;4;0;0;16;2
PA2024-2204;2024-07-17;Standard;6;Bestandskunde;Automobilindustrie;Bearbeitung;4;Stahl;pulverbeschichtet;26;26;7;0,008;4;12;12;1,0;4;0;0;28;4
PA2024-2205;2024-07-15;Standard;4;Bestandskunde;Maschinenbau;Bearbeitung;20;Stahl;pulverbeschichtet;28;28;15;0,06;4;60;60;1,0;4;0;0;160;20
PA2024-2206;2024-07-18;Änderung;8;Bestandskunde;Maschinenbau;Bearbeitung;19;Stahl;pulverbeschichtet;28;28;15;0,057;4;57;57;1,0;4;0;0;152;19
PA2024-2207;2024-07-17;Änderung;8;Bestandskunde;Maschinenbau;Bearbeitung;11;Stahl;pulverbeschichtet;28;28;15;0,033;4;33;33;1,0;4;0;0;88;11
PA2024-2208;2024-07-21;Standard;13;Bestandskunde;Sonstige;Bearbeitung;6;Stahl;pulverbeschichtet;26;26;7;0,012;4;18;18;1,0;4;0;0;42;6
PA2024-2209;2024-07-21;Änderung;15;Bestandskunde;Maschinenbau;Bearbeitung;14;Stahl;pulverbeschichtet;26;26;7;0,028;4;42;42;1,0;4;0;0;98;14
PA2024-2210;2024-07-18;Standard;6;Neukunde;Maschinenbau;Bearbeitung;9;Stahl;pulverbeschichtet;26;26;7;0,018;4;27;27;1,0;4;0;0;63;9
PA2024-2211;2024-07-16;Standard;10;Bestandskunde;Logistiktechnik;Bearbeitung;13;Stahl;pulverbeschichtet;26;26;7;0,026;4;39;39;1,0;4;0;0;91;13
PA2024-2212;2024-07-16;Standard;6;Bestandskunde;Medizintechnik;Bearbeitung;15;Stahl;pulverbeschichtet;28;28;15;0,045;4;45;45;1,0;4;0;0;120;15
PA2024-2213;2024-07-20;Standard;12;Neukunde;Automobilindustrie;Bearbeitung;1;Stahl;pulverbeschichtet;28;28;15;0,003;4;3;3;1,0;4;0;0;8;1
PA2024-2214;2024-07-20;Änderung;15;Bestandskunde;Sonstige;Bearbeitung;11;Stahl;pulverbeschichtet;28;28;15;0,033;4;33;33;1,0;4;0;0;88;11
PA2024-2215;2024-07-18;Standard;15;Neukunde;Logistiktechnik;Bearbeitung;20;Stahl;pulverbeschichtet;28;28;15;0,06;4;60;60;1,0;4;0;0;160;20
PA2024-2216;2024-07-16;Standard;5;Neukunde;Haushaltsgeräte;Bearbeitung;13;Stahl;pulverbeschichtet;26;26;7;0,026;4;39;39;1,0;4;0;0;91;13
PA2024-2217;2024-07-16;Standard;8;Bestandskunde;Medizintechnik;Bearbeitung;8;Stahl;pulverbeschichtet;26;26;7;0,016;4;24;24;1,0;4;0;0;56;8
PA2024-2218;2024-07-18;Standard;14;Bestandskunde;Medizintechnik;Bearbeitung;19;Stahl;pulverbeschichtet;28;28;15;0,057;4;57;57;1,0;4;0;0;152;19
PA2024-2219;2024-07-18;Standard;3;Bestandskunde;Automobilindustrie;Bearbeitung;13;Stahl;pulverbeschichtet;26;26;7;0,026;4;39;39;1,0;4;0;0;91;13
PA2024-2220;2024-07-18;Standard;13;Bestandskunde;Maschinenbau;Bearbeitung;9;Stahl;pulverbeschichtet;26;26;7;0,018;4;27;27;1,0;4;0;0;63;9
PA2024-2221;2024-07-24;Änderung;12;Bestandskunde;Automobilindustrie;Bearbeitung;6;Stahl;pulverbeschichtet;28;28;15;0,018;4;18;18;1,0;4;0;0;48;6
PA2024-2222;2024-07-28;Standard;15;Bestandskunde;Maschinenbau;Bearbeitung;2;Stahl;pulverbeschichtet;26;26;7;0,004;4;6;6;1,0;4;0;0;14;2
PA2024-2223;2024-07-22;Änderung;9;Neukunde;Logistiktechnik;Bearbeitung;3;Stahl;pulverbeschichtet;28;28;15;0,009;4;9;9;1,0;4;0;0;24;3
PA2024-2224;2024-07-22;Standard;15;Bestandskunde;Medizintechnik;Bearbeitung;10;Stahl;pulverbeschichtet;26;26;7;0,02;4;30;30;1,0;4;0;0;70;10
PA2024-2225;2024-07-24;Standard;7;Bestandskunde;Logistiktechnik;Bearbeitung;17;Stahl;pulverbeschichtet;26;26;7;0,034;4;51;51;1,0;4;0;0;119;17
PA2024-2226;2024-07-28;Standard;5;Bestandskunde;Maschinenbau;Bearbeitung;6;Stahl;pulverbeschichtet;26;26;7;0,012;4;18;18;1,0;4;0;0;42;6
PA2024-2227;2024-07-25;Änderung;12;Bestandskunde;Medizintechnik;Bearbeitung;7;Stahl;pulverbeschichtet;28;28;15;0,021;4;21;21;1,0;4;0;0;56;7
PA2024-2228;2024-07-28;Standard;6;Bestandskunde;Medizintechnik;Bearbeitung;18;Stahl;pulverbeschichtet;26;26;7;0,036;4;54;54;1,0;4;0;0;126;18
PA2024-2229;2024-07-26;Standard;10;Bestandskunde;Logistiktechnik;Bearbeitung;6;Stahl;pulverbeschichtet;26;26;7;0,012;4;18;18;1,0;4;0;0;42;6
PA2024-2230;2024-07-24;Standard;7;Bestandskunde;Maschinenbau;Bearbeitung;1;Stahl;pulverbeschichtet;26;26;7;0,002;4;3;3;1,0;4;0;0;7;1
PA2024-2231;2024-07-23;Standard;8;Bestandskunde;Sonstige;Bearbeitung;5;Stahl;pulverbeschichtet;26;26;7;0,01;4;15;15;1,0;4;0;0;35;5
PA2024-2232;2024-07-26;Standard;9;Bestandskunde;Maschinenbau;Bearbeitung;4;Stahl;pulverbeschichtet;26;26;7;0,008;4;12;12;1,0;4;0;0;28;4
PA2024-2233;2024-07-27;Standard;5;Bestandskunde;Automobilindustrie;Bearbeitung;1;Stahl;pulverbeschichtet;26;26;7;0,002;4;3;3;1,0;4;0;0;7;1
PA2024-2234;2024-07-26;Standard;14;Bestandskunde;Logistiktechnik;Bearbeitung;18;Stahl;pulverbeschichtet;28;28;15;0,054;4;54;54;1,0;4;0;0;144;18
PA2024-2235;2024-07-25;Änderung;15;Bestandskunde;Maschinenbau;Bearbeitung;13;Stahl;pulverbeschichtet;28;28;15;0,039;4;39;39;1,0;4;0;0;104;13
PA2024-2236;2024-07-25;Änderung;6;Bestandskunde;Logistiktechnik;Bearbeitung;2;Stahl;pulverbeschichtet;28;28;15;0,006;4;6;6;1,0;4;0;0;16;2
PA2024-2237;2024-07-26;Standard;10;Bestandskunde;Medizintechnik;Bearbeitung;14;Stahl;pulverbeschichtet;26;26;7;0,028;4;42;42;1,0;4;0;0;98;14
PA2024-2238;2024-07-24;Standard;12;Bestandskunde;Medizintechnik;Bearbeitung;1;Stahl;pulverbeschichtet;28;28;15;0,003;4;3;3;1,0;4;0;0;8;1
PA2024-2239;2024-07-28;Änderung;7;Bestandskunde;Automobilindustrie;Bearbeitung;5;Stahl;pulverbeschichtet;26;26;7;0,01;4;15;15;1,0;4;0;0;35;5
PA2024-2240;2024-07-23;Standard;7;Bestandskunde;Medizintechnik;Bearbeitung;15;Stahl;pulverbeschichtet;28;28;15;0,045;4;45;45;1,0;4;0;0;120;15
PA2024-2241;2024-07-25;Änderung;13;Bestandskunde;Medizintechnik;Bearbeitung;7;Stahl;pulverbeschichtet;28;28;15;0,021;4;21;21;1,0;4;0;0;56;7
PA2024-2242;2024-07-25;Standard;4;Bestandskunde;Maschinenbau;Bearbeitung;4;Stahl;pulverbeschichtet;28;28;15;0,012;4;12;12;1,0;4;0;0;32;4
PA2024-2243;2024-07-22;Änderung;12;Bestandskunde;Sonstige;Bearbeitung;14;Stahl;pulverbeschichtet;28;28;15;0,042;4;42;42;1,0;4;0;0;112;14
PA2024-2244;2024-07-24;Änderung;15;Bestandskunde;Medizintechnik;Bearbeitung;16;Stahl;pulverbeschichtet;26;26;7;0,032;4;48;48;1,0;4;0;0;112;16
PA2024-2245;2024-07-24;Standard;7;Bestandskunde;Medizintechnik;Bearbeitung;1;Stahl;pulverbeschichtet;26;26;7;0,002;4;3;3;1,0;4;0;0;7;1
PA2024-2246;2024-07-27;Standard;10;Bestandskunde;Maschinenbau;Bearbeitung;17;Stahl;pulverbeschichtet;26;26;7;0,034;4;51;51;1,0;4;0;0;119;17
PA2024-2247;2024-07-25;Standard;11;Bestandskunde;Sonstige;Bearbeitung;12;Stahl;pulverbeschichtet;28;28;15;0,036;4;36;36;1,0;4;0;0;96;12
PA2024-2248;2024-07-24;Standard;4;Bestandskunde;Medizintechnik;Bearbeitung;15;Stahl;pulverbeschichtet;28;28;15;0,045;4;45;45;1,0;4;0;0;120;15
PA2024-2249;2024-07-28;Änderung;15;Bestandskunde;Logistiktechnik;Bearbeitung;19;Stahl;pulverbeschichtet;28;28;15;0,057;4;57;57;1,0;4;0;0;152;19
PA2024-2250;2024-07-28;Standard;13;Bestandskunde;Medizintechnik;Bearbeitung;9;Stahl;pulverbeschichtet;26;26;7;0,018;4;27;27;1,0;4;0;0;63;9
PA2024-2251;2024-07-28;Standard;9;Bestandskunde;Maschinenbau;Bearbeitung;13;Stahl;pulverbeschichtet;26;26;7;0,026;4;39;39;1,0;4;0;0;91;13
PA2024-2252;2024-07-22;Standard;10;Bestandskunde;Haushaltsgeräte;Bearbeitung;14;Stahl;pulverbeschichtet;26;26;7;0,028;4;42;42;1,0;4;0;0;98;14
PA2024-2253;2024-07-28;Änderung;7;Bestandskunde;Maschinenbau;Bearbeitung;7;Stahl;pulverbeschichtet;26;26;7;0,014;4;21;21;1,0;4;0;0;49;7
PA2024-2254;2024-07-23;Änderung;4;Bestandskunde;Logistiktechnik;Bearbeitung;3;Stahl;pulverbeschichtet;26;26;7;0,006;4;9;9;1,0;4;0;0;21;3
PA2024-2255;2024-07-23;Standard;14;Bestandskunde;Sonstige;Bearbeitung;11;Stahl;pulverbeschichtet;26;26;7;0,022;4;33;33;1,0;4;0;0;77;11
PA2024-2256;2024-07-24;Standard;11;Bestandskunde;Haushaltsgeräte;Bearbeitung;5;Stahl;pulverbeschichtet;28;28;15;0,015;4;15;15;1,0;4;0;0;40;5
PA2024-2257;2024-07-28;Standard;10;Bestandskunde;Automobilindustrie;Bearbeitung;16;Stahl;pulverbeschichtet;28;28;15;0,048;4;48;48;1,0;4;0;0;128;16
PA2024-2258;2024-07-26;Standard;10;Bestandskunde;Maschinenbau;Bearbeitung;13;Stahl;pulverbeschichtet;28;28;15;0,039;4;39;39;1,0;4;0;0;104;13
PA2024-2259;2024-07-28;Standard;10;Bestandskunde;Maschinenbau;Bearbeitung;8;Stahl;pulverbeschichtet;26;26;7;0,016;4;24;24;1,0;4;0;0;56;8
PA2024-2260;2024-07-25;Standard;6;Bestandskunde;Maschinenbau;Bearbeitung;17;Stahl;pulverbeschichtet;26;26;7;0,034;4;51;51;1,0;4;0;0;119;17
PA2024-2261;2024-07-27;Änderung;12;Bestandskunde;Maschinenbau;Bearbeitung;3;Stahl;pulverbeschichtet;28;28;15;0,009;4;9;9;1,0;4;0;0;24;3
PA2024-2262;2024-07-26;Standard;14;Bestandskunde;Automobilindustrie;Bearbeitung;11;Stahl;pulverbeschichtet;26;26;7;0,022;4;33;33;1,0;4;0;0;77;11
PA2024-2263;2024-07-25;Standard;12;Bestandskunde;Logistiktechnik;Bearbeitung;1;Stahl;pulverbeschichtet;26;26;7;0,002;4;3;3;1,0;4;0;0;7;1
PA2024-2264;2024-07-22;Standard;10;Neukunde;Haushaltsgeräte;Bearbeitung;16;Stahl;pulverbeschichtet;28;28;15;0,048;4;48;48;1,0;4;0;0;128;16
PA2024-2265;2024-07-23;Standard;13;Bestandskunde;Automobilindustrie;Bearbeitung;8;Stahl;pulverbeschichtet;28;28;15;0,024;4;24;24;1,0;4;0;0;64;8
PA2024-2266;2024-07-23;Änderung;11;Bestandskunde;Sonstige;Bearbeitung;4;Stahl;pulverbeschichtet;26;26;7;0,008;4;12;12;1,0;4;0;0;28;4
PA2024-2267;2024-07-28;Standard;5;Bestandskunde;Maschinenbau;Bearbeitung;3;Stahl;pulverbeschichtet;26;26;7;0,006;4;9;9;1,0;4;0;0;21;3
PA2024-2268;2024-07-22;Änderung;14;Bestandskunde;Automobilindustrie;Bearbeitung;12;Stahl;pulverbeschichtet;26;26;7;0,024;4;36;36;1,0;4;0;0;84;12
PA2024-2269;2024-07-26;Änderung;5;Neukunde;Logistiktechnik;Bearbeitung;11;Stahl;pulverbeschichtet;28;28;15;0,033;4;33;33;1,0;4;0;0;88;11
PA2024-2270;2024-07-26;Standard;5;Bestandskunde;Logistiktechnik;Bearbeitung;7;Stahl;pulverbeschichtet;26;26;7;0,014;4;21;21;1,0;4;0;0;49;7
PA2024-2271;2024-07-28;Standard;15;Bestandskunde;Maschinenbau;Bearbeitung;20;Stahl;pulverbeschichtet;26;26;7;0,04;4;60;60;1,0;4;0;0;140;20
PA2024-2272;2024-07-23;Standard;5;Bestandskunde;Haushaltsgeräte;Bearbeitung;6;Stahl;pulverbeschichtet;26;26;7;0,012;4;18;18;1,0;4;0;0;42;6
PA2024-2273;2024-07-26;Standard;8;Bestandskunde;Automobilindustrie;Bearbeitung;11;Stahl;pulverbeschichtet;26;26;7;0,022;4;33;33;1,0;4;0;0;77;11
PA2024-2274;2024-07-28;Standard;15;Bestandskunde;Automobilindustrie;Bearbeitung;10;Stahl;pulverbeschichtet;26;26;7;0,02;4;30;30;1,0;4;0;0;70;10
PA2024-2275;2024-07-28;Änderung;10;Neukunde;Maschinenbau;Bearbeitung;11;Stahl;pulverbeschichtet;28;28;15;0,033;4;33;33;1,0;4;0;0;88;11
PA2024-2276;2024-07-25;Standard;6;Bestandskunde;Maschinenbau;Bearbeitung;2;Stahl;pulverbeschichtet;26;26;7;0,004;4;6;6;1,0;4;0;0;14;2
PA2024-2277;2024-07-22;Standard;14;Bestandskunde;Logistiktechnik;Bearbeitung;10;Stahl;pulverbeschichtet;26;26;7;0,02;4;30;30;1,0;4;0;0;70;10
PA2024-2278;2024-07-24;Standard;8;Bestandskunde;Sonstige;Bearbeitung;4;Stahl;pulverbeschichtet;28;28;15;0,012;4;12;12;1,0;4;0;0;32;4
PA2024-2279;2024-07-23;Änderung;14;Bestandskunde;Haushaltsgeräte;Bearbeitung;13;Stahl;pulverbeschichtet;28;28;15;0,039;4;39;39;1,0;4;0;0;104;13
PA2024-2280;2024-07-22;Änderung;4;Bestandskunde;Sonstige;Bearbeitung;9;Stahl;pulverbeschichtet;26;26;7;0,018;4;27;27;1,0;4;0;0;63;9
PA2024-2281;2024-07-28;Standard;15;Bestandskunde;Automobilindustrie;Bearbeitung;11;Stahl;pulverbeschichtet;28;28;15;0,033;4;33;33;1,0;4;0;0;88;11
PA2024-2282;2024-07-28;Standard;11;Bestandskunde;Medizintechnik;Bearbeitung;11;Stahl;pulverbeschichtet;28;28;15;0,033;4;33;33;1,0;4;0;0;88;11
PA2024-2283;2024-07-28;Standard;8;Bestandskunde;Maschinenbau;Bearbeitung;16;Stahl;pulverbeschichtet;26;26;7;0,032;4;48;48;1,0;4;0;0;112;16
PA2024-2284;2024-07-22;Standard;7;Bestandskunde;Haushaltsgeräte;Bearbeitung;9;Stahl;pulverbeschichtet;28;28;15;0,027;4;27;27;1,0;4;0;0;72;9
PA2024-2285;2024-07-25;Änderung;4;Bestandskunde;Maschinenbau;Bearbeitung;11;Stahl;pulverbeschichtet;26;26;7;0,022;4;33;33;1,0;4;0;0;77;11
PA2024-2286;2024-07-22;Standard;6;Bestandskunde;Maschinenbau;Bearbeitung;17;Stahl;pulverbeschichtet;28;28;15;0,051;4;51;51;1,0;4;0;0;136;17
PA2024-2287;2024-07-23;Standard;11;Bestandskunde;Logistiktechnik;Bearbeitung;17;Stahl;pulverbeschichtet;26;26;7;0,034;4;51;51;1,0;4;0;0;119;17
PA2024-2288;2024-07-25;Standard;15;Bestandskunde;Logistiktechnik;Bearbeitung;20;Stahl;pulverbeschichtet;28;28;15;0,06;4;60;60;1,0;4;0;0;160;20
PA2024-2289;2024-07-28;Standard;5;Bestandskunde;Automobilindustrie;Bearbeitung;18;Stahl;pulverbeschichtet;26;26;7;0,036;4;54;54;1,0;4;0;0;126;18
PA2024-2290;2024-07-28;Änderung;15;Bestandskunde;Automobilindustrie;Bearbeitung;14;Stahl;pulverbeschichtet;28;28;15;0,042;4;42;42;1,0;4;0;0;112;14
PA2024-2291;2024-07-28;Änderung;14;Bestandskunde;Maschinenbau;Bearbeitung;20;Stahl;pulverbeschichtet;26;26;7;0,04;4;60;60;1,0;4;0;0;140;20
PA2024-2292;2024-07-28;Änderung;10;Bestandskunde;Sonstige;Bearbeitung;2;Stahl;pulverbeschichtet;26;26;7;0,004;4;6;6;1,0;4;0;0;14;2
PA2024-2293;2024-07-25;Änderung;9;Bestandskunde;Haushaltsgeräte;Bearbeitung;8;Stahl;pulverbeschichtet;26;26;7;0,016;4;24;24;1,0;4;0;0;56;8
PA2024-2294;2024-07-25;Standard;3;Bestandskunde;Automobilindustrie;Bearbeitung;9;Stahl;pulverbeschichtet;28;28;15;0,027;4;27;27;1,0;4;0;0;72;9
PA2024-2295;2024-07-26;Standard;10;Bestandskunde;Automobilindustrie;Bearbeitung;16;Stahl;pulverbeschichtet;28;28;15;0,048;4;48;48;1,0;4;0;0;128;16
PA2024-2296;2024-07-28;Änderung;6;Bestandskunde;Logistiktechnik;Bearbeitung;13;Stahl;pulverbeschichtet;26;26;7;0,026;4;39;39;1,0;4;0;0;91;13
PA2024-2297;2024-07-26;Standard;7;Bestandskunde;Sonstige;Bearbeitung;11;Stahl;pulverbeschichtet;28;28;15;0,033;4;33;33;1,0;4;0;0;88;11
PA2024-2298;2024-07-22;Standard;6;Bestandskunde;Maschinenbau;Bearbeitung;9;Stahl;pulverbeschichtet;26;26;7;0,018;4;27;27;1,0;4;0;0;63;9
PA2024-2299;2024-07-27;Standard;10;Bestandskunde;Automobilindustrie;Bearbeitung;7;Stahl;pulverbeschichtet;26;26;7;0,014;4;21;21;1,0;4;0;0;49;7
PA2024-2300;2024-07-22;Änderung;10;Bestandskunde;Maschinenbau;Bearbeitung;18;Stahl;pulverbeschichtet;26;26;7;0,036;4;54;54;1,0;4;0;0;126;18
PA2024-2301;2024-07-23;Standard;6;Bestandskunde;Haushaltsgeräte;Bearbeitung;8;Stahl;pulverbeschichtet;26;26;7;0,016;4;24;24;1,0;4;0;0;56;8
PA2024-2302;2024-07-23;Standard;6;Bestandskunde;Automobilindustrie;Bearbeitung;17;Stahl;pulverbeschichtet;26;26;7;0,034;4;51;51;1,0;4;0;0;119;17
PA2024-2303;2024-07-22;Standard;14;Bestandskunde;Automobilindustrie;Bearbeitung;3;Stahl;pulverbeschichtet;28;28;15;0,009;4;9;9;1,0;4;0;0;24;3
PA2024-2304;2024-07-24;Änderung;7;Bestandskunde;Automobilindustrie;Bearbeitung;9;Stahl;pulverbeschichtet;28;28;15;0,027;4;27;27;1,0;4;0;0;72;9
PA2024-2305;2024-07-22;Standard;8;Bestandskunde;Logistiktechnik;Bearbeitung;18;Stahl;pulverbeschichtet;26;26;7;0,036;4;54;54;1,0;4;0;0;126;18
PA2024-2306;2024-07-28;Standard;12;Bestandskunde;Sonstige;Bearbeitung;14;Stahl;pulverbeschichtet;26;26;7;0,028;4;42;42;1,0;4;0;0;98;14
PA2024-2307;2024-07-23;Standard;8;Bestandskunde;Maschinenbau;Bearbeitung;19;Stahl;pulverbeschichtet;26;26;7;0,038;4;57;57;1,0;4;0;0;133;19
PA2024-2308;2024-07-28;Standard;15;Bestandskunde;Haushaltsgeräte;Bearbeitung;11;Stahl;pulverbeschichtet;26;26;7;0,022;4;33;33;1,0;4;0;0;77;11
PA2024-2309;2024-07-22;Standard;4;Bestandskunde;Automobilindustrie;Bearbeitung;12;Stahl;pulverbeschichtet;28;28;15;0,036;4;36;36;1,0;4;0;0;96;12
PA2024-2310;2024-07-27;Standard;10;Bestandskunde;Automobilindustrie;Bearbeitung;11;Stahl;pulverbeschichtet;26;26;7;0,022;4;33;33;1,0;4;0;0;77;11
PA2024-2311;2024-07-30;Änderung;6;Bestandskunde;Automobilindustrie;Bearbeitung;4;Stahl;pulverbeschichtet;28;28;15;0,012;4;12;12;1,0;4;0;0;32;4
PA2024-2312;2024-08-01;Standard;11;Bestandskunde;Automobilindustrie;Bearbeitung;11;Stahl;pulverbeschichtet;26;26;7;0,022;4;33;33;1,0;4;0;0;77;11
PA2024-2313;2024-08-02;Änderung;12;Bestandskunde;Logistiktechnik;Bearbeitung;2;Stahl;pulverbeschichtet;26;26;7;0,004;4;6;6;1,0;4;0;0;14;2
PA2024-2314;2024-07-30;Standard;9;Bestandskunde;Maschinenbau;Bearbeitung;9;Stahl;pulverbeschichtet;28;28;15;0,027;4;27;27;1,0;4;0;0;72;9
PA2024-2315;2024-07-29;Standard;15;Bestandskunde;Automobilindustrie;Bearbeitung;10;Stahl;pulverbeschichtet;28;28;15;0,03;4;30;30;1,0;4;0;0;80;10
PA2024-2316;2024-07-29;Änderung;10;Bestandskunde;Medizintechnik;Bearbeitung;5;Stahl;pulverbeschichtet;28;28;15;0,015;4;15;15;1,0;4;0;0;40;5
PA2024-2317;2024-07-29;Standard;6;Bestandskunde;Sonstige;Bearbeitung;11;Stahl;pulverbeschichtet;26;26;7;0,022;4;33;33;1,0;4;0;0;77;11
PA2024-2318;2024-08-02;Standard;7;Bestandskunde;Haushaltsgeräte;Bearbeitung;2;Stahl;pulverbeschichtet;26;26;7;0,004;4;6;6;1,0;4;0;0;14;2
PA2024-2319;2024-08-04;Änderung;5;Bestandskunde;Haushaltsgeräte;Bearbeitung;19;Stahl;pulverbeschichtet;28;28;15;0,057;4;57;57;1,0;4;0;0;152;19
PA2024-2320;2024-08-03;Änderung;10;Bestandskunde;Automobilindustrie;Bearbeitung;2;Stahl;pulverbeschichtet;28;28;15;0,006;4;6;6;1,0;4;0;0;16;2
PA2024-2321;2024-07-29;Standard;11;Bestandskunde;Sonstige;Bearbeitung;3;Stahl;pulverbeschichtet;28;28;15;0,009;4;9;9;1,0;4;0;0;24;3
PA2024-2322;2024-07-29;Änderung;14;Neukunde;Automobilindustrie;Bearbeitung;13;Stahl;pulverbeschichtet;26;26;7;0,026;4;39;39;1,0;4;0;0;91;13
PA2024-2323;2024-07-30;Standard;8;Bestandskunde;Haushaltsgeräte;Bearbeitung;19;Stahl;pulverbeschichtet;26;26;7;0,038;4;57;57;1,0;4;0;0;133;19
PA2024-2324;2024-08-01;Änderung;7;Bestandskunde;Automobilindustrie;Bearbeitung;17;Stahl;pulverbeschichtet;26;26;7;0,034;4;51;51;1,0;4;0;0;119;17
PA2024-2325;2024-07-29;Änderung;15;Bestandskunde;Maschinenbau;Bearbeitung;7;Stahl;pulverbeschichtet;26;26;7;0,014;4;21;21;1,0;4;0;0;49;7
PA2024-2326;2024-07-30;Standard;4;Bestandskunde;Medizintechnik;Bearbeitung;13;Stahl;pulverbeschichtet;28;28;15;0,039;4;39;39;1,0;4;0;0;104;13
PA2024-2327;2024-07-31;Standard;7;Bestandskunde;Logistiktechnik;Bearbeitung;19;Stahl;pulverbeschichtet;26;26;7;0,038;4;57;57;1,0;4;0;0;133;19
PA2024-2328;2024-07-30;Änderung;6;Bestandskunde;Sonstige;Bearbeitung;20;Stahl;pulverbeschichtet;28;28;15;0,06;4;60;60;1,0;4;0;0;160;20
PA2024-2329;2024-07-29;Änderung;13;Neukunde;Haushaltsgeräte;Bearbeitung;5;Stahl;pulverbeschichtet;28;28;15;0,015;4;15;15;1,0;4;0;0;40;5
PA2024-2330;2024-08-03;Standard;9;Bestandskunde;Logistiktechnik;Bearbeitung;8;Stahl;pulverbeschichtet;26;26;7;0,016;4;24;24;1,0;4;0;0;56;8
PA2024-2331;2024-08-03;Standard;12;Bestandskunde;Sonstige;Bearbeitung;4;Stahl;pulverbeschichtet;26;26;7;0,008;4;12;12;1,0;4;0;0;28;4
PA2024-2332;2024-08-03;Änderung;5;Bestandskunde;Maschinenbau;Bearbeitung;4;Stahl;pulverbeschichtet;26;26;7;0,008;4;12;12;1,0;4;0;0;28;4
PA2024-2333;2024-08-01;Standard;6;Bestandskunde;Logistiktechnik;Bearbeitung;4;Stahl;pulverbeschichtet;28;28;15;0,012;4;12;12;1,0;4;0;0;32;4
PA2024-2334;2024-08-01;Standard;11;Bestandskunde;Medizintechnik;Bearbeitung;15;Stahl;pulverbeschichtet;28;28;15;0,045;4;45;45;1,0;4;0;0;120;15
PA2024-2335;2024-07-30;Standard;13;Neukunde;Haushaltsgeräte;Bearbeitung;8;Stahl;pulverbeschichtet;26;26;7;0,016;4;24;24;1,0;4;0;0;56;8
PA2024-2336;2024-07-31;Änderung;12;Bestandskunde;Maschinenbau;Bearbeitung;15;Stahl;pulverbeschichtet;28;28;15;0,045;4;45;45;1,0;4;0;0;120;15
PA2024-2337;2024-08-04;Änderung;5;Bestandskunde;Automobilindustrie;Bearbeitung;7;Stahl;pulverbeschichtet;26;26;7;0,014;4;21;21;1,0;4;0;0;49;7
PA2024-2338;2024-07-31;Standard;7;Bestandskunde;Medizintechnik;Bearbeitung;1;Stahl;pulverbeschichtet;28;28;15;0,003;4;3;3;1,0;4;0;0;8;1
PA2024-2339;2024-07-29;Änderung;14;Bestandskunde;Automobilindustrie;Bearbeitung;15;Stahl;pulverbeschichtet;28;28;15;0,045;4;45;45;1,0;4;0;0;120;15
PA2024-2340;2024-08-04;Standard;15;Bestandskunde;Medizintechnik;Bearbeitung;16;Stahl;pulverbeschichtet;26;26;7;0,032;4;48;48;1,0;4;0;0;112;16
PA2024-2341;2024-07-30;Standard;3;Bestandskunde;Sonstige;Bearbeitung;13;Stahl;pulverbeschichtet;26;26;7;0,026;4;39;39;1,0;4;0;0;91;13
PA2024-2342;2024-07-29;Standard;9;Bestandskunde;Haushaltsgeräte;Bearbeitung;4;Stahl;pulverbeschichtet;26;26;7;0,008;4;12;12;1,0;4;0;0;28;4
PA2024-2343;2024-08-02;Standard;10;Bestandskunde;Automobilindustrie;Bearbeitung;19;Stahl;pulverbeschichtet;28;28;15;0,057;4;57;57;1,0;4;0;0;152;19
PA2024-2344;2024-07-31;Standard;9;Neukunde;Medizintechnik;Bearbeitung;18;Stahl;pulverbeschichtet;26;26;7;0,036;4;54;54;1,0;4;0;0;126;18
PA2024-2345;2024-08-02;Änderung;3;Bestandskunde;Maschinenbau;Bearbeitung;18;Stahl;pulverbeschichtet;26;26;7;0,036;4;54;54;1,0;4;0;0;126;18
PA2024-2346;2024-07-31;Standard;3;Bestandskunde;Automobilindustrie;Bearbeitung;10;Stahl;pulverbeschichtet;28;28;15;0,03;4;30;30;1,0;4;0;0;80;10
PA2024-2347;2024-08-03;Standard;10;Bestandskunde;Automobilindustrie;Bearbeitung;20;Stahl;pulverbeschichtet;28;28;15;0,06;4;60;60;1,0;4;0;0;160;20
PA2024-2348;2024-08-01;Standard;14;Bestandskunde;Automobilindustrie;Bearbeitung;11;Stahl;pulverbeschichtet;28;28;15;0,033;4;33;33;1,0;4;0;0;88;11
PA2024-2349;2024-07-31;Standard;14;Bestandskunde;Automobilindustrie;Bearbeitung;16;Stahl;pulverbeschichtet;26;26;7;0,032;4;48;48;1,0;4;0;0;112;16
PA2024-2350;2024-08-02;Änderung;3;Bestandskunde;Haushaltsgeräte;Bearbeitung;5;Stahl;pulverbeschichtet;26;26;7;0,01;4;15;15;1,0;4;0;0;35;5
PA2024-2351;2024-08-04;Änderung;5;Bestandskunde;Logistiktechnik;Bearbeitung;3;Stahl;pulverbeschichtet;26;26;7;0,006;4;9;9;1,0;4;0;0;21;3
PA2024-2352;2024-08-03;Änderung;6;Bestandskunde;Sonstige;Bearbeitung;12;Stahl;pulverbeschichtet;26;26;7;0,024;4;36;36;1,0;4;0;0;84;12
PA2024-2353;2024-07-31;Änderung;3;Bestandskunde;Sonstige;Bearbeitung;9;Stahl;pulverbeschichtet;26;26;7;0,018;4;27;27;1,0;4;0;0;63;9
PA2024-2354;2024-07-29;Standard;11;Bestandskunde;Automobilindustrie;Bearbeitung;3;Stahl;pulverbeschichtet;28;28;15;0,009;4;9;9;1,0;4;0;0;24;3
PA2024-2355;2024-08-02;Änderung;8;Bestandskunde;Maschinenbau;Bearbeitung;18;Stahl;pulverbeschichtet;28;28;15;0,054;4;54;54;1,0;4;0;0;144;18
PA2024-2356;2024-08-04;Standard;15;Bestandskunde;Sonstige;Bearbeitung;14;Stahl;pulverbeschichtet;26;26;7;0,028;4;42;42;1,0;4;0;0;98;14
PA2024-2357;2024-07-29;Standard;15;Bestandskunde;Medizintechnik;Bearbeitung;9;Stahl;pulverbeschichtet;28;28;15;0,027;4;27;27;1,0;4;0;0;72;9
PA2024-2358;2024-08-03;Standard;11;Neukunde;Sonstige;Bearbeitung;18;Stahl;pulverbeschichtet;26;26;7;0,036;4;54;54;1,0;4;0;0;126;18
PA2024-2359;2024-08-03;Standard;5;Bestandskunde;Maschinenbau;Bearbeitung;9;Stahl;pulverbeschichtet;26;26;7;0,018;4;27;27;1,0;4;0;0;63;9
PA2024-2360;2024-08-04;Änderung;8;Bestandskunde;Automobilindustrie;Bearbeitung;6;Stahl;pulverbeschichtet;26;26;7;0,012;4;18;18;1,0;4;0;0;42;6
PA2024-2361;2024-07-30;Standard;7;Bestandskunde;Sonstige;Bearbeitung;15;Stahl;pulverbeschichtet;26;26;7;0,03;4;45;45;1,0;4;0;0;105;15
PA2024-2362;2024-07-29;Standard;6;Bestandskunde;Automobilindustrie;Bearbeitung;12;Stahl;pulverbeschichtet;26;26;7;0,024;4;36;36;1,0;4;0;0;84;12
PA2024-2363;2024-08-01;Standard;6;Bestandskunde;Automobilindustrie;Bearbeitung;6;Stahl;pulverbeschichtet;28;28;15;0,018;4;18;18;1,0;4;0;0;48;6
PA2024-2364;2024-07-29;Standard;8;Bestandskunde;Sonstige;Bearbeitung;14;Stahl;pulverbeschichtet;28;28;15;0,042;4;42;42;1,0;4;0;0;112;14
PA2024-2365;2024-08-04;Standard;8;Bestandskunde;Maschinenbau;Bearbeitung;4;Stahl;pulverbeschichtet;26;26;7;0,008;4;12;12;1,0;4;0;0;28;4
PA2024-2366;2024-08-03;Änderung;7;Bestandskunde;Automobilindustrie;Bearbeitung;18;Stahl;pulverbeschichtet;28;28;15;0,054;4;54;54;1,0;4;0;0;144;18
PA2024-2367;2024-07-30;Standard;8;Bestandskunde;Maschinenbau;Bearbeitung;20;Stahl;pulverbeschichtet;28;28;15;0,06;4;60;60;1,0;4;0;0;160;20
PA2024-2368;2024-07-31;Standard;9;Bestandskunde;Logistiktechnik;Bearbeitung;1;Stahl;pulverbeschichtet;28;28;15;0,003;4;3;3;1,0;4;0;0;8;1
PA2024-2369;2024-07-31;Standard;12;Bestandskunde;Maschinenbau;Bearbeitung;3;Stahl;pulverbeschichtet;26;26;7;0,006;4;9;9;1,0;4;0;0;21;3
PA2024-2370;2024-07-29;Standard;9;Bestandskunde;Haushaltsgeräte;Bearbeitung;4;Stahl;pulverbeschichtet;26;26;7;0,008;4;12;12;1,0;4;0;0;28;4
PA2024-2371;2024-08-03;Standard;6;Bestandskunde;Automobilindustrie;Bearbeitung;8;Stahl;pulverbeschichtet;28;28;15;0,024;4;24;24;1,0;4;0;0;64;8
PA2024-2372;2024-07-29;Standard;15;Bestandskunde;Maschinenbau;Bearbeitung;3;Stahl;pulverbeschichtet;26;26;7;0,006;4;9;9;1,0;4;0;0;21;3
PA2024-2373;2024-07-31;Standard;15;Bestandskunde;Logistiktechnik;Bearbeitung;11;Stahl;pulverbeschichtet;26;26;7;0,022;4;33;33;1,0;4;0;0;77;11
PA2024-2374;2024-07-29;Standard;14;Neukunde;Haushaltsgeräte;Bearbeitung;5;Stahl;pulverbeschichtet;26;26;7;0,01;4;15;15;1,0;4;0;0;35;5
PA2024-2375;2024-08-02;Standard;5;Bestandskunde;Maschinenbau;Bearbeitung;18;Stahl;pulverbeschichtet;26;26;7;0,036;4;54;54;1,0;4;0;0;126;18
PA2024-2376;2024-08-01;Standard;6;Neukunde;Automobilindustrie;Bearbeitung;11;Stahl;pulverbeschichtet;26;26;7;0,022;4;33;33;1,0;4;0;0;77;11
PA2024-2377;2024-08-04;Standard;5;Bestandskunde;Automobilindustrie;Bearbeitung;1;Stahl;pulverbeschichtet;26;26;7;0,002;4;3;3;1,0;4;0;0;7;1
PA2024-2378;2024-07-31;Änderung;7;Bestandskunde;Maschinenbau;Bearbeitung;19;Stahl;pulverbeschichtet;26;26;7;0,038;4;57;57;1,0;4;0;0;133;19
PA2024-2379;2024-08-03;Änderung;8;Neukunde;Maschinenbau;Bearbeitung;15;Stahl;pulverbeschichtet;26;26;7;0,03;4;45;45;1,0;4;0;0;105;15
PA2024-2380;2024-08-04;Standard;5;Neukunde;Automobilindustrie;Bearbeitung;11;Stahl;pulverbeschichtet;28;28;15;0,033;4;33;33;1,0;4;0;0;88;11
PA2024-2381;2024-07-29;Änderung;15;Neukunde;Automobilindustrie;Bearbeitung;9;Stahl;pulverbeschichtet;28;28;15;0,027;4;27;27;1,0;4;0;0;72;9
PA2024-2382;2024-08-02;Änderung;5;Bestandskunde;Automobilindustrie;Bearbeitung;16;Stahl;pulverbeschichtet;26;26;7;0,032;4;48;48;1,0;4;0;0;112;16
PA2024-2383;2024-08-02;Standard;5;Bestandskunde;Maschinenbau;Bearbeitung;10;Stahl;pulverbeschichtet;28;28;15;0,03;4;30;30;1,0;4;0;0;80;10
PA2024-2384;2024-08-01;Änderung;14;Bestandskunde;Maschinenbau;Bearbeitung;1;Stahl;pulverbeschichtet;26;26;7;0,002;4;3;3;1,0;4;0;0;7;1
PA2024-2385;2024-07-29;Standard;9;Bestandskunde;Haushaltsgeräte;Bearbeitung;11;Stahl;pulverbeschichtet;26;26;7;0,022;4;33;33;1,0;4;0;0;77;11
PA2024-2386;2024-08-03;Standard;15;Bestandskunde;Logistiktechnik;Bearbeitung;13;Stahl;pulverbeschichtet;26;26;7;0,026;4;39;39;1,0;4;0;0;91;13
PA2024-2387;2024-08-01;Standard;6;Bestandskunde;Logistiktechnik;Bearbeitung;11;Stahl;pulverbeschichtet;26;26;7;0,022;4;33;33;1,0;4;0;0;77;11
PA2024-2388;2024-07-29;Standard;12;Bestandskunde;Haushaltsgeräte;Bearbeitung;19;Stahl;pulverbeschichtet;28;28;15;0,057;4;57;57;1,0;4;0;0;152;19
PA2024-2389;2024-07-29;Standard;4;Bestandskunde;Haushaltsgeräte;Bearbeitung;7;Stahl;pulverbeschichtet;28;28;15;0,021;4;21;21;1,0;4;0;0;56;7
PA2024-2390;2024-08-02;Standard;13;Bestandskunde;Maschinenbau;Bearbeitung;1;Stahl;pulverbeschichtet;26;26;7;0,002;4;3;3;1,0;4;0;0;7;1
PA2024-2391;2024-07-29;Standard;4;Bestandskunde;Automobilindustrie;Bearbeitung;4;Stahl;pulverbeschichtet;26;26;7;0,008;4;12;12;1,0;4;0;0;28;4
PA2024-2392;2024-08-04;Standard;15;Bestandskunde;Sonstige;Bearbeitung;17;Stahl;pulverbeschichtet;28;28;15;0,051;4;51;51;1,0;4;0;0;136;17
PA2024-2393;2024-08-03;Standard;10;Bestandskunde;Maschinenbau;Bearbeitung;18;Stahl;pulverbeschichtet;26;26;7;0,036;4;54;54;1,0;4;0;0;126;18
PA2024-2394;2024-07-30;Änderung;15;Neukunde;Haushaltsgeräte;Bearbeitung;7;Stahl;pulverbeschichtet;28;28;15;0,021;4;21;21;1,0;4;0;0;56;7
PA2024-2395;2024-07-31;Änderung;8;Bestandskunde;Maschinenbau;Bearbeitung;13;Stahl;pulverbeschichtet;26;26;7;0,026;4;39;39;1,0;4;0;0;91;13
PA2024-2396;2024-07-30;Änderung;15;Bestandskunde;Maschinenbau;Bearbeitung;10;Stahl;pulverbeschichtet;28;28;15;0,03;4;30;30;1,0;4;0;0;80;10
PA2024-2397;2024-07-30;Änderung;3;Bestandskunde;Haushaltsgeräte;Bearbeitung;5;Stahl;pulverbeschichtet;28;28;15;0,015;4;15;15;1,0;4;0;0;40;5
PA2024-2398;2024-08-03;Standard;15;Bestandskunde;Haushaltsgeräte;Bearbeitung;9;Stahl;pulverbeschichtet;28;28;15;0,027;4;27;27;1,0;4;0;0;72;9
PA2024-2399;2024-08-04;Standard;5;Bestandskunde;Maschinenbau;Bearbeitung;13;Stahl;pulverbeschichtet;26;26;7;0,026;4;39;39;1,0;4;0;0;91;13
PA2024-2400;2024-08-04;Änderung;12;Bestandskunde;Medizintechnik;Bearbeitung;2;Stahl;pulverbeschichtet;26;26;7;0,004;4;6;6;1,0;4;0;0;14;2
PA2024-2401;2024-08-11;Standard;10;Bestandskunde;Logistiktechnik;Bearbeitung;18;Stahl;pulverbeschichtet;26;26;7;0,036;4;54;54;1,0;4;0;0;126;18
PA2024-2402;2024-08-06;Standard;3;Bestandskunde;Automobilindustrie;Bearbeitung;10;Stahl;pulverbeschichtet;26;26;7;0,02;4;30;30;1,0;4;0;0;70;10
PA2024-2403;2024-08-11;Änderung;10;Neukunde;Sonstige;Bearbeitung;17;Stahl;pulverbeschichtet;28;28;15;0,051;4;51;51;1,0;4;0;0;136;17
PA2024-2404;2024-08-10;Änderung;5;Bestandskunde;Sonstige;Bearbeitung;17;Stahl;pulverbeschichtet;26;26;7;0,034;4;51;51;1,0;4;0;0;119;17
PA2024-2405;2024-08-07;Standard;7;Bestandskunde;Maschinenbau;Bearbeitung;2;Stahl;pulverbeschichtet;26;26;7;0,004;4;6;6;1,0;4;0;0;14;2
PA2024-2406;2024-08-07;Änderung;4;Bestandskunde;Automobilindustrie;Bearbeitung;7;Stahl;pulverbeschichtet;28;28;15;0,021;4;21;21;1,0;4;0;0;56;7
PA2024-2407;2024-08-11;Änderung;12;Bestandskunde;Sonstige;Bearbeitung;19;Stahl;pulverbeschichtet;26;26;7;0,038;4;57;57;1,0;4;0;0;133;19
PA2024-2408;2024-08-05;Standard;13;Bestandskunde;Haushaltsgeräte;Bearbeitung;4;Stahl;pulverbeschichtet;28;28;15;0,012;4;12;12;1,0;4;0;0;32;4
PA2024-2409;2024-08-10;Änderung;14;Bestandskunde;Automobilindustrie;Bearbeitung;4;Stahl;pulverbeschichtet;26;26;7;0,008;4;12;12;1,0;4;0;0;28;4
PA2024-2410;2024-08-06;Änderung;5;Bestandskunde;Maschinenbau;Bearbeitung;7;Stahl;pulverbeschichtet;26;26;7;0,014;4;21;21;1,0;4;0;0;49;7
PA2024-2411;2024-08-10;Standard;10;Bestandskunde;Haushaltsgeräte;Bearbeitung;14;Stahl;pulverbeschichtet;26;26;7;0,028;4;42;42;1,0;4;0;0;98;14
PA2024-2412;2024-08-05;Änderung;15;Bestandskunde;Logistiktechnik;Bearbeitung;13;Stahl;pulverbeschichtet;26;26;7;0,026;4;39;39;1,0;4;0;0;91;13
PA2024-2413;2024-08-09;Standard;12;Bestandskunde;Automobilindustrie;Bearbeitung;17;Stahl;pulverbeschichtet;26;26;7;0,034;4;51;51;1,0;4;0;0;119;17
PA2024-2414;2024-08-06;Standard;8;Bestandskunde;Sonstige;Bearbeitung;1;Stahl;pulverbeschichtet;26;26;7;0,002;4;3;3;1,0;4;0;0;7;1
PA2024-2415;2024-08-11;Standard;14;Bestandskunde;Medizintechnik;Bearbeitung;20;Stahl;pulverbeschichtet;26;26;7;0,04;4;60;60;1,0;4;0;0;140;20
PA2024-2416;2024-08-10;Standard;12;Bestandskunde;Haushaltsgeräte;Bearbeitung;16;Stahl;pulverbeschichtet;26;26;7;0,032;4;48;48;1,0;4;0;0;112;16
PA2024-2417;2024-08-07;Standard;6;Bestandskunde;Logistiktechnik;Bearbeitung;1;Stahl;pulverbeschichtet;28;28;15;0,003;4;3;3;1,0;4;0;0;8;1
PA2024-2418;2024-08-07;Änderung;12;Bestandskunde;Automobilindustrie;Bearbeitung;10;Stahl;pulverbeschichtet;26;26;7;0,02;4;30;30;1,0;4;0;0;70;10
PA2024-2419;2024-08-11;Änderung;15;Bestandskunde;Automobilindustrie;Bearbeitung;4;Stahl;pulverbeschichtet;26;26;7;0,008;4;12;12;1,0;4;0;0;28;4
PA2024-2420;2024-08-06;Änderung;13;Bestandskunde;Maschinenbau;Bearbeitung;1;Stahl;pulverbeschichtet;28;28;15;0,003;4;3;3;1,0;4;0;0;8;1
PA2024-2421;2024-08-06;Standard;8;Bestandskunde;Logistiktechnik;Bearbeitung;7;Stahl;pulverbeschichtet;26;26;7;0,014;4;21;21;1,0;4;0;0;49;7
PA2024-2422;2024-08-06;Standard;13;Bestandskunde;Logistiktechnik;Bearbeitung;3;Stahl;pulverbeschichtet;26;26;7;0,006;4;9;9;1,0;4;0;0;21;3
PA2024-2423;2024-08-05;Standard;10;Bestandskunde;Maschinenbau;Bearbeitung;2;Stahl;pulverbeschichtet;26;26;7;0,004;4;6;6;1,0;4;0;0;14;2
PA2024-2424;2024-08-05;Standard;11;Neukunde;Sonstige;Bearbeitung;14;Stahl;pulverbeschichtet;28;28;15;0,042;4;42;42;1,0;4;0;0;112;14
PA2024-2425;2024-08-05;Änderung;15;Bestandskunde;Sonstige;Bearbeitung;5;Stahl;pulverbeschichtet;28;28;15;0,015;4;15;15;1,0;4;0;0;40;5
PA2024-2426;2024-08-05;Standard;9;Bestandskunde;Maschinenbau;Bearbeitung;7;Stahl;pulverbeschichtet;28;28;15;0,021;4;21;21;1,0;4;0;0;56;7
PA2024-2427;2024-08-08;Standard;5;Bestandskunde;Haushaltsgeräte;Bearbeitung;13;Stahl;pulverbeschichtet;28;28;15;0,039;4;39;39;1,0;4;0;0;104;13
PA2024-2428;2024-08-05;Änderung;11;Bestandskunde;Automobilindustrie;Bearbeitung;6;Stahl;pulverbeschichtet;26;26;7;0,012;4;18;18;1,0;4;0;0;42;6
PA2024-2429;2024-08-07;Standard;12;Bestandskunde;Medizintechnik;Bearbeitung;18;Stahl;pulverbeschichtet;26;26;7;0,036;4;54;54;1,0;4;0;0;126;18
PA2024-2430;2024-08-09;Standard;5;Bestandskunde;Automobilindustrie;Bearbeitung;14;Stahl;pulverbeschichtet;26;26;7;0,028;4;42;42;1,0;4;0;0;98;14
PA2024-2431;2024-08-09;Änderung;9;Bestandskunde;Automobilindustrie;Bearbeitung;4;Stahl;pulverbeschichtet;26;26;7;0,008;4;12;12;1,0;4;0;0;28;4
PA2024-2432;2024-08-09;Änderung;3;Bestandskunde;Automobilindustrie;Bearbeitung;7;Stahl;pulverbeschichtet;26;26;7;0,014;4;21;21;1,0;4;0;0;49;7
PA2024-2433;2024-08-06;Standard;14;Bestandskunde;Haushaltsgeräte;Bearbeitung;17;Stahl;pulverbeschichtet;28;28;15;0,051;4;51;51;1,0;4;0;0;136;17
PA2024-2434;2024-08-05;Standard;9;Bestandskunde;Automobilindustrie;Bearbeitung;4;Stahl;pulverbeschichtet;26;26;7;0,008;4;12;12;1,0;4;0;0;28;4
PA2024-2435;2024-08-10;Änderung;11;Bestandskunde;Sonstige;Bearbeitung;20;Stahl;pulverbeschichtet;26;26;7;0,04;4;60;60;1,0;4;0;0;140;20
PA2024-2436;2024-08-09;Änderung;5;Bestandskunde;Logistiktechnik;Bearbeitung;6;Stahl;pulverbeschichtet;26;26;7;0,012;4;18;18;1,0;4;0;0;42;6
PA2024-2437;2024-08-07;Standard;7;Bestandskunde;Haushaltsgeräte;Bearbeitung;19;Stahl;pulverbeschichtet;26;26;7;0,038;4;57;57;1,0;4;0;0;133;19
PA2024-2438;2024-08-09;Standard;11;Bestandskunde;Automobilindustrie;Bearbeitung;18;Stahl;pulverbeschichtet;28;28;15;0,054;4;54;54;1,0;4;0;0;144;18
PA2024-2439;2024-08-09;Standard;10;Bestandskunde;Sonstige;Bearbeitung;19;Stahl;pulverbeschichtet;28;28;15;0,057;4;57;57;1,0;4;0;0;152;19
PA2024-2440;2024-08-09;Änderung;8;Bestandskunde;Automobilindustrie;Bearbeitung;10;Stahl;pulverbeschichtet;28;28;15;0,03;4;30;30;1,0;4;0;0;80;10
PA2024-2441;2024-08-09;Änderung;7;Bestandskunde;Maschinenbau;Bearbeitung;4;Stahl;pulverbeschichtet;26;26;7;0,008;4;12;12;1,0;4;0;0;28;4
PA2024-2442;2024-08-07;Standard;7;Bestandskunde;Medizintechnik;Bearbeitung;19;Stahl;pulverbeschichtet;26;26;7;0,038;4;57;57;1,0;4;0;0;133;19
PA2024-2443;2024-08-09;Standard;3;Bestandskunde;Sonstige;Bearbeitung;13;Stahl;pulverbeschichtet;26;26;7;0,026;4;39;39;1,0;4;0;0;91;13
PA2024-2444;2024-08-11;Standard;14;Bestandskunde;Haushaltsgeräte;Bearbeitung;15;Stahl;pulverbeschichtet;26;26;7;0,03;4;45;45;1,0;4;0;0;105;15
PA2024-2445;2024-08-07;Änderung;8;Bestandskunde;Automobilindustrie;Bearbeitung;20;Stahl;pulverbeschichtet;26;26;7;0,04;4;60;60;1,0;4;0;0;140;20
PA2024-2446;2024-08-06;Änderung;15;Bestandskunde;Haushaltsgeräte;Bearbeitung;1;Stahl;pulverbeschichtet;28;28;15;0,003;4;3;3;1,0;4;0;0;8;1
PA2024-2447;2024-08-07;Änderung;12;Bestandskunde;Automobilindustrie;Bearbeitung;5;Stahl;pulverbeschichtet;28;28;15;0,015;4;15;15;1,0;4;0;0;40;5
PA2024-2448;2024-08-05;Änderung;7;Bestandskunde;Logistiktechnik;Bearbeitung;18;Stahl;pulverbeschichtet;28;28;15;0,054;4;54;54;1,0;4;0;0;144;18
PA2024-2449;2024-08-10;Änderung;10;Bestandskunde;Medizintechnik;Bearbeitung;19;Stahl;pulverbeschichtet;26;26;7;0,038;4;57;57;1,0;4;0;0;133;19
PA2024-2450;2024-08-08;Änderung;5;Bestandskunde;Haushaltsgeräte;Bearbeitung;18;Stahl;pulverbeschichtet;28;28;15;0,054;4;54;54;1,0;4;0;0;144;18
PA2024-2451;2024-08-05;Änderung;7;Neukunde;Sonstige;Bearbeitung;11;Stahl;pulverbeschichtet;28;28;15;0,033;4;33;33;1,0;4;0;0;88;11
PA2024-2452;2024-08-07;Änderung;7;Bestandskunde;Logistiktechnik;Bearbeitung;5;Stahl;pulverbeschichtet;28;28;15;0,015;4;15;15;1,0;4;0;0;40;5
PA2024-2453;2024-08-11;Standard;15;Bestandskunde;Logistiktechnik;Bearbeitung;1;Stahl;pulverbeschichtet;26;26;7;0,002;4;3;3;1,0;4;0;0;7;1
PA2024-2454;2024-08-11;Standard;10;Bestandskunde;Logistiktechnik;Bearbeitung;17;Stahl;pulverbeschichtet;26;26;7;0,034;4;51;51;1,0;4;0;0;119;17
PA2024-2455;2024-08-08;Standard;11;Bestandskunde;Medizintechnik;Bearbeitung;13;Stahl;pulverbeschichtet;28;28;15;0,039;4;39;39;1,0;4;0;0;104;13
PA2024-2456;2024-08-05;Änderung;9;Bestandskunde;Automobilindustrie;Bearbeitung;1;Stahl;pulverbeschichtet;26;26;7;0,002;4;3;3;1,0;4;0;0;7;1
PA2024-2457;2024-08-08;Änderung;15;Bestandskunde;Automobilindustrie;Bearbeitung;3;Stahl;pulverbeschichtet;26;26;7;0,006;4;9;9;1,0;4;0;0;21;3
PA2024-2458;2024-08-09;Standard;5;Bestandskunde;Automobilindustrie;Bearbeitung;15;Stahl;pulverbeschichtet;28;28;15;0,045;4;45;45;1,0;4;0;0;120;15
PA2024-2459;2024-08-11;Standard;15;Bestandskunde;Maschinenbau;Bearbeitung;15;Stahl;pulverbeschichtet;28;28;15;0,045;4;45;45;1,0;4;0;0;120;15
PA2024-2460;2024-08-06;Standard;4;Bestandskunde;Logistiktechnik;Bearbeitung;9;Stahl;pulverbeschichtet;28;28;15;0,027;4;27;27;1,0;4;0;0;72;9
PA2024-2461;2024-08-08;Änderung;13;Bestandskunde;Sonstige;Bearbeitung;6;Stahl;pulverbeschichtet;28;28;15;0,018;4;18;18;1,0;4;0;0;48;6
PA2024-2462;2024-08-06;Änderung;13;Bestandskunde;Maschinenbau;Bearbeitung;5;Stahl;pulverbeschichtet;26;26;7;0,01;4;15;15;1,0;4;0;0;35;5
PA2024-2463;2024-08-05;Änderung;5;Bestandskunde;Logistiktechnik;Bearbeitung;16;Stahl;pulverbeschichtet;26;26;7;0,032;4;48;48;1,0;4;0;0;112;16
PA2024-2464;2024-08-06;Standard;5;Bestandskunde;Maschinenbau;Bearbeitung;13;Stahl;pulverbeschichtet;28;28;15;0,039;4;39;39;1,0;4;0;0;104;13
PA2024-2465;2024-08-06;Standard;8;Bestandskunde;Sonstige;Bearbeitung;5;Stahl;pulverbeschichtet;28;28;15;0,015;4;15;15;1,0;4;0;0;40;5
PA2024-2466;2024-08-10;Änderung;7;Bestandskunde;Medizintechnik;Bearbeitung;13;Stahl;pulverbeschichtet;28;28;15;0,039;4;39;39;1,0;4;0;0;104;13
PA2024-2467;2024-08-09;Standard;5;Bestandskunde;Logistiktechnik;Bearbeitung;6;Stahl;pulverbeschichtet;26;26;7;0,012;4;18;18;1,0;4;0;0;42;6
PA2024-2468;2024-08-09;Standard;6;Bestandskunde;Sonstige;Bearbeitung;14;Stahl;pulverbeschichtet;26;26;7;0,028;4;42;42;1,0;4;0;0;98;14
PA2024-2469;2024-08-06;Standard;13;Bestandskunde;Haushaltsgeräte;Bearbeitung;12;Stahl;pulverbeschichtet;26;26;7;0,024;4;36;36;1,0;4;0;0;84;12
PA2024-2470;2024-08-06;Standard;8;Neukunde;Haushaltsgeräte;Bearbeitung;18;Stahl;pulverbeschichtet;28;28;15;0,054;4;54;54;1,0;4;0;0;144;18
PA2024-2471;2024-08-07;Änderung;4;Bestandskunde;Maschinenbau;Bearbeitung;19;Stahl;pulverbeschichtet;28;28;15;0,057;4;57;57;1,0;4;0;0;152;19
PA2024-2472;2024-08-06;Änderung;13;Bestandskunde;Maschinenbau;Bearbeitung;4;Stahl;pulverbeschichtet;28;28;15;0,012;4;12;12;1,0;4;0;0;32;4
PA2024-2473;2024-08-07;Standard;4;Bestandskunde;Maschinenbau;Bearbeitung;9;Stahl;pulverbeschichtet;28;28;15;0,027;4;27;27;1,0;4;0;0;72;9
PA2024-2474;2024-08-08;Standard;6;Bestandskunde;Haushaltsgeräte;Bearbeitung;16;Stahl;pulverbeschichtet;26;26;7;0,032;4;48;48;1,0;4;0;0;112;16
PA2024-2475;2024-08-05;Änderung;4;Bestandskunde;Logistiktechnik;Bearbeitung;16;Stahl;pulverbeschichtet;26;26;7;0,032;4;48;48;1,0;4;0;0;112;16
PA2024-2476;2024-08-10;Standard;8;Bestandskunde;Logistiktechnik;Bearbeitung;14;Stahl;pulverbeschichtet;26;26;7;0,028;4;42;42;1,0;4;0;0;98;14
PA2024-2477;2024-08-10;Standard;15;Bestandskunde;Maschinenbau;Bearbeitung;15;Stahl;pulverbeschichtet;26;26;7;0,03;4;45;45;1,0;4;0;0;105;15
PA2024-2478;2024-08-11;Standard;10;Bestandskunde;Automobilindustrie;Bearbeitung;4;Stahl;pulverbeschichtet;26;26;7;0,008;4;12;12;1,0;4;0;0;28;4
PA2024-2479;2024-08-08;Änderung;3;Bestandskunde;Logistiktechnik;Bearbeitung;15;Stahl;pulverbeschichtet;26;26;7;0,03;4;45;45;1,0;4;0;0;105;15
PA2024-2480;2024-08-11;Änderung;14;Bestandskunde;Logistiktechnik;Bearbeitung;4;Stahl;pulverbeschichtet;26;26;7;0,008;4;12;12;1,0;4;0;0;28;4
PA2024-2481;2024-08-10;Änderung;5;Bestandskunde;Automobilindustrie;Bearbeitung;8;Stahl;pulverbeschichtet;28;28;15;0,024;4;24;24;1,0;4;0;0;64;8
PA2024-2482;2024-08-11;Standard;7;Bestandskunde;Automobilindustrie;Bearbeitung;1;Stahl;pulverbeschichtet;28;28;15;0,003;4;3;3;1,0;4;0;0;8;1
PA2024-2483;2024-08-06;Standard;5;Bestandskunde;Haushaltsgeräte;Bearbeitung;8;Stahl;pulverbeschichtet;28;28;15;0,024;4;24;24;1,0;4;0;0;64;8
PA2024-2484;2024-08-10;Standard;7;Bestandskunde;Automobilindustrie;Bearbeitung;12;Stahl;pulverbeschichtet;28;28;15;0,036;4;36;36;1,0;4;0;0;96;12
PA2024-2485;2024-08-09;Änderung;13;Neukunde;Sonstige;Bearbeitung;13;Stahl;pulverbeschichtet;26;26;7;0,026;4;39;39;1,0;4;0;0;91;13
PA2024-2486;2024-08-09;Änderung;6;Bestandskunde;Medizintechnik;Bearbeitung;11;Stahl;pulverbeschichtet;26;26;7;0,022;4;33;33;1,0;4;0;0;77;11
PA2024-2487;2024-08-11;Standard;5;Bestandskunde;Maschinenbau;Bearbeitung;9;Stahl;pulverbeschichtet;28;28;15;0,027;4;27;27;1,0;4;0;0;72;9
PA2024-2488;2024-08-09;Standard;10;Neukunde;Sonstige;Bearbeitung;6;Stahl;pulverbeschichtet;26;26;7;0,012;4;18;18;1,0;4;0;0;42;6
PA2024-2489;2024-08-11;Standard;11;Neukunde;Automobilindustrie;Bearbeitung;8;Stahl;pulverbeschichtet;26;26;7;0,016;4;24;24;1,0;4;0;0;56;8
PA2024-2490;2024-08-09;Standard;9;Bestandskunde;Automobilindustrie;Bearbeitung;5;Stahl;pulverbeschichtet;28;28;15;0,015;4;15;15;1,0;4;0;0;40;5
PA2024-2491;2024-08-14;Änderung;15;Bestandskunde;Maschinenbau;Bearbeitung;3;Stahl;pulverbeschichtet;28;28;15;0,009;4;9;9;1,0;4;0;0;24;3
PA2024-2492;2024-08-15;Änderung;15;Neukunde;Maschinenbau;Bearbeitung;2;Stahl;pulverbeschichtet;28;28;15;0,006;4;6;6;1,0;4;0;0;16;2
PA2024-2493;2024-08-14;Standard;7;Bestandskunde;Maschinenbau;Bearbeitung;15;Stahl;pulverbeschichtet;28;28;15;0,045;4;45;45;1,0;4;0;0;120;15
PA2024-2494;2024-08-13;Änderung;8;Bestandskunde;Automobilindustrie;Bearbeitung;9;Stahl;pulverbeschichtet;28;28;15;0,027;4;27;27;1,0;4;0;0;72;9
PA2024-2495;2024-08-16;Änderung;5;Bestandskunde;Sonstige;Bearbeitung;15;Stahl;pulverbeschichtet;28;28;15;0,045;4;45;45;1,0;4;0;0;120;15
PA2024-2496;2024-08-16;Standard;14;Bestandskunde;Medizintechnik;Bearbeitung;20;Stahl;pulverbeschichtet;28;28;15;0,06;4;60;60;1,0;4;0;0;160;20
PA2024-2497;2024-08-15;Standard;6;Bestandskunde;Automobilindustrie;Bearbeitung;17;Stahl;pulverbeschichtet;28;28;15;0,051;4;51;51;1,0;4;0;0;136;17
PA2024-2498;2024-08-17;Änderung;5;Bestandskunde;Automobilindustrie;Bearbeitung;17;Stahl;pulverbeschichtet;26;26;7;0,034;4;51;51;1,0;4;0;0;119;17
PA2024-2499;2024-08-17;Standard;7;Bestandskunde;Logistiktechnik;Bearbeitung;12;Stahl;pulverbeschichtet;26;26;7;0,024;4;36;36;1,0;4;0;0;84;12
PA2024-2500;2024-08-12;Standard;12;Bestandskunde;Automobilindustrie;Bearbeitung;20;Stahl;pulverbeschichtet;26;26;7;0,04;4;60;60;1,0;4;0;0;140;20
PA2024-2501;2024-08-15;Standard;4;Bestandskunde;Sonstige;Bearbeitung;9;Stahl;pulverbeschichtet;28;28;15;0,027;4;27;27;1,0;4;0;0;72;9
PA2024-2502;2024-08-18;Standard;12;Bestandskunde;Maschinenbau;Bearbeitung;17;Stahl;pulverbeschichtet;26;26;7;0,034;4;51;51;1,0;4;0;0;119;17
PA2024-2503;2024-08-16;Standard;11;Bestandskunde;Sonstige;Bearbeitung;20;Stahl;pulverbeschichtet;28;28;15;0,06;4;60;60;1,0;4;0;0;160;20
PA2024-2504;2024-08-17;Änderung;9;Bestandskunde;Maschinenbau;Bearbeitung;18;Stahl;pulverbeschichtet;28;28;15;0,054;4;54;54;1,0;4;0;0;144;18
PA2024-2505;2024-08-18;Standard;10;Bestandskunde;Automobilindustrie;Bearbeitung;19;Stahl;pulverbeschichtet;28;28;15;0,057;4;57;57;1,0;4;0;0;152;19
PA2024-2506;2024-08-15;Standard;6;Bestandskunde;Maschinenbau;Bearbeitung;11;Stahl;pulverbeschichtet;26;26;7;0,022;4;33;33;1,0;4;0;0;77;11
PA2024-2507;2024-08-17;Standard;15;Bestandskunde;Automobilindustrie;Bearbeitung;13;Stahl;pulverbeschichtet;26;26;7;0,026;4;39;39;1,0;4;0;0;91;13
PA2024-2508;2024-08-15;Standard;8;Bestandskunde;Logistiktechnik;Bearbeitung;17;Stahl;pulverbeschichtet;26;26;7;0,034;4;51;51;1,0;4;0;0;119;17
PA2024-2509;2024-08-13;Standard;15;Bestandskunde;Sonstige;Bearbeitung;12;Stahl;pulverbeschichtet;28;28;15;0,036;4;36;36;1,0;4;0;0;96;12
PA2024-2510;2024-08-17;Änderung;15;Bestandskunde;Automobilindustrie;Bearbeitung;18;Stahl;pulverbeschichtet;28;28;15;0,054;4;54;54;1,0;4;0;0;144;18
PA2024-2511;2024-08-16;Standard;10;Neukunde;Automobilindustrie;Bearbeitung;10;Stahl;pulverbeschichtet;28;28;15;0,03;4;30;30;1,0;4;0;0;80;10
PA2024-2512;2024-08-12;Standard;9;Bestandskunde;Maschinenbau;Bearbeitung;17;Stahl;pulverbeschichtet;28;28;15;0,051;4;51;51;1,0;4;0;0;136;17
PA2024-2513;2024-08-15;Änderung;14;Bestandskunde;Maschinenbau;Bearbeitung;11;Stahl;pulverbeschichtet;26;26;7;0,022;4;33;33;1,0;4;0;0;77;11
PA2024-2514;2024-08-18;Änderung;5;Bestandskunde;Automobilindustrie;Bearbeitung;13;Stahl;pulverbeschichtet;26;26;7;0,026;4;39;39;1,0;4;0;0;91;13
PA2024-2515;2024-08-14;Standard;10;Bestandskunde;Maschinenbau;Bearbeitung;11;Stahl;pulverbeschichtet;28;28;15;0,033;4;33;33;1,0;4;0;0;88;11
PA2024-2516;2024-08-13;Änderung;8;Bestandskunde;Haushaltsgeräte;Bearbeitung;14;Stahl;pulverbeschichtet;26;26;7;0,028;4;42;42;1,0;4;0;0;98;14
PA2024-2517;2024-08-18;Standard;15;Bestandskunde;Logistiktechnik;Bearbeitung;15;Stahl;pulverbeschichtet;28;28;15;0,045;4;45;45;1,0;4;0;0;120;15
PA2024-2518;2024-08-12;Standard;9;Bestandskunde;Sonstige;Bearbeitung;4;Stahl;pulverbeschichtet;28;28;15;0,012;4;12;12;1,0;4;0;0;32;4
PA2024-2519;2024-08-12;Standard;12;Bestandskunde;Maschinenbau;Bearbeitung;17;Stahl;pulverbeschichtet;28;28;15;0,051;4;51;51;1,0;4;0;0;136;17
PA2024-2520;2024-08-16;Standard;4;Bestandskunde;Automobilindustrie;Bearbeitung;16;Stahl;pulverbeschichtet;26;26;7;0,032;4;48;48;1,0;4;0;0;112;16
PA2024-2521;2024-08-14;Standard;7;Bestandskunde;Maschinenbau;Bearbeitung;18;Stahl;pulverbeschichtet;26;26;7;0,036;4;54;54;1,0;4;0;0;126;18
PA2024-2522;2024-08-13;Standard;7;Bestandskunde;Automobilindustrie;Bearbeitung;14;Stahl;pulverbeschichtet;28;28;15;0,042;4;42;42;1,0;4;0;0;112;14
PA2024-2523;2024-08-14;Standard;15;Bestandskunde;Maschinenbau;Bearbeitung;18;Stahl;pulverbeschichtet;28;28;15;0,054;4;54;54;1,0;4;0;0;144;18
PA2024-2524;2024-08-14;Standard;7;Neukunde;Automobilindustrie;Bearbeitung;17;Stahl;pulverbeschichtet;28;28;15;0,051;4;51;51;1,0;4;0;0;136;17
PA2024-2525;2024-08-17;Standard;10;Bestandskunde;Automobilindustrie;Bearbeitung;19;Stahl;pulverbeschichtet;28;28;15;0,057;4;57;57;1,0;4;0;0;152;19
PA2024-2526;2024-08-18;Änderung;11;Bestandskunde;Sonstige;Bearbeitung;10;Stahl;pulverbeschichtet;28;28;15;0,03;4;30;30;1,0;4;0;0;80;10
PA2024-2527;2024-08-14;Standard;6;Bestandskunde;Haushaltsgeräte;Bearbeitung;14;Stahl;pulverbeschichtet;26;26;7;0,028;4;42;42;1,0;4;0;0;98;14
PA2024-2528;2024-08-13;Änderung;3;Bestandskunde;Medizintechnik;Bearbeitung;10;Stahl;pulverbeschichtet;28;28;15;0,03;4;30;30;1,0;4;0;0;80;10
PA2024-2529;2024-08-13;Standard;8;Bestandskunde;Automobilindustrie;Bearbeitung;4;Stahl;pulverbeschichtet;28;28;15;0,012;4;12;12;1,0;4;0;0;32;4
PA2024-2530;2024-08-12;Standard;9;Bestandskunde;Medizintechnik;Bearbeitung;2;Stahl;pulverbeschichtet;28;28;15;0,006;4;6;6;1,0;4;0;0;16;2
PA2024-2531;2024-08-16;Standard;6;Bestandskunde;Automobilindustrie;Bearbeitung;10;Stahl;pulverbeschichtet;26;26;7;0,02;4;30;30;1,0;4;0;0;70;10
PA2024-2532;2024-08-16;Änderung;14;Bestandskunde;Medizintechnik;Bearbeitung;8;Stahl;pulverbeschichtet;28;28;15;0,024;4;24;24;1,0;4;0;0;64;8
PA2024-2533;2024-08-17;Standard;14;Bestandskunde;Medizintechnik;Bearbeitung;14;Stahl;pulverbeschichtet;28;28;15;0,042;4;42;42;1,0;4;0;0;112;14
PA2024-2534;2024-08-13;Änderung;12;Bestandskunde;Maschinenbau;Bearbeitung;6;Stahl;pulverbeschichtet;26;26;7;0,012;4;18;18;1,0;4;0;0;42;6
PA2024-2535;2024-08-13;Änderung;5;Bestandskunde;Maschinenbau;Bearbeitung;6;Stahl;pulverbeschichtet;28;28;15;0,018;4;18;18;1,0;4;0;0;48;6
PA2024-2536;2024-08-13;Änderung;5;Bestandskunde;Logistiktechnik;Bearbeitung;1;Stahl;pulverbeschichtet;26;26;7;0,002;4;3;3;1,0;4;0;0;7;1
PA2024-2537;2024-08-12;Standard;4;Bestandskunde;Sonstige;Bearbeitung;3;Stahl;pulverbeschichtet;28;28;15;0,009;4;9;9;1,0;4;0;0;24;3
PA2024-2538;2024-08-14;Änderung;14;Bestandskunde;Automobilindustrie;Bearbeitung;15;Stahl;pulverbeschichtet;26;26;7;0,03;4;45;45;1,0;4;0;0;105;15
PA2024-2539;2024-08-16;Änderung;6;Bestandskunde;Logistiktechnik;Bearbeitung;3;Stahl;pulverbeschichtet;28;28;15;0,009;4;9;9;1,0;4;0;0;24;3
PA2024-2540;2024-08-18;Änderung;8;Bestandskunde;Maschinenbau;Bearbeitung;11;Stahl;pulverbeschichtet;28;28;15;0,033;4;33;33;1,0;4;0;0;88;11
PA2024-2541;2024-08-14;Standard;9;Bestandskunde;Haushaltsgeräte;Bearbeitung;19;Stahl;pulverbeschichtet;28;28;15;0,057;4;57;57;1,0;4;0;0;152;19
PA2024-2542;2024-08-13;Standard;5;Bestandskunde;Sonstige;Bearbeitung;15;Stahl;pulverbeschichtet;26;26;7;0,03;4;45;45;1,0;4;0;0;105;15
PA2024-2543;2024-08-16;Änderung;8;Bestandskunde;Maschinenbau;Bearbeitung;18;Stahl;pulverbeschichtet;28;28;15;0,054;4;54;54;1,0;4;0;0;144;18
PA2024-2544;2024-08-12;Standard;14;Bestandskunde;Medizintechnik;Bearbeitung;7;Stahl;pulverbeschichtet;26;26;7;0,014;4;21;21;1,0;4;0;0;49;7
PA2024-2545;2024-08-18;Standard;9;Bestandskunde;Logistiktechnik;Bearbeitung;6;Stahl;pulverbeschichtet;26;26;7;0,012;4;18;18;1,0;4;0;0;42;6
PA2024-2546;2024-08-13;Standard;8;Bestandskunde;Maschinenbau;Bearbeitung;20;Stahl;pulverbeschichtet;26;26;7;0,04;4;60;60;1,0;4;0;0;140;20
PA2024-2547;2024-08-13;Standard;6;Bestandskunde;Automobilindustrie;Bearbeitung;19;Stahl;pulverbeschichtet;26;26;7;0,038;4;57;57;1,0;4;0;0;133;19
PA2024-2548;2024-08-13;Standard;7;Bestandskunde;Automobilindustrie;Bearbeitung;12;Stahl;pulverbeschichtet;26;26;7;0,024;4;36;36;1,0;4;0;0;84;12
PA2024-2549;2024-08-14;Standard;10;Bestandskunde;Sonstige;Bearbeitung;15;Stahl;pulverbeschichtet;26;26;7;0,03;4;45;45;1,0;4;0;0;105;15
PA2024-2550;2024-08-13;Standard;13;Bestandskunde;Maschinenbau;Bearbeitung;19;Stahl;pulverbeschichtet;28;28;15;0,057;4;57;57;1,0;4;0;0;152;19
PA2024-2551;2024-08-18;Standard;10;Bestandskunde;Sonstige;Bearbeitung;16;Stahl;pulverbeschichtet;28;28;15;0,048;4;48;48;1,0;4;0;0;128;16
PA2024-2552;2024-08-15;Standard;13;Bestandskunde;Automobilindustrie;Bearbeitung;15;Stahl;pulverbeschichtet;26;26;7;0,03;4;45;45;1,0;4;0;0;105;15
PA2024-2553;2024-08-12;Änderung;11;Bestandskunde;Logistiktechnik;Bearbeitung;15;Stahl;pulverbeschichtet;26;26;7;0,03;4;45;45;1,0;4;0;0;105;15
PA2024-2554;2024-08-12;Standard;9;Bestandskunde;Sonstige;Bearbeitung;11;Stahl;pulverbeschichtet;28;28;15;0,033;4;33;33;1,0;4;0;0;88;11
PA2024-2555;2024-08-13;Änderung;7;Bestandskunde;Maschinenbau;Bearbeitung;4;Stahl;pulverbeschichtet;26;26;7;0,008;4;12;12;1,0;4;0;0;28;4
PA2024-2556;2024-08-15;Änderung;4;Bestandskunde;Haushaltsgeräte;Bearbeitung;2;Stahl;pulverbeschichtet;26;26;7;0,004;4;6;6;1,0;4;0;0;14;2
PA2024-2557;2024-08-15;Standard;13;Bestandskunde;Maschinenbau;Bearbeitung;19;Stahl;pulverbeschichtet;28;28;15;0,057;4;57;57;1,0;4;0;0;152;19
PA2024-2558;2024-08-17;Standard;8;Bestandskunde;Maschinenbau;Bearbeitung;12;Stahl;pulverbeschichtet;28;28;15;0,036;4;36;36;1,0;4;0;0;96;12
PA2024-2559;2024-08-13;Änderung;13;Bestandskunde;Maschinenbau;Bearbeitung;2;Stahl;pulverbeschichtet;28;28;15;0,006;4;6;6;1,0;4;0;0;16;2
PA2024-2560;2024-08-14;Änderung;10;Bestandskunde;Maschinenbau;Bearbeitung;3;Stahl;pulverbeschichtet;26;26;7;0,006;4;9;9;1,0;4;0;0;21;3
PA2024-2561;2024-08-15;Standard;5;Bestandskunde;Automobilindustrie;Bearbeitung;7;Stahl;pulverbeschichtet;28;28;15;0,021;4;21;21;1,0;4;0;0;56;7
PA2024-2562;2024-08-18;Standard;7;Bestandskunde;Sonstige;Bearbeitung;19;Stahl;pulverbeschichtet;26;26;7;0,038;4;57;57;1,0;4;0;0;133;19
PA2024-2563;2024-08-12;Standard;5;Bestandskunde;Maschinenbau;Bearbeitung;17;Stahl;pulverbeschichtet;28;28;15;0,051;4;51;51;1,0;4;0;0;136;17
PA2024-2564;2024-08-16;Standard;7;Bestandskunde;Logistiktechnik;Bearbeitung;16;Stahl;pulverbeschichtet;26;26;7;0,032;4;48;48;1,0;4;0;0;112;16
PA2024-2565;2024-08-17;Änderung;15;Bestandskunde;Maschinenbau;Bearbeitung;5;Stahl;pulverbeschichtet;26;26;7;0,01;4;15;15;1,0;4;0;0;35;5
PA2024-2566;2024-08-17;Standard;6;Bestandskunde;Automobilindustrie;Bearbeitung;6;Stahl;pulverbeschichtet;28;28;15;0,018;4;18;18;1,0;4;0;0;48;6
PA2024-2567;2024-08-15;Standard;13;Bestandskunde;Maschinenbau;Bearbeitung;4;Stahl;pulverbeschichtet;26;26;7;0,008;4;12;12;1,0;4;0;0;28;4
PA2024-2568;2024-08-12;Standard;13;Bestandskunde;Medizintechnik;Bearbeitung;6;Stahl;pulverbeschichtet;26;26;7;0,012;4;18;18;1,0;4;0;0;42;6
PA2024-2569;2024-08-16;Standard;4;Bestandskunde;Maschinenbau;Bearbeitung;17;Stahl;pulverbeschichtet;26;26;7;0,034;4;51;51;1,0;4;0;0;119;17
PA2024-2570;2024-08-13;Standard;8;Bestandskunde;Logistiktechnik;Bearbeitung;14;Stahl;pulverbeschichtet;28;28;15;0,042;4;42;42;1,0;4;0;0;112;14
PA2024-2571;2024-08-13;Standard;3;Bestandskunde;Medizintechnik;Bearbeitung;10;Stahl;pulverbeschichtet;28;28;15;0,03;4;30;30;1,0;4;0;0;80;10
PA2024-2572;2024-08-18;Änderung;10;Bestandskunde;Haushaltsgeräte;Bearbeitung;1;Stahl;pulverbeschichtet;26;26;7;0,002;4;3;3;1,0;4;0;0;7;1
PA2024-2573;2024-08-16;Standard;5;Bestandskunde;Maschinenbau;Bearbeitung;19;Stahl;pulverbeschichtet;28;28;15;0,057;4;57;57;1,0;4;0;0;152;19
PA2024-2574;2024-08-13;Änderung;10;Bestandskunde;Maschinenbau;Bearbeitung;19;Stahl;pulverbeschichtet;28;28;15;0,057;4;57;57;1,0;4;0;0;152;19
PA2024-2575;2024-08-14;Änderung;12;Bestandskunde;Sonstige;Bearbeitung;1;Stahl;pulverbeschichtet;26;26;7;0,002;4;3;3;1,0;4;0;0;7;1
PA2024-2576;2024-08-13;Standard;14;Bestandskunde;Maschinenbau;Bearbeitung;8;Stahl;pulverbeschichtet;26;26;7;0,016;4;24;24;1,0;4;0;0;56;8
PA2024-2577;2024-08-13;Standard;9;Bestandskunde;Maschinenbau;Bearbeitung;18;Stahl;pulverbeschichtet;28;28;15;0,054;4;54;54;1,0;4;0;0;144;18
PA2024-2578;2024-08-14;Änderung;12;Neukunde;Automobilindustrie;Bearbeitung;7;Stahl;pulverbeschichtet;28;28;15;0,021;4;21;21;1,0;4;0;0;56;7
PA2024-2579;2024-08-12;Änderung;7;Bestandskunde;Maschinenbau;Bearbeitung;2;Stahl;pulverbeschichtet;26;26;7;0,004;4;6;6;1,0;4;0;0;14;2
PA2024-2580;2024-08-14;Standard;7;Bestandskunde;Maschinenbau;Bearbeitung;9;Stahl;pulverbeschichtet;28;28;15;0,027;4;27;27;1,0;4;0;0;72;9
PA2024-2581;2024-08-23;Änderung;4;Bestandskunde;Automobilindustrie;Bearbeitung;3;Stahl;pulverbeschichtet;26;26;7;0,006;4;9;9;1,0;4;0;0;21;3
PA2024-2582;2024-08-25;Änderung;5;Bestandskunde;Haushaltsgeräte;Bearbeitung;10;Stahl;pulverbeschichtet;28;28;15;0,03;4;30;30;1,0;4;0;0;80;10
PA2024-2583;2024-08-21;Änderung;9;Bestandskunde;Automobilindustrie;Bearbeitung;1;Stahl;pulverbeschichtet;26;26;7;0,002;4;3;3;1,0;4;0;0;7;1
PA2024-2584;2024-08-19;Änderung;9;Bestandskunde;Logistiktechnik;Bearbeitung;12;Stahl;pulverbeschichtet;26;26;7;0,024;4;36;36;1,0;4;0;0;84;12
PA2024-2585;2024-08-23;Standard;13;Bestandskunde;Logistiktechnik;Bearbeitung;10;Stahl;pulverbeschichtet;28;28;15;0,03;4;30;30;1,0;4;0;0;80;10
PA2024-2586;2024-08-22;Standard;11;Bestandskunde;Maschinenbau;Bearbeitung;6;Stahl;pulverbeschichtet;26;26;7;0,012;4;18;18;1,0;4;0;0;42;6
PA2024-2587;2024-08-22;Standard;6;Neukunde;Logistiktechnik;Bearbeitung;15;Stahl;pulverbeschichtet;26;26;7;0,03;4;45;45;1,0;4;0;0;105;15
PA2024-2588;2024-08-19;Standard;4;Bestandskunde;Automobilindustrie;Bearbeitung;17;Stahl;pulverbeschichtet;28;28;15;0,051;4;51;51;1,0;4;0;0;136;17
PA2024-2589;2024-08-20;Änderung;3;Bestandskunde;Sonstige;Bearbeitung;14;Stahl;pulverbeschichtet;26;26;7;0,028;4;42;42;1,0;4;0;0;98;14
PA2024-2590;2024-08-22;Änderung;11;Neukunde;Maschinenbau;Bearbeitung;16;Stahl;pulverbeschichtet;26;26;7;0,032;4;48;48;1,0;4;0;0;112;16
PA2024-2591;2024-08-23;Standard;4;Bestandskunde;Haushaltsgeräte;Bearbeitung;12;Stahl;pulverbeschichtet;26;26;7;0,024;4;36;36;1,0;4;0;0;84;12
PA2024-2592;2024-08-20;Standard;3;Bestandskunde;Maschinenbau;Bearbeitung;11;Stahl;pulverbeschichtet;28;28;15;0,033;4;33;33;1,0;4;0;0;88;11
PA2024-2593;2024-08-19;Standard;9;Bestandskunde;Automobilindustrie;Bearbeitung;4;Stahl;pulverbeschichtet;26;26;7;0,008;4;12;12;1,0;4;0;0;28;4
PA2024-2594;2024-08-22;Standard;8;Neukunde;Automobilindustrie;Bearbeitung;10;Stahl;pulverbeschichtet;26;26;7;0,02;4;30;30;1,0;4;0;0;70;10
PA2024-2595;2024-08-21;Standard;14;Bestandskunde;Haushaltsgeräte;Bearbeitung;6;Stahl;pulverbeschichtet;28;28;15;0,018;4;18;18;1,0;4;0;0;48;6
PA2024-2596;2024-08-19;Standard;4;Bestandskunde;Haushaltsgeräte;Bearbeitung;18;Stahl;pulverbeschichtet;26;26;7;0,036;4;54;54;1,0;4;0;0;126;18
PA2024-2597;2024-08-22;Standard;12;Bestandskunde;Logistiktechnik;Bearbeitung;7;Stahl;pulverbeschichtet;28;28;15;0,021;4;21;21;1,0;4;0;0;56;7
PA2024-2598;2024-08-21;Änderung;7;Bestandskunde;Maschinenbau;Bearbeitung;7;Stahl;pulverbeschichtet;26;26;7;0,014;4;21;21;1,0;4;0;0;49;7
PA2024-2599;2024-08-25;Standard;15;Bestandskunde;Maschinenbau;Bearbeitung;13;Stahl;pulverbeschichtet;28;28;15;0,039;4;39;39;1,0;4;0;0;104;13
PA2024-2600;2024-08-19;Änderung;12;Bestandskunde;Medizintechnik;Bearbeitung;5;Stahl;pulverbeschichtet;28;28;15;0,015;4;15;15;1,0;4;0;0;40;5
PA2024-2601;2024-08-19;Standard;4;Bestandskunde;Maschinenbau;Bearbeitung;14;Stahl;pulverbeschichtet;28;28;15;0,042;4;42;42;1,0;4;0;0;112;14
PA2024-2602;2024-08-21;Änderung;3;Bestandskunde;Sonstige;Bearbeitung;2;Stahl;pulverbeschichtet;26;26;7;0,004;4;6;6;1,0;4;0;0;14;2
PA2024-2603;2024-08-22;Änderung;13;Bestandskunde;Haushaltsgeräte;Bearbeitung;1;Stahl;pulverbeschichtet;28;28;15;0,003;4;3;3;1,0;4;0;0;8;1
PA2024-2604;2024-08-20;Änderung;5;Bestandskunde;Logistiktechnik;Bearbeitung;9;Stahl;pulverbeschichtet;28;28;15;0,027;4;27;27;1,0;4;0;0;72;9
PA2024-2605;2024-08-20;Änderung;5;Bestandskunde;Maschinenbau;Bearbeitung;9;Stahl;pulverbeschichtet;26;26;7;0,018;4;27;27;1,0;4;0;0;63;9
PA2024-2606;2024-08-24;Änderung;15;Bestandskunde;Automobilindustrie;Bearbeitung;20;Stahl;pulverbeschichtet;26;26;7;0,04;4;60;60;1,0;4;0;0;140;20
PA2024-2607;2024-08-20;Standard;5;Bestandskunde;Automobilindustrie;Bearbeitung;4;Stahl;pulverbeschichtet;28;28;15;0,012;4;12;12;1,0;4;0;0;32;4
PA2024-2608;2024-08-23;Änderung;10;Bestandskunde;Logistiktechnik;Bearbeitung;4;Stahl;pulverbeschichtet;28;28;15;0,012;4;12;12;1,0;4;0;0;32;4
PA2024-2609;2024-08-22;Standard;10;Bestandskunde;Haushaltsgeräte;Bearbeitung;19;Stahl;pulverbeschichtet;26;26;7;0,038;4;57;57;1,0;4;0;0;133;19
PA2024-2610;2024-08-20;Standard;8;Bestandskunde;Medizintechnik;Bearbeitung;7;Stahl;pulverbeschichtet;28;28;15;0,021;4;21;21;1,0;4;0;0;56;7
PA2024-2611;2024-08-23;Standard;5;Bestandskunde;Maschinenbau;Bearbeitung;1;Stahl;pulverbeschichtet;28;28;15;0,003;4;3;3;1,0;4;0;0;8;1
PA2024-2612;2024-08-20;Standard;13;Neukunde;Maschinenbau;Bearbeitung;5;Stahl;pulverbeschichtet;26;26;7;0,01;4;15;15;1,0;4;0;0;35;5
PA2024-2613;2024-08-22;Standard;4;Bestandskunde;Maschinenbau;Bearbeitung;18;Stahl;pulverbeschichtet;26;26;7;0,036;4;54;54;1,0;4;0;0;126;18
PA2024-2614;2024-08-19;Standard;14;Bestandskunde;Automobilindustrie;Bearbeitung;1;Stahl;pulverbeschichtet;26;26;7;0,002;4;3;3;1,0;4;0;0;7;1
PA2024-2615;2024-08-25;Standard;5;Bestandskunde;Logistiktechnik;Bearbeitung;20;Stahl;pulverbeschichtet;28;28;15;0,06;4;60;60;1,0;4;0;0;160;20
PA2024-2616;2024-08-19;Standard;5;Bestandskunde;Logistiktechnik;Bearbeitung;18;Stahl;pulverbeschichtet;28;28;15;0,054;4;54;54;1,0;4;0;0;144;18
PA2024-2617;2024-08-23;Standard;3;Bestandskunde;Sonstige;Bearbeitung;18;Stahl;pulverbeschichtet;28;28;15;0,054;4;54;54;1,0;4;0;0;144;18
PA2024-2618;2024-08-21;Standard;7;Bestandskunde;Medizintechnik;Bearbeitung;12;Stahl;pulverbeschichtet;28;28;15;0,036;4;36;36;1,0;4;0;0;96;12
PA2024-2619;2024-08-23;Standard;10;Bestandskunde;Logistiktechnik;Bearbeitung;6;Stahl;pulverbeschichtet;26;26;7;0,012;4;18;18;1,0;4;0;0;42;6
PA2024-2620;2024-08-21;Standard;4;Bestandskunde;Automobilindustrie;Bearbeitung;3;Stahl;pulverbeschichtet;26;26;7;0,006;4;9;9;1,0;4;0;0;21;3
PA2024-2621;2024-08-22;Änderung;5;Bestandskunde;Sonstige;Bearbeitung;3;Stahl;pulverbeschichtet;26;26;7;0,006;4;9;9;1,0;4;0;0;21;3
PA2024-2622;2024-08-24;Standard;10;Bestandskunde;Logistiktechnik;Bearbeitung;14;Stahl;pulverbeschichtet;26;26;7;0,028;4;42;42;1,0;4;0;0;98;14
PA2024-2623;2024-08-24;Standard;12;Bestandskunde;Logistiktechnik;Bearbeitung;16;Stahl;pulverbeschichtet;26;26;7;0,032;4;48;48;1,0;4;0;0;112;16
PA2024-2624;2024-08-19;Standard;12;Bestandskunde;Maschinenbau;Bearbeitung;3;Stahl;pulverbeschichtet;26;26;7;0,006;4;9;9;1,0;4;0;0;21;3
PA2024-2625;2024-08-21;Standard;12;Bestandskunde;Logistiktechnik;Bearbeitung;8;Stahl;pulverbeschichtet;28;28;15;0,024;4;24;24;1,0;4;0;0;64;8
PA2024-2626;2024-08-21;Standard;8;Bestandskunde;Automobilindustrie;Bearbeitung;4;Stahl;pulverbeschichtet;26;26;7;0,008;4;12;12;1,0;4;0;0;28;4
PA2024-2627;2024-08-25;Änderung;13;Bestandskunde;Haushaltsgeräte;Bearbeitung;20;Stahl;pulverbeschichtet;28;28;15;0,06;4;60;60;1,0;4;0;0;160;20
PA2024-2628;2024-08-24;Standard;10;Bestandskunde;Sonstige;Bearbeitung;18;Stahl;pulverbeschichtet;28;28;15;0,054;4;54;54;1,0;4;0;0;144;18
PA2024-2629;2024-08-23;Standard;12;Bestandskunde;Medizintechnik;Bearbeitung;10;Stahl;pulverbeschichtet;26;26;7;0,02;4;30;30;1,0;4;0;0;70;10
PA2024-2630;2024-08-22;Änderung;3;Bestandskunde;Maschinenbau;Bearbeitung;13;Stahl;pulverbeschichtet;26;26;7;0,026;4;39;39;1,0;4;0;0;91;13
PA2024-2631;2024-08-21;Standard;8;Bestandskunde;Sonstige;Bearbeitung;18;Stahl;pulverbeschichtet;26;26;7;0,036;4;54;54;1,0;4;0;0;126;18
PA2024-2632;2024-08-23;Standard;8;Bestandskunde;Maschinenbau;Bearbeitung;17;Stahl;pulverbeschichtet;26;26;7;0,034;4;51;51;1,0;4;0;0;119;17
PA2024-2633;2024-08-22;Standard;6;Bestandskunde;Haushaltsgeräte;Bearbeitung;5;Stahl;pulverbeschichtet;26;26;7;0,01;4;15;15;1,0;4;0;0;35;5
PA2024-2634;2024-08-23;Standard;5;Bestandskunde;Haushaltsgeräte;Bearbeitung;3;Stahl;pulverbeschichtet;28;28;15;0,009;4;9;9;1,0;4;0;0;24;3
PA2024-2635;2024-08-19;Standard;9;Bestandskunde;Haushaltsgeräte;Bearbeitung;8;Stahl;pulverbeschichtet;26;26;7;0,016;4;24;24;1,0;4;0;0;56;8
PA2024-2636;2024-08-25;Standard;8;Bestandskunde;Automobilindustrie;Bearbeitung;14;Stahl;pulverbeschichtet;28;28;15;0,042;4;42;42;1,0;4;0;0;112;14
PA2024-2637;2024-08-20;Standard;14;Bestandskunde;Medizintechnik;Bearbeitung;11;Stahl;pulverbeschichtet;26;26;7;0,022;4;33;33;1,0;4;0;0;77;11
PA2024-2638;2024-08-19;Standard;9;Bestandskunde;Maschinenbau;Bearbeitung;13;Stahl;pulverbeschichtet;26;26;7;0,026;4;39;39;1,0;4;0;0;91;13
PA2024-2639;2024-08-19;Standard;8;Bestandskunde;Sonstige;Bearbeitung;10;Stahl;pulverbeschichtet;28;28;15;0,03;4;30;30;1,0;4;0;0;80;10
PA2024-2640;2024-08-21;Änderung;6;Bestandskunde;Automobilindustrie;Bearbeitung;2;Stahl;pulverbeschichtet;28;28;15;0,006;4;6;6;1,0;4;0;0;16;2
PA2024-2641;2024-08-21;Standard;3;Bestandskunde;Maschinenbau;Bearbeitung;3;Stahl;pulverbeschichtet;26;26;7;0,006;4;9;9;1,0;4;0;0;21;3
PA2024-2642;2024-08-22;Standard;5;Bestandskunde;Automobilindustrie;Bearbeitung;9;Stahl;pulverbeschichtet;28;28;15;0,027;4;27;27;1,0;4;0;0;72;9
PA2024-2643;2024-08-25;Standard;13;Bestandskunde;Haushaltsgeräte;Bearbeitung;4;Stahl;pulverbeschichtet;26;26;7;0,008;4;12;12;1,0;4;0;0;28;4
PA2024-2644;2024-08-22;Standard;9;Bestandskunde;Haushaltsgeräte;Bearbeitung;4;Stahl;pulverbeschichtet;28;28;15;0,012;4;12;12;1,0;4;0;0;32;4
PA2024-2645;2024-08-23;Änderung;6;Bestandskunde;Automobilindustrie;Bearbeitung;9;Stahl;pulverbeschichtet;26;26;7;0,018;4;27;27;1,0;4;0;0;63;9
PA2024-2646;2024-08-24;Änderung;9;Bestandskunde;Maschinenbau;Bearbeitung;20;Stahl;pulverbeschichtet;28;28;15;0,06;4;60;60;1,0;4;0;0;160;20
PA2024-2647;2024-08-23;Standard;11;Bestandskunde;Logistiktechnik;Bearbeitung;3;Stahl;pulverbeschichtet;28;28;15;0,009;4;9;9;1,0;4;0;0;24;3
PA2024-2648;2024-08-23;Änderung;9;Bestandskunde;Automobilindustrie;Bearbeitung;2;Stahl;pulverbeschichtet;28;28;15;0,006;4;6;6;1,0;4;0;0;16;2
PA2024-2649;2024-08-23;Standard;5;Bestandskunde;Sonstige;Bearbeitung;2;Stahl;pulverbeschichtet;26;26;7;0,004;4;6;6;1,0;4;0;0;14;2
PA2024-2650;2024-08-20;Standard;13;Bestandskunde;Maschinenbau;Bearbeitung;4;Stahl;pulverbeschichtet;28;28;15;0,012;4;12;12;1,0;4;0;0;32;4
PA2024-2651;2024-08-19;Standard;14;Bestandskunde;Maschinenbau;Bearbeitung;20;Stahl;pulverbeschichtet;26;26;7;0,04;4;60;60;1,0;4;0;0;140;20
PA2024-2652;2024-08-22;Standard;11;Bestandskunde;Sonstige;Bearbeitung;5;Stahl;pulverbeschichtet;28;28;15;0,015;4;15;15;1,0;4;0;0;40;5
PA2024-2653;2024-08-21;Standard;12;Bestandskunde;Automobilindustrie;Bearbeitung;1;Stahl;pulverbeschichtet;26;26;7;0,002;4;3;3;1,0;4;0;0;7;1
PA2024-2654;2024-08-23;Standard;10;Bestandskunde;Sonstige;Bearbeitung;19;Stahl;pulverbeschichtet;26;26;7;0,038;4;57;57;1,0;4;0;0;133;19
PA2024-2655;2024-08-19;Änderung;10;Bestandskunde;Logistiktechnik;Bearbeitung;9;Stahl;pulverbeschichtet;28;28;15;0,027;4;27;27;1,0;4;0;0;72;9
PA2024-2656;2024-08-22;Änderung;12;Neukunde;Automobilindustrie;Bearbeitung;9;Stahl;pulverbeschichtet;28;28;15;0,027;4;27;27;1,0;4;0;0;72;9
PA2024-2657;2024-08-25;Standard;10;Bestandskunde;Maschinenbau;Bearbeitung;16;Stahl;pulverbeschichtet;26;26;7;0,032;4;48;48;1,0;4;0;0;112;16
PA2024-2658;2024-08-23;Standard;3;Bestandskunde;Sonstige;Bearbeitung;10;Stahl;pulverbeschichtet;28;28;15;0,03;4;30;30;1,0;4;0;0;80;10
PA2024-2659;2024-08-20;Standard;15;Bestandskunde;Sonstige;Bearbeitung;5;Stahl;pulverbeschichtet;28;28;15;0,015;4;15;15;1,0;4;0;0;40;5
PA2024-2660;2024-08-21;Änderung;12;Bestandskunde;Logistiktechnik;Bearbeitung;6;Stahl;pulverbeschichtet;26;26;7;0,012;4;18;18;1,0;4;0;0;42;6
PA2024-2661;2024-08-24;Änderung;10;Bestandskunde;Logistiktechnik;Bearbeitung;11;Stahl;pulverbeschichtet;28;28;15;0,033;4;33;33;1,0;4;0;0;88;11
PA2024-2662;2024-08-19;Standard;4;Bestandskunde;Maschinenbau;Bearbeitung;6;Stahl;pulverbeschichtet;28;28;15;0,018;4;18;18;1,0;4;0;0;48;6
PA2024-2663;2024-08-20;Änderung;7;Bestandskunde;Maschinenbau;Bearbeitung;15;Stahl;pulverbeschichtet;26;26;7;0,03;4;45;45;1,0;4;0;0;105;15
PA2024-2664;2024-08-24;Standard;15;Bestandskunde;Automobilindustrie;Bearbeitung;11;Stahl;pulverbeschichtet;28;28;15;0,033;4;33;33;1,0;4;0;0;88;11
PA2024-2665;2024-08-19;Standard;6;Bestandskunde;Haushaltsgeräte;Bearbeitung;4;Stahl;pulverbeschichtet;26;26;7;0,008;4;12;12;1,0;4;0;0;28;4
PA2024-2666;2024-08-25;Standard;15;Bestandskunde;Medizintechnik;Bearbeitung;17;Stahl;pulverbeschichtet;26;26;7;0,034;4;51;51;1,0;4;0;0;119;17
PA2024-2667;2024-08-19;Standard;4;Bestandskunde;Automobilindustrie;Bearbeitung;13;Stahl;pulverbeschichtet;28;28;15;0,039;4;39;39;1,0;4;0;0;104;13
PA2024-2668;2024-08-22;Standard;6;Bestandskunde;Sonstige;Bearbeitung;19;Stahl;pulverbeschichtet;28;28;15;0,057;4;57;57;1,0;4;0;0;152;19
PA2024-2669;2024-08-25;Standard;5;Bestandskunde;Logistiktechnik;Bearbeitung;5;Stahl;pulverbeschichtet;28;28;15;0,015;4;15;15;1,0;4;0;0;40;5
PA2024-2670;2024-08-25;Änderung;8;Bestandskunde;Maschinenbau;Bearbeitung;5;Stahl;pulverbeschichtet;28;28;15;0,015;4;15;15;1,0;4;0;0;40;5
PA2024-2671;2024-08-26;Standard;9;Bestandskunde;Maschinenbau;Bearbeitung;16;Stahl;pulverbeschichtet;26;26;7;0,032;4;48;48;1,0;4;0;0;112;16
PA2024-2672;2024-08-29;Standard;11;Bestandskunde;Logistiktechnik;Bearbeitung;18;Stahl;pulverbeschichtet;28;28;15;0,054;4;54;54;1,0;4;0;0;144;18
PA2024-2673;2024-08-30;Standard;10;Bestandskunde;Logistiktechnik;Bearbeitung;12;Stahl;pulverbeschichtet;26;26;7;0,024;4;36;36;1,0;4;0;0;84;12
PA2024-2674;2024-08-27;Standard;10;Bestandskunde;Maschinenbau;Bearbeitung;8;Stahl;pulverbeschichtet;28;28;15;0,024;4;24;24;1,0;4;0;0;64;8
PA2024-2675;2024-08-28;Standard;9;Bestandskunde;Sonstige;Bearbeitung;14;Stahl;pulverbeschichtet;28;28;15;0,042;4;42;42;1,0;4;0;0;112;14
PA2024-2676;2024-08-31;Standard;11;Bestandskunde;Maschinenbau;Bearbeitung;5;Stahl;pulverbeschichtet;28;28;15;0,015;4;15;15;1,0;4;0;0;40;5
PA2024-2677;2024-08-26;Standard;7;Bestandskunde;Medizintechnik;Bearbeitung;15;Stahl;pulverbeschichtet;26;26;7;0,03;4;45;45;1,0;4;0;0;105;15
PA2024-2678;2024-08-30;Änderung;14;Bestandskunde;Automobilindustrie;Bearbeitung;3;Stahl;pulverbeschichtet;28;28;15;0,009;4;9;9;1,0;4;0;0;24;3
PA2024-2679;2024-09-01;Standard;13;Bestandskunde;Automobilindustrie;Bearbeitung;10;Stahl;pulverbeschichtet;28;28;15;0,03;4;30;30;1,0;4;0;0;80;10
PA2024-2680;2024-08-27;Standard;3;Bestandskunde;Logistiktechnik;Bearbeitung;18;Stahl;pulverbeschichtet;26;26;7;0,036;4;54;54;1,0;4;0;0;126;18
PA2024-2681;2024-08-27;Standard;5;Bestandskunde;Maschinenbau;Bearbeitung;1;Stahl;pulverbeschichtet;28;28;15;0,003;4;3;3;1,0;4;0;0;8;1
PA2024-2682;2024-08-30;Standard;11;Bestandskunde;Medizintechnik;Bearbeitung;9;Stahl;pulverbeschichtet;26;26;7;0,018;4;27;27;1,0;4;0;0;63;9
PA2024-2683;2024-08-31;Standard;8;Bestandskunde;Haushaltsgeräte;Bearbeitung;8;Stahl;pulverbeschichtet;28;28;15;0,024;4;24;24;1,0;4;0;0;64;8
PA2024-2684;2024-08-30;Standard;15;Bestandskunde;Sonstige;Bearbeitung;8;Stahl;pulverbeschichtet;28;28;15;0,024;4;24;24;1,0;4;0;0;64;8
PA2024-2685;2024-08-28;Änderung;3;Bestandskunde;Automobilindustrie;Bearbeitung;4;Stahl;pulverbeschichtet;28;28;15;0,012;4;12;12;1,0;4;0;0;32;4
PA2024-2686;2024-08-29;Standard;14;Bestandskunde;Logistiktechnik;Bearbeitung;3;Stahl;pulverbeschichtet;26;26;7;0,006;4;9;9;1,0;4;0;0;21;3
PA2024-2687;2024-08-27;Änderung;9;Neukunde;Maschinenbau;Bearbeitung;12;Stahl;pulverbeschichtet;28;28;15;0,036;4;36;36;1,0;4;0;0;96;12
PA2024-2688;2024-08-29;Änderung;4;Bestandskunde;Sonstige;Bearbeitung;18;Stahl;pulverbeschichtet;28;28;15;0,054;4;54;54;1,0;4;0;0;144;18
PA2024-2689;2024-08-26;Standard;14;Bestandskunde;Sonstige;Bearbeitung;18;Stahl;pulverbeschichtet;28;28;15;0,054;4;54;54;1,0;4;0;0;144;18
PA2024-2690;2024-08-31;Standard;10;Bestandskunde;Maschinenbau;Bearbeitung;5;Stahl;pulverbeschichtet;26;26;7;0,01;4;15;15;1,0;4;0;0;35;5
PA2024-2691;2024-08-30;Standard;9;Neukunde;Haushaltsgeräte;Bearbeitung;20;Stahl;pulverbeschichtet;28;28;15;0,06;4;60;60;1,0;4;0;0;160;20
PA2024-2692;2024-08-30;Standard;15;Bestandskunde;Sonstige;Bearbeitung;20;Stahl;pulverbeschichtet;28;28;15;0,06;4;60;60;1,0;4;0;0;160;20
PA2024-2693;2024-08-28;Standard;14;Bestandskunde;Medizintechnik;Bearbeitung;16;Stahl;pulverbeschichtet;26;26;7;0,032;4;48;48;1,0;4;0;0;112;16
PA2024-2694;2024-09-01;Standard;15;Bestandskunde;Maschinenbau;Bearbeitung;8;Stahl;pulverbeschichtet;26;26;7;0,016;4;24;24;1,0;4;0;0;56;8
PA2024-2695;2024-09-01;Standard;13;Bestandskunde;Sonstige;Bearbeitung;5;Stahl;pulverbeschichtet;26;26;7;0,01;4;15;15;1,0;4;0;0;35;5
PA2024-2696;2024-08-30;Standard;13;Bestandskunde;Logistiktechnik;Bearbeitung;19;Stahl;pulverbeschichtet;26;26;7;0,038;4;57;57;1,0;4;0;0;133;19
PA2024-2697;2024-08-26;Änderung;14;Bestandskunde;Automobilindustrie;Bearbeitung;6;Stahl;pulverbeschichtet;26;26;7;0,012;4;18;18;1,0;4;0;0;42;6
PA2024-2698;2024-08-30;Standard;15;Bestandskunde;Haushaltsgeräte;Bearbeitung;18;Stahl;pulverbeschichtet;26;26;7;0,036;4;54;54;1,0;4;0;0;126;18
PA2024-2699;2024-08-27;Standard;6;Bestandskunde;Sonstige;Bearbeitung;6;Stahl;pulverbeschichtet;26;26;7;0,012;4;18;18;1,0;4;0;0;42;6
PA2024-2700;2024-08-26;Standard;4;Bestandskunde;Automobilindustrie;Bearbeitung;15;Stahl;pulverbeschichtet;26;26;7;0,03;4;45;45;1,0;4;0;0;105;15
PA2024-2701;2024-08-26;Standard;4;Bestandskunde;Medizintechnik;Bearbeitung;20;Stahl;pulverbeschichtet;28;28;15;0,06;4;60;60;1,0;4;0;0;160;20
PA2024-2702;2024-08-29;Änderung;6;Bestandskunde;Medizintechnik;Bearbeitung;10;Stahl;pulverbeschichtet;28;28;15;0,03;4;30;30;1,0;4;0;0;80;10
PA2024-2703;2024-08-29;Standard;5;Bestandskunde;Automobilindustrie;Bearbeitung;8;Stahl;pulverbeschichtet;26;26;7;0,016;4;24;24;1,0;4;0;0;56;8
PA2024-2704;2024-08-31;Änderung;9;Bestandskunde;Medizintechnik;Bearbeitung;17;Stahl;pulverbeschichtet;28;28;15;0,051;4;51;51;1,0;4;0;0;136;17
PA2024-2705;2024-08-28;Standard;12;Neukunde;Automobilindustrie;Bearbeitung;18;Stahl;pulverbeschichtet;26;26;7;0,036;4;54;54;1,0;4;0;0;126;18
PA2024-2706;2024-08-28;Standard;10;Bestandskunde;Automobilindustrie;Bearbeitung;11;Stahl;pulverbeschichtet;26;26;7;0,022;4;33;33;1,0;4;0;0;77;11
PA2024-2707;2024-08-26;Standard;9;Bestandskunde;Logistiktechnik;Bearbeitung;15;Stahl;pulverbeschichtet;26;26;7;0,03;4;45;45;1,0;4;0;0;105;15
PA2024-2708;2024-08-26;Änderung;12;Bestandskunde;Automobilindustrie;Bearbeitung;11;Stahl;pulverbeschichtet;28;28;15;0,033;4;33;33;1,0;4;0;0;88;11
PA2024-2709;2024-09-01;Standard;5;Bestandskunde;Haushaltsgeräte;Bearbeitung;2;Stahl;pulverbeschichtet;28;28;15;0,006;4;6;6;1,0;4;0;0;16;2
PA2024-2710;2024-08-31;Änderung;12;Bestandskunde;Logistiktechnik;Bearbeitung;1;Stahl;pulverbeschichtet;28;28;15;0,003;4;3;3;1,0;4;0;0;8;1
PA2024-2711;2024-08-28;Standard;5;Neukunde;Sonstige;Bearbeitung;8;Stahl;pulverbeschichtet;28;28;15;0,024;4;24;24;1,0;4;0;0;64;8
PA2024-2712;2024-09-01;Standard;15;Bestandskunde;Maschinenbau;Bearbeitung;20;Stahl;pulverbeschichtet;28;28;15;0,06;4;60;60;1,0;4;0;0;160;20
PA2024-2713;2024-08-29;Standard;4;Bestandskunde;Sonstige;Bearbeitung;18;Stahl;pulverbeschichtet;28;28;15;0,054;4;54;54;1,0;4;0;0;144;18
PA2024-2714;2024-08-29;Standard;7;Bestandskunde;Automobilindustrie;Bearbeitung;18;Stahl;pulverbeschichtet;26;26;7;0,036;4;54;54;1,0;4;0;0;126;18
PA2024-2715;2024-08-29;Standard;13;Bestandskunde;Automobilindustrie;Bearbeitung;18;Stahl;pulverbeschichtet;28;28;15;0,054;4;54;54;1,0;4;0;0;144;18
PA2024-2716;2024-08-30;Standard;15;Bestandskunde;Logistiktechnik;Bearbeitung;16;Stahl;pulverbeschichtet;28;28;15;0,048;4;48;48;1,0;4;0;0;128;16
PA2024-2717;2024-08-26;Standard;12;Neukunde;Logistiktechnik;Bearbeitung;14;Stahl;pulverbeschichtet;28;28;15;0,042;4;42;42;1,0;4;0;0;112;14
PA2024-2718;2024-08-29;Standard;5;Neukunde;Sonstige;Bearbeitung;1;Stahl;pulverbeschichtet;26;26;7;0,002;4;3;3;1,0;4;0;0;7;1
PA2024-2719;2024-08-26;Standard;5;Bestandskunde;Automobilindustrie;Bearbeitung;12;Stahl;pulverbeschichtet;26;26;7;0,024;4;36;36;1,0;4;0;0;84;12
PA2024-2720;2024-08-30;Standard;6;Bestandskunde;Maschinenbau;Bearbeitung;3;Stahl;pulverbeschichtet;28;28;15;0,009;4;9;9;1,0;4;0;0;24;3
PA2024-2721;2024-08-27;Änderung;5;Bestandskunde;Automobilindustrie;Bearbeitung;17;Stahl;pulverbeschichtet;26;26;7;0,034;4;51;51;1,0;4;0;0;119;17
PA2024-2722;2024-08-29;Standard;14;Bestandskunde;Sonstige;Bearbeitung;5;Stahl;pulverbeschichtet;28;28;15;0,015;4;15;15;1,0;4;0;0;40;5
PA2024-2723;2024-08-29;Standard;6;Bestandskunde;Logistiktechnik;Bearbeitung;18;Stahl;pulverbeschichtet;28;28;15;0,054;4;54;54;1,0;4;0;0;144;18
PA2024-2724;2024-08-26;Änderung;13;Bestandskunde;Automobilindustrie;Bearbeitung;6;Stahl;pulverbeschichtet;26;26;7;0,012;4;18;18;1,0;4;0;0;42;6
PA2024-2725;2024-08-30;Standard;14;Bestandskunde;Logistiktechnik;Bearbeitung;15;Stahl;pulverbeschichtet;26;26;7;0,03;4;45;45;1,0;4;0;0;105;15
PA2024-2726;2024-08-31;Standard;11;Bestandskunde;Haushaltsgeräte;Bearbeitung;18;Stahl;pulverbeschichtet;26;26;7;0,036;4;54;54;1,0;4;0;0;126;18
PA2024-2727;2024-08-28;Änderung;12;Bestandskunde;Haushaltsgeräte;Bearbeitung;11;Stahl;pulverbeschichtet;28;28;15;0,033;4;33;33;1,0;4;0;0;88;11
PA2024-2728;2024-08-27;Standard;3;Bestandskunde;Haushaltsgeräte;Bearbeitung;12;Stahl;pulverbeschichtet;28;28;15;0,036;4;36;36;1,0;4;0;0;96;12
PA2024-2729;2024-08-31;Standard;4;Bestandskunde;Sonstige;Bearbeitung;13;Stahl;pulverbeschichtet;28;28;15;0,039;4;39;39;1,0;4;0;0;104;13
PA2024-2730;2024-08-29;Änderung;9;Bestandskunde;Maschinenbau;Bearbeitung;7;Stahl;pulverbeschichtet;26;26;7;0,014;4;21;21;1,0;4;0;0;49;7
PA2024-2731;2024-09-01;Standard;15;Bestandskunde;Maschinenbau;Bearbeitung;18;Stahl;pulverbeschichtet;26;26;7;0,036;4;54;54;1,0;4;0;0;126;18
PA2024-2732;2024-09-01;Standard;10;Bestandskunde;Logistiktechnik;Bearbeitung;17;Stahl;pulverbeschichtet;28;28;15;0,051;4;51;51;1,0;4;0;0;136;17
PA2024-2733;2024-08-31;Standard;10;Bestandskunde;Maschinenbau;Bearbeitung;5;Stahl;pulverbeschichtet;26;26;7;0,01;4;15;15;1,0;4;0;0;35;5
PA2024-2734;2024-08-29;Standard;11;Bestandskunde;Logistiktechnik;Bearbeitung;12;Stahl;pulverbeschichtet;28;28;15;0,036;4;36;36;1,0;4;0;0;96;12
PA2024-2735;2024-08-26;Standard;12;Bestandskunde;Maschinenbau;Bearbeitung;15;Stahl;pulverbeschichtet;26;26;7;0,03;4;45;45;1,0;4;0;0;105;15
PA2024-2736;2024-08-28;Standard;7;Bestandskunde;Maschinenbau;Bearbeitung;2;Stahl;pulverbeschichtet;26;26;7;0,004;4;6;6;1,0;4;0;0;14;2
PA2024-2737;2024-09-01;Standard;15;Bestandskunde;Haushaltsgeräte;Bearbeitung;7;Stahl;pulverbeschichtet;28;28;15;0,021;4;21;21;1,0;4;0;0;56;7
PA2024-2738;2024-08-29;Standard;5;Bestandskunde;Logistiktechnik;Bearbeitung;1;Stahl;pulverbeschichtet;26;26;7;0,002;4;3;3;1,0;4;0;0;7;1
PA2024-2739;2024-08-28;Standard;5;Bestandskunde;Automobilindustrie;Bearbeitung;10;Stahl;pulverbeschichtet;26;26;7;0,02;4;30;30;1,0;4;0;0;70;10
PA2024-2740;2024-08-28;Änderung;8;Bestandskunde;Logistiktechnik;Bearbeitung;19;Stahl;pulverbeschichtet;28;28;15;0,057;4;57;57;1,0;4;0;0;152;19
PA2024-2741;2024-08-30;Standard;7;Bestandskunde;Maschinenbau;Bearbeitung;5;Stahl;pulverbeschichtet;28;28;15;0,015;4;15;15;1,0;4;0;0;40;5
PA2024-2742;2024-08-29;Änderung;6;Neukunde;Maschinenbau;Bearbeitung;20;Stahl;pulverbeschichtet;28;28;15;0,06;4;60;60;1,0;4;0;0;160;20
PA2024-2743;2024-08-27;Änderung;10;Bestandskunde;Haushaltsgeräte;Bearbeitung;3;Stahl;pulverbeschichtet;26;26;7;0,006;4;9;9;1,0;4;0;0;21;3
PA2024-2744;2024-08-28;Standard;4;Bestandskunde;Haushaltsgeräte;Bearbeitung;20;Stahl;pulverbeschichtet;26;26;7;0,04;4;60;60;1,0;4;0;0;140;20
PA2024-2745;2024-08-31;Standard;7;Bestandskunde;Sonstige;Bearbeitung;7;Stahl;pulverbeschichtet;28;28;15;0,021;4;21;21;1,0;4;0;0;56;7
PA2024-2746;2024-08-28;Standard;15;Bestandskunde;Logistiktechnik;Bearbeitung;11;Stahl;pulverbeschichtet;28;28;15;0,033;4;33;33;1,0;4;0;0;88;11
PA2024-2747;2024-08-30;Standard;4;Bestandskunde;Haushaltsgeräte;Bearbeitung;18;Stahl;pulverbeschichtet;26;26;7;0,036;4;54;54;1,0;4;0;0;126;18
PA2024-2748;2024-08-31;Standard;13;Bestandskunde;Automobilindustrie;Bearbeitung;8;Stahl;pulverbeschichtet;28;28;15;0,024;4;24;24;1,0;4;0;0;64;8
PA2024-2749;2024-08-30;Standard;15;Bestandskunde;Logistiktechnik;Bearbeitung;6;Stahl;pulverbeschichtet;28;28;15;0,018;4;18;18;1,0;4;0;0;48;6
PA2024-2750;2024-08-29;Änderung;10;Bestandskunde;Medizintechnik;Bearbeitung;2;Stahl;pulverbeschichtet;28;28;15;0,006;4;6;6;1,0;4;0;0;16;2
PA2024-2751;2024-08-26;Standard;14;Bestandskunde;Medizintechnik;Bearbeitung;2;Stahl;pulverbeschichtet;28;28;15;0,006;4;6;6;1,0;4;0;0;16;2
PA2024-2752;2024-08-29;Standard;11;Bestandskunde;Medizintechnik;Bearbeitung;13;Stahl;pulverbeschichtet;28;28;15;0,039;4;39;39;1,0;4;0;0;104;13
PA2024-2753;2024-08-30;Standard;6;Bestandskunde;Automobilindustrie;Bearbeitung;2;Stahl;pulverbeschichtet;26;26;7;0,004;4;6;6;1,0;4;0;0;14;2
PA2024-2754;2024-08-26;Standard;4;Bestandskunde;Maschinenbau;Bearbeitung;1;Stahl;pulverbeschichtet;28;28;15;0,003;4;3;3;1,0;4;0;0;8;1
PA2024-2755;2024-08-26;Standard;5;Bestandskunde;Automobilindustrie;Bearbeitung;17;Stahl;pulverbeschichtet;26;26;7;0,034;4;51;51;1,0;4;0;0;119;17
PA2024-2756;2024-08-30;Änderung;3;Bestandskunde;Logistiktechnik;Bearbeitung;15;Stahl;pulverbeschichtet;28;28;15;0,045;4;45;45;1,0;4;0;0;120;15
PA2024-2757;2024-08-31;Änderung;7;Bestandskunde;Haushaltsgeräte;Bearbeitung;20;Stahl;pulverbeschichtet;28;28;15;0,06;4;60;60;1,0;4;0;0;160;20
PA2024-2758;2024-08-28;Standard;9;Bestandskunde;Haushaltsgeräte;Bearbeitung;6;Stahl;pulverbeschichtet;28;28;15;0,018;4;18;18;1,0;4;0;0;48;6
PA2024-2759;2024-08-31;Standard;6;Neukunde;Logistiktechnik;Bearbeitung;19;Stahl;pulverbeschichtet;26;26;7;0,038;4;57;57;1,0;4;0;0;133;19
PA2024-2760;2024-08-26;Standard;8;Bestandskunde;Logistiktechnik;Bearbeitung;2;Stahl;pulverbeschichtet;28;28;15;0,006;4;6;6;1,0;4;0;0;16;2
PA2024-2761;2024-09-02;Änderung;11;Bestandskunde;Sonstige;Bearbeitung;6;Stahl;pulverbeschichtet;26;26;7;0,012;4;18;18;1,0;4;0;0;42;6
PA2024-2762;2024-09-07;Änderung;10;Bestandskunde;Medizintechnik;Bearbeitung;11;Stahl;pulverbeschichtet;28;28;15;0,033;4;33;33;1,0;4;0;0;88;11
PA2024-2763;2024-09-04;Standard;4;Bestandskunde;Automobilindustrie;Bearbeitung;15;Stahl;pulverbeschichtet;26;26;7;0,03;4;45;45;1,0;4;0;0;105;15
PA2024-2764;2024-09-05;Standard;4;Bestandskunde;Logistiktechnik;Bearbeitung;19;Stahl;pulverbeschichtet;26;26;7;0,038;4;57;57;1,0;4;0;0;133;19
PA2024-2765;2024-09-02;Standard;9;Bestandskunde;Maschinenbau;Bearbeitung;2;Stahl;pulverbeschichtet;28;28;15;0,006;4;6;6;1,0;4;0;0;16;2
PA2024-2766;2024-09-04;Standard;7;Bestandskunde;Automobilindustrie;Bearbeitung;1;Stahl;pulverbeschichtet;26;26;7;0,002;4;3;3;1,0;4;0;0;7;1
PA2024-2767;2024-09-02;Standard;9;Bestandskunde;Sonstige;Bearbeitung;7;Stahl;pulverbeschichtet;26;26;7;0,014;4;21;21;1,0;4;0;0;49;7
PA2024-2768;2024-09-06;Änderung;10;Bestandskunde;Maschinenbau;Bearbeitung;20;Stahl;pulverbeschichtet;28;28;15;0,06;4;60;60;1,0;4;0;0;160;20
PA2024-2769;2024-09-07;Standard;10;Bestandskunde;Sonstige;Bearbeitung;6;Stahl;pulverbeschichtet;26;26;7;0,012;4;18;18;1,0;4;0;0;42;6
PA2024-2770;2024-09-08;Standard;10;Bestandskunde;Automobilindustrie;Bearbeitung;11;Stahl;pulverbeschichtet;28;28;15;0,033;4;33;33;1,0;4;0;0;88;11
PA2024-2771;2024-09-04;Standard;12;Bestandskunde;Logistiktechnik;Bearbeitung;16;Stahl;pulverbeschichtet;26;26;7;0,032;4;48;48;1,0;4;0;0;112;16
PA2024-2772;2024-09-05;Standard;12;Bestandskunde;Maschinenbau;Bearbeitung;18;Stahl;pulverbeschichtet;26;26;7;0,036;4;54;54;1,0;4;0;0;126;18
PA2024-2773;2024-09-06;Standard;11;Bestandskunde;Automobilindustrie;Bearbeitung;2;Stahl;pulverbeschichtet;26;26;7;0,004;4;6;6;1,0;4;0;0;14;2
PA2024-2774;2024-09-06;Änderung;9;Bestandskunde;Maschinenbau;Bearbeitung;7;Stahl;pulverbeschichtet;26;26;7;0,014;4;21;21;1,0;4;0;0;49;7
PA2024-2775;2024-09-04;Standard;12;Bestandskunde;Medizintechnik;Bearbeitung;13;Stahl;pulverbeschichtet;26;26;7;0,026;4;39;39;1,0;4;0;0;91;13
PA2024-2776;2024-09-05;Standard;6;Bestandskunde;Sonstige;Bearbeitung;6;Stahl;pulverbeschichtet;28;28;15;0,018;4;18;18;1,0;4;0;0;48;6
PA2024-2777;2024-09-02;Standard;14;Bestandskunde;Logistiktechnik;Bearbeitung;9;Stahl;pulverbeschichtet;28;28;15;0,027;4;27;27;1,0;4;0;0;72;9
PA2024-2778;2024-09-03;Standard;10;Bestandskunde;Automobilindustrie;Bearbeitung;6;Stahl;pulverbeschichtet;26;26;7;0,012;4;18;18;1,0;4;0;0;42;6
PA2024-2779;2024-09-07;Änderung;6;Bestandskunde;Sonstige;Bearbeitung;11;Stahl;pulverbeschichtet;26;26;7;0,022;4;33;33;1,0;4;0;0;77;11
PA2024-2780;2024-09-02;Standard;4;Bestandskunde;Automobilindustrie;Bearbeitung;14;Stahl;pulverbeschichtet;26;26;7;0,028;4;42;42;1,0;4;0;0;98;14
PA2024-2781;2024-09-03;Änderung;3;Bestandskunde;Automobilindustrie;Bearbeitung;18;Stahl;pulverbeschichtet;26;26;7;0,036;4;54;54;1,0;4;0;0;126;18
PA2024-2782;2024-09-04;Standard;8;Bestandskunde;Maschinenbau;Bearbeitung;4;Stahl;pulverbeschichtet;28;28;15;0,012;4;12;12;1,0;4;0;0;32;4
PA2024-2783;2024-09-05;Standard;13;Bestandskunde;Maschinenbau;Bearbeitung;1;Stahl;pulverbeschichtet;26;26;7;0,002;4;3;3;1,0;4;0;0;7;1
PA2024-2784;2024-09-04;Standard;13;Bestandskunde;Automobilindustrie;Bearbeitung;19;Stahl;pulverbeschichtet;28;28;15;0,057;4;57;57;1,0;4;0;0;152;19
PA2024-2785;2024-09-08;Standard;8;Bestandskunde;Sonstige;Bearbeitung;19;Stahl;pulverbeschichtet;28;28;15;0,057;4;57;57;1,0;4;0;0;152;19
PA2024-2786;2024-09-03;Änderung;13;Bestandskunde;Maschinenbau;Bearbeitung;8;Stahl;pulverbeschichtet;28;28;15;0,024;4;24;24;1,0;4;0;0;64;8
PA2024-2787;2024-09-08;Standard;8;Bestandskunde;Automobilindustrie;Bearbeitung;5;Stahl;pulverbeschichtet;28;28;15;0,015;4;15;15;1,0;4;0;0;40;5
PA2024-2788;2024-09-04;Änderung;15;Bestandskunde;Automobilindustrie;Bearbeitung;15;Stahl;pulverbeschichtet;28;28;15;0,045;4;45;45;1,0;4;0;0;120;15
PA2024-2789;2024-09-02;Standard;14;Bestandskunde;Logistiktechnik;Bearbeitung;6;Stahl;pulverbeschichtet;26;26;7;0,012;4;18;18;1,0;4;0;0;42;6
PA2024-2790;2024-09-03;Standard;8;Bestandskunde;Medizintechnik;Bearbeitung;4;Stahl;pulverbeschichtet;26;26;7;0,008;4;12;12;1,0;4;0;0;28;4
PA2024-2791;2024-09-04;Standard;15;Bestandskunde;Haushaltsgeräte;Bearbeitung;16;Stahl;pulverbeschichtet;26;26;7;0,032;4;48;48;1,0;4;0;0;112;16
PA2024-2792;2024-09-06;Standard;5;Neukunde;Maschinenbau;Bearbeitung;17;Stahl;pulverbeschichtet;26;26;7;0,034;4;51;51;1,0;4;0;0;119;17
PA2024-2793;2024-09-06;Standard;10;Bestandskunde;Logistiktechnik;Bearbeitung;19;Stahl;pulverbeschichtet;28;28;15;0,057;4;57;57;1,0;4;0;0;152;19
PA2024-2794;2024-09-07;Standard;14;Bestandskunde;Automobilindustrie;Bearbeitung;4;Stahl;pulverbeschichtet;28;28;15;0,012;4;12;12;1,0;4;0;0;32;4
PA2024-2795;2024-09-06;Änderung;4;Neukunde;Sonstige;Bearbeitung;11;Stahl;pulverbeschichtet;28;28;15;0,033;4;33;33;1,0;4;0;0;88;11
PA2024-2796;2024-09-06;Standard;7;Bestandskunde;Medizintechnik;Bearbeitung;20;Stahl;pulverbeschichtet;26;26;7;0,04;4;60;60;1,0;4;0;0;140;20
PA2024-2797;2024-09-03;Änderung;15;Bestandskunde;Automobilindustrie;Bearbeitung;10;Stahl;pulverbeschichtet;26;26;7;0,02;4;30;30;1,0;4;0;0;70;10
PA2024-2798;2024-09-06;Standard;5;Neukunde;Medizintechnik;Bearbeitung;6;Stahl;pulverbeschichtet;26;26;7;0,012;4;18;18;1,0;4;0;0;42;6
PA2024-2799;2024-09-03;Standard;8;Bestandskunde;Automobilindustrie;Bearbeitung;8;Stahl;pulverbeschichtet;26;26;7;0,016;4;24;24;1,0;4;0;0;56;8
PA2024-2800;2024-09-02;Standard;9;Bestandskunde;Sonstige;Bearbeitung;9;Stahl;pulverbeschichtet;26;26;7;0,018;4;27;27;1,0;4;0;0;63;9
PA2024-2801;2024-09-07;Standard;15;Bestandskunde;Automobilindustrie;Bearbeitung;12;Stahl;pulverbeschichtet;26;26;7;0,024;4;36;36;1,0;4;0;0;84;12
PA2024-2802;2024-09-07;Änderung;6;Neukunde;Haushaltsgeräte;Bearbeitung;5;Stahl;pulverbeschichtet;26;26;7;0,01;4;15;15;1,0;4;0;0;35;5
PA2024-2803;2024-09-02;Standard;9;Bestandskunde;Haushaltsgeräte;Bearbeitung;8;Stahl;pulverbeschichtet;26;26;7;0,016;4;24;24;1,0;4;0;0;56;8
PA2024-2804;2024-09-07;Änderung;14;Bestandskunde;Maschinenbau;Bearbeitung;5;Stahl;pulverbeschichtet;26;26;7;0,01;4;15;15;1,0;4;0;0;35;5
PA2024-2805;2024-09-04;Standard;7;Neukunde;Maschinenbau;Bearbeitung;5;Stahl;pulverbeschichtet;26;26;7;0,01;4;15;15;1,0;4;0;0;35;5
PA2024-2806;2024-09-04;Standard;4;Bestandskunde;Sonstige;Bearbeitung;1;Stahl;pulverbeschichtet;26;26;7;0,002;4;3;3;1,0;4;0;0;7;1
PA2024-2807;2024-09-07;Standard;9;Bestandskunde;Medizintechnik;Bearbeitung;15;Stahl;pulverbeschichtet;26;26;7;0,03;4;45;45;1,0;4;0;0;105;15
PA2024-2808;2024-09-06;Standard;5;Bestandskunde;Maschinenbau;Bearbeitung;3;Stahl;pulverbeschichtet;28;28;15;0,009;4;9;9;1,0;4;0;0;24;3
PA2024-2809;2024-09-06;Standard;5;Neukunde;Sonstige;Bearbeitung;3;Stahl;pulverbeschichtet;26;26;7;0,006;4;9;9;1,0;4;0;0;21;3
PA2024-2810;2024-09-05;Standard;4;Bestandskunde;Maschinenbau;Bearbeitung;17;Stahl;pulverbeschichtet;28;28;15;0,051;4;51;51;1,0;4;0;0;136;17
PA2024-2811;2024-09-08;Änderung;5;Bestandskunde;Logistiktechnik;Bearbeitung;18;Stahl;pulverbeschichtet;26;26;7;0,036;4;54;54;1,0;4;0;0;126;18
PA2024-2812;2024-09-06;Standard;11;Bestandskunde;Logistiktechnik;Bearbeitung;3;Stahl;pulverbeschichtet;28;28;15;0,009;4;9;9;1,0;4;0;0;24;3
PA2024-2813;2024-09-05;Standard;14;Bestandskunde;Haushaltsgeräte;Bearbeitung;13;Stahl;pulverbeschichtet;26;26;7;0,026;4;39;39;1,0;4;0;0;91;13
PA2024-2814;2024-09-08;Änderung;13;Bestandskunde;Maschinenbau;Bearbeitung;2;Stahl;pulverbeschichtet;28;28;15;0,006;4;6;6;1,0;4;0;0;16;2
PA2024-2815;2024-09-07;Änderung;12;Bestandskunde;Sonstige;Bearbeitung;17;Stahl;pulverbeschichtet;28;28;15;0,051;4;51;51;1,0;4;0;0;136;17
PA2024-2816;2024-09-04;Standard;4;Bestandskunde;Logistiktechnik;Bearbeitung;9;Stahl;pulverbeschichtet;28;28;15;0,027;4;27;27;1,0;4;0;0;72;9
PA2024-2817;2024-09-02;Standard;14;Bestandskunde;Medizintechnik;Bearbeitung;7;Stahl;pulverbeschichtet;28;28;15;0,021;4;21;21;1,0;4;0;0;56;7
PA2024-2818;2024-09-08;Änderung;9;Bestandskunde;Logistiktechnik;Bearbeitung;12;Stahl;pulverbeschichtet;28;28;15;0,036;4;36;36;1,0;4;0;0;96;12
PA2024-2819;2024-09-07;Standard;12;Bestandskunde;Sonstige;Bearbeitung;6;Stahl;pulverbeschichtet;26;26;7;0,012;4;18;18;1,0;4;0;0;42;6
PA2024-2820;2024-09-05;Standard;6;Neukunde;Logistiktechnik;Bearbeitung;9;Stahl;pulverbeschichtet;28;28;15;0,027;4;27;27;1,0;4;0;0;72;9
PA2024-2821;2024-09-07;Standard;6;Bestandskunde;Automobilindustrie;Bearbeitung;18;Stahl;pulverbeschichtet;26;26;7;0,036;4;54;54;1,0;4;0;0;126;18
PA2024-2822;2024-09-07;Standard;6;Bestandskunde;Automobilindustrie;Bearbeitung;17;Stahl;pulverbeschichtet;28;28;15;0,051;4;51;51;1,0;4;0;0;136;17
PA2024-2823;2024-09-06;Standard;5;Bestandskunde;Maschinenbau;Bearbeitung;5;Stahl;pulverbeschichtet;26;26;7;0,01;4;15;15;1,0;4;0;0;35;5
PA2024-2824;2024-09-08;Änderung;5;Bestandskunde;Logistiktechnik;Bearbeitung;13;Stahl;pulverbeschichtet;26;26;7;0,026;4;39;39;1,0;4;0;0;91;13
PA2024-2825;2024-09-03;Standard;11;Bestandskunde;Sonstige;Bearbeitung;10;Stahl;pulverbeschichtet;28;28;15;0,03;4;30;30;1,0;4;0;0;80;10
PA2024-2826;2024-09-04;Änderung;4;Bestandskunde;Maschinenbau;Bearbeitung;8;Stahl;pulverbeschichtet;28;28;15;0,024;4;24;24;1,0;4;0;0;64;8
PA2024-2827;2024-09-08;Änderung;5;Bestandskunde;Automobilindustrie;Bearbeitung;3;Stahl;pulverbeschichtet;28;28;15;0,009;4;9;9;1,0;4;0;0;24;3
PA2024-2828;2024-09-06;Standard;14;Bestandskunde;Automobilindustrie;Bearbeitung;9;Stahl;pulverbeschichtet;28;28;15;0,027;4;27;27;1,0;4;0;0;72;9
PA2024-2829;2024-09-08;Änderung;13;Bestandskunde;Sonstige;Bearbeitung;9;Stahl;pulverbeschichtet;28;28;15;0,027;4;27;27;1,0;4;0;0;72;9
PA2024-2830;2024-09-08;Standard;15;Bestandskunde;Maschinenbau;Bearbeitung;9;Stahl;pulverbeschichtet;28;28;15;0,027;4;27;27;1,0;4;0;0;72;9
PA2024-2831;2024-09-04;Änderung;8;Bestandskunde;Logistiktechnik;Bearbeitung;9;Stahl;pulverbeschichtet;28;28;15;0,027;4;27;27;1,0;4;0;0;72;9
PA2024-2832;2024-09-07;Standard;15;Bestandskunde;Sonstige;Bearbeitung;14;Stahl;pulverbeschichtet;28;28;15;0,042;4;42;42;1,0;4;0;0;112;14
PA2024-2833;2024-09-03;Änderung;5;Bestandskunde;Sonstige;Bearbeitung;1;Stahl;pulverbeschichtet;26;26;7;0,002;4;3;3;1,0;4;0;0;7;1
PA2024-2834;2024-09-08;Standard;10;Bestandskunde;Sonstige;Bearbeitung;6;Stahl;pulverbeschichtet;26;26;7;0,012;4;18;18;1,0;4;0;0;42;6
PA2024-2835;2024-09-03;Standard;11;Bestandskunde;Logistiktechnik;Bearbeitung;13;Stahl;pulverbeschichtet;28;28;15;0,039;4;39;39;1,0;4;0;0;104;13
PA2024-2836;2024-09-08;Standard;15;Bestandskunde;Medizintechnik;Bearbeitung;8;Stahl;pulverbeschichtet;28;28;15;0,024;4;24;24;1,0;4;0;0;64;8
PA2024-2837;2024-09-08;Änderung;10;Bestandskunde;Maschinenbau;Bearbeitung;19;Stahl;pulverbeschichtet;26;26;7;0,038;4;57;57;1,0;4;0;0;133;19
PA2024-2838;2024-09-03;Standard;13;Bestandskunde;Automobilindustrie;Bearbeitung;2;Stahl;pulverbeschichtet;26;26;7;0,004;4;6;6;1,0;4;0;0;14;2
PA2024-2839;2024-09-06;Standard;7;Bestandskunde;Logistiktechnik;Bearbeitung;14;Stahl;pulverbeschichtet;28;28;15;0,042;4;42;42;1,0;4;0;0;112;14
PA2024-2840;2024-09-08;Standard;11;Bestandskunde;Automobilindustrie;Bearbeitung;2;Stahl;pulverbeschichtet;26;26;7;0,004;4;6;6;1,0;4;0;0;14;2
PA2024-2841;2024-09-05;Änderung;8;Bestandskunde;Automobilindustrie;Bearbeitung;4;Stahl;pulverbeschichtet;28;28;15;0,012;4;12;12;1,0;4;0;0;32;4
PA2024-2842;2024-09-06;Standard;5;Bestandskunde;Logistiktechnik;Bearbeitung;12;Stahl;pulverbeschichtet;26;26;7;0,024;4;36;36;1,0;4;0;0;84;12
PA2024-2843;2024-09-02;Standard;5;Bestandskunde;Automobilindustrie;Bearbeitung;3;Stahl;pulverbeschichtet;26;26;7;0,006;4;9;9;1,0;4;0;0;21;3
PA2024-2844;2024-09-03;Standard;8;Bestandskunde;Maschinenbau;Bearbeitung;9;Stahl;pulverbeschichtet;28;28;15;0,027;4;27;27;1,0;4;0;0;72;9
PA2024-2845;2024-09-06;Standard;13;Bestandskunde;Haushaltsgeräte;Bearbeitung;16;Stahl;pulverbeschichtet;26;26;7;0,032;4;48;48;1,0;4;0;0;112;16
PA2024-2846;2024-09-05;Standard;7;Bestandskunde;Sonstige;Bearbeitung;1;Stahl;pulverbeschichtet;26;26;7;0,002;4;3;3;1,0;4;0;0;7;1
PA2024-2847;2024-09-07;Standard;6;Bestandskunde;Medizintechnik;Bearbeitung;15;Stahl;pulverbeschichtet;28;28;15;0,045;4;45;45;1,0;4;0;0;120;15
PA2024-2848;2024-09-05;Änderung;11;Bestandskunde;Maschinenbau;Bearbeitung;1;Stahl;pulverbeschichtet;26;26;7;0,002;4;3;3;1,0;4;0;0;7;1
PA2024-2849;2024-09-02;Standard;4;Bestandskunde;Logistiktechnik;Bearbeitung;12;Stahl;pulverbeschichtet;26;26;7;0,024;4;36;36;1,0;4;0;0;84;12
PA2024-2850;2024-09-06;Standard;5;Neukunde;Logistiktechnik;Bearbeitung;11;Stahl;pulverbeschichtet;26;26;7;0,022;4;33;33;1,0;4;0;0;77;11
PA2024-2851;2024-09-09;Standard;7;Bestandskunde;Automobilindustrie;Bearbeitung;5;Stahl;pulverbeschichtet;26;26;7;0,01;4;15;15;1,0;4;0;0;35;5
PA2024-2852;2024-09-10;Änderung;11;Neukunde;Sonstige;Bearbeitung;7;Stahl;pulverbeschichtet;26;26;7;0,014;4;21;21;1,0;4;0;0;49;7
PA2024-2853;2024-09-09;Standard;10;Bestandskunde;Sonstige;Bearbeitung;4;Stahl;pulverbeschichtet;26;26;7;0,008;4;12;12;1,0;4;0;0;28;4
PA2024-2854;2024-09-13;Standard;5;Bestandskunde;Maschinenbau;Bearbeitung;2;Stahl;pulverbeschichtet;26;26;7;0,004;4;6;6;1,0;4;0;0;14;2
PA2024-2855;2024-09-10;Standard;13;Bestandskunde;Maschinenbau;Bearbeitung;5;Stahl;pulverbeschichtet;26;26;7;0,01;4;15;15;1,0;4;0;0;35;5
PA2024-2856;2024-09-14;Standard;4;Bestandskunde;Sonstige;Bearbeitung;16;Stahl;pulverbeschichtet;28;28;15;0,048;4;48;48;1,0;4;0;0;128;16
PA2024-2857;2024-09-10;Änderung;12;Bestandskunde;Sonstige;Bearbeitung;7;Stahl;pulverbeschichtet;26;26;7;0,014;4;21;21;1,0;4;0;0;49;7
PA2024-2858;2024-09-10;Änderung;7;Neukunde;Automobilindustrie;Bearbeitung;15;Stahl;pulverbeschichtet;26;26;7;0,03;4;45;45;1,0;4;0;0;105;15
PA2024-2859;2024-09-13;Standard;6;Bestandskunde;Logistiktechnik;Bearbeitung;16;Stahl;pulverbeschichtet;26;26;7;0,032;4;48;48;1,0;4;0;0;112;16
PA2024-2860;2024-09-10;Standard;7;Bestandskunde;Medizintechnik;Bearbeitung;17;Stahl;pulverbeschichtet;26;26;7;0,034;4;51;51;1,0;4;0;0;119;17
PA2024-2861;2024-09-12;Standard;11;Bestandskunde;Automobilindustrie;Bearbeitung;15;Stahl;pulverbeschichtet;28;28;15;0,045;4;45;45;1,0;4;0;0;120;15
PA2024-2862;2024-09-12;Änderung;14;Bestandskunde;Automobilindustrie;Bearbeitung;17;Stahl;pulverbeschichtet;26;26;7;0,034;4;51;51;1,0;4;0;0;119;17
PA2024-2863;2024-09-12;Änderung;4;Bestandskunde;Sonstige;Bearbeitung;5;Stahl;pulverbeschichtet;26;26;7;0,01;4;15;15;1,0;4;0;0;35;5
PA2024-2864;2024-09-11;Standard;8;Bestandskunde;Sonstige;Bearbeitung;18;Stahl;pulverbeschichtet;28;28;15;0,054;4;54;54;1,0;4;0;0;144;18
PA2024-2865;2024-09-15;Änderung;15;Bestandskunde;Maschinenbau;Bearbeitung;14;Stahl;pulverbeschichtet;26;26;7;0,028;4;42;42;1,0;4;0;0;98;14
PA2024-2866;2024-09-15;Standard;10;Bestandskunde;Haushaltsgeräte;Bearbeitung;11;Stahl;pulverbeschichtet;28;28;15;0,033;4;33;33;1,0;4;0;0;88;11
PA2024-2867;2024-09-10;Änderung;7;Bestandskunde;Maschinenbau;Bearbeitung;7;Stahl;pulverbeschichtet;28;28;15;0,021;4;21;21;1,0;4;0;0;56;7
PA2024-2868;2024-09-10;Änderung;15;Bestandskunde;Haushaltsgeräte;Bearbeitung;20;Stahl;pulverbeschichtet;26;26;7;0,04;4;60;60;1,0;4;0;0;140;20
PA2024-2869;2024-09-10;Standard;12;Bestandskunde;Haushaltsgeräte;Bearbeitung;19;Stahl;pulverbeschichtet;28;28;15;0,057;4;57;57;1,0;4;0;0;152;19
PA2024-2870;2024-09-10;Standard;12;Bestandskunde;Haushaltsgeräte;Bearbeitung;20;Stahl;pulverbeschichtet;26;26;7;0,04;4;60;60;1,0;4;0;0;140;20
PA2024-2871;2024-09-11;Standard;4;Bestandskunde;Medizintechnik;Bearbeitung;16;Stahl;pulverbeschichtet;28;28;15;0,048;4;48;48;1,0;4;0;0;128;16
PA2024-2872;2024-09-15;Standard;6;Bestandskunde;Medizintechnik;Bearbeitung;16;Stahl;pulverbeschichtet;26;26;7;0,032;4;48;48;1,0;4;0;0;112;16
PA2024-2873;2024-09-15;Änderung;10;Bestandskunde;Automobilindustrie;Bearbeitung;8;Stahl;pulverbeschichtet;28;28;15;0,024;4;24;24;1,0;4;0;0;64;8
PA2024-2874;2024-09-14;Standard;10;Bestandskunde;Automobilindustrie;Bearbeitung;3;Stahl;pulverbeschichtet;28;28;15;0,009;4;9;9;1,0;4;0;0;24;3
PA2024-2875;2024-09-10;Standard;13;Bestandskunde;Maschinenbau;Bearbeitung;10;Stahl;pulverbeschichtet;26;26;7;0,02;4;30;30;1,0;4;0;0;70;10
PA2024-2876;2024-09-13;Standard;14;Bestandskunde;Maschinenbau;Bearbeitung;11;Stahl;pulverbeschichtet;28;28;15;0,033;4;33;33;1,0;4;0;0;88;11
PA2024-2877;2024-09-09;Standard;12;Bestandskunde;Logistiktechnik;Bearbeitung;6;Stahl;pulverbeschichtet;28;28;15;0,018;4;18;18;1,0;4;0;0;48;6
PA2024-2878;2024-09-09;Standard;14;Bestandskunde;Automobilindustrie;Bearbeitung;3;Stahl;pulverbeschichtet;26;26;7;0,006;4;9;9;1,0;4;0;0;21;3
PA2024-2879;2024-09-12;Standard;9;Bestandskunde;Maschinenbau;Bearbeitung;3;Stahl;pulverbeschichtet;28;28;15;0,009;4;9;9;1,0;4;0;0;24;3
PA2024-2880;2024-09-10;Standard;11;Bestandskunde;Logistiktechnik;Bearbeitung;6;Stahl;pulverbeschichtet;28;28;15;0,018;4;18;18;1,0;4;0;0;48;6
PA2024-2881;2024-09-15;Standard;5;Bestandskunde;Maschinenbau;Bearbeitung;6;Stahl;pulverbeschichtet;26;26;7;0,012;4;18;18;1,0;4;0;0;42;6
PA2024-2882;2024-09-14;Änderung;4;Bestandskunde;Medizintechnik;Bearbeitung;16;Stahl;pulverbeschichtet;28;28;15;0,048;4;48;48;1,0;4;0;0;128;16
PA2024-2883;2024-09-14;Standard;5;Bestandskunde;Automobilindustrie;Bearbeitung;7;Stahl;pulverbeschichtet;26;26;7;0,014;4;21;21;1,0;4;0;0;49;7
PA2024-2884;2024-09-13;Standard;11;Bestandskunde;Automobilindustrie;Bearbeitung;15;Stahl;pulverbeschichtet;26;26;7;0,03;4;45;45;1,0;4;0;0;105;15
PA2024-2885;2024-09-13;Änderung;15;Bestandskunde;Sonstige;Bearbeitung;14;Stahl;pulverbeschichtet;28;28;15;0,042;4;42;42;1,0;4;0;0;112;14
PA2024-2886;2024-09-10;Standard;5;Bestandskunde;Sonstige;Bearbeitung;6;Stahl;pulverbeschichtet;28;28;15;0,018;4;18;18;1,0;4;0;0;48;6
PA2024-2887;2024-09-14;Standard;12;Bestandskunde;Sonstige;Bearbeitung;11;Stahl;pulverbeschichtet;26;26;7;0,022;4;33;33;1,0;4;0;0;77;11
PA2024-2888;2024-09-13;Änderung;12;Bestandskunde;Automobilindustrie;Bearbeitung;7;Stahl;pulverbeschichtet;28;28;15;0,021;4;21;21;1,0;4;0;0;56;7
PA2024-2889;2024-09-09;Standard;5;Bestandskunde;Automobilindustrie;Bearbeitung;10;Stahl;pulverbeschichtet;28;28;15;0,03;4;30;30;1,0;4;0;0;80;10
PA2024-2890;2024-09-13;Änderung;10;Bestandskunde;Maschinenbau;Bearbeitung;2;Stahl;pulverbeschichtet;26;26;7;0,004;4;6;6;1,0;4;0;0;14;2
PA2024-2891;2024-09-13;Standard;5;Bestandskunde;Maschinenbau;Bearbeitung;12;Stahl;pulverbeschichtet;26;26;7;0,024;4;36;36;1,0;4;0;0;84;12
PA2024-2892;2024-09-11;Standard;10;Bestandskunde;Maschinenbau;Bearbeitung;10;Stahl;pulverbeschichtet;28;28;15;0,03;4;30;30;1,0;4;0;0;80;10
PA2024-2893;2024-09-14;Änderung;5;Bestandskunde;Logistiktechnik;Bearbeitung;18;Stahl;pulverbeschichtet;28;28;15;0,054;4;54;54;1,0;4;0;0;144;18
PA2024-2894;2024-09-11;Standard;10;Bestandskunde;Haushaltsgeräte;Bearbeitung;16;Stahl;pulverbeschichtet;28;28;15;0,048;4;48;48;1,0;4;0;0;128;16
PA2024-2895;2024-09-13;Standard;13;Bestandskunde;Logistiktechnik;Bearbeitung;3;Stahl;pulverbeschichtet;28;28;15;0,009;4;9;9;1,0;4;0;0;24;3
PA2024-2896;2024-09-12;Standard;11;Neukunde;Automobilindustrie;Bearbeitung;9;Stahl;pulverbeschichtet;28;28;15;0,027;4;27;27;1,0;4;0;0;72;9
PA2024-2897;2024-09-09;Standard;14;Bestandskunde;Automobilindustrie;Bearbeitung;8;Stahl;pulverbeschichtet;28;28;15;0,024;4;24;24;1,0;4;0;0;64;8
PA2024-2898;2024-09-09;Standard;13;Bestandskunde;Automobilindustrie;Bearbeitung;20;Stahl;pulverbeschichtet;28;28;15;0,06;4;60;60;1,0;4;0;0;160;20
PA2024-2899;2024-09-12;Standard;5;Bestandskunde;Sonstige;Bearbeitung;12;Stahl;pulverbeschichtet;26;26;7;0,024;4;36;36;1,0;4;0;0;84;12
PA2024-2900;2024-09-10;Änderung;11;Bestandskunde;Sonstige;Bearbeitung;19;Stahl;pulverbeschichtet;26;26;7;0,038;4;57;57;1,0;4;0;0;133;19
PA2024-2901;2024-09-09;Änderung;8;Bestandskunde;Haushaltsgeräte;Bearbeitung;17;Stahl;pulverbeschichtet;28;28;15;0,051;4;51;51;1,0;4;0;0;136;17
PA2024-2902;2024-09-12;Standard;7;Bestandskunde;Haushaltsgeräte;Bearbeitung;3;Stahl;pulverbeschichtet;26;26;7;0,006;4;9;9;1,0;4;0;0;21;3
PA2024-2903;2024-09-11;Änderung;15;Bestandskunde;Maschinenbau;Bearbeitung;19;Stahl;pulverbeschichtet;28;28;15;0,057;4;57;57;1,0;4;0;0;152;19
PA2024-2904;2024-09-12;Standard;11;Bestandskunde;Sonstige;Bearbeitung;14;Stahl;pulverbeschichtet;28;28;15;0,042;4;42;42;1,0;4;0;0;112;14
PA2024-2905;2024-09-11;Änderung;9;Bestandskunde;Haushaltsgeräte;Bearbeitung;10;Stahl;pulverbeschichtet;26;26;7;0,02;4;30;30;1,0;4;0;0;70;10
PA2024-2906;2024-09-14;Änderung;10;Bestandskunde;Maschinenbau;Bearbeitung;10;Stahl;pulverbeschichtet;26;26;7;0,02;4;30;30;1,0;4;0;0;70;10
PA2024-2907;2024-09-13;Änderung;8;Bestandskunde;Maschinenbau;Bearbeitung;9;Stahl;pulverbeschichtet;26;26;7;0,018;4;27;27;1,0;4;0;0;63;9
PA2024-2908;2024-09-12;Änderung;10;Bestandskunde;Maschinenbau;Bearbeitung;14;Stahl;pulverbeschichtet;28;28;15;0,042;4;42;42;1,0;4;0;0;112;14
PA2024-2909;2024-09-13;Standard;6;Bestandskunde;Sonstige;Bearbeitung;11;Stahl;pulverbeschichtet;28;28;15;0,033;4;33;33;1,0;4;0;0;88;11
PA2024-2910;2024-09-13;Änderung;14;Bestandskunde;Automobilindustrie;Bearbeitung;19;Stahl;pulverbeschichtet;28;28;15;0,057;4;57;57;1,0;4;0;0;152;19
PA2024-2911;2024-09-10;Standard;8;Bestandskunde;Sonstige;Bearbeitung;19;Stahl;pulverbeschichtet;28;28;15;0,057;4;57;57;1,0;4;0;0;152;19
PA2024-2912;2024-09-09;Standard;8;Bestandskunde;Medizintechnik;Bearbeitung;2;Stahl;pulverbeschichtet;28;28;15;0,006;4;6;6;1,0;4;0;0;16;2
PA2024-2913;2024-09-11;Änderung;15;Bestandskunde;Sonstige;Bearbeitung;14;Stahl;pulverbeschichtet;28;28;15;0,042;4;42;42;1,0;4;0;0;112;14
PA2024-2914;2024-09-12;Standard;6;Bestandskunde;Sonstige;Bearbeitung;8;Stahl;pulverbeschichtet;28;28;15;0,024;4;24;24;1,0;4;0;0;64;8
PA2024-2915;2024-09-11;Standard;9;Neukunde;Automobilindustrie;Bearbeitung;13;Stahl;pulverbeschichtet;26;26;7;0,026;4;39;39;1,0;4;0;0;91;13
PA2024-2916;2024-09-14;Standard;9;Bestandskunde;Automobilindustrie;Bearbeitung;5;Stahl;pulverbeschichtet;26;26;7;0,01;4;15;15;1,0;4;0;0;35;5
PA2024-2917;2024-09-10;Standard;6;Bestandskunde;Logistiktechnik;Bearbeitung;11;Stahl;pulverbeschichtet;28;28;15;0,033;4;33;33;1,0;4;0;0;88;11
PA2024-2918;2024-09-13;Standard;11;Bestandskunde;Logistiktechnik;Bearbeitung;16;Stahl;pulverbeschichtet;28;28;15;0,048;4;48;48;1,0;4;0;0;128;16
PA2024-2919;2024-09-15;Änderung;5;Bestandskunde;Automobilindustrie;Bearbeitung;3;Stahl;pulverbeschichtet;26;26;7;0,006;4;9;9;1,0;4;0;0;21;3
PA2024-2920;2024-09-11;Standard;10;Bestandskunde;Sonstige;Bearbeitung;13;Stahl;pulverbeschichtet;28;28;15;0,039;4;39;39;1,0;4;0;0;104;13
PA2024-2921;2024-09-09;Standard;5;Bestandskunde;Automobilindustrie;Bearbeitung;12;Stahl;pulverbeschichtet;28;28;15;0,036;4;36;36;1,0;4;0;0;96;12
PA2024-2922;2024-09-11;Standard;7;Bestandskunde;Sonstige;Bearbeitung;5;Stahl;pulverbeschichtet;26;26;7;0,01;4;15;15;1,0;4;0;0;35;5
PA2024-2923;2024-09-10;Änderung;10;Bestandskunde;Logistiktechnik;Bearbeitung;14;Stahl;pulverbeschichtet;26;26;7;0,028;4;42;42;1,0;4;0;0;98;14
PA2024-2924;2024-09-09;Standard;10;Bestandskunde;Haushaltsgeräte;Bearbeitung;19;Stahl;pulverbeschichtet;26;26;7;0,038;4;57;57;1,0;4;0;0;133;19
PA2024-2925;2024-09-14;Standard;12;Bestandskunde;Haushaltsgeräte;Bearbeitung;1;Stahl;pulverbeschichtet;28;28;15;0,003;4;3;3;1,0;4;0;0;8;1
PA2024-2926;2024-09-14;Standard;6;Bestandskunde;Sonstige;Bearbeitung;19;Stahl;pulverbeschichtet;26;26;7;0,038;4;57;57;1,0;4;0;0;133;19
PA2024-2927;2024-09-15;Änderung;5;Bestandskunde;Sonstige;Bearbeitung;15;Stahl;pulverbeschichtet;26;26;7;0,03;4;45;45;1,0;4;0;0;105;15
PA2024-2928;2024-09-12;Standard;9;Bestandskunde;Automobilindustrie;Bearbeitung;7;Stahl;pulverbeschichtet;28;28;15;0,021;4;21;21;1,0;4;0;0;56;7
PA2024-2929;2024-09-10;Änderung;8;Bestandskunde;Medizintechnik;Bearbeitung;12;Stahl;pulverbeschichtet;28;28;15;0,036;4;36;36;1,0;4;0;0;96;12
PA2024-2930;2024-09-10;Standard;9;Bestandskunde;Logistiktechnik;Bearbeitung;15;Stahl;pulverbeschichtet;26;26;7;0,03;4;45;45;1,0;4;0;0;105;15
PA2024-2931;2024-09-15;Standard;8;Bestandskunde;Medizintechnik;Bearbeitung;5;Stahl;pulverbeschichtet;28;28;15;0,015;4;15;15;1,0;4;0;0;40;5
PA2024-2932;2024-09-10;Standard;3;Bestandskunde;Logistiktechnik;Bearbeitung;4;Stahl;pulverbeschichtet;26;26;7;0,008;4;12;12;1,0;4;0;0;28;4
PA2024-2933;2024-09-09;Standard;9;Bestandskunde;Automobilindustrie;Bearbeitung;14;Stahl;pulverbeschichtet;26;26;7;0,028;4;42;42;1,0;4;0;0;98;14
PA2024-2934;2024-09-09;Änderung;6;Bestandskunde;Automobilindustrie;Bearbeitung;15;Stahl;pulverbeschichtet;28;28;15;0,045;4;45;45;1,0;4;0;0;120;15
PA2024-2935;2024-09-12;Änderung;12;Bestandskunde;Maschinenbau;Bearbeitung;20;Stahl;pulverbeschichtet;28;28;15;0,06;4;60;60;1,0;4;0;0;160;20
PA2024-2936;2024-09-10;Änderung;4;Bestandskunde;Automobilindustrie;Bearbeitung;7;Stahl;pulverbeschichtet;28;28;15;0,021;4;21;21;1,0;4;0;0;56;7
PA2024-2937;2024-09-10;Änderung;8;Bestandskunde;Maschinenbau;Bearbeitung;9;Stahl;pulverbeschichtet;26;26;7;0,018;4;27;27;1,0;4;0;0;63;9
PA2024-2938;2024-09-10;Standard;3;Bestandskunde;Maschinenbau;Bearbeitung;5;Stahl;pulverbeschichtet;28;28;15;0,015;4;15;15;1,0;4;0;0;40;5
PA2024-2939;2024-09-13;Änderung;10;Bestandskunde;Medizintechnik;Bearbeitung;19;Stahl;pulverbeschichtet;26;26;7;0,038;4;57;57;1,0;4;0;0;133;19
PA2024-2940;2024-09-12;Änderung;6;Bestandskunde;Automobilindustrie;Bearbeitung;5;Stahl;pulverbeschichtet;26;26;7;0,01;4;15;15;1,0;4;0;0;35;5
PA2024-2941;2024-09-18;Standard;4;Bestandskunde;Automobilindustrie;Bearbeitung;14;Stahl;pulverbeschichtet;28;28;15;0,042;4;42;42;1,0;4;0;0;112;14
PA2024-2942;2024-09-20;Änderung;13;Bestandskunde;Medizintechnik;Bearbeitung;16;Stahl;pulverbeschichtet;28;28;15;0,048;4;48;48;1,0;4;0;0;128;16
PA2024-2943;2024-09-22;Standard;10;Bestandskunde;Automobilindustrie;Bearbeitung;20;Stahl;pulverbeschichtet;28;28;15;0,06;4;60;60;1,0;4;0;0;160;20
PA2024-2944;2024-09-16;Standard;13;Bestandskunde;Logistiktechnik;Bearbeitung;18;Stahl;pulverbeschichtet;26;26;7;0,036;4;54;54;1,0;4;0;0;126;18
PA2024-2945;2024-09-22;Standard;15;Bestandskunde;Sonstige;Bearbeitung;3;Stahl;pulverbeschichtet;28;28;15;0,009;4;9;9;1,0;4;0;0;24;3
PA2024-2946;2024-09-18;Standard;4;Bestandskunde;Haushaltsgeräte;Bearbeitung;11;Stahl;pulverbeschichtet;26;26;7;0,022;4;33;33;1,0;4;0;0;77;11
PA2024-2947;2024-09-22;Standard;10;Neukunde;Automobilindustrie;Bearbeitung;5;Stahl;pulverbeschichtet;28;28;15;0,015;4;15;15;1,0;4;0;0;40;5
PA2024-2948;2024-09-17;Standard;8;Bestandskunde;Maschinenbau;Bearbeitung;3;Stahl;pulverbeschichtet;26;26;7;0,006;4;9;9;1,0;4;0;0;21;3
PA2024-2949;2024-09-17;Änderung;5;Bestandskunde;Logistiktechnik;Bearbeitung;17;Stahl;pulverbeschichtet;26;26;7;0,034;4;51;51;1,0;4;0;0;119;17
PA2024-2950;2024-09-16;Standard;9;Bestandskunde;Logistiktechnik;Bearbeitung;18;Stahl;pulverbeschichtet;28;28;15;0,054;4;54;54;1,0;4;0;0;144;18
PA2024-2951;2024-09-20;Änderung;4;Neukunde;Sonstige;Bearbeitung;3;Stahl;pulverbeschichtet;28;28;15;0,009;4;9;9;1,0;4;0;0;24;3
PA2024-2952;2024-09-22;Standard;15;Bestandskunde;Automobilindustrie;Bearbeitung;8;Stahl;pulverbeschichtet;28;28;15;0,024;4;24;24;1,0;4;0;0;64;8
PA2024-2953;2024-09-16;Standard;9;Bestandskunde;Medizintechnik;Bearbeitung;11;Stahl;pulverbeschichtet;26;26;7;0,022;4;33;33;1,0;4;0;0;77;11
PA2024-2954;2024-09-16;Standard;8;Bestandskunde;Automobilindustrie;Bearbeitung;13;Stahl;pulverbeschichtet;26;26;7;0,026;4;39;39;1,0;4;0;0;91;13
PA2024-2955;2024-09-17;Änderung;13;Bestandskunde;Haushaltsgeräte;Bearbeitung;10;Stahl;pulverbeschichtet;28;28;15;0,03;4;30;30;1,0;4;0;0;80;10
PA2024-2956;2024-09-16;Standard;13;Bestandskunde;Automobilindustrie;Bearbeitung;9;Stahl;pulverbeschichtet;26;26;7;0,018;4;27;27;1,0;4;0;0;63;9
PA2024-2957;2024-09-17;Änderung;3;Bestandskunde;Sonstige;Bearbeitung;7;Stahl;pulverbeschichtet;28;28;15;0,021;4;21;21;1,0;4;0;0;56;7
PA2024-2958;2024-09-18;Standard;13;Bestandskunde;Maschinenbau;Bearbeitung;10;Stahl;pulverbeschichtet;28;28;15;0,03;4;30;30;1,0;4;0;0;80;10
PA2024-2959;2024-09-20;Änderung;10;Bestandskunde;Maschinenbau;Bearbeitung;6;Stahl;pulverbeschichtet;28;28;15;0,018;4;18;18;1,0;4;0;0;48;6
PA2024-2960;2024-09-20;Standard;11;Bestandskunde;Sonstige;Bearbeitung;3;Stahl;pulverbeschichtet;26;26;7;0,006;4;9;9;1,0;4;0;0;21;3
PA2024-2961;2024-09-22;Standard;15;Bestandskunde;Maschinenbau;Bearbeitung;6;Stahl;pulverbeschichtet;28;28;15;0,018;4;18;18;1,0;4;0;0;48;6
PA2024-2962;2024-09-21;Standard;8;Bestandskunde;Automobilindustrie;Bearbeitung;11;Stahl;pulverbeschichtet;28;28;15;0,033;4;33;33;1,0;4;0;0;88;11
PA2024-2963;2024-09-18;Standard;7;Bestandskunde;Logistiktechnik;Bearbeitung;11;Stahl;pulverbeschichtet;28;28;15;0,033;4;33;33;1,0;4;0;0;88;11
PA2024-2964;2024-09-18;Standard;7;Bestandskunde;Maschinenbau;Bearbeitung;13;Stahl;pulverbeschichtet;26;26;7;0,026;4;39;39;1,0;4;0;0;91;13
PA2024-2965;2024-09-16;Änderung;7;Bestandskunde;Maschinenbau;Bearbeitung;12;Stahl;pulverbeschichtet;28;28;15;0,036;4;36;36;1,0;4;0;0;96;12
PA2024-2966;2024-09-20;Standard;10;Bestandskunde;Haushaltsgeräte;Bearbeitung;14;Stahl;pulverbeschichtet;26;26;7;0,028;4;42;42;1,0;4;0;0;98;14
PA2024-2967;2024-09-17;Änderung;11;Bestandskunde;Logistiktechnik;Bearbeitung;19;Stahl;pulverbeschichtet;26;26;7;0,038;4;57;57;1,0;4;0;0;133;19
PA2024-2968;2024-09-19;Änderung;8;Bestandskunde;Automobilindustrie;Bearbeitung;5;Stahl;pulverbeschichtet;28;28;15;0,015;4;15;15;1,0;4;0;0;40;5
PA2024-2969;2024-09-22;Änderung;10;Bestandskunde;Maschinenbau;Bearbeitung;2;Stahl;pulverbeschichtet;28;28;15;0,006;4;6;6;1,0;4;0;0;16;2
PA2024-2970;2024-09-16;Änderung;11;Bestandskunde;Haushaltsgeräte;Bearbeitung;1;Stahl;pulverbeschichtet;28;28;15;0,003;4;3;3;1,0;4;0;0;8;1
PA2024-2971;2024-09-17;Standard;8;Bestandskunde;Maschinenbau;Bearbeitung;18;Stahl;pulverbeschichtet;28;28;15;0,054;4;54;54;1,0;4;0;0;144;18
PA2024-2972;2024-09-18;Änderung;8;Bestandskunde;Maschinenbau;Bearbeitung;3;Stahl;pulverbeschichtet;26;26;7;0,006;4;9;9;1,0;4;0;0;21;3
PA2024-2973;2024-09-16;Standard;8;Bestandskunde;Sonstige;Bearbeitung;10;Stahl;pulverbeschichtet;26;26;7;0,02;4;30;30;1,0;4;0;0;70;10
PA2024-2974;2024-09-20;Änderung;5;Bestandskunde;Maschinenbau;Bearbeitung;18;Stahl;pulverbeschichtet;26;26;7;0,036;4;54;54;1,0;4;0;0;126;18
PA2024-2975;2024-09-18;Standard;3;Bestandskunde;Sonstige;Bearbeitung;17;Stahl;pulverbeschichtet;28;28;15;0,051;4;51;51;1,0;4;0;0;136;17
PA2024-2976;2024-09-20;Änderung;4;Bestandskunde;Sonstige;Bearbeitung;5;Stahl;pulverbeschichtet;28;28;15;0,015;4;15;15;1,0;4;0;0;40;5
PA2024-2977;2024-09-22;Standard;13;Bestandskunde;Automobilindustrie;Bearbeitung;16;Stahl;pulverbeschichtet;26;26;7;0,032;4;48;48;1,0;4;0;0;112;16
PA2024-2978;2024-09-20;Änderung;14;Bestandskunde;Maschinenbau;Bearbeitung;11;Stahl;pulverbeschichtet;28;28;15;0,033;4;33;33;1,0;4;0;0;88;11
PA2024-2979;2024-09-19;Änderung;10;Bestandskunde;Medizintechnik;Bearbeitung;10;Stahl;pulverbeschichtet;28;28;15;0,03;4;30;30;1,0;4;0;0;80;10
PA2024-2980;2024-09-21;Änderung;6;Bestandskunde;Sonstige;Bearbeitung;4;Stahl;pulverbeschichtet;26;26;7;0,008;4;12;12;1,0;4;0;0;28;4
PA2024-2981;2024-09-22;Standard;7;Bestandskunde;Sonstige;Bearbeitung;1;Stahl;pulverbeschichtet;26;26;7;0,002;4;3;3;1,0;4;0;0;7;1
PA2024-2982;2024-09-16;Änderung;4;Bestandskunde;Maschinenbau;Bearbeitung;18;Stahl;pulverbeschichtet;28;28;15;0,054;4;54;54;1,0;4;0;0;144;18
PA2024-2983;2024-09-18;Standard;14;Bestandskunde;Logistiktechnik;Bearbeitung;19;Stahl;pulverbeschichtet;26;26;7;0,038;4;57;57;1,0;4;0;0;133;19
PA2024-2984;2024-09-19;Standard;13;Bestandskunde;Maschinenbau;Bearbeitung;19;Stahl;pulverbeschichtet;26;26;7;0,038;4;57;57;1,0;4;0;0;133;19
PA2024-2985;2024-09-21;Änderung;15;Bestandskunde;Automobilindustrie;Bearbeitung;7;Stahl;pulverbeschichtet;28;28;15;0,021;4;21;21;1,0;4;0;0;56;7
PA2024-2986;2024-09-16;Änderung;9;Bestandskunde;Medizintechnik;Bearbeitung;1;Stahl;pulverbeschichtet;26;26;7;0,002;4;3;3;1,0;4;0;0;7;1
PA2024-2987;2024-09-16;Standard;4;Bestandskunde;Haushaltsgeräte;Bearbeitung;6;Stahl;pulverbeschichtet;26;26;7;0,012;4;18;18;1,0;4;0;0;42;6
PA2024-2988;2024-09-20;Standard;11;Bestandskunde;Maschinenbau;Bearbeitung;11;Stahl;pulverbeschichtet;28;28;15;0,033;4;33;33;1,0;4;0;0;88;11
PA2024-2989;2024-09-22;Standard;8;Neukunde;Sonstige;Bearbeitung;8;Stahl;pulverbeschichtet;26;26;7;0,016;4;24;24;1,0;4;0;0;56;8
PA2024-2990;2024-09-20;Standard;6;Bestandskunde;Haushaltsgeräte;Bearbeitung;20;Stahl;pulverbeschichtet;26;26;7;0,04;4;60;60;1,0;4;0;0;140;20
PA2024-2991;2024-09-16;Standard;14;Bestandskunde;Logistiktechnik;Bearbeitung;6;Stahl;pulverbeschichtet;26;26;7;0,012;4;18;18;1,0;4;0;0;42;6
PA2024-2992;2024-09-17;Änderung;8;Bestandskunde;Automobilindustrie;Bearbeitung;7;Stahl;pulverbeschichtet;28;28;15;0,021;4;21;21;1,0;4;0;0;56;7
PA2024-2993;2024-09-22;Standard;9;Bestandskunde;Logistiktechnik;Bearbeitung;3;Stahl;pulverbeschichtet;28;28;15;0,009;4;9;9;1,0;4;0;0;24;3
PA2024-2994;2024-09-16;Standard;13;Bestandskunde;Automobilindustrie;Bearbeitung;8;Stahl;pulverbeschichtet;28;28;15;0,024;4;24;24;1,0;4;0;0;64;8
PA2024-2995;2024-09-18;Änderung;6;Bestandskunde;Automobilindustrie;Bearbeitung;5;Stahl;pulverbeschichtet;28;28;15;0,015;4;15;15;1,0;4;0;0;40;5
PA2024-2996;2024-09-17;Standard;7;Bestandskunde;Sonstige;Bearbeitung;17;Stahl;pulverbeschichtet;26;26;7;0,034;4;51;51;1,0;4;0;0;119;17
PA2024-2997;2024-09-17;Standard;13;Bestandskunde;Automobilindustrie;Bearbeitung;3;Stahl;pulverbeschichtet;26;26;7;0,006;4;9;9;1,0;4;0;0;21;3
PA2024-2998;2024-09-21;Standard;4;Bestandskunde;Maschinenbau;Bearbeitung;16;Stahl;pulverbeschichtet;28;28;15;0,048;4;48;48;1,0;4;0;0;128;16
PA2024-2999;2024-09-21;Standard;5;Bestandskunde;Haushaltsgeräte;Bearbeitung;12;Stahl;pulverbeschichtet;28;28;15;0,036;4;36;36;1,0;4;0;0;96;12
PA2024-3000;2024-09-21;Standard;15;Bestandskunde;Sonstige;Bearbeitung;9;Stahl;pulverbeschichtet;26;26;7;0,018;4;27;27;1,0;4;0;0;63;9
PA2024-3001;2024-09-20;Standard;5;Bestandskunde;Automobilindustrie;Bearbeitung;14;Stahl;pulverbeschichtet;26;26;7;0,028;4;42;42;1,0;4;0;0;98;14
PA2024-3002;2024-09-20;Änderung;5;Bestandskunde;Maschinenbau;Bearbeitung;19;Stahl;pulverbeschichtet;26;26;7;0,038;4;57;57;1,0;4;0;0;133;19
PA2024-3003;2024-09-18;Änderung;14;Bestandskunde;Maschinenbau;Bearbeitung;5;Stahl;pulverbeschichtet;26;26;7;0,01;4;15;15;1,0;4;0;0;35;5
PA2024-3004;2024-09-18;Änderung;12;Bestandskunde;Sonstige;Bearbeitung;20;Stahl;pulverbeschichtet;28;28;15;0,06;4;60;60;1,0;4;0;0;160;20
PA2024-3005;2024-09-22;Standard;6;Bestandskunde;Maschinenbau;Bearbeitung;10;Stahl;pulverbeschichtet;28;28;15;0,03;4;30;30;1,0;4;0;0;80;10
PA2024-3006;2024-09-18;Standard;8;Bestandskunde;Logistiktechnik;Bearbeitung;1;Stahl;pulverbeschichtet;26;26;7;0,002;4;3;3;1,0;4;0;0;7;1
PA2024-3007;2024-09-18;Änderung;7;Bestandskunde;Sonstige;Bearbeitung;15;Stahl;pulverbeschichtet;28;28;15;0,045;4;45;45;1,0;4;0;0;120;15
PA2024-3008;2024-09-19;Änderung;6;Bestandskunde;Maschinenbau;Bearbeitung;19;Stahl;pulverbeschichtet;28;28;15;0,057;4;57;57;1,0;4;0;0;152;19
PA2024-3009;2024-09-22;Änderung;15;Bestandskunde;Automobilindustrie;Bearbeitung;1;Stahl;pulverbeschichtet;28;28;15;0,003;4;3;3;1,0;4;0;0;8;1
PA2024-3010;2024-09-18;Standard;14;Bestandskunde;Maschinenbau;Bearbeitung;20;Stahl;pulverbeschichtet;26;26;7;0,04;4;60;60;1,0;4;0;0;140;20
PA2024-3011;2024-09-18;Standard;5;Bestandskunde;Sonstige;Bearbeitung;20;Stahl;pulverbeschichtet;28;28;15;0,06;4;60;60;1,0;4;0;0;160;20
PA2024-3012;2024-09-19;Änderung;13;Neukunde;Haushaltsgeräte;Bearbeitung;17;Stahl;pulverbeschichtet;28;28;15;0,051;4;51;51;1,0;4;0;0;136;17
PA2024-3013;2024-09-19;Standard;6;Bestandskunde;Logistiktechnik;Bearbeitung;19;Stahl;pulverbeschichtet;28;28;15;0,057;4;57;57;1,0;4;0;0;152;19
PA2024-3014;2024-09-18;Änderung;11;Bestandskunde;Logistiktechnik;Bearbeitung;17;Stahl;pulverbeschichtet;26;26;7;0,034;4;51;51;1,0;4;0;0;119;17
PA2024-3015;2024-09-18;Standard;7;Bestandskunde;Automobilindustrie;Bearbeitung;2;Stahl;pulverbeschichtet;28;28;15;0,006;4;6;6;1,0;4;0;0;16;2
PA2024-3016;2024-09-17;Standard;13;Bestandskunde;Maschinenbau;Bearbeitung;18;Stahl;pulverbeschichtet;26;26;7;0,036;4;54;54;1,0;4;0;0;126;18
PA2024-3017;2024-09-22;Änderung;8;Bestandskunde;Maschinenbau;Bearbeitung;12;Stahl;pulverbeschichtet;26;26;7;0,024;4;36;36;1,0;4;0;0;84;12
PA2024-3018;2024-09-16;Standard;9;Neukunde;Logistiktechnik;Bearbeitung;11;Stahl;pulverbeschichtet;26;26;7;0,022;4;33;33;1,0;4;0;0;77;11
PA2024-3019;2024-09-21;Standard;9;Bestandskunde;Sonstige;Bearbeitung;9;Stahl;pulverbeschichtet;28;28;15;0,027;4;27;27;1,0;4;0;0;72;9
PA2024-3020;2024-09-19;Standard;8;Bestandskunde;Logistiktechnik;Bearbeitung;15;Stahl;pulverbeschichtet;26;26;7;0,03;4;45;45;1,0;4;0;0;105;15
PA2024-3021;2024-09-16;Änderung;4;Bestandskunde;Logistiktechnik;Bearbeitung;13;Stahl;pulverbeschichtet;28;28;15;0,039;4;39;39;1,0;4;0;0;104;13
PA2024-3022;2024-09-20;Standard;10;Bestandskunde;Maschinenbau;Bearbeitung;12;Stahl;pulverbeschichtet;28;28;15;0,036;4;36;36;1,0;4;0;0;96;12
PA2024-3023;2024-09-16;Standard;9;Bestandskunde;Maschinenbau;Bearbeitung;15;Stahl;pulverbeschichtet;28;28;15;0,045;4;45;45;1,0;4;0;0;120;15
PA2024-3024;2024-09-19;Standard;4;Bestandskunde;Automobilindustrie;Bearbeitung;1;Stahl;pulverbeschichtet;28;28;15;0,003;4;3;3;1,0;4;0;0;8;1
PA2024-3025;2024-09-17;Standard;13;Bestandskunde;Haushaltsgeräte;Bearbeitung;1;Stahl;pulverbeschichtet;26;26;7;0,002;4;3;3;1,0;4;0;0;7;1
PA2024-3026;2024-09-19;Standard;11;Bestandskunde;Automobilindustrie;Bearbeitung;8;Stahl;pulverbeschichtet;26;26;7;0,016;4;24;24;1,0;4;0;0;56;8
PA2024-3027;2024-09-18;Änderung;9;Bestandskunde;Haushaltsgeräte;Bearbeitung;2;Stahl;pulverbeschichtet;28;28;15;0,006;4;6;6;1,0;4;0;0;16;2
PA2024-3028;2024-09-18;Änderung;11;Bestandskunde;Automobilindustrie;Bearbeitung;13;Stahl;pulverbeschichtet;28;28;15;0,039;4;39;39;1,0;4;0;0;104;13
PA2024-3029;2024-09-18;Änderung;4;Bestandskunde;Logistiktechnik;Bearbeitung;5;Stahl;pulverbeschichtet;28;28;15;0,015;4;15;15;1,0;4;0;0;40;5
PA2024-3030;2024-09-18;Standard;12;Bestandskunde;Logistiktechnik;Bearbeitung;14;Stahl;pulverbeschichtet;26;26;7;0,028;4;42;42;1,0;4;0;0;98;14
PA2024-3031;2024-09-29;Standard;8;Bestandskunde;Sonstige;Bearbeitung;8;Stahl;pulverbeschichtet;26;26;7;0,016;4;24;24;1,0;4;0;0;56;8
PA2024-3032;2024-09-26;Standard;3;Bestandskunde;Maschinenbau;Bearbeitung;13;Stahl;pulverbeschichtet;26;26;7;0,026;4;39;39;1,0;4;0;0;91;13
PA2024-3033;2024-09-25;Standard;11;Bestandskunde;Maschinenbau;Bearbeitung;14;Stahl;pulverbeschichtet;28;28;15;0,042;4;42;42;1,0;4;0;0;112;14
PA2024-3034;2024-09-23;Standard;9;Bestandskunde;Logistiktechnik;Bearbeitung;16;Stahl;pulverbeschichtet;28;28;15;0,048;4;48;48;1,0;4;0;0;128;16
PA2024-3035;2024-09-25;Standard;11;Bestandskunde;Logistiktechnik;Bearbeitung;6;Stahl;pulverbeschichtet;26;26;7;0,012;4;18;18;1,0;4;0;0;42;6
PA2024-3036;2024-09-28;Änderung;9;Bestandskunde;Automobilindustrie;Bearbeitung;3;Stahl;pulverbeschichtet;26;26;7;0,006;4;9;9;1,0;4;0;0;21;3
PA2024-3037;2024-09-24;Standard;7;Bestandskunde;Automobilindustrie;Bearbeitung;6;Stahl;pulverbeschichtet;26;26;7;0,012;4;18;18;1,0;4;0;0;42;6
PA2024-3038;2024-09-27;Änderung;8;Bestandskunde;Maschinenbau;Bearbeitung;11;Stahl;pulverbeschichtet;28;28;15;0,033;4;33;33;1,0;4;0;0;88;11
PA2024-3039;2024-09-24;Standard;10;Bestandskunde;Automobilindustrie;Bearbeitung;5;Stahl;pulverbeschichtet;28;28;15;0,015;4;15;15;1,0;4;0;0;40;5
PA2024-3040;2024-09-26;Änderung;6;Bestandskunde;Haushaltsgeräte;Bearbeitung;12;Stahl;pulverbeschichtet;28;28;15;0,036;4;36;36;1,0;4;0;0;96;12
PA2024-3041;2024-09-23;Standard;4;Bestandskunde;Automobilindustrie;Bearbeitung;2;Stahl;pulverbeschichtet;26;26;7;0,004;4;6;6;1,0;4;0;0;14;2
PA2024-3042;2024-09-27;Änderung;5;Bestandskunde;Automobilindustrie;Bearbeitung;9;Stahl;pulverbeschichtet;28;28;15;0,027;4;27;27;1,0;4;0;0;72;9
PA2024-3043;2024-09-29;Änderung;12;Bestandskunde;Automobilindustrie;Bearbeitung;5;Stahl;pulverbeschichtet;28;28;15;0,015;4;15;15;1,0;4;0;0;40;5
PA2024-3044;2024-09-29;Änderung;15;Bestandskunde;Logistiktechnik;Bearbeitung;10;Stahl;pulverbeschichtet;28;28;15;0,03;4;30;30;1,0;4;0;0;80;10
PA2024-3045;2024-09-23;Standard;12;Bestandskunde;Logistiktechnik;Bearbeitung;19;Stahl;pulverbeschichtet;26;26;7;0,038;4;57;57;1,0;4;0;0;133;19
PA2024-3046;2024-09-25;Standard;10;Bestandskunde;Automobilindustrie;Bearbeitung;2;Stahl;pulverbeschichtet;28;28;15;0,006;4;6;6;1,0;4;0;0;16;2
PA2024-3047;2024-09-26;Standard;15;Bestandskunde;Automobilindustrie;Bearbeitung;4;Stahl;pulverbeschichtet;28;28;15;0,012;4;12;12;1,0;4;0;0;32;4
PA2024-3048;2024-09-23;Standard;5;Bestandskunde;Sonstige;Bearbeitung;17;Stahl;pulverbeschichtet;26;26;7;0,034;4;51;51;1,0;4;0;0;119;17
PA2024-3049;2024-09-23;Standard;15;Bestandskunde;Automobilindustrie;Bearbeitung;6;Stahl;pulverbeschichtet;26;26;7;0,012;4;18;18;1,0;4;0;0;42;6
PA2024-3050;2024-09-29;Änderung;8;Bestandskunde;Automobilindustrie;Bearbeitung;1;Stahl;pulverbeschichtet;26;26;7;0,002;4;3;3;1,0;4;0;0;7;1
PA2024-3051;2024-09-26;Standard;6;Bestandskunde;Automobilindustrie;Bearbeitung;6;Stahl;pulverbeschichtet;28;28;15;0,018;4;18;18;1,0;4;0;0;48;6
PA2024-3052;2024-09-28;Standard;10;Bestandskunde;Logistiktechnik;Bearbeitung;7;Stahl;pulverbeschichtet;26;26;7;0,014;4;21;21;1,0;4;0;0;49;7
PA2024-3053;2024-09-24;Änderung;14;Neukunde;Logistiktechnik;Bearbeitung;2;Stahl;pulverbeschichtet;28;28;15;0,006;4;6;6;1,0;4;0;0;16;2
PA2024-3054;2024-09-25;Standard;12;Bestandskunde;Logistiktechnik;Bearbeitung;9;Stahl;pulverbeschichtet;26;26;7;0,018;4;27;27;1,0;4;0;0;63;9
PA2024-3055;2024-09-23;Änderung;14;Bestandskunde;Automobilindustrie;Bearbeitung;6;Stahl;pulverbeschichtet;28;28;15;0,018;4;18;18;1,0;4;0;0;48;6
PA2024-3056;2024-09-23;Änderung;10;Bestandskunde;Maschinenbau;Bearbeitung;5;Stahl;pulverbeschichtet;28;28;15;0,015;4;15;15;1,0;4;0;0;40;5
PA2024-3057;2024-09-28;Standard;13;Bestandskunde;Automobilindustrie;Bearbeitung;2;Stahl;pulverbeschichtet;28;28;15;0,006;4;6;6;1,0;4;0;0;16;2
PA2024-3058;2024-09-23;Standard;4;Bestandskunde;Automobilindustrie;Bearbeitung;16;Stahl;pulverbeschichtet;26;26;7;0,032;4;48;48;1,0;4;0;0;112;16
PA2024-3059;2024-09-27;Standard;8;Bestandskunde;Logistiktechnik;Bearbeitung;11;Stahl;pulverbeschichtet;26;26;7;0,022;4;33;33;1,0;4;0;0;77;11
PA2024-3060;2024-09-28;Standard;5;Bestandskunde;Logistiktechnik;Bearbeitung;17;Stahl;pulverbeschichtet;26;26;7;0,034;4;51;51;1,0;4;0;0;119;17
PA2024-3061;2024-09-24;Standard;10;Bestandskunde;Medizintechnik;Bearbeitung;17;Stahl;pulverbeschichtet;28;28;15;0,051;4;51;51;1,0;4;0;0;136;17
PA2024-3062;2024-09-29;Standard;15;Bestandskunde;Maschinenbau;Bearbeitung;18;Stahl;pulverbeschichtet;28;28;15;0,054;4;54;54;1,0;4;0;0;144;18
PA2024-3063;2024-09-25;Standard;12;Bestandskunde;Maschinenbau;Bearbeitung;17;Stahl;pulverbeschichtet;28;28;15;0,051;4;51;51;1,0;4;0;0;136;17
PA2024-3064;2024-09-24;Standard;7;Bestandskunde;Medizintechnik;Bearbeitung;15;Stahl;pulverbeschichtet;26;26;7;0,03;4;45;45;1,0;4;0;0;105;15
PA2024-3065;2024-09-25;Änderung;15;Bestandskunde;Automobilindustrie;Bearbeitung;15;Stahl;pulverbeschichtet;26;26;7;0,03;4;45;45;1,0;4;0;0;105;15
PA2024-3066;2024-09-23;Änderung;11;Bestandskunde;Maschinenbau;Bearbeitung;9;Stahl;pulverbeschichtet;26;26;7;0,018;4;27;27;1,0;4;0;0;63;9
PA2024-3067;2024-09-29;Änderung;10;Bestandskunde;Maschinenbau;Bearbeitung;16;Stahl;pulverbeschichtet;28;28;15;0,048;4;48;48;1,0;4;0;0;128;16
PA2024-3068;2024-09-27;Standard;5;Bestandskunde;Maschinenbau;Bearbeitung;1;Stahl;pulverbeschichtet;26;26;7;0,002;4;3;3;1,0;4;0;0;7;1
PA2024-3069;2024-09-29;Änderung;14;Bestandskunde;Automobilindustrie;Bearbeitung;3;Stahl;pulverbeschichtet;26;26;7;0,006;4;9;9;1,0;4;0;0;21;3
PA2024-3070;2024-09-29;Standard;5;Neukunde;Sonstige;Bearbeitung;19;Stahl;pulverbeschichtet;26;26;7;0,038;4;57;57;1,0;4;0;0;133;19
PA2024-3071;2024-09-28;Standard;7;Bestandskunde;Sonstige;Bearbeitung;19;Stahl;pulverbeschichtet;26;26;7;0,038;4;57;57;1,0;4;0;0;133;19
PA2024-3072;2024-09-25;Standard;7;Bestandskunde;Logistiktechnik;Bearbeitung;14;Stahl;pulverbeschichtet;26;26;7;0,028;4;42;42;1,0;4;0;0;98;14
PA2024-3073;2024-09-29;Änderung;12;Bestandskunde;Medizintechnik;Bearbeitung;11;Stahl;pulverbeschichtet;26;26;7;0,022;4;33;33;1,0;4;0;0;77;11
PA2024-3074;2024-09-28;Standard;4;Bestandskunde;Haushaltsgeräte;Bearbeitung;7;Stahl;pulverbeschichtet;26;26;7;0,014;4;21;21;1,0;4;0;0;49;7
PA2024-3075;2024-09-23;Standard;6;Bestandskunde;Sonstige;Bearbeitung;19;Stahl;pulverbeschichtet;26;26;7;0,038;4;57;57;1,0;4;0;0;133;19
PA2024-3076;2024-09-24;Standard;7;Bestandskunde;Maschinenbau;Bearbeitung;10;Stahl;pulverbeschichtet;26;26;7;0,02;4;30;30;1,0;4;0;0;70;10
PA2024-3077;2024-09-25;Standard;6;Bestandskunde;Logistiktechnik;Bearbeitung;19;Stahl;pulverbeschichtet;26;26;7;0,038;4;57;57;1,0;4;0;0;133;19
PA2024-3078;2024-09-29;Änderung;6;Neukunde;Automobilindustrie;Bearbeitung;2;Stahl;pulverbeschichtet;26;26;7;0,004;4;6;6;1,0;4;0;0;14;2
PA2024-3079;2024-09-23;Standard;7;Bestandskunde;Sonstige;Bearbeitung;7;Stahl;pulverbeschichtet;28;28;15;0,021;4;21;21;1,0;4;0;0;56;7
PA2024-3080;2024-09-25;Änderung;15;Bestandskunde;Sonstige;Bearbeitung;13;Stahl;pulverbeschichtet;28;28;15;0,039;4;39;39;1,0;4;0;0;104;13
PA2024-3081;2024-09-23;Standard;9;Bestandskunde;Maschinenbau;Bearbeitung;20;Stahl;pulverbeschichtet;26;26;7;0,04;4;60;60;1,0;4;0;0;140;20
PA2024-3082;2024-09-24;Standard;8;Bestandskunde;Maschinenbau;Bearbeitung;2;Stahl;pulverbeschichtet;28;28;15;0,006;4;6;6;1,0;4;0;0;16;2
PA2024-3083;2024-09-27;Änderung;10;Bestandskunde;Maschinenbau;Bearbeitung;14;Stahl;pulverbeschichtet;26;26;7;0,028;4;42;42;1,0;4;0;0;98;14
PA2024-3084;2024-09-28;Standard;10;Bestandskunde;Maschinenbau;Bearbeitung;11;Stahl;pulverbeschichtet;26;26;7;0,022;4;33;33;1,0;4;0;0;77;11
PA2024-3085;2024-09-24;Standard;14;Bestandskunde;Medizintechnik;Bearbeitung;4;Stahl;pulverbeschichtet;28;28;15;0,012;4;12;12;1,0;4;0;0;32;4
PA2024-3086;2024-09-25;Standard;8;Bestandskunde;Logistiktechnik;Bearbeitung;2;Stahl;pulverbeschichtet;26;26;7;0,004;4;6;6;1,0;4;0;0;14;2
PA2024-3087;2024-09-26;Standard;14;Bestandskunde;Automobilindustrie;Bearbeitung;6;Stahl;pulverbeschichtet;26;26;7;0,012;4;18;18;1,0;4;0;0;42;6
PA2024-3088;2024-09-26;Standard;12;Bestandskunde;Sonstige;Bearbeitung;10;Stahl;pulverbeschichtet;28;28;15;0,03;4;30;30;1,0;4;0;0;80;10
PA2024-3089;2024-09-26;Standard;9;Bestandskunde;Logistiktechnik;Bearbeitung;14;Stahl;pulverbeschichtet;26;26;7;0,028;4;42;42;1,0;4;0;0;98;14
PA2024-3090;2024-09-23;Standard;14;Bestandskunde;Maschinenbau;Bearbeitung;7;Stahl;pulverbeschichtet;26;26;7;0,014;4;21;21;1,0;4;0;0;49;7
PA2024-3091;2024-09-29;Änderung;10;Bestandskunde;Maschinenbau;Bearbeitung;12;Stahl;pulverbeschichtet;28;28;15;0,036;4;36;36;1,0;4;0;0;96;12
PA2024-3092;2024-09-24;Standard;3;Bestandskunde;Haushaltsgeräte;Bearbeitung;1;Stahl;pulverbeschichtet;26;26;7;0,002;4;3;3;1,0;4;0;0;7;1
PA2024-3093;2024-09-26;Änderung;12;Bestandskunde;Medizintechnik;Bearbeitung;17;Stahl;pulverbeschichtet;28;28;15;0,051;4;51;51;1,0;4;0;0;136;17
PA2024-3094;2024-09-28;Standard;10;Bestandskunde;Automobilindustrie;Bearbeitung;17;Stahl;pulverbeschichtet;26;26;7;0,034;4;51;51;1,0;4;0;0;119;17
PA2024-3095;2024-09-29;Standard;9;Bestandskunde;Medizintechnik;Bearbeitung;19;Stahl;pulverbeschichtet;26;26;7;0,038;4;57;57;1,0;4;0;0;133;19
PA2024-3096;2024-09-26;Standard;11;Bestandskunde;Sonstige;Bearbeitung;20;Stahl;pulverbeschichtet;26;26;7;0,04;4;60;60;1,0;4;0;0;140;20
PA2024-3097;2024-09-24;Änderung;15;Bestandskunde;Medizintechnik;Bearbeitung;20;Stahl;pulverbeschichtet;26;26;7;0,04;4;60;60;1,0;4;0;0;140;20
PA2024-3098;2024-09-29;Standard;11;Bestandskunde;Sonstige;Bearbeitung;8;Stahl;pulverbeschichtet;28;28;15;0,024;4;24;24;1,0;4;0;0;64;8
PA2024-3099;2024-09-28;Standard;14;Bestandskunde;Automobilindustrie;Bearbeitung;15;Stahl;pulverbeschichtet;28;28;15;0,045;4;45;45;1,0;4;0;0;120;15
PA2024-3100;2024-09-23;Standard;14;Bestandskunde;Maschinenbau;Bearbeitung;4;Stahl;pulverbeschichtet;28;28;15;0,012;4;12;12;1,0;4;0;0;32;4
PA2024-3101;2024-09-29;Standard;10;Bestandskunde;Automobilindustrie;Bearbeitung;2;Stahl;pulverbeschichtet;26;26;7;0,004;4;6;6;1,0;4;0;0;14;2
PA2024-3102;2024-09-24;Standard;15;Neukunde;Haushaltsgeräte;Bearbeitung;17;Stahl;pulverbeschichtet;26;26;7;0,034;4;51;51;1,0;4;0;0;119;17
PA2024-3103;2024-09-27;Standard;14;Neukunde;Haushaltsgeräte;Bearbeitung;17;Stahl;pulverbeschichtet;28;28;15;0,051;4;51;51;1,0;4;0;0;136;17
PA2024-3104;2024-09-24;Standard;13;Bestandskunde;Haushaltsgeräte;Bearbeitung;1;Stahl;pulverbeschichtet;26;26;7;0,002;4;3;3;1,0;4;0;0;7;1
PA2024-3105;2024-09-24;Standard;3;Bestandskunde;Sonstige;Bearbeitung;4;Stahl;pulverbeschichtet;28;28;15;0,012;4;12;12;1,0;4;0;0;32;4
PA2024-3106;2024-09-27;Standard;12;Bestandskunde;Logistiktechnik;Bearbeitung;5;Stahl;pulverbeschichtet;28;28;15;0,015;4;15;15;1,0;4;0;0;40;5
PA2024-3107;2024-09-25;Änderung;9;Neukunde;Sonstige;Bearbeitung;9;Stahl;pulverbeschichtet;28;28;15;0,027;4;27;27;1,0;4;0;0;72;9
PA2024-3108;2024-09-29;Standard;10;Bestandskunde;Logistiktechnik;Bearbeitung;12;Stahl;pulverbeschichtet;26;26;7;0,024;4;36;36;1,0;4;0;0;84;12
PA2024-3109;2024-09-24;Standard;3;Bestandskunde;Logistiktechnik;Bearbeitung;1;Stahl;pulverbeschichtet;28;28;15;0,003;4;3;3;1,0;4;0;0;8;1
PA2024-3110;2024-09-28;Standard;10;Bestandskunde;Medizintechnik;Bearbeitung;9;Stahl;pulverbeschichtet;26;26;7;0,018;4;27;27;1,0;4;0;0;63;9
PA2024-3111;2024-09-29;Standard;5;Bestandskunde;Automobilindustrie;Bearbeitung;20;Stahl;pulverbeschichtet;28;28;15;0,06;4;60;60;1,0;4;0;0;160;20
PA2024-3112;2024-09-28;Standard;6;Bestandskunde;Automobilindustrie;Bearbeitung;15;Stahl;pulverbeschichtet;28;28;15;0,045;4;45;45;1,0;4;0;0;120;15
PA2024-3113;2024-09-24;Standard;13;Bestandskunde;Maschinenbau;Bearbeitung;19;Stahl;pulverbeschichtet;26;26;7;0,038;4;57;57;1,0;4;0;0;133;19
PA2024-3114;2024-09-24;Standard;8;Bestandskunde;Maschinenbau;Bearbeitung;10;Stahl;pulverbeschichtet;28;28;15;0,03;4;30;30;1,0;4;0;0;80;10
PA2024-3115;2024-09-25;Änderung;3;Bestandskunde;Medizintechnik;Bearbeitung;7;Stahl;pulverbeschichtet;26;26;7;0,014;4;21;21;1,0;4;0;0;49;7
PA2024-3116;2024-09-23;Änderung;6;Bestandskunde;Logistiktechnik;Bearbeitung;2;Stahl;pulverbeschichtet;26;26;7;0,004;4;6;6;1,0;4;0;0;14;2
PA2024-3117;2024-09-26;Standard;15;Bestandskunde;Automobilindustrie;Bearbeitung;7;Stahl;pulverbeschichtet;26;26;7;0,014;4;21;21;1,0;4;0;0;49;7
PA2024-3118;2024-09-23;Standard;7;Bestandskunde;Medizintechnik;Bearbeitung;6;Stahl;pulverbeschichtet;26;26;7;0,012;4;18;18;1,0;4;0;0;42;6
PA2024-3119;2024-09-29;Standard;5;Bestandskunde;Sonstige;Bearbeitung;8;Stahl;pulverbeschichtet;26;26;7;0,016;4;24;24;1,0;4;0;0;56;8
PA2024-3120;2024-09-28;Änderung;6;Bestandskunde;Maschinenbau;Bearbeitung;14;Stahl;pulverbeschichtet;28;28;15;0,042;4;42;42;1,0;4;0;0;112;14
PA2024-3121;2024-10-02;Änderung;13;Bestandskunde;Haushaltsgeräte;Bearbeitung;2;Stahl;pulverbeschichtet;26;26;7;0,004;4;6;6;1,0;4;0;0;14;2
PA2024-3122;2024-10-01;Standard;7;Bestandskunde;Maschinenbau;Bearbeitung;1;Stahl;pulverbeschichtet;26;26;7;0,002;4;3;3;1,0;4;0;0;7;1
PA2024-3123;2024-10-01;Standard;13;Bestandskunde;Haushaltsgeräte;Bearbeitung;2;Stahl;pulverbeschichtet;26;26;7;0,004;4;6;6;1,0;4;0;0;14;2
PA2024-3124;2024-10-01;Änderung;5;Bestandskunde;Maschinenbau;Bearbeitung;13;Stahl;pulverbeschichtet;28;28;15;0,039;4;39;39;1,0;4;0;0;104;13
PA2024-3125;2024-09-30;Standard;13;Bestandskunde;Medizintechnik;Bearbeitung;1;Stahl;pulverbeschichtet;26;26;7;0,002;4;3;3;1,0;4;0;0;7;1
PA2024-3126;2024-10-06;Standard;10;Bestandskunde;Automobilindustrie;Bearbeitung;16;Stahl;pulverbeschichtet;28;28;15;0,048;4;48;48;1,0;4;0;0;128;16
PA2024-3127;2024-10-04;Standard;5;Bestandskunde;Haushaltsgeräte;Bearbeitung;9;Stahl;pulverbeschichtet;26;26;7;0,018;4;27;27;1,0;4;0;0;63;9
PA2024-3128;2024-10-03;Änderung;4;Bestandskunde;Automobilindustrie;Bearbeitung;8;Stahl;pulverbeschichtet;28;28;15;0,024;4;24;24;1,0;4;0;0;64;8
PA2024-3129;2024-10-06;Standard;7;Bestandskunde;Medizintechnik;Bearbeitung;13;Stahl;pulverbeschichtet;28;28;15;0,039;4;39;39;1,0;4;0;0;104;13
PA2024-3130;2024-10-02;Änderung;7;Bestandskunde;Logistiktechnik;Bearbeitung;3;Stahl;pulverbeschichtet;26;26;7;0,006;4;9;9;1,0;4;0;0;21;3
PA2024-3131;2024-10-04;Standard;9;Neukunde;Sonstige;Bearbeitung;16;Stahl;pulverbeschichtet;26;26;7;0,032;4;48;48;1,0;4;0;0;112;16
PA2024-3132;2024-10-04;Standard;3;Bestandskunde;Maschinenbau;Bearbeitung;12;Stahl;pulverbeschichtet;26;26;7;0,024;4;36;36;1,0;4;0;0;84;12
PA2024-3133;2024-10-01;Standard;7;Bestandskunde;Logistiktechnik;Bearbeitung;15;Stahl;pulverbeschichtet;28;28;15;0,045;4;45;45;1,0;4;0;0;120;15
PA2024-3134;2024-10-04;Standard;3;Bestandskunde;Haushaltsgeräte;Bearbeitung;9;Stahl;pulverbeschichtet;28;28;15;0,027;4;27;27;1,0;4;0;0;72;9
PA2024-3135;2024-10-02;Standard;12;Bestandskunde;Maschinenbau;Bearbeitung;4;Stahl;pulverbeschichtet;28;28;15;0,012;4;12;12;1,0;4;0;0;32;4
PA2024-3136;2024-10-02;Standard;5;Bestandskunde;Maschinenbau;Bearbeitung;13;Stahl;pulverbeschichtet;26;26;7;0,026;4;39;39;1,0;4;0;0;91;13
PA2024-3137;2024-10-04;Standard;12;Bestandskunde;Maschinenbau;Bearbeitung;17;Stahl;pulverbeschichtet;28;28;15;0,051;4;51;51;1,0;4;0;0;136;17
PA2024-3138;2024-10-01;Änderung;13;Bestandskunde;Sonstige;Bearbeitung;1;Stahl;pulverbeschichtet;28;28;15;0,003;4;3;3;1,0;4;0;0;8;1
PA2024-3139;2024-10-03;Standard;9;Bestandskunde;Maschinenbau;Bearbeitung;15;Stahl;pulverbeschichtet;28;28;15;0,045;4;45;45;1,0;4;0;0;120;15
PA2024-3140;2024-10-04;Standard;4;Bestandskunde;Medizintechnik;Bearbeitung;19;Stahl;pulverbeschichtet;26;26;7;0,038;4;57;57;1,0;4;0;0;133;19
PA2024-3141;2024-10-03;Änderung;10;Bestandskunde;Logistiktechnik;Bearbeitung;17;Stahl;pulverbeschichtet;26;26;7;0,034;4;51;51;1,0;4;0;0;119;17
PA2024-3142;2024-10-04;Änderung;5;Bestandskunde;Sonstige;Bearbeitung;8;Stahl;pulverbeschichtet;26;26;7;0,016;4;24;24;1,0;4;0;0;56;8
PA2024-3143;2024-10-02;Änderung;15;Bestandskunde;Logistiktechnik;Bearbeitung;2;Stahl;pulverbeschichtet;28;28;15;0,006;4;6;6;1,0;4;0;0;16;2
PA2024-3144;2024-10-01;Standard;15;Bestandskunde;Sonstige;Bearbeitung;6;Stahl;pulverbeschichtet;26;26;7;0,012;4;18;18;1,0;4;0;0;42;6
PA2024-3145;2024-10-01;Standard;5;Bestandskunde;Maschinenbau;Bearbeitung;16;Stahl;pulverbeschichtet;26;26;7;0,032;4;48;48;1,0;4;0;0;112;16
PA2024-3146;2024-10-02;Standard;11;Bestandskunde;Automobilindustrie;Bearbeitung;7;Stahl;pulverbeschichtet;26;26;7;0,014;4;21;21;1,0;4;0;0;49;7
PA2024-3147;2024-09-30;Änderung;4;Bestandskunde;Sonstige;Bearbeitung;10;Stahl;pulverbeschichtet;26;26;7;0,02;4;30;30;1,0;4;0;0;70;10
PA2024-3148;2024-10-01;Standard;6;Bestandskunde;Automobilindustrie;Bearbeitung;17;Stahl;pulverbeschichtet;28;28;15;0,051;4;51;51;1,0;4;0;0;136;17
PA2024-3149;2024-10-02;Änderung;6;Bestandskunde;Medizintechnik;Bearbeitung;19;Stahl;pulverbeschichtet;26;26;7;0,038;4;57;57;1,0;4;0;0;133;19
PA2024-3150;2024-10-04;Standard;5;Bestandskunde;Haushaltsgeräte;Bearbeitung;16;Stahl;pulverbeschichtet;26;26;7;0,032;4;48;48;1,0;4;0;0;112;16
PA2024-3151;2024-10-05;Standard;14;Bestandskunde;Haushaltsgeräte;Bearbeitung;13;Stahl;pulverbeschichtet;26;26;7;0,026;4;39;39;1,0;4;0;0;91;13
PA2024-3152;2024-10-02;Änderung;5;Bestandskunde;Medizintechnik;Bearbeitung;18;Stahl;pulverbeschichtet;26;26;7;0,036;4;54;54;1,0;4;0;0;126;18
PA2024-3153;2024-10-02;Standard;12;Bestandskunde;Medizintechnik;Bearbeitung;20;Stahl;pulverbeschichtet;28;28;15;0,06;4;60;60;1,0;4;0;0;160;20
PA2024-3154;2024-10-01;Standard;8;Bestandskunde;Maschinenbau;Bearbeitung;8;Stahl;pulverbeschichtet;28;28;15;0,024;4;24;24;1,0;4;0;0;64;8
PA2024-3155;2024-09-30;Standard;15;Bestandskunde;Sonstige;Bearbeitung;20;Stahl;pulverbeschichtet;28;28;15;0,06;4;60;60;1,0;4;0;0;160;20
PA2024-3156;2024-10-02;Standard;11;Bestandskunde;Haushaltsgeräte;Bearbeitung;10;Stahl;pulverbeschichtet;28;28;15;0,03;4;30;30;1,0;4;0;0;80;10
PA2024-3157;2024-10-01;Standard;9;Bestandskunde;Automobilindustrie;Bearbeitung;3;Stahl;pulverbeschichtet;26;26;7;0,006;4;9;9;1,0;4;0;0;21;3
PA2024-3158;2024-10-02;Änderung;8;Bestandskunde;Sonstige;Bearbeitung;15;Stahl;pulverbeschichtet;28;28;15;0,045;4;45;45;1,0;4;0;0;120;15
PA2024-3159;2024-10-04;Standard;9;Bestandskunde;Automobilindustrie;Bearbeitung;9;Stahl;pulverbeschichtet;28;28;15;0,027;4;27;27;1,0;4;0;0;72;9
PA2024-3160;2024-10-03;Standard;6;Bestandskunde;Logistiktechnik;Bearbeitung;18;Stahl;pulverbeschichtet;28;28;15;0,054;4;54;54;1,0;4;0;0;144;18
PA2024-3161;2024-10-05;Standard;4;Bestandskunde;Medizintechnik;Bearbeitung;18;Stahl;pulverbeschichtet;26;26;7;0,036;4;54;54;1,0;4;0;0;126;18
PA2024-3162;2024-10-01;Änderung;8;Bestandskunde;Logistiktechnik;Bearbeitung;10;Stahl;pulverbeschichtet;26;26;7;0,02;4;30;30;1,0;4;0;0;70;10
PA2024-3163;2024-10-03;Änderung;6;Bestandskunde;Automobilindustrie;Bearbeitung;3;Stahl;pulverbeschichtet;26;26;7;0,006;4;9;9;1,0;4;0;0;21;3
PA2024-3164;2024-10-05;Änderung;10;Bestandskunde;Logistiktechnik;Bearbeitung;12;Stahl;pulverbeschichtet;28;28;15;0,036;4;36;36;1,0;4;0;0;96;12
PA2024-3165;2024-10-02;Standard;7;Bestandskunde;Maschinenbau;Bearbeitung;15;Stahl;pulverbeschichtet;26;26;7;0,03;4;45;45;1,0;4;0;0;105;15
PA2024-3166;2024-10-02;Standard;5;Bestandskunde;Maschinenbau;Bearbeitung;18;Stahl;pulverbeschichtet;26;26;7;0,036;4;54;54;1,0;4;0;0;126;18
PA2024-3167;2024-09-30;Standard;6;Bestandskunde;Automobilindustrie;Bearbeitung;6;Stahl;pulverbeschichtet;26;26;7;0,012;4;18;18;1,0;4;0;0;42;6
PA2024-3168;2024-10-04;Standard;3;Bestandskunde;Automobilindustrie;Bearbeitung;13;Stahl;pulverbeschichtet;28;28;15;0,039;4;39;39;1,0;4;0;0;104;13
PA2024-3169;2024-09-30;Standard;14;Bestandskunde;Sonstige;Bearbeitung;9;Stahl;pulverbeschichtet;26;26;7;0,018;4;27;27;1,0;4;0;0;63;9
PA2024-3170;2024-09-30;Standard;4;Bestandskunde;Maschinenbau;Bearbeitung;17;Stahl;pulverbeschichtet;28;28;15;0,051;4;51;51;1,0;4;0;0;136;17
PA2024-3171;2024-09-30;Standard;4;Bestandskunde;Sonstige;Bearbeitung;6;Stahl;pulverbeschichtet;26;26;7;0,012;4;18;18;1,0;4;0;0;42;6
PA2024-3172;2024-10-04;Standard;12;Bestandskunde;Automobilindustrie;Bearbeitung;1;Stahl;pulverbeschichtet;26;26;7;0,002;4;3;3;1,0;4;0;0;7;1
PA2024-3173;2024-10-05;Standard;11;Bestandskunde;Maschinenbau;Bearbeitung;14;Stahl;pulverbeschichtet;28;28;15;0,042;4;42;42;1,0;4;0;0;112;14
PA2024-3174;2024-10-06;Standard;10;Bestandskunde;Automobilindustrie;Bearbeitung;10;Stahl;pulverbeschichtet;28;28;15;0,03;4;30;30;1,0;4;0;0;80;10
PA2024-3175;2024-10-03;Standard;12;Neukunde;Automobilindustrie;Bearbeitung;10;Stahl;pulverbeschichtet;26;26;7;0,02;4;30;30;1,0;4;0;0;70;10
PA2024-3176;2024-09-30;Standard;5;Bestandskunde;Maschinenbau;Bearbeitung;16;Stahl;pulverbeschichtet;28;28;15;0,048;4;48;48;1,0;4;0;0;128;16
PA2024-3177;2024-10-03;Standard;6;Bestandskunde;Maschinenbau;Bearbeitung;14;Stahl;pulverbeschichtet;26;26;7;0,028;4;42;42;1,0;4;0;0;98;14
PA2024-3178;2024-10-03;Änderung;6;Bestandskunde;Sonstige;Bearbeitung;4;Stahl;pulverbeschichtet;26;26;7;0,008;4;12;12;1,0;4;0;0;28;4
PA2024-3179;2024-10-05;Standard;7;Bestandskunde;Maschinenbau;Bearbeitung;17;Stahl;pulverbeschichtet;26;26;7;0,034;4;51;51;1,0;4;0;0;119;17
PA2024-3180;2024-10-05;Standard;12;Bestandskunde;Maschinenbau;Bearbeitung;13;Stahl;pulverbeschichtet;28;28;15;0,039;4;39;39;1,0;4;0;0;104;13
PA2024-3181;2024-10-02;Standard;5;Bestandskunde;Automobilindustrie;Bearbeitung;15;Stahl;pulverbeschichtet;26;26;7;0,03;4;45;45;1,0;4;0;0;105;15
PA2024-3182;2024-10-03;Standard;15;Bestandskunde;Automobilindustrie;Bearbeitung;20;Stahl;pulverbeschichtet;28;28;15;0,06;4;60;60;1,0;4;0;0;160;20
PA2024-3183;2024-10-03;Standard;5;Bestandskunde;Maschinenbau;Bearbeitung;7;Stahl;pulverbeschichtet;28;28;15;0,021;4;21;21;1,0;4;0;0;56;7
PA2024-3184;2024-09-30;Standard;14;Bestandskunde;Medizintechnik;Bearbeitung;17;Stahl;pulverbeschichtet;28;28;15;0,051;4;51;51;1,0;4;0;0;136;17
PA2024-3185;2024-10-04;Standard;14;Bestandskunde;Haushaltsgeräte;Bearbeitung;5;Stahl;pulverbeschichtet;28;28;15;0,015;4;15;15;1,0;4;0;0;40;5
PA2024-3186;2024-10-06;Standard;10;Bestandskunde;Maschinenbau;Bearbeitung;10;Stahl;pulverbeschichtet;26;26;7;0,02;4;30;30;1,0;4;0;0;70;10
PA2024-3187;2024-10-06;Standard;13;Bestandskunde;Medizintechnik;Bearbeitung;5;Stahl;pulverbeschichtet;28;28;15;0,015;4;15;15;1,0;4;0;0;40;5
PA2024-3188;2024-10-06;Standard;14;Bestandskunde;Haushaltsgeräte;Bearbeitung;12;Stahl;pulverbeschichtet;26;26;7;0,024;4;36;36;1,0;4;0;0;84;12
PA2024-3189;2024-10-02;Standard;7;Bestandskunde;Sonstige;Bearbeitung;9;Stahl;pulverbeschichtet;26;26;7;0,018;4;27;27;1,0;4;0;0;63;9
PA2024-3190;2024-10-06;Standard;5;Bestandskunde;Logistiktechnik;Bearbeitung;20;Stahl;pulverbeschichtet;28;28;15;0,06;4;60;60;1,0;4;0;0;160;20
PA2024-3191;2024-10-04;Standard;5;Bestandskunde;Logistiktechnik;Bearbeitung;1;Stahl;pulverbeschichtet;28;28;15;0,003;4;3;3;1,0;4;0;0;8;1
PA2024-3192;2024-10-02;Standard;8;Bestandskunde;Automobilindustrie;Bearbeitung;10;Stahl;pulverbeschichtet;28;28;15;0,03;4;30;30;1,0;4;0;0;80;10
PA2024-3193;2024-10-04;Standard;15;Bestandskunde;Sonstige;Bearbeitung;18;Stahl;pulverbeschichtet;26;26;7;0,036;4;54;54;1,0;4;0;0;126;18
PA2024-3194;2024-10-03;Standard;9;Bestandskunde;Automobilindustrie;Bearbeitung;4;Stahl;pulverbeschichtet;26;26;7;0,008;4;12;12;1,0;4;0;0;28;4
PA2024-3195;2024-10-01;Standard;5;Bestandskunde;Maschinenbau;Bearbeitung;10;Stahl;pulverbeschichtet;26;26;7;0,02;4;30;30;1,0;4;0;0;70;10
PA2024-3196;2024-09-30;Standard;8;Bestandskunde;Haushaltsgeräte;Bearbeitung;13;Stahl;pulverbeschichtet;26;26;7;0,026;4;39;39;1,0;4;0;0;91;13
PA2024-3197;2024-10-04;Standard;15;Bestandskunde;Sonstige;Bearbeitung;8;Stahl;pulverbeschichtet;26;26;7;0,016;4;24;24;1,0;4;0;0;56;8
PA2024-3198;2024-09-30;Änderung;15;Bestandskunde;Automobilindustrie;Bearbeitung;7;Stahl;pulverbeschichtet;28;28;15;0,021;4;21;21;1,0;4;0;0;56;7
PA2024-3199;2024-10-05;Standard;8;Bestandskunde;Automobilindustrie;Bearbeitung;19;Stahl;pulverbeschichtet;26;26;7;0,038;4;57;57;1,0;4;0;0;133;19
PA2024-3200;2024-09-30;Standard;9;Bestandskunde;Sonstige;Bearbeitung;10;Stahl;pulverbeschichtet;26;26;7;0,02;4;30;30;1,0;4;0;0;70;10
PA2024-3201;2024-10-01;Standard;6;Bestandskunde;Medizintechnik;Bearbeitung;4;Stahl;pulverbeschichtet;28;28;15;0,012;4;12;12;1,0;4;0;0;32;4
PA2024-3202;2024-10-04;Standard;12;Bestandskunde;Maschinenbau;Bearbeitung;13;Stahl;pulverbeschichtet;28;28;15;0,039;4;39;39;1,0;4;0;0;104;13
PA2024-3203;2024-10-05;Standard;5;Bestandskunde;Maschinenbau;Bearbeitung;19;Stahl;pulverbeschichtet;26;26;7;0,038;4;57;57;1,0;4;0;0;133;19
PA2024-3204;2024-10-03;Änderung;15;Bestandskunde;Haushaltsgeräte;Bearbeitung;1;Stahl;pulverbeschichtet;28;28;15;0,003;4;3;3;1,0;4;0;0;8;1
PA2024-3205;2024-10-01;Standard;13;Bestandskunde;Medizintechnik;Bearbeitung;6;Stahl;pulverbeschichtet;26;26;7;0,012;4;18;18;1,0;4;0;0;42;6
PA2024-3206;2024-10-03;Standard;6;Bestandskunde;Maschinenbau;Bearbeitung;15;Stahl;pulverbeschichtet;26;26;7;0,03;4;45;45;1,0;4;0;0;105;15
PA2024-3207;2024-10-01;Standard;13;Bestandskunde;Sonstige;Bearbeitung;8;Stahl;pulverbeschichtet;26;26;7;0,016;4;24;24;1,0;4;0;0;56;8
PA2024-3208;2024-10-03;Standard;6;Bestandskunde;Logistiktechnik;Bearbeitung;17;Stahl;pulverbeschichtet;28;28;15;0,051;4;51;51;1,0;4;0;0;136;17
PA2024-3209;2024-10-06;Standard;7;Bestandskunde;Maschinenbau;Bearbeitung;20;Stahl;pulverbeschichtet;26;26;7;0,04;4;60;60;1,0;4;0;0;140;20
PA2024-3210;2024-10-03;Standard;14;Bestandskunde;Logistiktechnik;Bearbeitung;16;Stahl;pulverbeschichtet;28;28;15;0,048;4;48;48;1,0;4;0;0;128;16
PA2024-3211;2024-10-07;Änderung;14;Bestandskunde;Automobilindustrie;Bearbeitung;4;Stahl;pulverbeschichtet;28;28;15;0,012;4;12;12;1,0;4;0;0;32;4
PA2024-3212;2024-10-13;Standard;10;Bestandskunde;Logistiktechnik;Bearbeitung;18;Stahl;pulverbeschichtet;26;26;7;0,036;4;54;54;1,0;4;0;0;126;18
PA2024-3213;2024-10-10;Standard;15;Bestandskunde;Automobilindustrie;Bearbeitung;9;Stahl;pulverbeschichtet;28;28;15;0,027;4;27;27;1,0;4;0;0;72;9
PA2024-3214;2024-10-13;Änderung;7;Bestandskunde;Logistiktechnik;Bearbeitung;6;Stahl;pulverbeschichtet;28;28;15;0,018;4;18;18;1,0;4;0;0;48;6
PA2024-3215;2024-10-10;Standard;4;Bestandskunde;Haushaltsgeräte;Bearbeitung;13;Stahl;pulverbeschichtet;26;26;7;0,026;4;39;39;1,0;4;0;0;91;13
PA2024-3216;2024-10-09;Änderung;12;Bestandskunde;Automobilindustrie;Bearbeitung;15;Stahl;pulverbeschichtet;28;28;15;0,045;4;45;45;1,0;4;0;0;120;15
PA2024-3217;2024-10-10;Standard;6;Bestandskunde;Sonstige;Bearbeitung;12;Stahl;pulverbeschichtet;28;28;15;0,036;4;36;36;1,0;4;0;0;96;12
PA2024-3218;2024-10-09;Änderung;4;Bestandskunde;Maschinenbau;Bearbeitung;10;Stahl;pulverbeschichtet;26;26;7;0,02;4;30;30;1,0;4;0;0;70;10
PA2024-3219;2024-10-07;Standard;4;Bestandskunde;Haushaltsgeräte;Bearbeitung;7;Stahl;pulverbeschichtet;26;26;7;0,014;4;21;21;1,0;4;0;0;49;7
PA2024-3220;2024-10-13;Standard;15;Bestandskunde;Sonstige;Bearbeitung;6;Stahl;pulverbeschichtet;28;28;15;0,018;4;18;18;1,0;4;0;0;48;6
PA2024-3221;2024-10-12;Änderung;5;Bestandskunde;Haushaltsgeräte;Bearbeitung;19;Stahl;pulverbeschichtet;28;28;15;0,057;4;57;57;1,0;4;0;0;152;19
PA2024-3222;2024-10-11;Standard;10;Bestandskunde;Maschinenbau;Bearbeitung;1;Stahl;pulverbeschichtet;26;26;7;0,002;4;3;3;1,0;4;0;0;7;1
PA2024-3223;2024-10-12;Standard;13;Bestandskunde;Maschinenbau;Bearbeitung;1;Stahl;pulverbeschichtet;28;28;15;0,003;4;3;3;1,0;4;0;0;8;1
PA2024-3224;2024-10-07;Standard;7;Bestandskunde;Automobilindustrie;Bearbeitung;13;Stahl;pulverbeschichtet;28;28;15;0,039;4;39;39;1,0;4;0;0;104;13
PA2024-3225;2024-10-09;Standard;12;Bestandskunde;Automobilindustrie;Bearbeitung;8;Stahl;pulverbeschichtet;28;28;15;0,024;4;24;24;1,0;4;0;0;64;8
PA2024-3226;2024-10-08;Standard;10;Bestandskunde;Sonstige;Bearbeitung;11;Stahl;pulverbeschichtet;26;26;7;0,022;4;33;33;1,0;4;0;0;77;11
PA2024-3227;2024-10-13;Änderung;10;Bestandskunde;Automobilindustrie;Bearbeitung;5;Stahl;pulverbeschichtet;26;26;7;0,01;4;15;15;1,0;4;0;0;35;5
PA2024-3228;2024-10-13;Standard;14;Bestandskunde;Automobilindustrie;Bearbeitung;16;Stahl;pulverbeschichtet;28;28;15;0,048;4;48;48;1,0;4;0;0;128;16
PA2024-3229;2024-10-09;Standard;6;Neukunde;Automobilindustrie;Bearbeitung;15;Stahl;pulverbeschichtet;26;26;7;0,03;4;45;45;1,0;4;0;0;105;15
PA2024-3230;2024-10-13;Standard;6;Bestandskunde;Sonstige;Bearbeitung;19;Stahl;pulverbeschichtet;28;28;15;0,057;4;57;57;1,0;4;0;0;152;19
PA2024-3231;2024-10-07;Standard;11;Bestandskunde;Medizintechnik;Bearbeitung;2;Stahl;pulverbeschichtet;28;28;15;0,006;4;6;6;1,0;4;0;0;16;2
PA2024-3232;2024-10-08;Änderung;13;Bestandskunde;Automobilindustrie;Bearbeitung;10;Stahl;pulverbeschichtet;28;28;15;0,03;4;30;30;1,0;4;0;0;80;10
PA2024-3233;2024-10-13;Standard;12;Bestandskunde;Maschinenbau;Bearbeitung;15;Stahl;pulverbeschichtet;28;28;15;0,045;4;45;45;1,0;4;0;0;120;15
PA2024-3234;2024-10-07;Änderung;12;Bestandskunde;Maschinenbau;Bearbeitung;15;Stahl;pulverbeschichtet;28;28;15;0,045;4;45;45;1,0;4;0;0;120;15
PA2024-3235;2024-10-13;Standard;15;Bestandskunde;Logistiktechnik;Bearbeitung;9;Stahl;pulverbeschichtet;26;26;7;0,018;4;27;27;1,0;4;0;0;63;9
PA2024-3236;2024-10-12;Standard;9;Bestandskunde;Medizintechnik;Bearbeitung;7;Stahl;pulverbeschichtet;28;28;15;0,021;4;21;21;1,0;4;0;0;56;7
PA2024-3237;2024-10-09;Standard;10;Bestandskunde;Logistiktechnik;Bearbeitung;6;Stahl;pulverbeschichtet;26;26;7;0,012;4;18;18;1,0;4;0;0;42;6
PA2024-3238;2024-10-13;Standard;5;Bestandskunde;Maschinenbau;Bearbeitung;11;Stahl;pulverbeschichtet;28;28;15;0,033;4;33;33;1,0;4;0;0;88;11
PA2024-3239;2024-10-08;Standard;13;Bestandskunde;Maschinenbau;Bearbeitung;11;Stahl;pulverbeschichtet;28;28;15;0,033;4;33;33;1,0;4;0;0;88;11
PA2024-3240;2024-10-12;Standard;15;Bestandskunde;Maschinenbau;Bearbeitung;15;Stahl;pulverbeschichtet;28;28;15;0,045;4;45;45;1,0;4;0;0;120;15
PA2024-3241;2024-10-07;Standard;14;Bestandskunde;Maschinenbau;Bearbeitung;1;Stahl;pulverbeschichtet;26;26;7;0,002;4;3;3;1,0;4;0;0;7;1
PA2024-3242;2024-10-10;Standard;7;Neukunde;Sonstige;Bearbeitung;7;Stahl;pulverbeschichtet;28;28;15;0,021;4;21;21;1,0;4;0;0;56;7
PA2024-3243;2024-10-12;Standard;12;Bestandskunde;Automobilindustrie;Bearbeitung;12;Stahl;pulverbeschichtet;28;28;15;0,036;4;36;36;1,0;4;0;0;96;12
PA2024-3244;2024-10-11;Standard;12;Bestandskunde;Maschinenbau;Bearbeitung;20;Stahl;pulverbeschichtet;26;26;7;0,04;4;60;60;1,0;4;0;0;140;20
PA2024-3245;2024-10-12;Standard;4;Bestandskunde;Automobilindustrie;Bearbeitung;17;Stahl;pulverbeschichtet;26;26;7;0,034;4;51;51;1,0;4;0;0;119;17
PA2024-3246;2024-10-12;Standard;9;Bestandskunde;Logistiktechnik;Bearbeitung;12;Stahl;pulverbeschichtet;28;28;15;0,036;4;36;36;1,0;4;0;0;96;12
PA2024-3247;2024-10-07;Standard;12;Neukunde;Automobilindustrie;Bearbeitung;20;Stahl;pulverbeschichtet;26;26;7;0,04;4;60;60;1,0;4;0;0;140;20
PA2024-3248;2024-10-08;Standard;13;Bestandskunde;Automobilindustrie;Bearbeitung;11;Stahl;pulverbeschichtet;26;26;7;0,022;4;33;33;1,0;4;0;0;77;11
PA2024-3249;2024-10-09;Standard;3;Bestandskunde;Maschinenbau;Bearbeitung;11;Stahl;pulverbeschichtet;28;28;15;0,033;4;33;33;1,0;4;0;0;88;11
PA2024-3250;2024-10-07;Standard;14;Neukunde;Maschinenbau;Bearbeitung;16;Stahl;pulverbeschichtet;28;28;15;0,048;4;48;48;1,0;4;0;0;128;16
PA2024-3251;2024-10-09;Standard;7;Bestandskunde;Logistiktechnik;Bearbeitung;1;Stahl;pulverbeschichtet;28;28;15;0,003;4;3;3;1,0;4;0;0;8;1
PA2024-3252;2024-10-08;Standard;8;Neukunde;Automobilindustrie;Bearbeitung;5;Stahl;pulverbeschichtet;26;26;7;0,01;4;15;15;1,0;4;0;0;35;5
PA2024-3253;2024-10-08;Standard;8;Bestandskunde;Automobilindustrie;Bearbeitung;5;Stahl;pulverbeschichtet;28;28;15;0,015;4;15;15;1,0;4;0;0;40;5
PA2024-3254;2024-10-07;Standard;5;Neukunde;Sonstige;Bearbeitung;16;Stahl;pulverbeschichtet;28;28;15;0,048;4;48;48;1,0;4;0;0;128;16
PA2024-3255;2024-10-07;Standard;14;Bestandskunde;Automobilindustrie;Bearbeitung;10;Stahl;pulverbeschichtet;28;28;15;0,03;4;30;30;1,0;4;0;0;80;10
PA2024-3256;2024-10-07;Standard;10;Bestandskunde;Automobilindustrie;Bearbeitung;19;Stahl;pulverbeschichtet;26;26;7;0,038;4;57;57;1,0;4;0;0;133;19
PA2024-3257;2024-10-09;Standard;7;Neukunde;Logistiktechnik;Bearbeitung;19;Stahl;pulverbeschichtet;26;26;7;0,038;4;57;57;1,0;4;0;0;133;19
PA2024-3258;2024-10-11;Standard;6;Bestandskunde;Sonstige;Bearbeitung;14;Stahl;pulverbeschichtet;26;26;7;0,028;4;42;42;1,0;4;0;0;98;14
PA2024-3259;2024-10-09;Standard;7;Bestandskunde;Sonstige;Bearbeitung;3;Stahl;pulverbeschichtet;26;26;7;0,006;4;9;9;1,0;4;0;0;21;3
PA2024-3260;2024-10-11;Änderung;3;Bestandskunde;Sonstige;Bearbeitung;1;Stahl;pulverbeschichtet;26;26;7;0,002;4;3;3;1,0;4;0;0;7;1
PA2024-3261;2024-10-10;Änderung;7;Bestandskunde;Sonstige;Bearbeitung;11;Stahl;pulverbeschichtet;26;26;7;0,022;4;33;33;1,0;4;0;0;77;11
PA2024-3262;2024-10-09;Änderung;7;Bestandskunde;Sonstige;Bearbeitung;15;Stahl;pulverbeschichtet;26;26;7;0,03;4;45;45;1,0;4;0;0;105;15
PA2024-3263;2024-10-09;Standard;12;Bestandskunde;Automobilindustrie;Bearbeitung;15;Stahl;pulverbeschichtet;26;26;7;0,03;4;45;45;1,0;4;0;0;105;15
PA2024-3264;2024-10-13;Standard;15;Bestandskunde;Sonstige;Bearbeitung;18;Stahl;pulverbeschichtet;26;26;7;0,036;4;54;54;1,0;4;0;0;126;18
PA2024-3265;2024-10-11;Änderung;4;Neukunde;Automobilindustrie;Bearbeitung;11;Stahl;pulverbeschichtet;26;26;7;0,022;4;33;33;1,0;4;0;0;77;11
PA2024-3266;2024-10-08;Standard;12;Bestandskunde;Automobilindustrie;Bearbeitung;18;Stahl;pulverbeschichtet;28;28;15;0,054;4;54;54;1,0;4;0;0;144;18
PA2024-3267;2024-10-12;Standard;9;Bestandskunde;Automobilindustrie;Bearbeitung;15;Stahl;pulverbeschichtet;28;28;15;0,045;4;45;45;1,0;4;0;0;120;15
PA2024-3268;2024-10-08;Standard;5;Bestandskunde;Automobilindustrie;Bearbeitung;13;Stahl;pulverbeschichtet;26;26;7;0,026;4;39;39;1,0;4;0;0;91;13
PA2024-3269;2024-10-12;Standard;5;Bestandskunde;Haushaltsgeräte;Bearbeitung;14;Stahl;pulverbeschichtet;26;26;7;0,028;4;42;42;1,0;4;0;0;98;14
PA2024-3270;2024-10-13;Standard;14;Bestandskunde;Haushaltsgeräte;Bearbeitung;11;Stahl;pulverbeschichtet;26;26;7;0,022;4;33;33;1,0;4;0;0;77;11
PA2024-3271;2024-10-20;Standard;8;Bestandskunde;Automobilindustrie;Bearbeitung;7;Stahl;pulverbeschichtet;26;26;7;0,014;4;21;21;1,0;4;0;0;49;7
PA2024-3272;2024-10-18;Standard;10;Bestandskunde;Maschinenbau;Bearbeitung;17;Stahl;pulverbeschichtet;28;28;15;0,051;4;51;51;1,0;4;0;0;136;17
PA2024-3273;2024-10-20;Standard;5;Bestandskunde;Medizintechnik;Bearbeitung;12;Stahl;pulverbeschichtet;28;28;15;0,036;4;36;36;1,0;4;0;0;96;12
PA2024-3274;2024-10-15;Standard;4;Bestandskunde;Medizintechnik;Bearbeitung;4;Stahl;pulverbeschichtet;28;28;15;0,012;4;12;12;1,0;4;0;0;32;4
PA2024-3275;2024-10-15;Änderung;8;Bestandskunde;Maschinenbau;Bearbeitung;10;Stahl;pulverbeschichtet;26;26;7;0,02;4;30;30;1,0;4;0;0;70;10
PA2024-3276;2024-10-16;Änderung;9;Bestandskunde;Automobilindustrie;Bearbeitung;19;Stahl;pulverbeschichtet;26;26;7;0,038;4;57;57;1,0;4;0;0;133;19
PA2024-3277;2024-10-15;Standard;12;Bestandskunde;Maschinenbau;Bearbeitung;6;Stahl;pulverbeschichtet;26;26;7;0,012;4;18;18;1,0;4;0;0;42;6
PA2024-3278;2024-10-15;Standard;12;Bestandskunde;Maschinenbau;Bearbeitung;12;Stahl;pulverbeschichtet;26;26;7;0,024;4;36;36;1,0;4;0;0;84;12
PA2024-3279;2024-10-20;Standard;5;Bestandskunde;Automobilindustrie;Bearbeitung;8;Stahl;pulverbeschichtet;28;28;15;0,024;4;24;24;1,0;4;0;0;64;8
PA2024-3280;2024-10-16;Standard;4;Bestandskunde;Sonstige;Bearbeitung;17;Stahl;pulverbeschichtet;28;28;15;0,051;4;51;51;1,0;4;0;0;136;17
PA2024-3281;2024-10-20;Änderung;9;Bestandskunde;Maschinenbau;Bearbeitung;8;Stahl;pulverbeschichtet;28;28;15;0,024;4;24;24;1,0;4;0;0;64;8
PA2024-3282;2024-10-16;Änderung;8;Bestandskunde;Logistiktechnik;Bearbeitung;14;Stahl;pulverbeschichtet;26;26;7;0,028;4;42;42;1,0;4;0;0;98;14
PA2024-3283;2024-10-20;Standard;5;Bestandskunde;Automobilindustrie;Bearbeitung;18;Stahl;pulverbeschichtet;26;26;7;0,036;4;54;54;1,0;4;0;0;126;18
PA2024-3284;2024-10-15;Standard;9;Bestandskunde;Automobilindustrie;Bearbeitung;19;Stahl;pulverbeschichtet;26;26;7;0,038;4;57;57;1,0;4;0;0;133;19
PA2024-3285;2024-10-20;Änderung;11;Bestandskunde;Automobilindustrie;Bearbeitung;20;Stahl;pulverbeschichtet;26;26;7;0,04;4;60;60;1,0;4;0;0;140;20
PA2024-3286;2024-10-14;Änderung;7;Bestandskunde;Maschinenbau;Bearbeitung;7;Stahl;pulverbeschichtet;26;26;7;0,014;4;21;21;1,0;4;0;0;49;7
PA2024-3287;2024-10-17;Änderung;10;Bestandskunde;Logistiktechnik;Bearbeitung;3;Stahl;pulverbeschichtet;26;26;7;0,006;4;9;9;1,0;4;0;0;21;3
PA2024-3288;2024-10-15;Standard;9;Bestandskunde;Medizintechnik;Bearbeitung;15;Stahl;pulverbeschichtet;26;26;7;0,03;4;45;45;1,0;4;0;0;105;15
PA2024-3289;2024-10-20;Standard;6;Bestandskunde;Haushaltsgeräte;Bearbeitung;15;Stahl;pulverbeschichtet;28;28;15;0,045;4;45;45;1,0;4;0;0;120;15
PA2024-3290;2024-10-14;Änderung;14;Bestandskunde;Automobilindustrie;Bearbeitung;5;Stahl;pulverbeschichtet;26;26;7;0,01;4;15;15;1,0;4;0;0;35;5
PA2024-3291;2024-10-17;Standard;11;Bestandskunde;Haushaltsgeräte;Bearbeitung;13;Stahl;pulverbeschichtet;28;28;15;0,039;4;39;39;1,0;4;0;0;104;13
PA2024-3292;2024-10-14;Standard;7;Bestandskunde;Haushaltsgeräte;Bearbeitung;14;Stahl;pulverbeschichtet;28;28;15;0,042;4;42;42;1,0;4;0;0;112;14
PA2024-3293;2024-10-20;Änderung;10;Bestandskunde;Maschinenbau;Bearbeitung;6;Stahl;pulverbeschichtet;26;26;7;0,012;4;18;18;1,0;4;0;0;42;6
PA2024-3294;2024-10-20;Änderung;7;Bestandskunde;Automobilindustrie;Bearbeitung;4;Stahl;pulverbeschichtet;28;28;15;0,012;4;12;12;1,0;4;0;0;32;4
PA2024-3295;2024-10-19;Änderung;9;Bestandskunde;Sonstige;Bearbeitung;11;Stahl;pulverbeschichtet;26;26;7;0,022;4;33;33;1,0;4;0;0;77;11
PA2024-3296;2024-10-15;Standard;7;Bestandskunde;Sonstige;Bearbeitung;10;Stahl;pulverbeschichtet;26;26;7;0,02;4;30;30;1,0;4;0;0;70;10
PA2024-3297;2024-10-18;Änderung;13;Bestandskunde;Automobilindustrie;Bearbeitung;5;Stahl;pulverbeschichtet;26;26;7;0,01;4;15;15;1,0;4;0;0;35;5
PA2024-3298;2024-10-18;Standard;5;Bestandskunde;Maschinenbau;Bearbeitung;5;Stahl;pulverbeschichtet;28;28;15;0,015;4;15;15;1,0;4;0;0;40;5
PA2024-3299;2024-10-18;Standard;8;Bestandskunde;Maschinenbau;Bearbeitung;11;Stahl;pulverbeschichtet;26;26;7;0,022;4;33;33;1,0;4;0;0;77;11
PA2024-3300;2024-10-19;Änderung;4;Bestandskunde;Maschinenbau;Bearbeitung;16;Stahl;pulverbeschichtet;26;26;7;0,032;4;48;48;1,0;4;0;0;112;16
PA2024-3301;2024-10-17;Änderung;11;Bestandskunde;Sonstige;Bearbeitung;7;Stahl;pulverbeschichtet;26;26;7;0,014;4;21;21;1,0;4;0;0;49;7
PA2024-3302;2024-10-18;Änderung;12;Bestandskunde;Maschinenbau;Bearbeitung;20;Stahl;pulverbeschichtet;26;26;7;0,04;4;60;60;1,0;4;0;0;140;20
PA2024-3303;2024-10-16;Standard;13;Bestandskunde;Maschinenbau;Bearbeitung;14;Stahl;pulverbeschichtet;26;26;7;0,028;4;42;42;1,0;4;0;0;98;14
PA2024-3304;2024-10-18;Standard;10;Bestandskunde;Logistiktechnik;Bearbeitung;12;Stahl;pulverbeschichtet;28;28;15;0,036;4;36;36;1,0;4;0;0;96;12
PA2024-3305;2024-10-20;Standard;11;Bestandskunde;Maschinenbau;Bearbeitung;16;Stahl;pulverbeschichtet;26;26;7;0,032;4;48;48;1,0;4;0;0;112;16
PA2024-3306;2024-10-20;Änderung;8;Bestandskunde;Maschinenbau;Bearbeitung;13;Stahl;pulverbeschichtet;26;26;7;0,026;4;39;39;1,0;4;0;0;91;13
PA2024-3307;2024-10-19;Standard;7;Bestandskunde;Automobilindustrie;Bearbeitung;11;Stahl;pulverbeschichtet;28;28;15;0,033;4;33;33;1,0;4;0;0;88;11
PA2024-3308;2024-10-20;Änderung;13;Bestandskunde;Automobilindustrie;Bearbeitung;6;Stahl;pulverbeschichtet;28;28;15;0,018;4;18;18;1,0;4;0;0;48;6
PA2024-3309;2024-10-20;Standard;6;Bestandskunde;Haushaltsgeräte;Bearbeitung;13;Stahl;pulverbeschichtet;28;28;15;0,039;4;39;39;1,0;4;0;0;104;13
PA2024-3310;2024-10-17;Änderung;6;Bestandskunde;Medizintechnik;Bearbeitung;9;Stahl;pulverbeschichtet;26;26;7;0,018;4;27;27;1,0;4;0;0;63;9
PA2024-3311;2024-10-14;Standard;8;Bestandskunde;Automobilindustrie;Bearbeitung;9;Stahl;pulverbeschichtet;26;26;7;0,018;4;27;27;1,0;4;0;0;63;9
PA2024-3312;2024-10-18;Änderung;6;Bestandskunde;Automobilindustrie;Bearbeitung;20;Stahl;pulverbeschichtet;26;26;7;0,04;4;60;60;1,0;4;0;0;140;20
PA2024-3313;2024-10-15;Standard;13;Bestandskunde;Haushaltsgeräte;Bearbeitung;1;Stahl;pulverbeschichtet;28;28;15;0,003;4;3;3;1,0;4;0;0;8;1
PA2024-3314;2024-10-20;Änderung;5;Bestandskunde;Medizintechnik;Bearbeitung;7;Stahl;pulverbeschichtet;28;28;15;0,021;4;21;21;1,0;4;0;0;56;7
PA2024-3315;2024-10-17;Standard;10;Bestandskunde;Maschinenbau;Bearbeitung;8;Stahl;pulverbeschichtet;26;26;7;0,016;4;24;24;1,0;4;0;0;56;8
PA2024-3316;2024-10-19;Standard;5;Bestandskunde;Logistiktechnik;Bearbeitung;7;Stahl;pulverbeschichtet;26;26;7;0,014;4;21;21;1,0;4;0;0;49;7
PA2024-3317;2024-10-15;Standard;10;Bestandskunde;Maschinenbau;Bearbeitung;19;Stahl;pulverbeschichtet;26;26;7;0,038;4;57;57;1,0;4;0;0;133;19
PA2024-3318;2024-10-20;Standard;5;Bestandskunde;Automobilindustrie;Bearbeitung;1;Stahl;pulverbeschichtet;26;26;7;0,002;4;3;3;1,0;4;0;0;7;1
PA2024-3319;2024-10-17;Standard;4;Bestandskunde;Maschinenbau;Bearbeitung;4;Stahl;pulverbeschichtet;26;26;7;0,008;4;12;12;1,0;4;0;0;28;4
PA2024-3320;2024-10-17;Änderung;12;Bestandskunde;Haushaltsgeräte;Bearbeitung;7;Stahl;pulverbeschichtet;28;28;15;0,021;4;21;21;1,0;4;0;0;56;7
PA2024-3321;2024-10-14;Standard;11;Bestandskunde;Haushaltsgeräte;Bearbeitung;9;Stahl;pulverbeschichtet;28;28;15;0,027;4;27;27;1,0;4;0;0;72;9
PA2024-3322;2024-10-17;Standard;12;Neukunde;Maschinenbau;Bearbeitung;4;Stahl;pulverbeschichtet;28;28;15;0,012;4;12;12;1,0;4;0;0;32;4
PA2024-3323;2024-10-20;Standard;14;Bestandskunde;Logistiktechnik;Bearbeitung;20;Stahl;pulverbeschichtet;26;26;7;0,04;4;60;60;1,0;4;0;0;140;20
PA2024-3324;2024-10-19;Standard;5;Bestandskunde;Maschinenbau;Bearbeitung;7;Stahl;pulverbeschichtet;28;28;15;0,021;4;21;21;1,0;4;0;0;56;7
PA2024-3325;2024-10-16;Änderung;9;Bestandskunde;Logistiktechnik;Bearbeitung;7;Stahl;pulverbeschichtet;26;26;7;0,014;4;21;21;1,0;4;0;0;49;7
PA2024-3326;2024-10-17;Änderung;14;Bestandskunde;Automobilindustrie;Bearbeitung;12;Stahl;pulverbeschichtet;28;28;15;0,036;4;36;36;1,0;4;0;0;96;12
PA2024-3327;2024-10-20;Änderung;5;Bestandskunde;Maschinenbau;Bearbeitung;9;Stahl;pulverbeschichtet;28;28;15;0,027;4;27;27;1,0;4;0;0;72;9
PA2024-3328;2024-10-18;Änderung;4;Bestandskunde;Logistiktechnik;Bearbeitung;3;Stahl;pulverbeschichtet;28;28;15;0,009;4;9;9;1,0;4;0;0;24;3
PA2024-3329;2024-10-20;Änderung;11;Bestandskunde;Sonstige;Bearbeitung;1;Stahl;pulverbeschichtet;28;28;15;0,003;4;3;3;1,0;4;0;0;8;1
PA2024-3330;2024-10-18;Standard;7;Neukunde;Automobilindustrie;Bearbeitung;2;Stahl;pulverbeschichtet;26;26;7;0,004;4;6;6;1,0;4;0;0;14;2
PA2024-3331;2024-10-25;Änderung;8;Bestandskunde;Logistiktechnik;Bearbeitung;9;Stahl;pulverbeschichtet;26;26;7;0,018;4;27;27;1,0;4;0;0;63;9
PA2024-3332;2024-10-22;Standard;8;Bestandskunde;Automobilindustrie;Bearbeitung;11;Stahl;pulverbeschichtet;26;26;7;0,022;4;33;33;1,0;4;0;0;77;11
PA2024-3333;2024-10-25;Standard;9;Bestandskunde;Sonstige;Bearbeitung;1;Stahl;pulverbeschichtet;26;26;7;0,002;4;3;3;1,0;4;0;0;7;1
PA2024-3334;2024-10-27;Änderung;10;Bestandskunde;Maschinenbau;Bearbeitung;8;Stahl;pulverbeschichtet;26;26;7;0,016;4;24;24;1,0;4;0;0;56;8
PA2024-3335;2024-10-24;Standard;4;Bestandskunde;Medizintechnik;Bearbeitung;7;Stahl;pulverbeschichtet;28;28;15;0,021;4;21;21;1,0;4;0;0;56;7
PA2024-3336;2024-10-26;Standard;10;Bestandskunde;Sonstige;Bearbeitung;1;Stahl;pulverbeschichtet;28;28;15;0,003;4;3;3;1,0;4;0;0;8;1
PA2024-3337;2024-10-25;Standard;10;Bestandskunde;Automobilindustrie;Bearbeitung;9;Stahl;pulverbeschichtet;28;28;15;0,027;4;27;27;1,0;4;0;0;72;9
PA2024-3338;2024-10-24;Änderung;9;Bestandskunde;Maschinenbau;Bearbeitung;20;Stahl;pulverbeschichtet;26;26;7;0,04;4;60;60;1,0;4;0;0;140;20
PA2024-3339;2024-10-25;Standard;8;Bestandskunde;Haushaltsgeräte;Bearbeitung;14;Stahl;pulverbeschichtet;26;26;7;0,028;4;42;42;1,0;4;0;0;98;14
PA2024-3340;2024-10-24;Standard;12;Bestandskunde;Haushaltsgeräte;Bearbeitung;15;Stahl;pulverbeschichtet;26;26;7;0,03;4;45;45;1,0;4;0;0;105;15
PA2024-3341;2024-10-22;Standard;13;Bestandskunde;Maschinenbau;Bearbeitung;3;Stahl;pulverbeschichtet;28;28;15;0,009;4;9;9;1,0;4;0;0;24;3
PA2024-3342;2024-10-27;Standard;12;Bestandskunde;Sonstige;Bearbeitung;14;Stahl;pulverbeschichtet;28;28;15;0,042;4;42;42;1,0;4;0;0;112;14
PA2024-3343;2024-10-26;Änderung;12;Bestandskunde;Automobilindustrie;Bearbeitung;3;Stahl;pulverbeschichtet;28;28;15;0,009;4;9;9;1,0;4;0;0;24;3
PA2024-3344;2024-10-23;Standard;5;Bestandskunde;Automobilindustrie;Bearbeitung;20;Stahl;pulverbeschichtet;28;28;15;0,06;4;60;60;1,0;4;0;0;160;20
PA2024-3345;2024-10-22;Standard;13;Bestandskunde;Logistiktechnik;Bearbeitung;19;Stahl;pulverbeschichtet;26;26;7;0,038;4;57;57;1,0;4;0;0;133;19
PA2024-3346;2024-10-27;Änderung;15;Bestandskunde;Maschinenbau;Bearbeitung;15;Stahl;pulverbeschichtet;26;26;7;0,03;4;45;45;1,0;4;0;0;105;15
PA2024-3347;2024-10-23;Standard;8;Bestandskunde;Logistiktechnik;Bearbeitung;14;Stahl;pulverbeschichtet;28;28;15;0,042;4;42;42;1,0;4;0;0;112;14
PA2024-3348;2024-10-21;Änderung;9;Bestandskunde;Automobilindustrie;Bearbeitung;14;Stahl;pulverbeschichtet;26;26;7;0,028;4;42;42;1,0;4;0;0;98;14
PA2024-3349;2024-10-21;Standard;13;Bestandskunde;Sonstige;Bearbeitung;7;Stahl;pulverbeschichtet;26;26;7;0,014;4;21;21;1,0;4;0;0;49;7
PA2024-3350;2024-10-24;Änderung;6;Bestandskunde;Automobilindustrie;Bearbeitung;6;Stahl;pulverbeschichtet;26;26;7;0,012;4;18;18;1,0;4;0;0;42;6
PA2024-3351;2024-10-27;Änderung;15;Bestandskunde;Maschinenbau;Bearbeitung;3;Stahl;pulverbeschichtet;28;28;15;0,009;4;9;9;1,0;4;0;0;24;3
PA2024-3352;2024-10-25;Standard;15;Bestandskunde;Maschinenbau;Bearbeitung;11;Stahl;pulverbeschichtet;26;26;7;0,022;4;33;33;1,0;4;0;0;77;11
PA2024-3353;2024-10-24;Standard;7;Bestandskunde;Maschinenbau;Bearbeitung;6;Stahl;pulverbeschichtet;26;26;7;0,012;4;18;18;1,0;4;0;0;42;6
PA2024-3354;2024-10-21;Standard;11;Bestandskunde;Sonstige;Bearbeitung;1;Stahl;pulverbeschichtet;28;28;15;0,003;4;3;3;1,0;4;0;0;8;1
PA2024-3355;2024-10-22;Änderung;7;Neukunde;Medizintechnik;Bearbeitung;2;Stahl;pulverbeschichtet;28;28;15;0,006;4;6;6;1,0;4;0;0;16;2
PA2024-3356;2024-10-27;Standard;14;Bestandskunde;Maschinenbau;Bearbeitung;18;Stahl;pulverbeschichtet;28;28;15;0,054;4;54;54;1,0;4;0;0;144;18
PA2024-3357;2024-10-26;Änderung;14;Bestandskunde;Sonstige;Bearbeitung;6;Stahl;pulverbeschichtet;28;28;15;0,018;4;18;18;1,0;4;0;0;48;6
PA2024-3358;2024-10-24;Standard;6;Bestandskunde;Logistiktechnik;Bearbeitung;1;Stahl;pulverbeschichtet;26;26;7;0,002;4;3;3;1,0;4;0;0;7;1
PA2024-3359;2024-10-27;Änderung;8;Bestandskunde;Maschinenbau;Bearbeitung;20;Stahl;pulverbeschichtet;28;28;15;0,06;4;60;60;1,0;4;0;0;160;20
PA2024-3360;2024-10-24;Standard;6;Bestandskunde;Maschinenbau;Bearbeitung;11;Stahl;pulverbeschichtet;26;26;7;0,022;4;33;33;1,0;4;0;0;77;11
PA2024-3361;2024-10-24;Standard;5;Neukunde;Logistiktechnik;Bearbeitung;1;Stahl;pulverbeschichtet;26;26;7;0,002;4;3;3;1,0;4;0;0;7;1
PA2024-3362;2024-10-25;Standard;9;Bestandskunde;Logistiktechnik;Bearbeitung;6;Stahl;pulverbeschichtet;28;28;15;0,018;4;18;18;1,0;4;0;0;48;6
PA2024-3363;2024-10-26;Standard;9;Bestandskunde;Haushaltsgeräte;Bearbeitung;8;Stahl;pulverbeschichtet;26;26;7;0,016;4;24;24;1,0;4;0;0;56;8
PA2024-3364;2024-10-26;Standard;4;Bestandskunde;Automobilindustrie;Bearbeitung;19;Stahl;pulverbeschichtet;28;28;15;0,057;4;57;57;1,0;4;0;0;152;19
PA2024-3365;2024-10-21;Standard;13;Bestandskunde;Maschinenbau;Bearbeitung;11;Stahl;pulverbeschichtet;28;28;15;0,033;4;33;33;1,0;4;0;0;88;11
PA2024-3366;2024-10-21;Standard;12;Bestandskunde;Logistiktechnik;Bearbeitung;6;Stahl;pulverbeschichtet;28;28;15;0,018;4;18;18;1,0;4;0;0;48;6
PA2024-3367;2024-10-25;Standard;15;Bestandskunde;Automobilindustrie;Bearbeitung;8;Stahl;pulverbeschichtet;28;28;15;0,024;4;24;24;1,0;4;0;0;64;8
PA2024-3368;2024-10-27;Änderung;5;Bestandskunde;Maschinenbau;Bearbeitung;14;Stahl;pulverbeschichtet;26;26;7;0,028;4;42;42;1,0;4;0;0;98;14
PA2024-3369;2024-10-27;Standard;5;Bestandskunde;Haushaltsgeräte;Bearbeitung;9;Stahl;pulverbeschichtet;28;28;15;0,027;4;27;27;1,0;4;0;0;72;9
PA2024-3370;2024-10-23;Änderung;15;Bestandskunde;Automobilindustrie;Bearbeitung;2;Stahl;pulverbeschichtet;26;26;7;0,004;4;6;6;1,0;4;0;0;14;2
PA2024-3371;2024-10-26;Standard;10;Bestandskunde;Automobilindustrie;Bearbeitung;5;Stahl;pulverbeschichtet;26;26;7;0,01;4;15;15;1,0;4;0;0;35;5
PA2024-3372;2024-10-21;Änderung;9;Bestandskunde;Maschinenbau;Bearbeitung;4;Stahl;pulverbeschichtet;26;26;7;0,008;4;12;12;1,0;4;0;0;28;4
PA2024-3373;2024-10-25;Standard;5;Bestandskunde;Maschinenbau;Bearbeitung;15;Stahl;pulverbeschichtet;28;28;15;0,045;4;45;45;1,0;4;0;0;120;15
PA2024-3374;2024-10-21;Standard;15;Bestandskunde;Automobilindustrie;Bearbeitung;3;Stahl;pulverbeschichtet;26;26;7;0,006;4;9;9;1,0;4;0;0;21;3
PA2024-3375;2024-10-24;Standard;6;Bestandskunde;Logistiktechnik;Bearbeitung;14;Stahl;pulverbeschichtet;28;28;15;0,042;4;42;42;1,0;4;0;0;112;14
PA2024-3376;2024-10-27;Standard;10;Bestandskunde;Automobilindustrie;Bearbeitung;1;Stahl;pulverbeschichtet;26;26;7;0,002;4;3;3;1,0;4;0;0;7;1
PA2024-3377;2024-10-22;Standard;15;Bestandskunde;Haushaltsgeräte;Bearbeitung;11;Stahl;pulverbeschichtet;26;26;7;0,022;4;33;33;1,0;4;0;0;77;11
PA2024-3378;2024-10-26;Änderung;10;Bestandskunde;Medizintechnik;Bearbeitung;1;Stahl;pulverbeschichtet;26;26;7;0,002;4;3;3;1,0;4;0;0;7;1
PA2024-3379;2024-10-26;Standard;5;Bestandskunde;Maschinenbau;Bearbeitung;13;Stahl;pulverbeschichtet;28;28;15;0,039;4;39;39;1,0;4;0;0;104;13
PA2024-3380;2024-10-27;Standard;15;Bestandskunde;Maschinenbau;Bearbeitung;18;Stahl;pulverbeschichtet;26;26;7;0,036;4;54;54;1,0;4;0;0;126;18
PA2024-3381;2024-10-27;Standard;5;Bestandskunde;Automobilindustrie;Bearbeitung;2;Stahl;pulverbeschichtet;26;26;7;0,004;4;6;6;1,0;4;0;0;14;2
PA2024-3382;2024-10-22;Änderung;9;Bestandskunde;Automobilindustrie;Bearbeitung;20;Stahl;pulverbeschichtet;26;26;7;0,04;4;60;60;1,0;4;0;0;140;20
PA2024-3383;2024-10-26;Standard;7;Bestandskunde;Automobilindustrie;Bearbeitung;17;Stahl;pulverbeschichtet;28;28;15;0,051;4;51;51;1,0;4;0;0;136;17
PA2024-3384;2024-10-21;Änderung;8;Bestandskunde;Sonstige;Bearbeitung;5;Stahl;pulverbeschichtet;28;28;15;0,015;4;15;15;1,0;4;0;0;40;5
PA2024-3385;2024-10-26;Standard;11;Bestandskunde;Automobilindustrie;Bearbeitung;19;Stahl;pulverbeschichtet;28;28;15;0,057;4;57;57;1,0;4;0;0;152;19
PA2024-3386;2024-10-22;Standard;13;Bestandskunde;Maschinenbau;Bearbeitung;18;Stahl;pulverbeschichtet;26;26;7;0,036;4;54;54;1,0;4;0;0;126;18
PA2024-3387;2024-10-24;Änderung;11;Bestandskunde;Haushaltsgeräte;Bearbeitung;2;Stahl;pulverbeschichtet;28;28;15;0,006;4;6;6;1,0;4;0;0;16;2
PA2024-3388;2024-10-26;Änderung;14;Bestandskunde;Maschinenbau;Bearbeitung;10;Stahl;pulverbeschichtet;26;26;7;0,02;4;30;30;1,0;4;0;0;70;10
PA2024-3389;2024-10-23;Standard;7;Bestandskunde;Logistiktechnik;Bearbeitung;10;Stahl;pulverbeschichtet;26;26;7;0,02;4;30;30;1,0;4;0;0;70;10
PA2024-3390;2024-10-23;Änderung;8;Bestandskunde;Sonstige;Bearbeitung;17;Stahl;pulverbeschichtet;26;26;7;0,034;4;51;51;1,0;4;0;0;119;17
PA2024-3391;2024-11-03;Standard;12;Bestandskunde;Automobilindustrie;Bearbeitung;1;Stahl;pulverbeschichtet;26;26;7;0,002;4;3;3;1,0;4;0;0;7;1
PA2024-3392;2024-11-03;Standard;10;Bestandskunde;Automobilindustrie;Bearbeitung;18;Stahl;pulverbeschichtet;26;26;7;0,036;4;54;54;1,0;4;0;0;126;18
PA2024-3393;2024-10-30;Standard;13;Bestandskunde;Sonstige;Bearbeitung;12;Stahl;pulverbeschichtet;26;26;7;0,024;4;36;36;1,0;4;0;0;84;12
PA2024-3394;2024-10-31;Standard;12;Bestandskunde;Sonstige;Bearbeitung;5;Stahl;pulverbeschichtet;28;28;15;0,015;4;15;15;1,0;4;0;0;40;5
PA2024-3395;2024-10-28;Standard;13;Bestandskunde;Automobilindustrie;Bearbeitung;20;Stahl;pulverbeschichtet;26;26;7;0,04;4;60;60;1,0;4;0;0;140;20
PA2024-3396;2024-11-01;Standard;5;Bestandskunde;Sonstige;Bearbeitung;19;Stahl;pulverbeschichtet;28;28;15;0,057;4;57;57;1,0;4;0;0;152;19
PA2024-3397;2024-10-29;Standard;7;Bestandskunde;Sonstige;Bearbeitung;6;Stahl;pulverbeschichtet;28;28;15;0,018;4;18;18;1,0;4;0;0;48;6
PA2024-3398;2024-10-29;Änderung;13;Bestandskunde;Maschinenbau;Bearbeitung;13;Stahl;pulverbeschichtet;28;28;15;0,039;4;39;39;1,0;4;0;0;104;13
PA2024-3399;2024-10-28;Standard;14;Bestandskunde;Haushaltsgeräte;Bearbeitung;14;Stahl;pulverbeschichtet;28;28;15;0,042;4;42;42;1,0;4;0;0;112;14
PA2024-3400;2024-10-30;Änderung;12;Bestandskunde;Maschinenbau;Bearbeitung;20;Stahl;pulverbeschichtet;26;26;7;0,04;4;60;60;1,0;4;0;0;140;20
PA2024-3401;2024-10-29;Änderung;11;Neukunde;Maschinenbau;Bearbeitung;13;Stahl;pulverbeschichtet;26;26;7;0,026;4;39;39;1,0;4;0;0;91;13
PA2024-3402;2024-10-31;Standard;13;Bestandskunde;Automobilindustrie;Bearbeitung;14;Stahl;pulverbeschichtet;28;28;15;0,042;4;42;42;1,0;4;0;0;112;14
PA2024-3403;2024-10-28;Standard;9;Bestandskunde;Maschinenbau;Bearbeitung;17;Stahl;pulverbeschichtet;26;26;7;0,034;4;51;51;1,0;4;0;0;119;17
PA2024-3404;2024-11-03;Standard;10;Bestandskunde;Sonstige;Bearbeitung;17;Stahl;pulverbeschichtet;28;28;15;0,051;4;51;51;1,0;4;0;0;136;17
PA2024-3405;2024-10-29;Standard;7;Bestandskunde;Haushaltsgeräte;Bearbeitung;3;Stahl;pulverbeschichtet;26;26;7;0,006;4;9;9;1,0;4;0;0;21;3
PA2024-3406;2024-10-28;Standard;14;Bestandskunde;Logistiktechnik;Bearbeitung;20;Stahl;pulverbeschichtet;28;28;15;0,06;4;60;60;1,0;4;0;0;160;20
PA2024-3407;2024-11-02;Standard;9;Bestandskunde;Logistiktechnik;Bearbeitung;19;Stahl;pulverbeschichtet;26;26;7;0,038;4;57;57;1,0;4;0;0;133;19
PA2024-3408;2024-10-30;Standard;6;Bestandskunde;Automobilindustrie;Bearbeitung;19;Stahl;pulverbeschichtet;26;26;7;0,038;4;57;57;1,0;4;0;0;133;19
PA2024-3409;2024-10-29;Standard;14;Bestandskunde;Automobilindustrie;Bearbeitung;18;Stahl;pulverbeschichtet;28;28;15;0,054;4;54;54;1,0;4;0;0;144;18
PA2024-3410;2024-10-30;Standard;12;Bestandskunde;Maschinenbau;Bearbeitung;5;Stahl;pulverbeschichtet;28;28;15;0,015;4;15;15;1,0;4;0;0;40;5
PA2024-3411;2024-10-30;Standard;7;Bestandskunde;Medizintechnik;Bearbeitung;11;Stahl;pulverbeschichtet;28;28;15;0,033;4;33;33;1,0;4;0;0;88;11
PA2024-3412;2024-11-01;Änderung;14;Bestandskunde;Maschinenbau;Bearbeitung;4;Stahl;pulverbeschichtet;26;26;7;0,008;4;12;12;1,0;4;0;0;28;4
PA2024-3413;2024-11-01;Standard;11;Bestandskunde;Haushaltsgeräte;Bearbeitung;18;Stahl;pulverbeschichtet;28;28;15;0,054;4;54;54;1,0;4;0;0;144;18
PA2024-3414;2024-10-31;Änderung;6;Bestandskunde;Maschinenbau;Bearbeitung;12;Stahl;pulverbeschichtet;26;26;7;0,024;4;36;36;1,0;4;0;0;84;12
PA2024-3415;2024-10-31;Änderung;12;Neukunde;Maschinenbau;Bearbeitung;14;Stahl;pulverbeschichtet;26;26;7;0,028;4;42;42;1,0;4;0;0;98;14
PA2024-3416;2024-10-29;Änderung;10;Bestandskunde;Sonstige;Bearbeitung;8;Stahl;pulverbeschichtet;28;28;15;0,024;4;24;24;1,0;4;0;0;64;8
PA2024-3417;2024-10-30;Standard;6;Bestandskunde;Medizintechnik;Bearbeitung;3;Stahl;pulverbeschichtet;28;28;15;0,009;4;9;9;1,0;4;0;0;24;3
PA2024-3418;2024-11-02;Änderung;10;Bestandskunde;Automobilindustrie;Bearbeitung;2;Stahl;pulverbeschichtet;26;26;7;0,004;4;6;6;1,0;4;0;0;14;2
PA2024-3419;2024-10-31;Standard;7;Bestandskunde;Automobilindustrie;Bearbeitung;12;Stahl;pulverbeschichtet;28;28;15;0,036;4;36;36;1,0;4;0;0;96;12
PA2024-3420;2024-10-31;Standard;5;Bestandskunde;Haushaltsgeräte;Bearbeitung;6;Stahl;pulverbeschichtet;26;26;7;0,012;4;18;18;1,0;4;0;0;42;6
PA2024-3421;2024-11-02;Standard;10;Bestandskunde;Maschinenbau;Bearbeitung;19;Stahl;pulverbeschichtet;26;26;7;0,038;4;57;57;1,0;4;0;0;133;19
PA2024-3422;2024-11-01;Standard;14;Bestandskunde;Maschinenbau;Bearbeitung;7;Stahl;pulverbeschichtet;26;26;7;0,014;4;21;21;1,0;4;0;0;49;7
PA2024-3423;2024-10-29;Standard;10;Bestandskunde;Automobilindustrie;Bearbeitung;15;Stahl;pulverbeschichtet;28;28;15;0,045;4;45;45;1,0;4;0;0;120;15
PA2024-3424;2024-11-01;Standard;3;Bestandskunde;Medizintechnik;Bearbeitung;1;Stahl;pulverbeschichtet;28;28;15;0,003;4;3;3;1,0;4;0;0;8;1
PA2024-3425;2024-11-01;Standard;12;Neukunde;Maschinenbau;Bearbeitung;11;Stahl;pulverbeschichtet;28;28;15;0,033;4;33;33;1,0;4;0;0;88;11
PA2024-3426;2024-11-02;Standard;15;Bestandskunde;Logistiktechnik;Bearbeitung;20;Stahl;pulverbeschichtet;26;26;7;0,04;4;60;60;1,0;4;0;0;140;20
PA2024-3427;2024-11-02;Änderung;5;Bestandskunde;Maschinenbau;Bearbeitung;12;Stahl;pulverbeschichtet;26;26;7;0,024;4;36;36;1,0;4;0;0;84;12
PA2024-3428;2024-11-02;Änderung;9;Bestandskunde;Sonstige;Bearbeitung;18;Stahl;pulverbeschichtet;26;26;7;0,036;4;54;54;1,0;4;0;0;126;18
PA2024-3429;2024-10-30;Standard;12;Bestandskunde;Sonstige;Bearbeitung;2;Stahl;pulverbeschichtet;28;28;15;0,006;4;6;6;1,0;4;0;0;16;2
PA2024-3430;2024-11-01;Änderung;3;Bestandskunde;Maschinenbau;Bearbeitung;3;Stahl;pulverbeschichtet;26;26;7;0,006;4;9;9;1,0;4;0;0;21;3
PA2024-3431;2024-11-03;Standard;15;Bestandskunde;Automobilindustrie;Bearbeitung;20;Stahl;pulverbeschichtet;26;26;7;0,04;4;60;60;1,0;4;0;0;140;20
PA2024-3432;2024-10-30;Standard;8;Bestandskunde;Maschinenbau;Bearbeitung;13;Stahl;pulverbeschichtet;28;28;15;0,039;4;39;39;1,0;4;0;0;104;13
PA2024-3433;2024-11-03;Änderung;15;Bestandskunde;Sonstige;Bearbeitung;19;Stahl;pulverbeschichtet;26;26;7;0,038;4;57;57;1,0;4;0;0;133;19
PA2024-3434;2024-11-02;Standard;10;Bestandskunde;Automobilindustrie;Bearbeitung;18;Stahl;pulverbeschichtet;26;26;7;0,036;4;54;54;1,0;4;0;0;126;18
PA2024-3435;2024-11-03;Standard;10;Bestandskunde;Logistiktechnik;Bearbeitung;18;Stahl;pulverbeschichtet;28;28;15;0,054;4;54;54;1,0;4;0;0;144;18
PA2024-3436;2024-10-28;Standard;4;Bestandskunde;Haushaltsgeräte;Bearbeitung;13;Stahl;pulverbeschichtet;26;26;7;0,026;4;39;39;1,0;4;0;0;91;13
PA2024-3437;2024-10-29;Standard;15;Bestandskunde;Maschinenbau;Bearbeitung;18;Stahl;pulverbeschichtet;26;26;7;0,036;4;54;54;1,0;4;0;0;126;18
PA2024-3438;2024-10-30;Änderung;3;Bestandskunde;Automobilindustrie;Bearbeitung;1;Stahl;pulverbeschichtet;28;28;15;0,003;4;3;3;1,0;4;0;0;8;1
PA2024-3439;2024-10-30;Änderung;7;Bestandskunde;Automobilindustrie;Bearbeitung;13;Stahl;pulverbeschichtet;26;26;7;0,026;4;39;39;1,0;4;0;0;91;13
PA2024-3440;2024-10-31;Standard;7;Bestandskunde;Medizintechnik;Bearbeitung;11;Stahl;pulverbeschichtet;28;28;15;0,033;4;33;33;1,0;4;0;0;88;11
PA2024-3441;2024-10-29;Änderung;4;Bestandskunde;Automobilindustrie;Bearbeitung;15;Stahl;pulverbeschichtet;28;28;15;0,045;4;45;45;1,0;4;0;0;120;15
PA2024-3442;2024-11-03;Änderung;5;Bestandskunde;Automobilindustrie;Bearbeitung;2;Stahl;pulverbeschichtet;28;28;15;0,006;4;6;6;1,0;4;0;0;16;2
PA2024-3443;2024-10-28;Änderung;15;Bestandskunde;Automobilindustrie;Bearbeitung;16;Stahl;pulverbeschichtet;28;28;15;0,048;4;48;48;1,0;4;0;0;128;16
PA2024-3444;2024-10-28;Standard;6;Bestandskunde;Medizintechnik;Bearbeitung;18;Stahl;pulverbeschichtet;26;26;7;0,036;4;54;54;1,0;4;0;0;126;18
PA2024-3445;2024-10-28;Standard;5;Bestandskunde;Automobilindustrie;Bearbeitung;5;Stahl;pulverbeschichtet;28;28;15;0,015;4;15;15;1,0;4;0;0;40;5
PA2024-3446;2024-10-28;Standard;6;Bestandskunde;Logistiktechnik;Bearbeitung;11;Stahl;pulverbeschichtet;28;28;15;0,033;4;33;33;1,0;4;0;0;88;11
PA2024-3447;2024-10-29;Änderung;13;Bestandskunde;Automobilindustrie;Bearbeitung;4;Stahl;pulverbeschichtet;26;26;7;0,008;4;12;12;1,0;4;0;0;28;4
PA2024-3448;2024-10-30;Änderung;13;Bestandskunde;Logistiktechnik;Bearbeitung;6;Stahl;pulverbeschichtet;28;28;15;0,018;4;18;18;1,0;4;0;0;48;6
PA2024-3449;2024-10-30;Änderung;8;Bestandskunde;Sonstige;Bearbeitung;1;Stahl;pulverbeschichtet;26;26;7;0,002;4;3;3;1,0;4;0;0;7;1
PA2024-3450;2024-10-30;Standard;12;Bestandskunde;Sonstige;Bearbeitung;2;Stahl;pulverbeschichtet;28;28;15;0,006;4;6;6;1,0;4;0;0;16;2
PA2024-3451;2024-11-04;Standard;14;Bestandskunde;Maschinenbau;Bearbeitung;3;Stahl;pulverbeschichtet;26;26;7;0,006;4;9;9;1,0;4;0;0;21;3
PA2024-3452;2024-11-05;Änderung;9;Bestandskunde;Medizintechnik;Bearbeitung;13;Stahl;pulverbeschichtet;28;28;15;0,039;4;39;39;1,0;4;0;0;104;13
PA2024-3453;2024-11-10;Standard;14;Bestandskunde;Automobilindustrie;Bearbeitung;19;Stahl;pulverbeschichtet;28;28;15;0,057;4;57;57;1,0;4;0;0;152;19
PA2024-3454;2024-11-06;Änderung;8;Bestandskunde;Medizintechnik;Bearbeitung;13;Stahl;pulverbeschichtet;28;28;15;0,039;4;39;39;1,0;4;0;0;104;13
PA2024-3455;2024-11-04;Standard;7;Bestandskunde;Automobilindustrie;Bearbeitung;15;Stahl;pulverbeschichtet;26;26;7;0,03;4;45;45;1,0;4;0;0;105;15
PA2024-3456;2024-11-07;Standard;15;Bestandskunde;Logistiktechnik;Bearbeitung;2;Stahl;pulverbeschichtet;26;26;7;0,004;4;6;6;1,0;4;0;0;14;2
PA2024-3457;2024-11-04;Standard;13;Bestandskunde;Medizintechnik;Bearbeitung;1;Stahl;pulverbeschichtet;28;28;15;0,003;4;3;3;1,0;4;0;0;8;1
PA2024-3458;2024-11-05;Standard;15;Bestandskunde;Sonstige;Bearbeitung;14;Stahl;pulverbeschichtet;28;28;15;0,042;4;42;42;1,0;4;0;0;112;14
PA2024-3459;2024-11-08;Standard;5;Bestandskunde;Sonstige;Bearbeitung;2;Stahl;pulverbeschichtet;28;28;15;0,006;4;6;6;1,0;4;0;0;16;2
PA2024-3460;2024-11-04;Änderung;9;Bestandskunde;Medizintechnik;Bearbeitung;5;Stahl;pulverbeschichtet;26;26;7;0,01;4;15;15;1,0;4;0;0;35;5
PA2024-3461;2024-11-06;Standard;7;Bestandskunde;Automobilindustrie;Bearbeitung;15;Stahl;pulverbeschichtet;26;26;7;0,03;4;45;45;1,0;4;0;0;105;15
PA2024-3462;2024-11-07;Änderung;11;Bestandskunde;Maschinenbau;Bearbeitung;6;Stahl;pulverbeschichtet;28;28;15;0,018;4;18;18;1,0;4;0;0;48;6
PA2024-3463;2024-11-04;Standard;14;Neukunde;Maschinenbau;Bearbeitung;15;Stahl;pulverbeschichtet;28;28;15;0,045;4;45;45;1,0;4;0;0;120;15
PA2024-3464;2024-11-06;Änderung;11;Bestandskunde;Haushaltsgeräte;Bearbeitung;19;Stahl;pulverbeschichtet;28;28;15;0,057;4;57;57;1,0;4;0;0;152;19
PA2024-3465;2024-11-06;Standard;10;Bestandskunde;Automobilindustrie;Bearbeitung;10;Stahl;pulverbeschichtet;26;26;7;0,02;4;30;30;1,0;4;0;0;70;10
PA2024-3466;2024-11-05;Standard;15;Bestandskunde;Sonstige;Bearbeitung;18;Stahl;pulverbeschichtet;28;28;15;0,054;4;54;54;1,0;4;0;0;144;18
PA2024-3467;2024-11-06;Standard;12;Bestandskunde;Sonstige;Bearbeitung;10;Stahl;pulverbeschichtet;26;26;7;0,02;4;30;30;1,0;4;0;0;70;10
PA2024-3468;2024-11-07;Standard;6;Bestandskunde;Medizintechnik;Bearbeitung;12;Stahl;pulverbeschichtet;28;28;15;0,036;4;36;36;1,0;4;0;0;96;12
PA2024-3469;2024-11-07;Standard;14;Bestandskunde;Maschinenbau;Bearbeitung;13;Stahl;pulverbeschichtet;26;26;7;0,026;4;39;39;1,0;4;0;0;91;13
PA2024-3470;2024-11-10;Standard;14;Bestandskunde;Automobilindustrie;Bearbeitung;5;Stahl;pulverbeschichtet;26;26;7;0,01;4;15;15;1,0;4;0;0;35;5
PA2024-3471;2024-11-07;Änderung;3;Bestandskunde;Maschinenbau;Bearbeitung;5;Stahl;pulverbeschichtet;28;28;15;0,015;4;15;15;1,0;4;0;0;40;5
PA2024-3472;2024-11-04;Standard;7;Bestandskunde;Sonstige;Bearbeitung;3;Stahl;pulverbeschichtet;28;28;15;0,009;4;9;9;1,0;4;0;0;24;3
PA2024-3473;2024-11-06;Standard;3;Bestandskunde;Haushaltsgeräte;Bearbeitung;1;Stahl;pulverbeschichtet;28;28;15;0,003;4;3;3;1,0;4;0;0;8;1
PA2024-3474;2024-11-05;Standard;5;Bestandskunde;Automobilindustrie;Bearbeitung;11;Stahl;pulverbeschichtet;26;26;7;0,022;4;33;33;1,0;4;0;0;77;11
PA2024-3475;2024-11-06;Änderung;15;Bestandskunde;Medizintechnik;Bearbeitung;5;Stahl;pulverbeschichtet;28;28;15;0,015;4;15;15;1,0;4;0;0;40;5
PA2024-3476;2024-11-06;Standard;5;Bestandskunde;Logistiktechnik;Bearbeitung;10;Stahl;pulverbeschichtet;26;26;7;0,02;4;30;30;1,0;4;0;0;70;10
PA2024-3477;2024-11-06;Standard;4;Bestandskunde;Logistiktechnik;Bearbeitung;12;Stahl;pulverbeschichtet;28;28;15;0,036;4;36;36;1,0;4;0;0;96;12
PA2024-3478;2024-11-09;Standard;10;Bestandskunde;Haushaltsgeräte;Bearbeitung;15;Stahl;pulverbeschichtet;26;26;7;0,03;4;45;45;1,0;4;0;0;105;15
PA2024-3479;2024-11-09;Änderung;14;Bestandskunde;Sonstige;Bearbeitung;3;Stahl;pulverbeschichtet;26;26;7;0,006;4;9;9;1,0;4;0;0;21;3
PA2024-3480;2024-11-09;Standard;10;Bestandskunde;Medizintechnik;Bearbeitung;7;Stahl;pulverbeschichtet;28;28;15;0,021;4;21;21;1,0;4;0;0;56;7
PA2024-3481;2024-11-07;Standard;6;Bestandskunde;Sonstige;Bearbeitung;11;Stahl;pulverbeschichtet;28;28;15;0,033;4;33;33;1,0;4;0;0;88;11
PA2024-3482;2024-11-09;Änderung;14;Bestandskunde;Logistiktechnik;Bearbeitung;12;Stahl;pulverbeschichtet;28;28;15;0,036;4;36;36;1,0;4;0;0;96;12
PA2024-3483;2024-11-10;Standard;8;Bestandskunde;Maschinenbau;Bearbeitung;16;Stahl;pulverbeschichtet;28;28;15;0,048;4;48;48;1,0;4;0;0;128;16
PA2024-3484;2024-11-04;Standard;9;Bestandskunde;Maschinenbau;Bearbeitung;4;Stahl;pulverbeschichtet;28;28;15;0,012;4;12;12;1,0;4;0;0;32;4
PA2024-3485;2024-11-04;Standard;12;Bestandskunde;Logistiktechnik;Bearbeitung;7;Stahl;pulverbeschichtet;26;26;7;0,014;4;21;21;1,0;4;0;0;49;7
PA2024-3486;2024-11-05;Standard;7;Bestandskunde;Haushaltsgeräte;Bearbeitung;13;Stahl;pulverbeschichtet;26;26;7;0,026;4;39;39;1,0;4;0;0;91;13
PA2024-3487;2024-11-04;Standard;8;Bestandskunde;Haushaltsgeräte;Bearbeitung;11;Stahl;pulverbeschichtet;28;28;15;0,033;4;33;33;1,0;4;0;0;88;11
PA2024-3488;2024-11-10;Standard;13;Neukunde;Maschinenbau;Bearbeitung;15;Stahl;pulverbeschichtet;26;26;7;0,03;4;45;45;1,0;4;0;0;105;15
PA2024-3489;2024-11-10;Standard;8;Bestandskunde;Logistiktechnik;Bearbeitung;8;Stahl;pulverbeschichtet;28;28;15;0,024;4;24;24;1,0;4;0;0;64;8
PA2024-3490;2024-11-09;Standard;10;Bestandskunde;Sonstige;Bearbeitung;8;Stahl;pulverbeschichtet;26;26;7;0,016;4;24;24;1,0;4;0;0;56;8
PA2024-3491;2024-11-08;Änderung;5;Bestandskunde;Logistiktechnik;Bearbeitung;3;Stahl;pulverbeschichtet;26;26;7;0,006;4;9;9;1,0;4;0;0;21;3
PA2024-3492;2024-11-05;Standard;8;Bestandskunde;Automobilindustrie;Bearbeitung;9;Stahl;pulverbeschichtet;28;28;15;0,027;4;27;27;1,0;4;0;0;72;9
PA2024-3493;2024-11-05;Standard;10;Bestandskunde;Automobilindustrie;Bearbeitung;19;Stahl;pulverbeschichtet;28;28;15;0,057;4;57;57;1,0;4;0;0;152;19
PA2024-3494;2024-11-10;Standard;15;Bestandskunde;Maschinenbau;Bearbeitung;3;Stahl;pulverbeschichtet;26;26;7;0,006;4;9;9;1,0;4;0;0;21;3
PA2024-3495;2024-11-09;Änderung;10;Bestandskunde;Sonstige;Bearbeitung;15;Stahl;pulverbeschichtet;28;28;15;0,045;4;45;45;1,0;4;0;0;120;15
PA2024-3496;2024-11-08;Standard;5;Bestandskunde;Sonstige;Bearbeitung;4;Stahl;pulverbeschichtet;28;28;15;0,012;4;12;12;1,0;4;0;0;32;4
PA2024-3497;2024-11-09;Standard;12;Bestandskunde;Maschinenbau;Bearbeitung;7;Stahl;pulverbeschichtet;26;26;7;0,014;4;21;21;1,0;4;0;0;49;7
PA2024-3498;2024-11-10;Standard;14;Bestandskunde;Automobilindustrie;Bearbeitung;5;Stahl;pulverbeschichtet;26;26;7;0,01;4;15;15;1,0;4;0;0;35;5
PA2024-3499;2024-11-07;Standard;13;Bestandskunde;Automobilindustrie;Bearbeitung;3;Stahl;pulverbeschichtet;26;26;7;0,006;4;9;9;1,0;4;0;0;21;3
PA2024-3500;2024-11-08;Standard;4;Bestandskunde;Sonstige;Bearbeitung;10;Stahl;pulverbeschichtet;28;28;15;0,03;4;30;30;1,0;4;0;0;80;10
PA2024-3501;2024-11-10;Änderung;15;Bestandskunde;Sonstige;Bearbeitung;2;Stahl;pulverbeschichtet;28;28;15;0,006;4;6;6;1,0;4;0;0;16;2
PA2024-3502;2024-11-10;Änderung;5;Bestandskunde;Maschinenbau;Bearbeitung;20;Stahl;pulverbeschichtet;26;26;7;0,04;4;60;60;1,0;4;0;0;140;20
PA2024-3503;2024-11-09;Standard;10;Bestandskunde;Automobilindustrie;Bearbeitung;16;Stahl;pulverbeschichtet;28;28;15;0,048;4;48;48;1,0;4;0;0;128;16
PA2024-3504;2024-11-04;Standard;7;Bestandskunde;Maschinenbau;Bearbeitung;14;Stahl;pulverbeschichtet;28;28;15;0,042;4;42;42;1,0;4;0;0;112;14
PA2024-3505;2024-11-08;Standard;6;Bestandskunde;Maschinenbau;Bearbeitung;12;Stahl;pulverbeschichtet;28;28;15;0,036;4;36;36;1,0;4;0;0;96;12
PA2024-3506;2024-11-10;Standard;8;Bestandskunde;Sonstige;Bearbeitung;13;Stahl;pulverbeschichtet;26;26;7;0,026;4;39;39;1,0;4;0;0;91;13
PA2024-3507;2024-11-09;Standard;12;Bestandskunde;Automobilindustrie;Bearbeitung;14;Stahl;pulverbeschichtet;26;26;7;0,028;4;42;42;1,0;4;0;0;98;14
PA2024-3508;2024-11-08;Standard;13;Bestandskunde;Maschinenbau;Bearbeitung;19;Stahl;pulverbeschichtet;26;26;7;0,038;4;57;57;1,0;4;0;0;133;19
PA2024-3509;2024-11-08;Standard;7;Bestandskunde;Logistiktechnik;Bearbeitung;19;Stahl;pulverbeschichtet;26;26;7;0,038;4;57;57;1,0;4;0;0;133;19
PA2024-3510;2024-11-08;Änderung;9;Bestandskunde;Maschinenbau;Bearbeitung;3;Stahl;pulverbeschichtet;28;28;15;0,009;4;9;9;1,0;4;0;0;24;3
PA2024-3511;2024-11-16;Standard;15;Bestandskunde;Maschinenbau;Bearbeitung;20;Stahl;pulverbeschichtet;28;28;15;0,06;4;60;60;1,0;4;0;0;160;20
PA2024-3512;2024-11-11;Standard;10;Bestandskunde;Automobilindustrie;Bearbeitung;7;Stahl;pulverbeschichtet;28;28;15;0,021;4;21;21;1,0;4;0;0;56;7
PA2024-3513;2024-11-17;Standard;14;Bestandskunde;Logistiktechnik;Bearbeitung;8;Stahl;pulverbeschichtet;26;26;7;0,016;4;24;24;1,0;4;0;0;56;8
PA2024-3514;2024-11-11;Standard;7;Bestandskunde;Sonstige;Bearbeitung;19;Stahl;pulverbeschichtet;28;28;15;0,057;4;57;57;1,0;4;0;0;152;19
PA2024-3515;2024-11-13;Änderung;10;Bestandskunde;Logistiktechnik;Bearbeitung;9;Stahl;pulverbeschichtet;26;26;7;0,018;4;27;27;1,0;4;0;0;63;9
PA2024-3516;2024-11-16;Änderung;5;Bestandskunde;Maschinenbau;Bearbeitung;6;Stahl;pulverbeschichtet;26;26;7;0,012;4;18;18;1,0;4;0;0;42;6
PA2024-3517;2024-11-17;Standard;15;Bestandskunde;Maschinenbau;Bearbeitung;16;Stahl;pulverbeschichtet;26;26;7;0,032;4;48;48;1,0;4;0;0;112;16
PA2024-3518;2024-11-17;Änderung;8;Bestandskunde;Automobilindustrie;Bearbeitung;17;Stahl;pulverbeschichtet;28;28;15;0,051;4;51;51;1,0;4;0;0;136;17
PA2024-3519;2024-11-17;Standard;15;Bestandskunde;Medizintechnik;Bearbeitung;5;Stahl;pulverbeschichtet;28;28;15;0,015;4;15;15;1,0;4;0;0;40;5
PA2024-3520;2024-11-15;Standard;14;Bestandskunde;Maschinenbau;Bearbeitung;10;Stahl;pulverbeschichtet;26;26;7;0,02;4;30;30;1,0;4;0;0;70;10
PA2024-3521;2024-11-15;Standard;4;Bestandskunde;Logistiktechnik;Bearbeitung;7;Stahl;pulverbeschichtet;26;26;7;0,014;4;21;21;1,0;4;0;0;49;7
PA2024-3522;2024-11-16;Standard;11;Bestandskunde;Automobilindustrie;Bearbeitung;19;Stahl;pulverbeschichtet;28;28;15;0,057;4;57;57;1,0;4;0;0;152;19
PA2024-3523;2024-11-11;Standard;11;Bestandskunde;Automobilindustrie;Bearbeitung;20;Stahl;pulverbeschichtet;28;28;15;0,06;4;60;60;1,0;4;0;0;160;20
PA2024-3524;2024-11-17;Änderung;13;Bestandskunde;Sonstige;Bearbeitung;8;Stahl;pulverbeschichtet;28;28;15;0,024;4;24;24;1,0;4;0;0;64;8
PA2024-3525;2024-11-12;Standard;8;Bestandskunde;Maschinenbau;Bearbeitung;18;Stahl;pulverbeschichtet;26;26;7;0,036;4;54;54;1,0;4;0;0;126;18
PA2024-3526;2024-11-14;Standard;5;Bestandskunde;Automobilindustrie;Bearbeitung;4;Stahl;pulverbeschichtet;26;26;7;0,008;4;12;12;1,0;4;0;0;28;4
PA2024-3527;2024-11-13;Änderung;11;Neukunde;Sonstige;Bearbeitung;14;Stahl;pulverbeschichtet;28;28;15;0,042;4;42;42;1,0;4;0;0;112;14
PA2024-3528;2024-11-14;Änderung;15;Bestandskunde;Medizintechnik;Bearbeitung;12;Stahl;pulverbeschichtet;28;28;15;0,036;4;36;36;1,0;4;0;0;96;12
PA2024-3529;2024-11-11;Standard;8;Bestandskunde;Automobilindustrie;Bearbeitung;1;Stahl;pulverbeschichtet;28;28;15;0,003;4;3;3;1,0;4;0;0;8;1
PA2024-3530;2024-11-14;Standard;15;Bestandskunde;Maschinenbau;Bearbeitung;14;Stahl;pulverbeschichtet;26;26;7;0,028;4;42;42;1,0;4;0;0;98;14
PA2024-3531;2024-11-16;Änderung;5;Bestandskunde;Maschinenbau;Bearbeitung;12;Stahl;pulverbeschichtet;26;26;7;0,024;4;36;36;1,0;4;0;0;84;12
PA2024-3532;2024-11-11;Standard;7;Bestandskunde;Haushaltsgeräte;Bearbeitung;10;Stahl;pulverbeschichtet;28;28;15;0,03;4;30;30;1,0;4;0;0;80;10
PA2024-3533;2024-11-17;Standard;15;Bestandskunde;Maschinenbau;Bearbeitung;10;Stahl;pulverbeschichtet;28;28;15;0,03;4;30;30;1,0;4;0;0;80;10
PA2024-3534;2024-11-17;Standard;9;Bestandskunde;Automobilindustrie;Bearbeitung;18;Stahl;pulverbeschichtet;26;26;7;0,036;4;54;54;1,0;4;0;0;126;18
PA2024-3535;2024-11-15;Standard;8;Bestandskunde;Haushaltsgeräte;Bearbeitung;2;Stahl;pulverbeschichtet;28;28;15;0,006;4;6;6;1,0;4;0;0;16;2
PA2024-3536;2024-11-11;Standard;9;Bestandskunde;Maschinenbau;Bearbeitung;20;Stahl;pulverbeschichtet;26;26;7;0,04;4;60;60;1,0;4;0;0;140;20
PA2024-3537;2024-11-12;Standard;8;Bestandskunde;Maschinenbau;Bearbeitung;6;Stahl;pulverbeschichtet;28;28;15;0,018;4;18;18;1,0;4;0;0;48;6
PA2024-3538;2024-11-16;Standard;5;Neukunde;Medizintechnik;Bearbeitung;8;Stahl;pulverbeschichtet;26;26;7;0,016;4;24;24;1,0;4;0;0;56;8
PA2024-3539;2024-11-16;Änderung;5;Bestandskunde;Haushaltsgeräte;Bearbeitung;1;Stahl;pulverbeschichtet;26;26;7;0,002;4;3;3;1,0;4;0;0;7;1
PA2024-3540;2024-11-11;Standard;14;Neukunde;Maschinenbau;Bearbeitung;19;Stahl;pulverbeschichtet;28;28;15;0,057;4;57;57;1,0;4;0;0;152;19
PA2024-3541;2024-11-17;Standard;10;Bestandskunde;Logistiktechnik;Bearbeitung;9;Stahl;pulverbeschichtet;28;28;15;0,027;4;27;27;1,0;4;0;0;72;9
PA2024-3542;2024-11-13;Standard;12;Bestandskunde;Maschinenbau;Bearbeitung;10;Stahl;pulverbeschichtet;26;26;7;0,02;4;30;30;1,0;4;0;0;70;10
PA2024-3543;2024-11-14;Standard;7;Bestandskunde;Maschinenbau;Bearbeitung;16;Stahl;pulverbeschichtet;28;28;15;0,048;4;48;48;1,0;4;0;0;128;16
PA2024-3544;2024-11-11;Standard;11;Bestandskunde;Maschinenbau;Bearbeitung;8;Stahl;pulverbeschichtet;28;28;15;0,024;4;24;24;1,0;4;0;0;64;8
PA2024-3545;2024-11-11;Standard;11;Bestandskunde;Sonstige;Bearbeitung;18;Stahl;pulverbeschichtet;28;28;15;0,054;4;54;54;1,0;4;0;0;144;18
PA2024-3546;2024-11-16;Standard;13;Bestandskunde;Sonstige;Bearbeitung;9;Stahl;pulverbeschichtet;26;26;7;0,018;4;27;27;1,0;4;0;0;63;9
PA2024-3547;2024-11-16;Änderung;5;Bestandskunde;Automobilindustrie;Bearbeitung;12;Stahl;pulverbeschichtet;28;28;15;0,036;4;36;36;1,0;4;0;0;96;12
PA2024-3548;2024-11-15;Standard;9;Bestandskunde;Maschinenbau;Bearbeitung;15;Stahl;pulverbeschichtet;26;26;7;0,03;4;45;45;1,0;4;0;0;105;15
PA2024-3549;2024-11-12;Standard;4;Bestandskunde;Logistiktechnik;Bearbeitung;15;Stahl;pulverbeschichtet;26;26;7;0,03;4;45;45;1,0;4;0;0;105;15
PA2024-3550;2024-11-13;Standard;12;Bestandskunde;Maschinenbau;Bearbeitung;4;Stahl;pulverbeschichtet;28;28;15;0,012;4;12;12;1,0;4;0;0;32;4
PA2024-3551;2024-11-15;Standard;12;Bestandskunde;Logistiktechnik;Bearbeitung;17;Stahl;pulverbeschichtet;28;28;15;0,051;4;51;51;1,0;4;0;0;136;17
PA2024-3552;2024-11-11;Standard;15;Bestandskunde;Maschinenbau;Bearbeitung;20;Stahl;pulverbeschichtet;26;26;7;0,04;4;60;60;1,0;4;0;0;140;20
PA2024-3553;2024-11-15;Standard;11;Bestandskunde;Logistiktechnik;Bearbeitung;9;Stahl;pulverbeschichtet;28;28;15;0,027;4;27;27;1,0;4;0;0;72;9
PA2024-3554;2024-11-12;Änderung;8;Bestandskunde;Sonstige;Bearbeitung;14;Stahl;pulverbeschichtet;26;26;7;0,028;4;42;42;1,0;4;0;0;98;14
PA2024-3555;2024-11-16;Standard;12;Bestandskunde;Logistiktechnik;Bearbeitung;6;Stahl;pulverbeschichtet;26;26;7;0,012;4;18;18;1,0;4;0;0;42;6
PA2024-3556;2024-11-17;Änderung;15;Bestandskunde;Maschinenbau;Bearbeitung;4;Stahl;pulverbeschichtet;28;28;15;0,012;4;12;12;1,0;4;0;0;32;4
PA2024-3557;2024-11-16;Standard;4;Bestandskunde;Automobilindustrie;Bearbeitung;19;Stahl;pulverbeschichtet;28;28;15;0,057;4;57;57;1,0;4;0;0;152;19
PA2024-3558;2024-11-13;Standard;5;Bestandskunde;Automobilindustrie;Bearbeitung;3;Stahl;pulverbeschichtet;26;26;7;0,006;4;9;9;1,0;4;0;0;21;3
PA2024-3559;2024-11-15;Änderung;5;Bestandskunde;Haushaltsgeräte;Bearbeitung;13;Stahl;pulverbeschichtet;28;28;15;0,039;4;39;39;1,0;4;0;0;104;13
PA2024-3560;2024-11-15;Standard;10;Bestandskunde;Logistiktechnik;Bearbeitung;1;Stahl;pulverbeschichtet;28;28;15;0,003;4;3;3;1,0;4;0;0;8;1
PA2024-3561;2024-11-12;Änderung;7;Bestandskunde;Haushaltsgeräte;Bearbeitung;16;Stahl;pulverbeschichtet;28;28;15;0,048;4;48;48;1,0;4;0;0;128;16
PA2024-3562;2024-11-15;Standard;15;Bestandskunde;Maschinenbau;Bearbeitung;5;Stahl;pulverbeschichtet;26;26;7;0,01;4;15;15;1,0;4;0;0;35;5
PA2024-3563;2024-11-14;Änderung;4;Neukunde;Logistiktechnik;Bearbeitung;14;Stahl;pulverbeschichtet;26;26;7;0,028;4;42;42;1,0;4;0;0;98;14
PA2024-3564;2024-11-17;Standard;15;Bestandskunde;Automobilindustrie;Bearbeitung;9;Stahl;pulverbeschichtet;28;28;15;0,027;4;27;27;1,0;4;0;0;72;9
PA2024-3565;2024-11-15;Standard;10;Bestandskunde;Medizintechnik;Bearbeitung;15;Stahl;pulverbeschichtet;28;28;15;0,045;4;45;45;1,0;4;0;0;120;15
PA2024-3566;2024-11-13;Standard;11;Bestandskunde;Maschinenbau;Bearbeitung;18;Stahl;pulverbeschichtet;28;28;15;0,054;4;54;54;1,0;4;0;0;144;18
PA2024-3567;2024-11-16;Standard;8;Bestandskunde;Automobilindustrie;Bearbeitung;19;Stahl;pulverbeschichtet;26;26;7;0,038;4;57;57;1,0;4;0;0;133;19
PA2024-3568;2024-11-14;Änderung;4;Bestandskunde;Haushaltsgeräte;Bearbeitung;17;Stahl;pulverbeschichtet;26;26;7;0,034;4;51;51;1,0;4;0;0;119;17
PA2024-3569;2024-11-14;Standard;7;Bestandskunde;Sonstige;Bearbeitung;15;Stahl;pulverbeschichtet;28;28;15;0,045;4;45;45;1,0;4;0;0;120;15
PA2024-3570;2024-11-15;Standard;3;Bestandskunde;Sonstige;Bearbeitung;16;Stahl;pulverbeschichtet;28;28;15;0,048;4;48;48;1,0;4;0;0;128;16
PA2024-3571;2024-11-19;Standard;8;Bestandskunde;Medizintechnik;Bearbeitung;6;Stahl;pulverbeschichtet;28;28;15;0,018;4;18;18;1,0;4;0;0;48;6
PA2024-3572;2024-11-23;Standard;10;Bestandskunde;Maschinenbau;Bearbeitung;18;Stahl;pulverbeschichtet;26;26;7;0,036;4;54;54;1,0;4;0;0;126;18
PA2024-3573;2024-11-22;Standard;15;Bestandskunde;Sonstige;Bearbeitung;4;Stahl;pulverbeschichtet;26;26;7;0,008;4;12;12;1,0;4;0;0;28;4
PA2024-3574;2024-11-23;Standard;15;Bestandskunde;Automobilindustrie;Bearbeitung;20;Stahl;pulverbeschichtet;26;26;7;0,04;4;60;60;1,0;4;0;0;140;20
PA2024-3575;2024-11-18;Standard;14;Bestandskunde;Automobilindustrie;Bearbeitung;5;Stahl;pulverbeschichtet;26;26;7;0,01;4;15;15;1,0;4;0;0;35;5
PA2024-3576;2024-11-22;Standard;8;Bestandskunde;Automobilindustrie;Bearbeitung;17;Stahl;pulverbeschichtet;26;26;7;0,034;4;51;51;1,0;4;0;0;119;17
PA2024-3577;2024-11-20;Änderung;13;Bestandskunde;Automobilindustrie;Bearbeitung;11;Stahl;pulverbeschichtet;28;28;15;0,033;4;33;33;1,0;4;0;0;88;11
PA2024-3578;2024-11-21;Standard;11;Bestandskunde;Sonstige;Bearbeitung;17;Stahl;pulverbeschichtet;26;26;7;0,034;4;51;51;1,0;4;0;0;119;17
PA2024-3579;2024-11-20;Änderung;12;Bestandskunde;Maschinenbau;Bearbeitung;16;Stahl;pulverbeschichtet;26;26;7;0,032;4;48;48;1,0;4;0;0;112;16
PA2024-3580;2024-11-23;Standard;5;Neukunde;Sonstige;Bearbeitung;7;Stahl;pulverbeschichtet;28;28;15;0,021;4;21;21;1,0;4;0;0;56;7
PA2024-3581;2024-11-20;Standard;11;Neukunde;Sonstige;Bearbeitung;11;Stahl;pulverbeschichtet;26;26;7;0,022;4;33;33;1,0;4;0;0;77;11
PA2024-3582;2024-11-18;Änderung;12;Bestandskunde;Haushaltsgeräte;Bearbeitung;16;Stahl;pulverbeschichtet;28;28;15;0,048;4;48;48;1,0;4;0;0;128;16
PA2024-3583;2024-11-23;Änderung;10;Bestandskunde;Haushaltsgeräte;Bearbeitung;17;Stahl;pulverbeschichtet;26;26;7;0,034;4;51;51;1,0;4;0;0;119;17
PA2024-3584;2024-11-18;Änderung;10;Neukunde;Maschinenbau;Bearbeitung;2;Stahl;pulverbeschichtet;26;26;7;0,004;4;6;6;1,0;4;0;0;14;2
PA2024-3585;2024-11-19;Standard;11;Bestandskunde;Sonstige;Bearbeitung;18;Stahl;pulverbeschichtet;26;26;7;0,036;4;54;54;1,0;4;0;0;126;18
PA2024-3586;2024-11-20;Standard;12;Bestandskunde;Maschinenbau;Bearbeitung;20;Stahl;pulverbeschichtet;28;28;15;0,06;4;60;60;1,0;4;0;0;160;20
PA2024-3587;2024-11-22;Standard;13;Bestandskunde;Haushaltsgeräte;Bearbeitung;15;Stahl;pulverbeschichtet;26;26;7;0,03;4;45;45;1,0;4;0;0;105;15
PA2024-3588;2024-11-19;Standard;10;Bestandskunde;Logistiktechnik;Bearbeitung;12;Stahl;pulverbeschichtet;26;26;7;0,024;4;36;36;1,0;4;0;0;84;12
PA2024-3589;2024-11-20;Standard;9;Bestandskunde;Maschinenbau;Bearbeitung;10;Stahl;pulverbeschichtet;28;28;15;0,03;4;30;30;1,0;4;0;0;80;10
PA2024-3590;2024-11-24;Änderung;14;Bestandskunde;Automobilindustrie;Bearbeitung;10;Stahl;pulverbeschichtet;26;26;7;0,02;4;30;30;1,0;4;0;0;70;10
PA2024-3591;2024-11-21;Standard;7;Bestandskunde;Medizintechnik;Bearbeitung;16;Stahl;pulverbeschichtet;26;26;7;0,032;4;48;48;1,0;4;0;0;112;16
PA2024-3592;2024-11-22;Standard;7;Bestandskunde;Sonstige;Bearbeitung;16;Stahl;pulverbeschichtet;26;26;7;0,032;4;48;48;1,0;4;0;0;112;16
PA2024-3593;2024-11-23;Standard;7;Bestandskunde;Maschinenbau;Bearbeitung;5;Stahl;pulverbeschichtet;28;28;15;0,015;4;15;15;1,0;4;0;0;40;5
PA2024-3594;2024-11-18;Standard;15;Bestandskunde;Maschinenbau;Bearbeitung;7;Stahl;pulverbeschichtet;28;28;15;0,021;4;21;21;1,0;4;0;0;56;7
PA2024-3595;2024-11-22;Änderung;5;Bestandskunde;Maschinenbau;Bearbeitung;10;Stahl;pulverbeschichtet;26;26;7;0,02;4;30;30;1,0;4;0;0;70;10
PA2024-3596;2024-11-19;Änderung;8;Bestandskunde;Medizintechnik;Bearbeitung;12;Stahl;pulverbeschichtet;26;26;7;0,024;4;36;36;1,0;4;0;0;84;12
PA2024-3597;2024-11-23;Standard;10;Bestandskunde;Medizintechnik;Bearbeitung;13;Stahl;pulverbeschichtet;26;26;7;0,026;4;39;39;1,0;4;0;0;91;13
PA2024-3598;2024-11-19;Standard;10;Bestandskunde;Automobilindustrie;Bearbeitung;16;Stahl;pulverbeschichtet;26;26;7;0,032;4;48;48;1,0;4;0;0;112;16
PA2024-3599;2024-11-19;Änderung;6;Bestandskunde;Sonstige;Bearbeitung;12;Stahl;pulverbeschichtet;28;28;15;0,036;4;36;36;1,0;4;0;0;96;12
PA2024-3600;2024-11-18;Standard;14;Bestandskunde;Maschinenbau;Bearbeitung;20;Stahl;pulverbeschichtet;28;28;15;0,06;4;60;60;1,0;4;0;0;160;20
PA2024-3601;2024-11-18;Standard;14;Bestandskunde;Sonstige;Bearbeitung;6;Stahl;pulverbeschichtet;26;26;7;0,012;4;18;18;1,0;4;0;0;42;6
PA2024-3602;2024-11-22;Standard;5;Bestandskunde;Haushaltsgeräte;Bearbeitung;10;Stahl;pulverbeschichtet;26;26;7;0,02;4;30;30;1,0;4;0;0;70;10
PA2024-3603;2024-11-24;Standard;10;Bestandskunde;Haushaltsgeräte;Bearbeitung;13;Stahl;pulverbeschichtet;26;26;7;0,026;4;39;39;1,0;4;0;0;91;13
PA2024-3604;2024-11-24;Änderung;9;Bestandskunde;Logistiktechnik;Bearbeitung;10;Stahl;pulverbeschichtet;26;26;7;0,02;4;30;30;1,0;4;0;0;70;10
PA2024-3605;2024-11-22;Änderung;5;Bestandskunde;Sonstige;Bearbeitung;8;Stahl;pulverbeschichtet;26;26;7;0,016;4;24;24;1,0;4;0;0;56;8
PA2024-3606;2024-11-24;Standard;7;Bestandskunde;Medizintechnik;Bearbeitung;12;Stahl;pulverbeschichtet;26;26;7;0,024;4;36;36;1,0;4;0;0;84;12
PA2024-3607;2024-11-23;Änderung;7;Neukunde;Maschinenbau;Bearbeitung;14;Stahl;pulverbeschichtet;26;26;7;0,028;4;42;42;1,0;4;0;0;98;14
PA2024-3608;2024-11-21;Standard;6;Bestandskunde;Medizintechnik;Bearbeitung;14;Stahl;pulverbeschichtet;28;28;15;0,042;4;42;42;1,0;4;0;0;112;14
PA2024-3609;2024-11-18;Standard;4;Bestandskunde;Medizintechnik;Bearbeitung;13;Stahl;pulverbeschichtet;28;28;15;0,039;4;39;39;1,0;4;0;0;104;13
PA2024-3610;2024-11-19;Änderung;4;Bestandskunde;Sonstige;Bearbeitung;5;Stahl;pulverbeschichtet;26;26;7;0,01;4;15;15;1,0;4;0;0;35;5
PA2024-3611;2024-11-20;Standard;4;Neukunde;Maschinenbau;Bearbeitung;15;Stahl;pulverbeschichtet;26;26;7;0,03;4;45;45;1,0;4;0;0;105;15
PA2024-3612;2024-11-19;Standard;13;Bestandskunde;Automobilindustrie;Bearbeitung;1;Stahl;pulverbeschichtet;28;28;15;0,003;4;3;3;1,0;4;0;0;8;1
PA2024-3613;2024-11-24;Standard;15;Bestandskunde;Haushaltsgeräte;Bearbeitung;10;Stahl;pulverbeschichtet;26;26;7;0,02;4;30;30;1,0;4;0;0;70;10
PA2024-3614;2024-11-18;Standard;9;Bestandskunde;Logistiktechnik;Bearbeitung;7;Stahl;pulverbeschichtet;28;28;15;0,021;4;21;21;1,0;4;0;0;56;7
PA2024-3615;2024-11-18;Änderung;14;Bestandskunde;Logistiktechnik;Bearbeitung;12;Stahl;pulverbeschichtet;26;26;7;0,024;4;36;36;1,0;4;0;0;84;12
PA2024-3616;2024-11-19;Änderung;13;Bestandskunde;Haushaltsgeräte;Bearbeitung;13;Stahl;pulverbeschichtet;28;28;15;0,039;4;39;39;1,0;4;0;0;104;13
PA2024-3617;2024-11-24;Standard;7;Bestandskunde;Automobilindustrie;Bearbeitung;19;Stahl;pulverbeschichtet;26;26;7;0,038;4;57;57;1,0;4;0;0;133;19
PA2024-3618;2024-11-23;Standard;12;Bestandskunde;Automobilindustrie;Bearbeitung;12;Stahl;pulverbeschichtet;28;28;15;0,036;4;36;36;1,0;4;0;0;96;12
PA2024-3619;2024-11-21;Standard;13;Bestandskunde;Medizintechnik;Bearbeitung;3;Stahl;pulverbeschichtet;26;26;7;0,006;4;9;9;1,0;4;0;0;21;3
PA2024-3620;2024-11-18;Standard;4;Neukunde;Medizintechnik;Bearbeitung;18;Stahl;pulverbeschichtet;28;28;15;0,054;4;54;54;1,0;4;0;0;144;18
PA2024-3621;2024-11-19;Standard;11;Bestandskunde;Logistiktechnik;Bearbeitung;7;Stahl;pulverbeschichtet;28;28;15;0,021;4;21;21;1,0;4;0;0;56;7
PA2024-3622;2024-11-23;Standard;10;Bestandskunde;Maschinenbau;Bearbeitung;5;Stahl;pulverbeschichtet;28;28;15;0,015;4;15;15;1,0;4;0;0;40;5
PA2024-3623;2024-11-22;Änderung;3;Bestandskunde;Logistiktechnik;Bearbeitung;8;Stahl;pulverbeschichtet;26;26;7;0,016;4;24;24;1,0;4;0;0;56;8
PA2024-3624;2024-11-20;Standard;9;Bestandskunde;Automobilindustrie;Bearbeitung;3;Stahl;pulverbeschichtet;26;26;7;0,006;4;9;9;1,0;4;0;0;21;3
PA2024-3625;2024-11-21;Standard;10;Bestandskunde;Sonstige;Bearbeitung;12;Stahl;pulverbeschichtet;28;28;15;0,036;4;36;36;1,0;4;0;0;96;12
PA2024-3626;2024-11-20;Standard;13;Bestandskunde;Maschinenbau;Bearbeitung;11;Stahl;pulverbeschichtet;26;26;7;0,022;4;33;33;1,0;4;0;0;77;11
PA2024-3627;2024-11-19;Standard;3;Bestandskunde;Maschinenbau;Bearbeitung;10;Stahl;pulverbeschichtet;26;26;7;0,02;4;30;30;1,0;4;0;0;70;10
PA2024-3628;2024-11-21;Standard;12;Bestandskunde;Logistiktechnik;Bearbeitung;2;Stahl;pulverbeschichtet;26;26;7;0,004;4;6;6;1,0;4;0;0;14;2
PA2024-3629;2024-11-18;Standard;4;Bestandskunde;Logistiktechnik;Bearbeitung;16;Stahl;pulverbeschichtet;28;28;15;0,048;4;48;48;1,0;4;0;0;128;16
PA2024-3630;2024-11-20;Standard;7;Bestandskunde;Automobilindustrie;Bearbeitung;3;Stahl;pulverbeschichtet;26;26;7;0,006;4;9;9;1,0;4;0;0;21;3
PA2024-3631;2024-11-28;Standard;14;Bestandskunde;Sonstige;Bearbeitung;4;Stahl;pulverbeschichtet;28;28;15;0,012;4;12;12;1,0;4;0;0;32;4
PA2024-3632;2024-12-01;Standard;5;Bestandskunde;Sonstige;Bearbeitung;20;Stahl;pulverbeschichtet;26;26;7;0,04;4;60;60;1,0;4;0;0;140;20
PA2024-3633;2024-11-29;Standard;10;Bestandskunde;Logistiktechnik;Bearbeitung;15;Stahl;pulverbeschichtet;28;28;15;0,045;4;45;45;1,0;4;0;0;120;15
PA2024-3634;2024-11-30;Änderung;4;Bestandskunde;Automobilindustrie;Bearbeitung;19;Stahl;pulverbeschichtet;26;26;7;0,038;4;57;57;1,0;4;0;0;133;19
PA2024-3635;2024-12-01;Standard;5;Bestandskunde;Haushaltsgeräte;Bearbeitung;7;Stahl;pulverbeschichtet;26;26;7;0,014;4;21;21;1,0;4;0;0;49;7
PA2024-3636;2024-11-25;Änderung;4;Bestandskunde;Automobilindustrie;Bearbeitung;17;Stahl;pulverbeschichtet;26;26;7;0,034;4;51;51;1,0;4;0;0;119;17
PA2024-3637;2024-11-30;Änderung;10;Bestandskunde;Maschinenbau;Bearbeitung;11;Stahl;pulverbeschichtet;28;28;15;0,033;4;33;33;1,0;4;0;0;88;11
PA2024-3638;2024-11-27;Standard;6;Bestandskunde;Maschinenbau;Bearbeitung;1;Stahl;pulverbeschichtet;26;26;7;0,002;4;3;3;1,0;4;0;0;7;1
PA2024-3639;2024-11-28;Standard;4;Bestandskunde;Logistiktechnik;Bearbeitung;11;Stahl;pulverbeschichtet;28;28;15;0,033;4;33;33;1,0;4;0;0;88;11
PA2024-3640;2024-11-25;Standard;13;Bestandskunde;Maschinenbau;Bearbeitung;17;Stahl;pulverbeschichtet;26;26;7;0,034;4;51;51;1,0;4;0;0;119;17
PA2024-3641;2024-11-26;Änderung;7;Bestandskunde;Automobilindustrie;Bearbeitung;11;Stahl;pulverbeschichtet;26;26;7;0,022;4;33;33;1,0;4;0;0;77;11
PA2024-3642;2024-11-26;Standard;8;Bestandskunde;Automobilindustrie;Bearbeitung;1;Stahl;pulverbeschichtet;26;26;7;0,002;4;3;3;1,0;4;0;0;7;1
PA2024-3643;2024-12-01;Änderung;5;Bestandskunde;Logistiktechnik;Bearbeitung;18;Stahl;pulverbeschichtet;26;26;7;0,036;4;54;54;1,0;4;0;0;126;18
PA2024-3644;2024-11-26;Änderung;6;Bestandskunde;Medizintechnik;Bearbeitung;12;Stahl;pulverbeschichtet;28;28;15;0,036;4;36;36;1,0;4;0;0;96;12
PA2024-3645;2024-11-25;Änderung;9;Bestandskunde;Maschinenbau;Bearbeitung;9;Stahl;pulverbeschichtet;26;26;7;0,018;4;27;27;1,0;4;0;0;63;9
PA2024-3646;2024-11-30;Standard;10;Bestandskunde;Medizintechnik;Bearbeitung;6;Stahl;pulverbeschichtet;28;28;15;0,018;4;18;18;1,0;4;0;0;48;6
PA2024-3647;2024-12-01;Standard;10;Bestandskunde;Medizintechnik;Bearbeitung;1;Stahl;pulverbeschichtet;28;28;15;0,003;4;3;3;1,0;4;0;0;8;1
PA2024-3648;2024-11-29;Standard;15;Bestandskunde;Haushaltsgeräte;Bearbeitung;6;Stahl;pulverbeschichtet;26;26;7;0,012;4;18;18;1,0;4;0;0;42;6
PA2024-3649;2024-11-26;Änderung;13;Bestandskunde;Automobilindustrie;Bearbeitung;16;Stahl;pulverbeschichtet;26;26;7;0,032;4;48;48;1,0;4;0;0;112;16
PA2024-3650;2024-11-30;Standard;11;Bestandskunde;Automobilindustrie;Bearbeitung;8;Stahl;pulverbeschichtet;26;26;7;0,016;4;24;24;1,0;4;0;0;56;8
PA2024-3651;2024-12-01;Standard;5;Bestandskunde;Automobilindustrie;Bearbeitung;13;Stahl;pulverbeschichtet;28;28;15;0,039;4;39;39;1,0;4;0;0;104;13
PA2024-3652;2024-12-01;Standard;11;Bestandskunde;Maschinenbau;Bearbeitung;16;Stahl;pulverbeschichtet;28;28;15;0,048;4;48;48;1,0;4;0;0;128;16
PA2024-3653;2024-11-27;Standard;8;Bestandskunde;Automobilindustrie;Bearbeitung;20;Stahl;pulverbeschichtet;28;28;15;0,06;4;60;60;1,0;4;0;0;160;20
PA2024-3654;2024-11-27;Standard;6;Bestandskunde;Logistiktechnik;Bearbeitung;12;Stahl;pulverbeschichtet;28;28;15;0,036;4;36;36;1,0;4;0;0;96;12
PA2024-3655;2024-11-28;Änderung;11;Bestandskunde;Automobilindustrie;Bearbeitung;9;Stahl;pulverbeschichtet;26;26;7;0,018;4;27;27;1,0;4;0;0;63;9
PA2024-3656;2024-11-30;Standard;10;Bestandskunde;Sonstige;Bearbeitung;18;Stahl;pulverbeschichtet;28;28;15;0,054;4;54;54;1,0;4;0;0;144;18
PA2024-3657;2024-12-01;Standard;11;Bestandskunde;Logistiktechnik;Bearbeitung;7;Stahl;pulverbeschichtet;28;28;15;0,021;4;21;21;1,0;4;0;0;56;7
PA2024-3658;2024-11-29;Standard;5;Bestandskunde;Sonstige;Bearbeitung;3;Stahl;pulverbeschichtet;28;28;15;0,009;4;9;9;1,0;4;0;0;24;3
PA2024-3659;2024-12-01;Standard;14;Bestandskunde;Haushaltsgeräte;Bearbeitung;18;Stahl;pulverbeschichtet;26;26;7;0,036;4;54;54;1,0;4;0;0;126;18
PA2024-3660;2024-11-27;Standard;7;Bestandskunde;Logistiktechnik;Bearbeitung;18;Stahl;pulverbeschichtet;26;26;7;0,036;4;54;54;1,0;4;0;0;126;18
PA2024-3661;2024-11-30;Standard;13;Bestandskunde;Sonstige;Bearbeitung;14;Stahl;pulverbeschichtet;28;28;15;0,042;4;42;42;1,0;4;0;0;112;14
PA2024-3662;2024-11-30;Standard;6;Bestandskunde;Automobilindustrie;Bearbeitung;8;Stahl;pulverbeschichtet;26;26;7;0,016;4;24;24;1,0;4;0;0;56;8
PA2024-3663;2024-11-25;Standard;12;Bestandskunde;Haushaltsgeräte;Bearbeitung;17;Stahl;pulverbeschichtet;26;26;7;0,034;4;51;51;1,0;4;0;0;119;17
PA2024-3664;2024-11-28;Standard;15;Bestandskunde;Medizintechnik;Bearbeitung;3;Stahl;pulverbeschichtet;26;26;7;0,006;4;9;9;1,0;4;0;0;21;3
PA2024-3665;2024-11-25;Standard;14;Bestandskunde;Sonstige;Bearbeitung;13;Stahl;pulverbeschichtet;26;26;7;0,026;4;39;39;1,0;4;0;0;91;13
PA2024-3666;2024-11-30;Standard;7;Bestandskunde;Logistiktechnik;Bearbeitung;4;Stahl;pulverbeschichtet;26;26;7;0,008;4;12;12;1,0;4;0;0;28;4
PA2024-3667;2024-11-29;Änderung;12;Bestandskunde;Sonstige;Bearbeitung;1;Stahl;pulverbeschichtet;28;28;15;0,003;4;3;3;1,0;4;0;0;8;1
PA2024-3668;2024-11-30;Standard;10;Bestandskunde;Sonstige;Bearbeitung;4;Stahl;pulverbeschichtet;26;26;7;0,008;4;12;12;1,0;4;0;0;28;4
PA2024-3669;2024-12-01;Standard;9;Bestandskunde;Maschinenbau;Bearbeitung;15;Stahl;pulverbeschichtet;28;28;15;0,045;4;45;45;1,0;4;0;0;120;15
PA2024-3670;2024-11-27;Standard;9;Bestandskunde;Automobilindustrie;Bearbeitung;6;Stahl;pulverbeschichtet;28;28;15;0,018;4;18;18;1,0;4;0;0;48;6
PA2024-3671;2024-11-27;Standard;12;Bestandskunde;Automobilindustrie;Bearbeitung;7;Stahl;pulverbeschichtet;28;28;15;0,021;4;21;21;1,0;4;0;0;56;7
PA2024-3672;2024-11-26;Standard;10;Bestandskunde;Haushaltsgeräte;Bearbeitung;19;Stahl;pulverbeschichtet;26;26;7;0,038;4;57;57;1,0;4;0;0;133;19
PA2024-3673;2024-12-01;Standard;5;Bestandskunde;Automobilindustrie;Bearbeitung;14;Stahl;pulverbeschichtet;28;28;15;0,042;4;42;42;1,0;4;0;0;112;14
PA2024-3674;2024-11-27;Änderung;13;Bestandskunde;Automobilindustrie;Bearbeitung;1;Stahl;pulverbeschichtet;28;28;15;0,003;4;3;3;1,0;4;0;0;8;1
PA2024-3675;2024-11-29;Standard;8;Bestandskunde;Sonstige;Bearbeitung;4;Stahl;pulverbeschichtet;28;28;15;0,012;4;12;12;1,0;4;0;0;32;4
PA2024-3676;2024-11-28;Änderung;6;Bestandskunde;Sonstige;Bearbeitung;19;Stahl;pulverbeschichtet;26;26;7;0,038;4;57;57;1,0;4;0;0;133;19
PA2024-3677;2024-11-28;Standard;8;Bestandskunde;Maschinenbau;Bearbeitung;19;Stahl;pulverbeschichtet;26;26;7;0,038;4;57;57;1,0;4;0;0;133;19
PA2024-3678;2024-11-26;Standard;8;Neukunde;Automobilindustrie;Bearbeitung;7;Stahl;pulverbeschichtet;26;26;7;0,014;4;21;21;1,0;4;0;0;49;7
PA2024-3679;2024-11-28;Standard;14;Bestandskunde;Logistiktechnik;Bearbeitung;9;Stahl;pulverbeschichtet;28;28;15;0,027;4;27;27;1,0;4;0;0;72;9
PA2024-3680;2024-11-25;Standard;9;Bestandskunde;Maschinenbau;Bearbeitung;3;Stahl;pulverbeschichtet;26;26;7;0,006;4;9;9;1,0;4;0;0;21;3
PA2024-3681;2024-11-29;Standard;7;Bestandskunde;Medizintechnik;Bearbeitung;18;Stahl;pulverbeschichtet;28;28;15;0,054;4;54;54;1,0;4;0;0;144;18
PA2024-3682;2024-11-28;Standard;3;Bestandskunde;Logistiktechnik;Bearbeitung;19;Stahl;pulverbeschichtet;26;26;7;0,038;4;57;57;1,0;4;0;0;133;19
PA2024-3683;2024-11-25;Änderung;10;Bestandskunde;Automobilindustrie;Bearbeitung;2;Stahl;pulverbeschichtet;26;26;7;0,004;4;6;6;1,0;4;0;0;14;2
PA2024-3684;2024-12-01;Standard;14;Bestandskunde;Automobilindustrie;Bearbeitung;18;Stahl;pulverbeschichtet;26;26;7;0,036;4;54;54;1,0;4;0;0;126;18
PA2024-3685;2024-11-29;Änderung;4;Bestandskunde;Maschinenbau;Bearbeitung;7;Stahl;pulverbeschichtet;26;26;7;0,014;4;21;21;1,0;4;0;0;49;7
PA2024-3686;2024-11-30;Änderung;10;Bestandskunde;Sonstige;Bearbeitung;5;Stahl;pulverbeschichtet;28;28;15;0,015;4;15;15;1,0;4;0;0;40;5
PA2024-3687;2024-11-27;Standard;7;Bestandskunde;Logistiktechnik;Bearbeitung;16;Stahl;pulverbeschichtet;26;26;7;0,032;4;48;48;1,0;4;0;0;112;16
PA2024-3688;2024-12-01;Standard;6;Bestandskunde;Maschinenbau;Bearbeitung;2;Stahl;pulverbeschichtet;26;26;7;0,004;4;6;6;1,0;4;0;0;14;2
PA2024-3689;2024-12-01;Standard;15;Bestandskunde;Maschinenbau;Bearbeitung;3;Stahl;pulverbeschichtet;26;26;7;0,006;4;9;9;1,0;4;0;0;21;3
PA2024-3690;2024-11-26;Änderung;7;Bestandskunde;Logistiktechnik;Bearbeitung;10;Stahl;pulverbeschichtet;28;28;15;0,03;4;30;30;1,0;4;0;0;80;10
PA2024-3691;2024-12-04;Standard;13;Bestandskunde;Medizintechnik;Bearbeitung;17;Stahl;pulverbeschichtet;26;26;7;0,034;4;51;51;1,0;4;0;0;119;17
PA2024-3692;2024-12-02;Standard;6;Bestandskunde;Logistiktechnik;Bearbeitung;10;Stahl;pulverbeschichtet;26;26;7;0,02;4;30;30;1,0;4;0;0;70;10
PA2024-3693;2024-12-05;Standard;5;Bestandskunde;Logistiktechnik;Bearbeitung;14;Stahl;pulverbeschichtet;28;28;15;0,042;4;42;42;1,0;4;0;0;112;14
PA2024-3694;2024-12-04;Änderung;14;Bestandskunde;Maschinenbau;Bearbeitung;7;Stahl;pulverbeschichtet;28;28;15;0,021;4;21;21;1,0;4;0;0;56;7
PA2024-3695;2024-12-06;Änderung;5;Bestandskunde;Automobilindustrie;Bearbeitung;10;Stahl;pulverbeschichtet;26;26;7;0,02;4;30;30;1,0;4;0;0;70;10
PA2024-3696;2024-12-02;Standard;10;Bestandskunde;Automobilindustrie;Bearbeitung;4;Stahl;pulverbeschichtet;26;26;7;0,008;4;12;12;1,0;4;0;0;28;4
PA2024-3697;2024-12-02;Standard;5;Bestandskunde;Sonstige;Bearbeitung;11;Stahl;pulverbeschichtet;28;28;15;0,033;4;33;33;1,0;4;0;0;88;11
PA2024-3698;2024-12-02;Änderung;14;Bestandskunde;Automobilindustrie;Bearbeitung;6;Stahl;pulverbeschichtet;26;26;7;0,012;4;18;18;1,0;4;0;0;42;6
PA2024-3699;2024-12-05;Änderung;9;Bestandskunde;Logistiktechnik;Bearbeitung;11;Stahl;pulverbeschichtet;28;28;15;0,033;4;33;33;1,0;4;0;0;88;11
PA2024-3700;2024-12-07;Standard;10;Bestandskunde;Sonstige;Bearbeitung;12;Stahl;pulverbeschichtet;26;26;7;0,024;4;36;36;1,0;4;0;0;84;12
PA2024-3701;2024-12-07;Änderung;5;Bestandskunde;Medizintechnik;Bearbeitung;18;Stahl;pulverbeschichtet;28;28;15;0,054;4;54;54;1,0;4;0;0;144;18
PA2024-3702;2024-12-06;Standard;10;Bestandskunde;Automobilindustrie;Bearbeitung;17;Stahl;pulverbeschichtet;28;28;15;0,051;4;51;51;1,0;4;0;0;136;17
PA2024-3703;2024-12-02;Standard;12;Bestandskunde;Logistiktechnik;Bearbeitung;11;Stahl;pulverbeschichtet;26;26;7;0,022;4;33;33;1,0;4;0;0;77;11
PA2024-3704;2024-12-04;Änderung;12;Bestandskunde;Medizintechnik;Bearbeitung;17;Stahl;pulverbeschichtet;28;28;15;0,051;4;51;51;1,0;4;0;0;136;17
PA2024-3705;2024-12-08;Standard;8;Bestandskunde;Logistiktechnik;Bearbeitung;15;Stahl;pulverbeschichtet;28;28;15;0,045;4;45;45;1,0;4;0;0;120;15
PA2024-3706;2024-12-05;Änderung;6;Bestandskunde;Maschinenbau;Bearbeitung;12;Stahl;pulverbeschichtet;26;26;7;0,024;4;36;36;1,0;4;0;0;84;12
PA2024-3707;2024-12-05;Standard;3;Bestandskunde;Haushaltsgeräte;Bearbeitung;3;Stahl;pulverbeschichtet;26;26;7;0,006;4;9;9;1,0;4;0;0;21;3
PA2024-3708;2024-12-04;Standard;6;Bestandskunde;Maschinenbau;Bearbeitung;13;Stahl;pulverbeschichtet;28;28;15;0,039;4;39;39;1,0;4;0;0;104;13
PA2024-3709;2024-12-04;Standard;4;Bestandskunde;Logistiktechnik;Bearbeitung;4;Stahl;pulverbeschichtet;28;28;15;0,012;4;12;12;1,0;4;0;0;32;4
PA2024-3710;2024-12-07;Standard;13;Bestandskunde;Automobilindustrie;Bearbeitung;9;Stahl;pulverbeschichtet;26;26;7;0,018;4;27;27;1,0;4;0;0;63;9
PA2024-3711;2024-12-03;Standard;7;Bestandskunde;Automobilindustrie;Bearbeitung;7;Stahl;pulverbeschichtet;26;26;7;0,014;4;21;21;1,0;4;0;0;49;7
PA2024-3712;2024-12-04;Standard;7;Bestandskunde;Logistiktechnik;Bearbeitung;5;Stahl;pulverbeschichtet;26;26;7;0,01;4;15;15;1,0;4;0;0;35;5
PA2024-3713;2024-12-06;Änderung;5;Bestandskunde;Automobilindustrie;Bearbeitung;16;Stahl;pulverbeschichtet;26;26;7;0,032;4;48;48;1,0;4;0;0;112;16
PA2024-3714;2024-12-06;Standard;7;Bestandskunde;Sonstige;Bearbeitung;20;Stahl;pulverbeschichtet;28;28;15;0,06;4;60;60;1,0;4;0;0;160;20
PA2024-3715;2024-12-02;Standard;9;Bestandskunde;Maschinenbau;Bearbeitung;18;Stahl;pulverbeschichtet;28;28;15;0,054;4;54;54;1,0;4;0;0;144;18
PA2024-3716;2024-12-06;Standard;5;Bestandskunde;Sonstige;Bearbeitung;4;Stahl;pulverbeschichtet;28;28;15;0,012;4;12;12;1,0;4;0;0;32;4
PA2024-3717;2024-12-04;Standard;3;Bestandskunde;Automobilindustrie;Bearbeitung;11;Stahl;pulverbeschichtet;26;26;7;0,022;4;33;33;1,0;4;0;0;77;11
PA2024-3718;2024-12-08;Standard;15;Bestandskunde;Haushaltsgeräte;Bearbeitung;17;Stahl;pulverbeschichtet;26;26;7;0,034;4;51;51;1,0;4;0;0;119;17
PA2024-3719;2024-12-08;Standard;14;Bestandskunde;Sonstige;Bearbeitung;12;Stahl;pulverbeschichtet;26;26;7;0,024;4;36;36;1,0;4;0;0;84;12
PA2024-3720;2024-12-02;Standard;14;Bestandskunde;Maschinenbau;Bearbeitung;18;Stahl;pulverbeschichtet;28;28;15;0,054;4;54;54;1,0;4;0;0;144;18
PA2024-3721;2024-12-02;Änderung;10;Bestandskunde;Haushaltsgeräte;Bearbeitung;11;Stahl;pulverbeschichtet;26;26;7;0,022;4;33;33;1,0;4;0;0;77;11
PA2024-3722;2024-12-02;Standard;11;Bestandskunde;Maschinenbau;Bearbeitung;17;Stahl;pulverbeschichtet;26;26;7;0,034;4;51;51;1,0;4;0;0;119;17
PA2024-3723;2024-12-04;Standard;14;Bestandskunde;Automobilindustrie;Bearbeitung;10;Stahl;pulverbeschichtet;26;26;7;0,02;4;30;30;1,0;4;0;0;70;10
PA2024-3724;2024-12-03;Änderung;5;Bestandskunde;Automobilindustrie;Bearbeitung;20;Stahl;pulverbeschichtet;26;26;7;0,04;4;60;60;1,0;4;0;0;140;20
PA2024-3725;2024-12-05;Standard;8;Bestandskunde;Maschinenbau;Bearbeitung;18;Stahl;pulverbeschichtet;26;26;7;0,036;4;54;54;1,0;4;0;0;126;18
PA2024-3726;2024-12-05;Änderung;6;Bestandskunde;Sonstige;Bearbeitung;20;Stahl;pulverbeschichtet;26;26;7;0,04;4;60;60;1,0;4;0;0;140;20
PA2024-3727;2024-12-03;Standard;13;Bestandskunde;Maschinenbau;Bearbeitung;11;Stahl;pulverbeschichtet;28;28;15;0,033;4;33;33;1,0;4;0;0;88;11
PA2024-3728;2024-12-05;Standard;11;Bestandskunde;Sonstige;Bearbeitung;1;Stahl;pulverbeschichtet;28;28;15;0,003;4;3;3;1,0;4;0;0;8;1
PA2024-3729;2024-12-06;Änderung;3;Bestandskunde;Sonstige;Bearbeitung;14;Stahl;pulverbeschichtet;28;28;15;0,042;4;42;42;1,0;4;0;0;112;14
PA2024-3730;2024-12-04;Änderung;7;Bestandskunde;Haushaltsgeräte;Bearbeitung;14;Stahl;pulverbeschichtet;26;26;7;0,028;4;42;42;1,0;4;0;0;98;14
PA2024-3731;2024-12-02;Standard;4;Bestandskunde;Maschinenbau;Bearbeitung;8;Stahl;pulverbeschichtet;26;26;7;0,016;4;24;24;1,0;4;0;0;56;8
PA2024-3732;2024-12-08;Standard;10;Bestandskunde;Logistiktechnik;Bearbeitung;3;Stahl;pulverbeschichtet;26;26;7;0,006;4;9;9;1,0;4;0;0;21;3
PA2024-3733;2024-12-03;Standard;13;Bestandskunde;Haushaltsgeräte;Bearbeitung;14;Stahl;pulverbeschichtet;28;28;15;0,042;4;42;42;1,0;4;0;0;112;14
PA2024-3734;2024-12-06;Änderung;4;Bestandskunde;Logistiktechnik;Bearbeitung;1;Stahl;pulverbeschichtet;26;26;7;0,002;4;3;3;1,0;4;0;0;7;1
PA2024-3735;2024-12-05;Änderung;11;Bestandskunde;Haushaltsgeräte;Bearbeitung;20;Stahl;pulverbeschichtet;28;28;15;0,06;4;60;60;1,0;4;0;0;160;20
PA2024-3736;2024-12-04;Standard;10;Bestandskunde;Medizintechnik;Bearbeitung;6;Stahl;pulverbeschichtet;28;28;15;0,018;4;18;18;1,0;4;0;0;48;6
PA2024-3737;2024-12-06;Standard;10;Bestandskunde;Maschinenbau;Bearbeitung;5;Stahl;pulverbeschichtet;28;28;15;0,015;4;15;15;1,0;4;0;0;40;5
PA2024-3738;2024-12-03;Änderung;10;Bestandskunde;Maschinenbau;Bearbeitung;9;Stahl;pulverbeschichtet;28;28;15;0,027;4;27;27;1,0;4;0;0;72;9
PA2024-3739;2024-12-07;Standard;6;Bestandskunde;Sonstige;Bearbeitung;11;Stahl;pulverbeschichtet;26;26;7;0,022;4;33;33;1,0;4;0;0;77;11
PA2024-3740;2024-12-06;Standard;5;Bestandskunde;Logistiktechnik;Bearbeitung;15;Stahl;pulverbeschichtet;26;26;7;0,03;4;45;45;1,0;4;0;0;105;15
PA2024-3741;2024-12-02;Standard;13;Bestandskunde;Sonstige;Bearbeitung;13;Stahl;pulverbeschichtet;28;28;15;0,039;4;39;39;1,0;4;0;0;104;13
PA2024-3742;2024-12-04;Änderung;7;Bestandskunde;Logistiktechnik;Bearbeitung;7;Stahl;pulverbeschichtet;26;26;7;0,014;4;21;21;1,0;4;0;0;49;7
PA2024-3743;2024-12-06;Standard;10;Bestandskunde;Maschinenbau;Bearbeitung;6;Stahl;pulverbeschichtet;26;26;7;0,012;4;18;18;1,0;4;0;0;42;6
PA2024-3744;2024-12-04;Standard;7;Bestandskunde;Automobilindustrie;Bearbeitung;9;Stahl;pulverbeschichtet;26;26;7;0,018;4;27;27;1,0;4;0;0;63;9
PA2024-3745;2024-12-06;Standard;12;Bestandskunde;Medizintechnik;Bearbeitung;20;Stahl;pulverbeschichtet;26;26;7;0,04;4;60;60;1,0;4;0;0;140;20
PA2024-3746;2024-12-03;Änderung;6;Bestandskunde;Automobilindustrie;Bearbeitung;20;Stahl;pulverbeschichtet;26;26;7;0,04;4;60;60;1,0;4;0;0;140;20
PA2024-3747;2024-12-02;Standard;10;Bestandskunde;Automobilindustrie;Bearbeitung;6;Stahl;pulverbeschichtet;26;26;7;0,012;4;18;18;1,0;4;0;0;42;6
PA2024-3748;2024-12-07;Standard;9;Bestandskunde;Maschinenbau;Bearbeitung;13;Stahl;pulverbeschichtet;26;26;7;0,026;4;39;39;1,0;4;0;0;91;13
PA2024-3749;2024-12-08;Standard;5;Bestandskunde;Sonstige;Bearbeitung;12;Stahl;pulverbeschichtet;26;26;7;0,024;4;36;36;1,0;4;0;0;84;12
PA2024-3750;2024-12-02;Standard;9;Bestandskunde;Automobilindustrie;Bearbeitung;10;Stahl;pulverbeschichtet;26;26;7;0,02;4;30;30;1,0;4;0;0;70;10
PA2024-3751;2024-12-10;Standard;7;Bestandskunde;Maschinenbau;Bearbeitung;19;Stahl;pulverbeschichtet;28;28;15;0,057;4;57;57;1,0;4;0;0;152;19
PA2024-3752;2024-12-13;Änderung;8;Bestandskunde;Logistiktechnik;Bearbeitung;20;Stahl;pulverbeschichtet;26;26;7;0,04;4;60;60;1,0;4;0;0;140;20
PA2024-3753;2024-12-13;Standard;14;Bestandskunde;Automobilindustrie;Bearbeitung;2;Stahl;pulverbeschichtet;26;26;7;0,004;4;6;6;1,0;4;0;0;14;2
PA2024-3754;2024-12-14;Standard;10;Bestandskunde;Sonstige;Bearbeitung;6;Stahl;pulverbeschichtet;26;26;7;0,012;4;18;18;1,0;4;0;0;42;6
PA2024-3755;2024-12-14;Standard;10;Bestandskunde;Sonstige;Bearbeitung;12;Stahl;pulverbeschichtet;28;28;15;0,036;4;36;36;1,0;4;0;0;96;12
PA2024-3756;2024-12-11;Standard;3;Bestandskunde;Logistiktechnik;Bearbeitung;20;Stahl;pulverbeschichtet;28;28;15;0,06;4;60;60;1,0;4;0;0;160;20
PA2024-3757;2024-12-09;Standard;10;Bestandskunde;Sonstige;Bearbeitung;7;Stahl;pulverbeschichtet;26;26;7;0,014;4;21;21;1,0;4;0;0;49;7
PA2024-3758;2024-12-09;Standard;13;Bestandskunde;Maschinenbau;Bearbeitung;18;Stahl;pulverbeschichtet;26;26;7;0,036;4;54;54;1,0;4;0;0;126;18
PA2024-3759;2024-12-11;Standard;12;Bestandskunde;Sonstige;Bearbeitung;8;Stahl;pulverbeschichtet;26;26;7;0,016;4;24;24;1,0;4;0;0;56;8
PA2024-3760;2024-12-15;Standard;6;Neukunde;Automobilindustrie;Bearbeitung;12;Stahl;pulverbeschichtet;28;28;15;0,036;4;36;36;1,0;4;0;0;96;12
PA2024-3761;2024-12-09;Standard;14;Bestandskunde;Logistiktechnik;Bearbeitung;14;Stahl;pulverbeschichtet;26;26;7;0,028;4;42;42;1,0;4;0;0;98;14
PA2024-3762;2024-12-09;Standard;12;Bestandskunde;Medizintechnik;Bearbeitung;14;Stahl;pulverbeschichtet;28;28;15;0,042;4;42;42;1,0;4;0;0;112;14
PA2024-3763;2024-12-09;Änderung;8;Neukunde;Automobilindustrie;Bearbeitung;11;Stahl;pulverbeschichtet;26;26;7;0,022;4;33;33;1,0;4;0;0;77;11
PA2024-3764;2024-12-09;Standard;14;Bestandskunde;Automobilindustrie;Bearbeitung;20;Stahl;pulverbeschichtet;28;28;15;0,06;4;60;60;1,0;4;0;0;160;20
PA2024-3765;2024-12-10;Standard;8;Bestandskunde;Sonstige;Bearbeitung;16;Stahl;pulverbeschichtet;26;26;7;0,032;4;48;48;1,0;4;0;0;112;16
PA2024-3766;2024-12-12;Standard;14;Bestandskunde;Medizintechnik;Bearbeitung;8;Stahl;pulverbeschichtet;28;28;15;0,024;4;24;24;1,0;4;0;0;64;8
PA2024-3767;2024-12-10;Standard;14;Bestandskunde;Automobilindustrie;Bearbeitung;5;Stahl;pulverbeschichtet;26;26;7;0,01;4;15;15;1,0;4;0;0;35;5
PA2024-3768;2024-12-12;Standard;15;Bestandskunde;Maschinenbau;Bearbeitung;12;Stahl;pulverbeschichtet;26;26;7;0,024;4;36;36;1,0;4;0;0;84;12
PA2024-3769;2024-12-12;Änderung;5;Bestandskunde;Sonstige;Bearbeitung;20;Stahl;pulverbeschichtet;28;28;15;0,06;4;60;60;1,0;4;0;0;160;20
PA2024-3770;2024-12-09;Standard;4;Bestandskunde;Automobilindustrie;Bearbeitung;15;Stahl;pulverbeschichtet;28;28;15;0,045;4;45;45;1,0;4;0;0;120;15
PA2024-3771;2024-12-13;Standard;5;Bestandskunde;Sonstige;Bearbeitung;3;Stahl;pulverbeschichtet;28;28;15;0,009;4;9;9;1,0;4;0;0;24;3
PA2024-3772;2024-12-11;Änderung;12;Bestandskunde;Logistiktechnik;Bearbeitung;17;Stahl;pulverbeschichtet;26;26;7;0,034;4;51;51;1,0;4;0;0;119;17
PA2024-3773;2024-12-13;Änderung;7;Bestandskunde;Medizintechnik;Bearbeitung;18;Stahl;pulverbeschichtet;28;28;15;0,054;4;54;54;1,0;4;0;0;144;18
PA2024-3774;2024-12-12;Änderung;7;Bestandskunde;Maschinenbau;Bearbeitung;11;Stahl;pulverbeschichtet;28;28;15;0,033;4;33;33;1,0;4;0;0;88;11
PA2024-3775;2024-12-10;Änderung;15;Bestandskunde;Maschinenbau;Bearbeitung;9;Stahl;pulverbeschichtet;26;26;7;0,018;4;27;27;1,0;4;0;0;63;9
PA2024-3776;2024-12-15;Standard;12;Bestandskunde;Sonstige;Bearbeitung;10;Stahl;pulverbeschichtet;26;26;7;0,02;4;30;30;1,0;4;0;0;70;10
PA2024-3777;2024-12-12;Änderung;8;Bestandskunde;Maschinenbau;Bearbeitung;5;Stahl;pulverbeschichtet;26;26;7;0,01;4;15;15;1,0;4;0;0;35;5
PA2024-3778;2024-12-11;Änderung;11;Bestandskunde;Haushaltsgeräte;Bearbeitung;8;Stahl;pulverbeschichtet;28;28;15;0,024;4;24;24;1,0;4;0;0;64;8
PA2024-3779;2024-12-14;Standard;12;Bestandskunde;Medizintechnik;Bearbeitung;20;Stahl;pulverbeschichtet;28;28;15;0,06;4;60;60;1,0;4;0;0;160;20
PA2024-3780;2024-12-11;Standard;15;Bestandskunde;Automobilindustrie;Bearbeitung;14;Stahl;pulverbeschichtet;28;28;15;0,042;4;42;42;1,0;4;0;0;112;14
PA2024-3781;2024-12-11;Standard;10;Bestandskunde;Sonstige;Bearbeitung;1;Stahl;pulverbeschichtet;26;26;7;0,002;4;3;3;1,0;4;0;0;7;1
PA2024-3782;2024-12-14;Standard;6;Bestandskunde;Maschinenbau;Bearbeitung;19;Stahl;pulverbeschichtet;28;28;15;0,057;4;57;57;1,0;4;0;0;152;19
PA2024-3783;2024-12-11;Standard;12;Bestandskunde;Maschinenbau;Bearbeitung;4;Stahl;pulverbeschichtet;26;26;7;0,008;4;12;12;1,0;4;0;0;28;4
PA2024-3784;2024-12-15;Standard;14;Bestandskunde;Logistiktechnik;Bearbeitung;14;Stahl;pulverbeschichtet;26;26;7;0,028;4;42;42;1,0;4;0;0;98;14
PA2024-3785;2024-12-13;Standard;8;Bestandskunde;Sonstige;Bearbeitung;20;Stahl;pulverbeschichtet;28;28;15;0,06;4;60;60;1,0;4;0;0;160;20
PA2024-3786;2024-12-15;Standard;9;Bestandskunde;Maschinenbau;Bearbeitung;5;Stahl;pulverbeschichtet;28;28;15;0,015;4;15;15;1,0;4;0;0;40;5
PA2024-3787;2024-12-13;Standard;5;Bestandskunde;Automobilindustrie;Bearbeitung;12;Stahl;pulverbeschichtet;26;26;7;0,024;4;36;36;1,0;4;0;0;84;12
PA2024-3788;2024-12-10;Standard;8;Bestandskunde;Logistiktechnik;Bearbeitung;18;Stahl;pulverbeschichtet;26;26;7;0,036;4;54;54;1,0;4;0;0;126;18
PA2024-3789;2024-12-11;Standard;14;Bestandskunde;Sonstige;Bearbeitung;5;Stahl;pulverbeschichtet;26;26;7;0,01;4;15;15;1,0;4;0;0;35;5
PA2024-3790;2024-12-15;Standard;15;Bestandskunde;Maschinenbau;Bearbeitung;15;Stahl;pulverbeschichtet;28;28;15;0,045;4;45;45;1,0;4;0;0;120;15
PA2024-3791;2024-12-10;Standard;15;Bestandskunde;Maschinenbau;Bearbeitung;18;Stahl;pulverbeschichtet;26;26;7;0,036;4;54;54;1,0;4;0;0;126;18
PA2024-3792;2024-12-10;Standard;13;Bestandskunde;Automobilindustrie;Bearbeitung;2;Stahl;pulverbeschichtet;26;26;7;0,004;4;6;6;1,0;4;0;0;14;2
PA2024-3793;2024-12-09;Änderung;13;Bestandskunde;Medizintechnik;Bearbeitung;15;Stahl;pulverbeschichtet;28;28;15;0,045;4;45;45;1,0;4;0;0;120;15
PA2024-3794;2024-12-10;Standard;13;Bestandskunde;Logistiktechnik;Bearbeitung;17;Stahl;pulverbeschichtet;26;26;7;0,034;4;51;51;1,0;4;0;0;119;17
PA2024-3795;2024-12-09;Standard;6;Bestandskunde;Sonstige;Bearbeitung;5;Stahl;pulverbeschichtet;28;28;15;0,015;4;15;15;1,0;4;0;0;40;5
PA2024-3796;2024-12-14;Standard;15;Bestandskunde;Sonstige;Bearbeitung;5;Stahl;pulverbeschichtet;26;26;7;0,01;4;15;15;1,0;4;0;0;35;5
PA2024-3797;2024-12-15;Standard;9;Neukunde;Sonstige;Bearbeitung;14;Stahl;pulverbeschichtet;28;28;15;0,042;4;42;42;1,0;4;0;0;112;14
PA2024-3798;2024-12-13;Änderung;11;Bestandskunde;Logistiktechnik;Bearbeitung;6;Stahl;pulverbeschichtet;28;28;15;0,018;4;18;18;1,0;4;0;0;48;6
PA2024-3799;2024-12-14;Änderung;5;Bestandskunde;Automobilindustrie;Bearbeitung;11;Stahl;pulverbeschichtet;28;28;15;0,033;4;33;33;1,0;4;0;0;88;11
PA2024-3800;2024-12-11;Standard;12;Bestandskunde;Logistiktechnik;Bearbeitung;1;Stahl;pulverbeschichtet;28;28;15;0,003;4;3;3;1,0;4;0;0;8;1
PA2024-3801;2024-12-11;Standard;4;Bestandskunde;Haushaltsgeräte;Bearbeitung;9;Stahl;pulverbeschichtet;28;28;15;0,027;4;27;27;1,0;4;0;0;72;9
PA2024-3802;2024-12-13;Änderung;7;Bestandskunde;Logistiktechnik;Bearbeitung;1;Stahl;pulverbeschichtet;28;28;15;0,003;4;3;3;1,0;4;0;0;8;1
PA2024-3803;2024-12-11;Standard;10;Bestandskunde;Automobilindustrie;Bearbeitung;17;Stahl;pulverbeschichtet;26;26;7;0,034;4;51;51;1,0;4;0;0;119;17
PA2024-3804;2024-12-10;Standard;15;Bestandskunde;Sonstige;Bearbeitung;2;Stahl;pulverbeschichtet;26;26;7;0,004;4;6;6;1,0;4;0;0;14;2
PA2024-3805;2024-12-14;Standard;5;Bestandskunde;Maschinenbau;Bearbeitung;8;Stahl;pulverbeschichtet;28;28;15;0,024;4;24;24;1,0;4;0;0;64;8
PA2024-3806;2024-12-12;Standard;11;Bestandskunde;Logistiktechnik;Bearbeitung;7;Stahl;pulverbeschichtet;26;26;7;0,014;4;21;21;1,0;4;0;0;49;7
PA2024-3807;2024-12-13;Standard;5;Bestandskunde;Haushaltsgeräte;Bearbeitung;16;Stahl;pulverbeschichtet;28;28;15;0,048;4;48;48;1,0;4;0;0;128;16
PA2024-3808;2024-12-11;Änderung;12;Bestandskunde;Haushaltsgeräte;Bearbeitung;20;Stahl;pulverbeschichtet;28;28;15;0,06;4;60;60;1,0;4;0;0;160;20
PA2024-3809;2024-12-12;Standard;15;Bestandskunde;Automobilindustrie;Bearbeitung;15;Stahl;pulverbeschichtet;26;26;7;0,03;4;45;45;1,0;4;0;0;105;15
PA2024-3810;2024-12-15;Standard;15;Bestandskunde;Medizintechnik;Bearbeitung;20;Stahl;pulverbeschichtet;26;26;7;0,04;4;60;60;1,0;4;0;0;140;20
PA2024-3811;2024-12-19;Änderung;6;Bestandskunde;Automobilindustrie;Bearbeitung;18;Stahl;pulverbeschichtet;26;26;7;0,036;4;54;54;1,0;4;0;0;126;18
PA2024-3812;2024-12-21;Standard;5;Bestandskunde;Maschinenbau;Bearbeitung;17;Stahl;pulverbeschichtet;26;26;7;0,034;4;51;51;1,0;4;0;0;119;17
PA2024-3813;2024-12-22;Standard;15;Bestandskunde;Medizintechnik;Bearbeitung;19;Stahl;pulverbeschichtet;28;28;15;0,057;4;57;57;1,0;4;0;0;152;19
PA2024-3814;2024-12-19;Änderung;11;Bestandskunde;Haushaltsgeräte;Bearbeitung;7;Stahl;pulverbeschichtet;28;28;15;0,021;4;21;21;1,0;4;0;0;56;7
PA2024-3815;2024-12-19;Standard;5;Bestandskunde;Sonstige;Bearbeitung;11;Stahl;pulverbeschichtet;26;26;7;0,022;4;33;33;1,0;4;0;0;77;11
PA2024-3816;2024-12-20;Änderung;7;Bestandskunde;Automobilindustrie;Bearbeitung;18;Stahl;pulverbeschichtet;26;26;7;0,036;4;54;54;1,0;4;0;0;126;18
PA2024-3817;2024-12-19;Standard;11;Bestandskunde;Sonstige;Bearbeitung;12;Stahl;pulverbeschichtet;26;26;7;0,024;4;36;36;1,0;4;0;0;84;12
PA2024-3818;2024-12-17;Änderung;8;Bestandskunde;Haushaltsgeräte;Bearbeitung;17;Stahl;pulverbeschichtet;26;26;7;0,034;4;51;51;1,0;4;0;0;119;17
PA2024-3819;2024-12-17;Standard;13;Bestandskunde;Logistiktechnik;Bearbeitung;15;Stahl;pulverbeschichtet;26;26;7;0,03;4;45;45;1,0;4;0;0;105;15
PA2024-3820;2024-12-20;Änderung;4;Bestandskunde;Logistiktechnik;Bearbeitung;9;Stahl;pulverbeschichtet;28;28;15;0,027;4;27;27;1,0;4;0;0;72;9
PA2024-3821;2024-12-20;Standard;14;Bestandskunde;Automobilindustrie;Bearbeitung;7;Stahl;pulverbeschichtet;28;28;15;0,021;4;21;21;1,0;4;0;0;56;7
PA2024-3822;2024-12-22;Standard;15;Bestandskunde;Maschinenbau;Bearbeitung;15;Stahl;pulverbeschichtet;26;26;7;0,03;4;45;45;1,0;4;0;0;105;15
PA2024-3823;2024-12-22;Standard;13;Bestandskunde;Automobilindustrie;Bearbeitung;8;Stahl;pulverbeschichtet;26;26;7;0,016;4;24;24;1,0;4;0;0;56;8
PA2024-3824;2024-12-16;Standard;12;Bestandskunde;Maschinenbau;Bearbeitung;6;Stahl;pulverbeschichtet;28;28;15;0,018;4;18;18;1,0;4;0;0;48;6
PA2024-3825;2024-12-22;Standard;15;Bestandskunde;Automobilindustrie;Bearbeitung;4;Stahl;pulverbeschichtet;28;28;15;0,012;4;12;12;1,0;4;0;0;32;4
PA2024-3826;2024-12-22;Änderung;15;Neukunde;Maschinenbau;Bearbeitung;1;Stahl;pulverbeschichtet;26;26;7;0,002;4;3;3;1,0;4;0;0;7;1
PA2024-3827;2024-12-21;Standard;4;Bestandskunde;Maschinenbau;Bearbeitung;8;Stahl;pulverbeschichtet;28;28;15;0,024;4;24;24;1,0;4;0;0;64;8
PA2024-3828;2024-12-22;Standard;15;Bestandskunde;Logistiktechnik;Bearbeitung;4;Stahl;pulverbeschichtet;26;26;7;0,008;4;12;12;1,0;4;0;0;28;4
PA2024-3829;2024-12-17;Standard;11;Neukunde;Automobilindustrie;Bearbeitung;17;Stahl;pulverbeschichtet;26;26;7;0,034;4;51;51;1,0;4;0;0;119;17
PA2024-3830;2024-12-16;Standard;4;Bestandskunde;Automobilindustrie;Bearbeitung;5;Stahl;pulverbeschichtet;28;28;15;0,015;4;15;15;1,0;4;0;0;40;5
PA2024-3831;2024-12-22;Änderung;7;Bestandskunde;Sonstige;Bearbeitung;7;Stahl;pulverbeschichtet;26;26;7;0,014;4;21;21;1,0;4;0;0;49;7
PA2024-3832;2024-12-18;Standard;14;Bestandskunde;Maschinenbau;Bearbeitung;2;Stahl;pulverbeschichtet;28;28;15;0,006;4;6;6;1,0;4;0;0;16;2
PA2024-3833;2024-12-21;Standard;15;Neukunde;Logistiktechnik;Bearbeitung;15;Stahl;pulverbeschichtet;28;28;15;0,045;4;45;45;1,0;4;0;0;120;15
PA2024-3834;2024-12-22;Standard;14;Bestandskunde;Sonstige;Bearbeitung;19;Stahl;pulverbeschichtet;28;28;15;0,057;4;57;57;1,0;4;0;0;152;19
PA2024-3835;2024-12-19;Standard;11;Bestandskunde;Logistiktechnik;Bearbeitung;13;Stahl;pulverbeschichtet;28;28;15;0,039;4;39;39;1,0;4;0;0;104;13
PA2024-3836;2024-12-19;Standard;10;Bestandskunde;Maschinenbau;Bearbeitung;13;Stahl;pulverbeschichtet;28;28;15;0,039;4;39;39;1,0;4;0;0;104;13
PA2024-3837;2024-12-18;Änderung;9;Bestandskunde;Haushaltsgeräte;Bearbeitung;12;Stahl;pulverbeschichtet;26;26;7;0,024;4;36;36;1,0;4;0;0;84;12
PA2024-3838;2024-12-22;Standard;10;Neukunde;Medizintechnik;Bearbeitung;13;Stahl;pulverbeschichtet;26;26;7;0,026;4;39;39;1,0;4;0;0;91;13
PA2024-3839;2024-12-22;Standard;15;Bestandskunde;Maschinenbau;Bearbeitung;6;Stahl;pulverbeschichtet;28;28;15;0,018;4;18;18;1,0;4;0;0;48;6
PA2024-3840;2024-12-20;Standard;5;Bestandskunde;Logistiktechnik;Bearbeitung;20;Stahl;pulverbeschichtet;26;26;7;0,04;4;60;60;1,0;4;0;0;140;20
PA2024-3841;2024-12-16;Änderung;12;Bestandskunde;Automobilindustrie;Bearbeitung;8;Stahl;pulverbeschichtet;26;26;7;0,016;4;24;24;1,0;4;0;0;56;8
PA2024-3842;2024-12-22;Standard;6;Bestandskunde;Sonstige;Bearbeitung;19;Stahl;pulverbeschichtet;28;28;15;0,057;4;57;57;1,0;4;0;0;152;19
PA2024-3843;2024-12-18;Standard;4;Bestandskunde;Maschinenbau;Bearbeitung;3;Stahl;pulverbeschichtet;26;26;7;0,006;4;9;9;1,0;4;0;0;21;3
PA2024-3844;2024-12-22;Standard;7;Bestandskunde;Medizintechnik;Bearbeitung;2;Stahl;pulverbeschichtet;28;28;15;0,006;4;6;6;1,0;4;0;0;16;2
PA2024-3845;2024-12-18;Standard;7;Bestandskunde;Sonstige;Bearbeitung;11;Stahl;pulverbeschichtet;26;26;7;0,022;4;33;33;1,0;4;0;0;77;11
PA2024-3846;2024-12-22;Standard;9;Bestandskunde;Maschinenbau;Bearbeitung;17;Stahl;pulverbeschichtet;28;28;15;0,051;4;51;51;1,0;4;0;0;136;17
PA2024-3847;2024-12-19;Änderung;5;Bestandskunde;Automobilindustrie;Bearbeitung;19;Stahl;pulverbeschichtet;26;26;7;0,038;4;57;57;1,0;4;0;0;133;19
PA2024-3848;2024-12-20;Änderung;5;Bestandskunde;Maschinenbau;Bearbeitung;17;Stahl;pulverbeschichtet;28;28;15;0,051;4;51;51;1,0;4;0;0;136;17
PA2024-3849;2024-12-19;Standard;10;Bestandskunde;Sonstige;Bearbeitung;5;Stahl;pulverbeschichtet;28;28;15;0,015;4;15;15;1,0;4;0;0;40;5
PA2024-3850;2024-12-16;Standard;14;Bestandskunde;Automobilindustrie;Bearbeitung;14;Stahl;pulverbeschichtet;26;26;7;0,028;4;42;42;1,0;4;0;0;98;14
PA2024-3851;2024-12-17;Standard;15;Bestandskunde;Sonstige;Bearbeitung;11;Stahl;pulverbeschichtet;28;28;15;0,033;4;33;33;1,0;4;0;0;88;11
PA2024-3852;2024-12-17;Änderung;14;Bestandskunde;Automobilindustrie;Bearbeitung;2;Stahl;pulverbeschichtet;28;28;15;0,006;4;6;6;1,0;4;0;0;16;2
PA2024-3853;2024-12-16;Änderung;13;Bestandskunde;Haushaltsgeräte;Bearbeitung;13;Stahl;pulverbeschichtet;26;26;7;0,026;4;39;39;1,0;4;0;0;91;13
PA2024-3854;2024-12-16;Standard;4;Bestandskunde;Automobilindustrie;Bearbeitung;7;Stahl;pulverbeschichtet;26;26;7;0,014;4;21;21;1,0;4;0;0;49;7
PA2024-3855;2024-12-16;Standard;13;Bestandskunde;Maschinenbau;Bearbeitung;2;Stahl;pulverbeschichtet;26;26;7;0,004;4;6;6;1,0;4;0;0;14;2
PA2024-3856;2024-12-18;Änderung;12;Bestandskunde;Automobilindustrie;Bearbeitung;13;Stahl;pulverbeschichtet;26;26;7;0,026;4;39;39;1,0;4;0;0;91;13
PA2024-3857;2024-12-16;Standard;4;Bestandskunde;Automobilindustrie;Bearbeitung;2;Stahl;pulverbeschichtet;26;26;7;0,004;4;6;6;1,0;4;0;0;14;2
PA2024-3858;2024-12-20;Standard;13;Bestandskunde;Maschinenbau;Bearbeitung;10;Stahl;pulverbeschichtet;26;26;7;0,02;4;30;30;1,0;4;0;0;70;10
PA2024-3859;2024-12-20;Standard;8;Bestandskunde;Maschinenbau;Bearbeitung;3;Stahl;pulverbeschichtet;26;26;7;0,006;4;9;9;1,0;4;0;0;21;3
PA2024-3860;2024-12-20;Standard;6;Bestandskunde;Sonstige;Bearbeitung;8;Stahl;pulverbeschichtet;28;28;15;0,024;4;24;24;1,0;4;0;0;64;8
PA2024-3861;2024-12-21;Standard;9;Bestandskunde;Sonstige;Bearbeitung;3;Stahl;pulverbeschichtet;26;26;7;0,006;4;9;9;1,0;4;0;0;21;3
PA2024-3862;2024-12-19;Standard;6;Bestandskunde;Maschinenbau;Bearbeitung;17;Stahl;pulverbeschichtet;26;26;7;0,034;4;51;51;1,0;4;0;0;119;17
PA2024-3863;2024-12-17;Änderung;13;Bestandskunde;Automobilindustrie;Bearbeitung;19;Stahl;pulverbeschichtet;26;26;7;0,038;4;57;57;1,0;4;0;0;133;19
PA2024-3864;2024-12-21;Änderung;10;Bestandskunde;Maschinenbau;Bearbeitung;12;Stahl;pulverbeschichtet;28;28;15;0,036;4;36;36;1,0;4;0;0;96;12
PA2024-3865;2024-12-22;Standard;5;Bestandskunde;Logistiktechnik;Bearbeitung;18;Stahl;pulverbeschichtet;26;26;7;0,036;4;54;54;1,0;4;0;0;126;18
PA2024-3866;2024-12-16;Standard;14;Bestandskunde;Automobilindustrie;Bearbeitung;15;Stahl;pulverbeschichtet;26;26;7;0,03;4;45;45;1,0;4;0;0;105;15
PA2024-3867;2024-12-16;Änderung;6;Bestandskunde;Maschinenbau;Bearbeitung;14;Stahl;pulverbeschichtet;28;28;15;0,042;4;42;42;1,0;4;0;0;112;14
PA2024-3868;2024-12-19;Änderung;11;Bestandskunde;Sonstige;Bearbeitung;4;Stahl;pulverbeschichtet;26;26;7;0,008;4;12;12;1,0;4;0;0;28;4
PA2024-3869;2024-12-19;Standard;14;Bestandskunde;Automobilindustrie;Bearbeitung;16;Stahl;pulverbeschichtet;28;28;15;0,048;4;48;48;1,0;4;0;0;128;16
PA2024-3870;2024-12-22;Änderung;7;Bestandskunde;Automobilindustrie;Bearbeitung;7;Stahl;pulverbeschichtet;28;28;15;0,021;4;21;21;1,0;4;0;0;56;7
PA2024-3871;2024-12-26;Änderung;15;Bestandskunde;Maschinenbau;Bearbeitung;1;Stahl;pulverbeschichtet;28;28;15;0,003;4;3;3;1,0;4;0;0;8;1
PA2024-3872;2024-12-29;Standard;8;Bestandskunde;Automobilindustrie;Bearbeitung;19;Stahl;pulverbeschichtet;26;26;7;0,038;4;57;57;1,0;4;0;0;133;19
PA2024-3873;2024-12-26;Änderung;12;Bestandskunde;Logistiktechnik;Bearbeitung;17;Stahl;pulverbeschichtet;26;26;7;0,034;4;51;51;1,0;4;0;0;119;17
PA2024-3874;2024-12-26;Standard;11;Bestandskunde;Maschinenbau;Bearbeitung;11;Stahl;pulverbeschichtet;26;26;7;0,022;4;33;33;1,0;4;0;0;77;11
PA2024-3875;2024-12-27;Änderung;3;Bestandskunde;Maschinenbau;Bearbeitung;8;Stahl;pulverbeschichtet;26;26;7;0,016;4;24;24;1,0;4;0;0;56;8
PA2024-3876;2024-12-27;Standard;5;Bestandskunde;Automobilindustrie;Bearbeitung;16;Stahl;pulverbeschichtet;28;28;15;0,048;4;48;48;1,0;4;0;0;128;16
PA2024-3877;2024-12-24;Standard;13;Bestandskunde;Maschinenbau;Bearbeitung;16;Stahl;pulverbeschichtet;28;28;15;0,048;4;48;48;1,0;4;0;0;128;16
PA2024-3878;2024-12-23;Standard;9;Bestandskunde;Sonstige;Bearbeitung;18;Stahl;pulverbeschichtet;28;28;15;0,054;4;54;54;1,0;4;0;0;144;18
PA2024-3879;2024-12-23;Standard;5;Bestandskunde;Haushaltsgeräte;Bearbeitung;10;Stahl;pulverbeschichtet;26;26;7;0,02;4;30;30;1,0;4;0;0;70;10
PA2024-3880;2024-12-23;Standard;13;Bestandskunde;Logistiktechnik;Bearbeitung;7;Stahl;pulverbeschichtet;26;26;7;0,014;4;21;21;1,0;4;0;0;49;7
PA2024-3881;2024-12-27;Änderung;10;Bestandskunde;Sonstige;Bearbeitung;3;Stahl;pulverbeschichtet;26;26;7;0,006;4;9;9;1,0;4;0;0;21;3
PA2024-3882;2024-12-28;Standard;5;Bestandskunde;Automobilindustrie;Bearbeitung;14;Stahl;pulverbeschichtet;28;28;15;0,042;4;42;42;1,0;4;0;0;112;14
PA2024-3883;2024-12-29;Standard;12;Bestandskunde;Haushaltsgeräte;Bearbeitung;20;Stahl;pulverbeschichtet;26;26;7;0,04;4;60;60;1,0;4;0;0;140;20
PA2024-3884;2024-12-25;Standard;7;Bestandskunde;Logistiktechnik;Bearbeitung;16;Stahl;pulverbeschichtet;26;26;7;0,032;4;48;48;1,0;4;0;0;112;16
PA2024-3885;2024-12-26;Standard;4;Bestandskunde;Logistiktechnik;Bearbeitung;5;Stahl;pulverbeschichtet;28;28;15;0,015;4;15;15;1,0;4;0;0;40;5
PA2024-3886;2024-12-23;Standard;6;Bestandskunde;Sonstige;Bearbeitung;1;Stahl;pulverbeschichtet;26;26;7;0,002;4;3;3;1,0;4;0;0;7;1
PA2024-3887;2024-12-29;Änderung;5;Bestandskunde;Medizintechnik;Bearbeitung;1;Stahl;pulverbeschichtet;26;26;7;0,002;4;3;3;1,0;4;0;0;7;1
PA2024-3888;2024-12-28;Standard;11;Bestandskunde;Logistiktechnik;Bearbeitung;8;Stahl;pulverbeschichtet;28;28;15;0,024;4;24;24;1,0;4;0;0;64;8
PA2024-3889;2024-12-27;Standard;7;Bestandskunde;Automobilindustrie;Bearbeitung;1;Stahl;pulverbeschichtet;26;26;7;0,002;4;3;3;1,0;4;0;0;7;1
PA2024-3890;2024-12-23;Änderung;4;Bestandskunde;Maschinenbau;Bearbeitung;7;Stahl;pulverbeschichtet;28;28;15;0,021;4;21;21;1,0;4;0;0;56;7
PA2024-3891;2024-12-29;Standard;10;Neukunde;Medizintechnik;Bearbeitung;14;Stahl;pulverbeschichtet;26;26;7;0,028;4;42;42;1,0;4;0;0;98;14
PA2024-3892;2024-12-28;Änderung;14;Bestandskunde;Automobilindustrie;Bearbeitung;10;Stahl;pulverbeschichtet;26;26;7;0,02;4;30;30;1,0;4;0;0;70;10
PA2024-3893;2024-12-26;Standard;5;Bestandskunde;Logistiktechnik;Bearbeitung;10;Stahl;pulverbeschichtet;26;26;7;0,02;4;30;30;1,0;4;0;0;70;10
PA2024-3894;2024-12-27;Standard;10;Bestandskunde;Logistiktechnik;Bearbeitung;16;Stahl;pulverbeschichtet;28;28;15;0,048;4;48;48;1,0;4;0;0;128;16
PA2024-3895;2024-12-28;Standard;12;Bestandskunde;Automobilindustrie;Bearbeitung;7;Stahl;pulverbeschichtet;28;28;15;0,021;4;21;21;1,0;4;0;0;56;7
PA2024-3896;2024-12-25;Standard;9;Bestandskunde;Maschinenbau;Bearbeitung;11;Stahl;pulverbeschichtet;28;28;15;0,033;4;33;33;1,0;4;0;0;88;11
PA2024-3897;2024-12-26;Änderung;12;Bestandskunde;Haushaltsgeräte;Bearbeitung;14;Stahl;pulverbeschichtet;26;26;7;0,028;4;42;42;1,0;4;0;0;98;14
PA2024-3898;2024-12-24;Änderung;9;Bestandskunde;Medizintechnik;Bearbeitung;18;Stahl;pulverbeschichtet;28;28;15;0,054;4;54;54;1,0;4;0;0;144;18
PA2024-3899;2024-12-28;Standard;13;Bestandskunde;Logistiktechnik;Bearbeitung;16;Stahl;pulverbeschichtet;26;26;7;0,032;4;48;48;1,0;4;0;0;112;16
PA2024-3900;2024-12-26;Standard;10;Bestandskunde;Logistiktechnik;Bearbeitung;1;Stahl;pulverbeschichtet;26;26;7;0,002;4;3;3;1,0;4;0;0;7;1
PA2024-3901;2024-12-25;Standard;15;Bestandskunde;Haushaltsgeräte;Bearbeitung;20;Stahl;pulverbeschichtet;28;28;15;0,06;4;60;60;1,0;4;0;0;160;20
PA2024-3902;2024-12-24;Standard;13;Bestandskunde;Automobilindustrie;Bearbeitung;7;Stahl;pulverbeschichtet;28;28;15;0,021;4;21;21;1,0;4;0;0;56;7
PA2024-3903;2024-12-24;Standard;13;Bestandskunde;Automobilindustrie;Bearbeitung;18;Stahl;pulverbeschichtet;28;28;15;0,054;4;54;54;1,0;4;0;0;144;18
PA2024-3904;2024-12-23;Änderung;10;Bestandskunde;Automobilindustrie;Bearbeitung;2;Stahl;pulverbeschichtet;26;26;7;0,004;4;6;6;1,0;4;0;0;14;2
PA2024-3905;2024-12-26;Standard;13;Bestandskunde;Maschinenbau;Bearbeitung;2;Stahl;pulverbeschichtet;26;26;7;0,004;4;6;6;1,0;4;0;0;14;2
PA2024-3906;2024-12-25;Änderung;7;Bestandskunde;Sonstige;Bearbeitung;7;Stahl;pulverbeschichtet;28;28;15;0,021;4;21;21;1,0;4;0;0;56;7
PA2024-3907;2024-12-26;Standard;8;Bestandskunde;Maschinenbau;Bearbeitung;5;Stahl;pulverbeschichtet;26;26;7;0,01;4;15;15;1,0;4;0;0;35;5
PA2024-3908;2024-12-28;Standard;11;Bestandskunde;Haushaltsgeräte;Bearbeitung;1;Stahl;pulverbeschichtet;28;28;15;0,003;4;3;3;1,0;4;0;0;8;1
PA2024-3909;2024-12-23;Standard;14;Bestandskunde;Logistiktechnik;Bearbeitung;12;Stahl;pulverbeschichtet;26;26;7;0,024;4;36;36;1,0;4;0;0;84;12
PA2024-3910;2024-12-23;Änderung;7;Bestandskunde;Automobilindustrie;Bearbeitung;10;Stahl;pulverbeschichtet;26;26;7;0,02;4;30;30;1,0;4;0;0;70;10
PA2024-3911;2024-12-28;Standard;7;Bestandskunde;Logistiktechnik;Bearbeitung;7;Stahl;pulverbeschichtet;28;28;15;0,021;4;21;21;1,0;4;0;0;56;7
PA2024-3912;2024-12-23;Standard;7;Bestandskunde;Logistiktechnik;Bearbeitung;8;Stahl;pulverbeschichtet;28;28;15;0,024;4;24;24;1,0;4;0;0;64;8
PA2024-3913;2024-12-27;Standard;10;Bestandskunde;Automobilindustrie;Bearbeitung;4;Stahl;pulverbeschichtet;26;26;7;0,008;4;12;12;1,0;4;0;0;28;4
PA2024-3914;2024-12-24;Standard;12;Bestandskunde;Automobilindustrie;Bearbeitung;6;Stahl;pulverbeschichtet;26;26;7;0,012;4;18;18;1,0;4;0;0;42;6
PA2024-3915;2024-12-24;Standard;13;Bestandskunde;Sonstige;Bearbeitung;14;Stahl;pulverbeschichtet;28;28;15;0,042;4;42;42;1,0;4;0;0;112;14
PA2024-3916;2024-12-29;Standard;12;Bestandskunde;Sonstige;Bearbeitung;12;Stahl;pulverbeschichtet;28;28;15;0,036;4;36;36;1,0;4;0;0;96;12
PA2024-3917;2024-12-27;Änderung;7;Bestandskunde;Medizintechnik;Bearbeitung;12;Stahl;pulverbeschichtet;28;28;15;0,036;4;36;36;1,0;4;0;0;96;12
PA2024-3918;2024-12-23;Änderung;9;Bestandskunde;Automobilindustrie;Bearbeitung;2;Stahl;pulverbeschichtet;28;28;15;0,006;4;6;6;1,0;4;0;0;16;2
PA2024-3919;2024-12-25;Änderung;6;Bestandskunde;Automobilindustrie;Bearbeitung;10;Stahl;pulverbeschichtet;26;26;7;0,02;4;30;30;1,0;4;0;0;70;10
PA2024-3920;2024-12-25;Standard;8;Neukunde;Sonstige;Bearbeitung;14;Stahl;pulverbeschichtet;28;28;15;0,042;4;42;42;1,0;4;0;0;112;14
PA2024-3921;2024-12-24;Standard;6;Bestandskunde;Logistiktechnik;Bearbeitung;15;Stahl;pulverbeschichtet;26;26;7;0,03;4;45;45;1,0;4;0;0;105;15
PA2024-3922;2024-12-23;Änderung;7;Bestandskunde;Automobilindustrie;Bearbeitung;16;Stahl;pulverbeschichtet;28;28;15;0,048;4;48;48;1,0;4;0;0;128;16
PA2024-3923;2024-12-28;Standard;7;Bestandskunde;Logistiktechnik;Bearbeitung;4;Stahl;pulverbeschichtet;28;28;15;0,012;4;12;12;1,0;4;0;0;32;4
PA2024-3924;2024-12-23;Standard;15;Bestandskunde;Sonstige;Bearbeitung;15;Stahl;pulverbeschichtet;26;26;7;0,03;4;45;45;1,0;4;0;0;105;15
PA2024-3925;2024-12-23;Standard;4;Bestandskunde;Maschinenbau;Bearbeitung;20;Stahl;pulverbeschichtet;28;28;15;0,06;4;60;60;1,0;4;0;0;160;20
PA2024-3926;2024-12-23;Änderung;9;Bestandskunde;Logistiktechnik;Bearbeitung;3;Stahl;pulverbeschichtet;28;28;15;0,009;4;9;9;1,0;4;0;0;24;3
PA2024-3927;2024-12-26;Standard;4;Bestandskunde;Maschinenbau;Bearbeitung;11;Stahl;pulverbeschichtet;28;28;15;0,033;4;33;33;1,0;4;0;0;88;11
PA2024-3928;2024-12-28;Standard;13;Bestandskunde;Medizintechnik;Bearbeitung;4;Stahl;pulverbeschichtet;26;26;7;0,008;4;12;12;1,0;4;0;0;28;4
PA2024-3929;2024-12-25;Änderung;8;Bestandskunde;Sonstige;Bearbeitung;18;Stahl;pulverbeschichtet;26;26;7;0,036;4;54;54;1,0;4;0;0;126;18
PA2024-3930;2024-12-27;Änderung;10;Bestandskunde;Automobilindustrie;Bearbeitung;10;Stahl;pulverbeschichtet;26;26;7;0,02;4;30;30;1,0;4;0;0;70;10
PA2024-3931;2024-12-31;Änderung;12;Bestandskunde;Sonstige;Bearbeitung;10;Stahl;pulverbeschichtet;26;26;7;0,02;4;30;30;1,0;4;0;0;70;10
PA2025-3932;2025-01-05;Standard;7;Bestandskunde;Sonstige;Bearbeitung;8;Stahl;pulverbeschichtet;28;28;15;0,024;4;24;24;1,0;4;0;0;64;8
PA2025-3933;2025-01-01;Standard;7;Neukunde;Maschinenbau;Bearbeitung;15;Stahl;pulverbeschichtet;26;26;7;0,03;4;45;45;1,0;4;0;0;105;15
PA2024-3934;2024-12-31;Standard;5;Bestandskunde;Medizintechnik;Bearbeitung;19;Stahl;pulverbeschichtet;28;28;15;0,057;4;57;57;1,0;4;0;0;152;19
PA2025-3935;2025-01-04;Standard;10;Bestandskunde;Maschinenbau;Bearbeitung;7;Stahl;pulverbeschichtet;26;26;7;0,014;4;21;21;1,0;4;0;0;49;7
PA2025-3936;2025-01-02;Änderung;11;Bestandskunde;Haushaltsgeräte;Bearbeitung;2;Stahl;pulverbeschichtet;28;28;15;0,006;4;6;6;1,0;4;0;0;16;2
PA2025-3937;2025-01-02;Standard;6;Bestandskunde;Logistiktechnik;Bearbeitung;1;Stahl;pulverbeschichtet;26;26;7;0,002;4;3;3;1,0;4;0;0;7;1
PA2025-3938;2025-01-04;Standard;5;Bestandskunde;Automobilindustrie;Bearbeitung;20;Stahl;pulverbeschichtet;28;28;15;0,06;4;60;60;1,0;4;0;0;160;20
PA2025-3939;2025-01-05;Standard;11;Bestandskunde;Maschinenbau;Bearbeitung;7;Stahl;pulverbeschichtet;26;26;7;0,014;4;21;21;1,0;4;0;0;49;7
PA2025-3940;2025-01-05;Standard;14;Bestandskunde;Haushaltsgeräte;Bearbeitung;2;Stahl;pulverbeschichtet;26;26;7;0,004;4;6;6;1,0;4;0;0;14;2
PA2025-3941;2025-01-05;Standard;7;Bestandskunde;Haushaltsgeräte;Bearbeitung;8;Stahl;pulverbeschichtet;28;28;15;0,024;4;24;24;1,0;4;0;0;64;8
PA2024-3942;2024-12-30;Standard;11;Bestandskunde;Medizintechnik;Bearbeitung;14;Stahl;pulverbeschichtet;28;28;15;0,042;4;42;42;1,0;4;0;0;112;14
PA2025-3943;2025-01-05;Standard;5;Bestandskunde;Sonstige;Bearbeitung;15;Stahl;pulverbeschichtet;28;28;15;0,045;4;45;45;1,0;4;0;0;120;15
PA2025-3944;2025-01-02;Standard;10;Bestandskunde;Maschinenbau;Bearbeitung;20;Stahl;pulverbeschichtet;28;28;15;0,06;4;60;60;1,0;4;0;0;160;20
PA2025-3945;2025-01-05;Standard;9;Bestandskunde;Maschinenbau;Bearbeitung;2;Stahl;pulverbeschichtet;26;26;7;0,004;4;6;6;1,0;4;0;0;14;2
PA2024-3946;2024-12-30;Standard;7;Bestandskunde;Maschinenbau;Bearbeitung;17;Stahl;pulverbeschichtet;26;26;7;0,034;4;51;51;1,0;4;0;0;119;17
PA2025-3947;2025-01-03;Standard;4;Bestandskunde;Automobilindustrie;Bearbeitung;10;Stahl;pulverbeschichtet;26;26;7;0,02;4;30;30;1,0;4;0;0;70;10
PA2024-3948;2024-12-31;Standard;11;Bestandskunde;Sonstige;Bearbeitung;13;Stahl;pulverbeschichtet;28;28;15;0,039;4;39;39;1,0;4;0;0;104;13
PA2025-3949;2025-01-04;Standard;5;Bestandskunde;Maschinenbau;Bearbeitung;7;Stahl;pulverbeschichtet;26;26;7;0,014;4;21;21;1,0;4;0;0;49;7
PA2025-3950;2025-01-04;Änderung;14;Bestandskunde;Logistiktechnik;Bearbeitung;3;Stahl;pulverbeschichtet;28;28;15;0,009;4;9;9;1,0;4;0;0;24;3
PA2025-3951;2025-01-05;Standard;14;Bestandskunde;Automobilindustrie;Bearbeitung;3;Stahl;pulverbeschichtet;26;26;7;0,006;4;9;9;1,0;4;0;0;21;3
PA2025-3952;2025-01-02;Standard;6;Bestandskunde;Medizintechnik;Bearbeitung;11;Stahl;pulverbeschichtet;26;26;7;0,022;4;33;33;1,0;4;0;0;77;11
PA2024-3953;2024-12-31;Standard;9;Bestandskunde;Automobilindustrie;Bearbeitung;10;Stahl;pulverbeschichtet;26;26;7;0,02;4;30;30;1,0;4;0;0;70;10
PA2024-3954;2024-12-30;Änderung;6;Bestandskunde;Medizintechnik;Bearbeitung;6;Stahl;pulverbeschichtet;26;26;7;0,012;4;18;18;1,0;4;0;0;42;6
PA2024-3955;2024-12-31;Änderung;4;Bestandskunde;Medizintechnik;Bearbeitung;3;Stahl;pulverbeschichtet;28;28;15;0,009;4;9;9;1,0;4;0;0;24;3
PA2024-3956;2024-12-30;Standard;14;Bestandskunde;Maschinenbau;Bearbeitung;8;Stahl;pulverbeschichtet;28;28;15;0,024;4;24;24;1,0;4;0;0;64;8
PA2024-3957;2024-12-31;Standard;13;Bestandskunde;Maschinenbau;Bearbeitung;17;Stahl;pulverbeschichtet;26;26;7;0,034;4;51;51;1,0;4;0;0;119;17
PA2025-3958;2025-01-02;Änderung;12;Bestandskunde;Medizintechnik;Bearbeitung;1;Stahl;pulverbeschichtet;28;28;15;0,003;4;3;3;1,0;4;0;0;8;1
PA2024-3959;2024-12-30;Änderung;9;Bestandskunde;Automobilindustrie;Bearbeitung;2;Stahl;pulverbeschichtet;28;28;15;0,006;4;6;6;1,0;4;0;0;16;2
PA2025-3960;2025-01-02;Standard;6;Bestandskunde;Maschinenbau;Bearbeitung;12;Stahl;pulverbeschichtet;28;28;15;0,036;4;36;36;1,0;4;0;0;96;12
PA2024-3961;2024-12-30;Standard;8;Bestandskunde;Automobilindustrie;Bearbeitung;12;Stahl;pulverbeschichtet;26;26;7;0,024;4;36;36;1,0;4;0;0;84;12
PA2025-3962;2025-01-05;Änderung;5;Bestandskunde;Sonstige;Bearbeitung;10;Stahl;pulverbeschichtet;26;26;7;0,02;4;30;30;1,0;4;0;0;70;10
PA2025-3963;2025-01-01;Standard;12;Bestandskunde;Maschinenbau;Bearbeitung;13;Stahl;pulverbeschichtet;28;28;15;0,039;4;39;39;1,0;4;0;0;104;13
PA2025-3964;2025-01-02;Standard;6;Bestandskunde;Logistiktechnik;Bearbeitung;16;Stahl;pulverbeschichtet;28;28;15;0,048;4;48;48;1,0;4;0;0;128;16
PA2025-3965;2025-01-02;Standard;13;Neukunde;Automobilindustrie;Bearbeitung;17;Stahl;pulverbeschichtet;26;26;7;0,034;4;51;51;1,0;4;0;0;119;17
PA2025-3966;2025-01-05;Standard;14;Bestandskunde;Haushaltsgeräte;Bearbeitung;4;Stahl;pulverbeschichtet;28;28;15;0,012;4;12;12;1,0;4;0;0;32;4
PA2025-3967;2025-01-05;Standard;13;Bestandskunde;Haushaltsgeräte;Bearbeitung;8;Stahl;pulverbeschichtet;26;26;7;0,016;4;24;24;1,0;4;0;0;56;8
PA2025-3968;2025-01-01;Standard;14;Bestandskunde;Maschinenbau;Bearbeitung;18;Stahl;pulverbeschichtet;26;26;7;0,036;4;54;54;1,0;4;0;0;126;18
PA2025-3969;2025-01-01;Änderung;4;Bestandskunde;Logistiktechnik;Bearbeitung;10;Stahl;pulverbeschichtet;28;28;15;0,03;4;30;30;1,0;4;0;0;80;10
PA2025-3970;2025-01-01;Standard;10;Bestandskunde;Automobilindustrie;Bearbeitung;6;Stahl;pulverbeschichtet;28;28;15;0,018;4;18;18;1,0;4;0;0;48;6
PA2024-3971;2024-12-31;Änderung;8;Bestandskunde;Automobilindustrie;Bearbeitung;4;Stahl;pulverbeschichtet;28;28;15;0,012;4;12;12;1,0;4;0;0;32;4
PA2025-3972;2025-01-02;Standard;6;Bestandskunde;Sonstige;Bearbeitung;4;Stahl;pulverbeschichtet;26;26;7;0,008;4;12;12;1,0;4;0;0;28;4
PA2025-3973;2025-01-01;Änderung;15;Bestandskunde;Logistiktechnik;Bearbeitung;18;Stahl;pulverbeschichtet;28;28;15;0,054;4;54;54;1,0;4;0;0;144;18
PA2025-3974;2025-01-02;Standard;9;Bestandskunde;Maschinenbau;Bearbeitung;13;Stahl;pulverbeschichtet;28;28;15;0,039;4;39;39;1,0;4;0;0;104;13
PA2025-3975;2025-01-03;Standard;11;Bestandskunde;Medizintechnik;Bearbeitung;1;Stahl;pulverbeschichtet;28;28;15;0,003;4;3;3;1,0;4;0;0;8;1
PA2025-3976;2025-01-03;Standard;8;Bestandskunde;Haushaltsgeräte;Bearbeitung;8;Stahl;pulverbeschichtet;26;26;7;0,016;4;24;24;1,0;4;0;0;56;8
PA2025-3977;2025-01-03;Standard;8;Bestandskunde;Maschinenbau;Bearbeitung;3;Stahl;pulverbeschichtet;28;28;15;0,009;4;9;9;1,0;4;0;0;24;3
PA2024-3978;2024-12-31;Änderung;7;Neukunde;Logistiktechnik;Bearbeitung;20;Stahl;pulverbeschichtet;28;28;15;0,06;4;60;60;1,0;4;0;0;160;20
PA2025-3979;2025-01-02;Änderung;4;Bestandskunde;Maschinenbau;Bearbeitung;9;Stahl;pulverbeschichtet;26;26;7;0,018;4;27;27;1,0;4;0;0;63;9
PA2025-3980;2025-01-01;Änderung;4;Bestandskunde;Maschinenbau;Bearbeitung;5;Stahl;pulverbeschichtet;26;26;7;0,01;4;15;15;1,0;4;0;0;35;5
PA2025-3981;2025-01-03;Standard;13;Bestandskunde;Logistiktechnik;Bearbeitung;9;Stahl;pulverbeschichtet;26;26;7;0,018;4;27;27;1,0;4;0;0;63;9
PA2025-3982;2025-01-03;Standard;7;Bestandskunde;Automobilindustrie;Bearbeitung;15;Stahl;pulverbeschichtet;28;28;15;0,045;4;45;45;1,0;4;0;0;120;15
PA2024-3983;2024-12-30;Standard;14;Bestandskunde;Automobilindustrie;Bearbeitung;20;Stahl;pulverbeschichtet;28;28;15;0,06;4;60;60;1,0;4;0;0;160;20
PA2025-3984;2025-01-02;Änderung;10;Bestandskunde;Medizintechnik;Bearbeitung;20;Stahl;pulverbeschichtet;28;28;15;0,06;4;60;60;1,0;4;0;0;160;20
PA2024-3985;2024-12-31;Änderung;7;Bestandskunde;Maschinenbau;Bearbeitung;9;Stahl;pulverbeschichtet;26;26;7;0,018;4;27;27;1,0;4;0;0;63;9
PA2025-3986;2025-01-02;Standard;11;Bestandskunde;Sonstige;Bearbeitung;20;Stahl;pulverbeschichtet;28;28;15;0,06;4;60;60;1,0;4;0;0;160;20
PA2025-3987;2025-01-02;Standard;5;Bestandskunde;Automobilindustrie;Bearbeitung;11;Stahl;pulverbeschichtet;26;26;7;0,022;4;33;33;1,0;4;0;0;77;11
PA2024-3988;2024-12-30;Standard;14;Bestandskunde;Automobilindustrie;Bearbeitung;20;Stahl;pulverbeschichtet;28;28;15;0,06;4;60;60;1,0;4;0;0;160;20
PA2025-3989;2025-01-05;Änderung;12;Bestandskunde;Logistiktechnik;Bearbeitung;14;Stahl;pulverbeschichtet;28;28;15;0,042;4;42;42;1,0;4;0;0;112;14
PA2025-3990;2025-01-03;Standard;10;Bestandskunde;Sonstige;Bearbeitung;18;Stahl;pulverbeschichtet;26;26;7;0,036;4;54;54;1,0;4;0;0;126;18
